Godot Engine v4.6.1.stable.custom_build.14d19694e (2026-02-16 15:13:51 UTC) - https://godotengine.org
D3D12 12_0 - Forward+ - Using Device #0: AMD - AMD Radeon RX 9070 XT

[JSDebugger][Debug] devtools://devtools/bundled/inspector.html?v8only=true&ws=127.0.0.1:9229/1
[jsb][Debug] slow process JSEnvironment.Construct: 0.026175 s (modules\GodotJS\bridge\jsb_environment.cpp:257)
[jsb][Debug] slow process GodotJSScriptLanguage.init: 0.041341 s (modules\GodotJS\weaver\jsb_script_language.cpp:80)
[jsb][Debug] slow process JSRealm._load_module: 0.022176 s (modules\GodotJS\bridge\jsb_environment.cpp:1131)
[jsb][Debug] slow process JSRealm._require: 0.023083 s (modules\GodotJS\bridge\jsb_builtins.cpp:61)
[jsb][Debug] slow process JSRealm._load_module: 0.024395 s (modules\GodotJS\bridge\jsb_environment.cpp:1131)
[jsb][Debug] slow process JSRealm._require: 0.024975 s (modules\GodotJS\bridge\jsb_builtins.cpp:61)
[jsb][Debug] slow process JSRealm._load_module: 0.028661 s (modules\GodotJS\bridge\jsb_environment.cpp:1131)
[jsb][Debug] slow process JSRealm._require: 0.029240 s (modules\GodotJS\bridge\jsb_builtins.cpp:61)
[jsb][Debug] slow process JSRealm._load_module: 0.031359 s (modules\GodotJS\bridge\jsb_environment.cpp:1131)
[jsb][Debug] slow process JSRealm._require: 0.031916 s (modules\GodotJS\bridge\jsb_builtins.cpp:61)
[jsb][Debug] slow process JSRealm._load_module: 0.128752 s (modules\GodotJS\bridge\jsb_environment.cpp:1131)
[jsb][Debug] slow process JSRealm._require: 0.129312 s (modules\GodotJS\bridge\jsb_builtins.cpp:61)
[jsb][Debug] slow process JSRealm._load_module: 0.131030 s (modules\GodotJS\bridge\jsb_environment.cpp:1131)
[jsb][Debug] slow process JSRealm._require: 0.131587 s (modules\GodotJS\bridge\jsb_builtins.cpp:61)
[jsb][Debug] slow process JSRealm._load_module: 0.024645 s (modules\GodotJS\bridge\jsb_environment.cpp:1131)
[jsb][Debug] slow process JSRealm._require: 0.025215 s (modules\GodotJS\bridge\jsb_builtins.cpp:61)
[jsb][Debug] slow process JSRealm._load_module: 0.045975 s (modules\GodotJS\bridge\jsb_environment.cpp:1131)
[jsb][Debug] slow process JSRealm._require: 0.062775 s (modules\GodotJS\bridge\jsb_builtins.cpp:61)
[jsb][Debug] slow process JSRealm._load_module: 0.031454 s (modules\GodotJS\bridge\jsb_environment.cpp:1131)
[jsb][Debug] slow process JSRealm._require: 0.032123 s (modules\GodotJS\bridge\jsb_builtins.cpp:61)
[jsb][Debug] slow process JSRealm._load_module: 0.033725 s (modules\GodotJS\bridge\jsb_environment.cpp:1131)
[jsb][Debug] slow process JSRealm._require: 0.034290 s (modules\GodotJS\bridge\jsb_builtins.cpp:61)
[jsb][Debug] slow process JSRealm._load_module: 0.022299 s (modules\GodotJS\bridge\jsb_environment.cpp:1131)
[jsb][Debug] slow process JSRealm._require: 0.022961 s (modules\GodotJS\bridge\jsb_builtins.cpp:61)
[jsb][Debug] slow process JSRealm._load_module: 0.029518 s (modules\GodotJS\bridge\jsb_environment.cpp:1131)
[jsb][Debug] slow process JSRealm._require: 0.030126 s (modules\GodotJS\bridge\jsb_builtins.cpp:61)
[jsb][Debug] slow process JSRealm._load_module: 0.344461 s (modules\GodotJS\bridge\jsb_environment.cpp:1131)
[jsb][Debug] slow process JSRealm.load: 0.345035 s (modules\GodotJS\bridge\jsb_environment.cpp:1518)
[jsb][Debug] slow process GodotJSScript.load_module: 0.345631 s (modules\GodotJS\weaver\jsb_script.cpp:520)
[JS] GODMODE_LOG_FILE=C:\Users\Kam\AppData\Local\Temp\godot-cli\ae33f044203e/logs/client-20261005-040622-16664.log
[JS] GODMODE_ROGUELITE_LEVEL_BUILT=0:0
[JS] GODMODE_MODULE_BATCHES=instances:233:nodes:90:groundInstances:97:groundChunks:18:shrubShapes:5:treeShapes:6
[JS] GODMODE_MODULE_BATCHES=instances:5:nodes:3:groundInstances:0:groundChunks:0:shrubShapes:0:treeShapes:0
[JS] GODMODE_MODULE_BATCHES=instances:2:nodes:1:groundInstances:0:groundChunks:0:shrubShapes:0:treeShapes:0
[JS] GODMODE_MODULE_BATCHES=instances:3:nodes:2:groundInstances:0:groundChunks:0:shrubShapes:0:treeShapes:0
[JS] GODMODE_MODULE_BATCHES=instances:3:nodes:2:groundInstances:0:groundChunks:0:shrubShapes:0:treeShapes:0
[JS] GODMODE_MODULE_BATCHES=instances:6:nodes:4:groundInstances:0:groundChunks:0:shrubShapes:0:treeShapes:0
[JS] GODMODE_MODULE_BATCHES=instances:4:nodes:2:groundInstances:0:groundChunks:0:shrubShapes:0:treeShapes:0
[JS] GODMODE_MODULE_BATCHES=instances:5:nodes:3:groundInstances:0:groundChunks:0:shrubShapes:0:treeShapes:0
[JS] GODMODE_MODULE_BATCHES=instances:5:nodes:3:groundInstances:0:groundChunks:0:shrubShapes:0:treeShapes:0
[JS] GODMODE_MODULE_BATCHES=instances:5:nodes:3:groundInstances:0:groundChunks:0:shrubShapes:0:treeShapes:0
[JS] GODMODE_MODULE_BATCHES=instances:3:nodes:2:groundInstances:0:groundChunks:0:shrubShapes:0:treeShapes:0
[JS] GODMODE_MODULE_BATCHES=instances:1:nodes:1:groundInstances:0:groundChunks:0:shrubShapes:0:treeShapes:0
[JS] GODMODE_MODULE_BATCHES=instances:4:nodes:3:groundInstances:0:groundChunks:0:shrubShapes:0:treeShapes:0
[JS] GODMODE_MODULE_BATCHES=instances:1:nodes:1:groundInstances:0:groundChunks:0:shrubShapes:0:treeShapes:0
[JS] GODMODE_MODULE_BATCHES=instances:1:nodes:1:groundInstances:0:groundChunks:0:shrubShapes:0:treeShapes:0
[JS] GODMODE_MODULE_BATCHES=instances:4:nodes:2:groundInstances:0:groundChunks:0:shrubShapes:0:treeShapes:0
[JS] GODMODE_MODULE_BATCHES=instances:1:nodes:1:groundInstances:0:groundChunks:0:shrubShapes:0:treeShapes:0
[JS] GODMODE_MODULE_BATCHES=instances:1:nodes:1:groundInstances:0:groundChunks:0:shrubShapes:0:treeShapes:0
[JS] GODMODE_MODULE_BATCHES=instances:3:nodes:1:groundInstances:0:groundChunks:0:shrubShapes:0:treeShapes:0
[JS] GODMODE_MODULE_BATCHES=instances:1:nodes:1:groundInstances:0:groundChunks:0:shrubShapes:0:treeShapes:0
[JS] GODMODE_MODULE_BATCHES=instances:3:nodes:2:groundInstances:0:groundChunks:0:shrubShapes:0:treeShapes:0
[JS] GODMODE_STREET_DRESSING=placements:235:cells:33:renderNodes:137:shrubShapes:4:shrubInstances:385:collisionShapes:162
[JS] GODMODE_PATTERN_RUNTIME_RETIREMENT=[]
[JS] GODMODE_WESTERN_STREET_KIT=frontages:10; practicals:4
[JS] GODMODE_WESTERN_DRESSING=roofKits:0; lowPlanting:210; drains:90; buildMs:7893
[JS] GODMODE_ENVIRONMENT_GROUND=gutters:1506;grates:50;leaves:10288;manholes:11
[JS] GODMODE_STREET_FIDELITY={"crosswalk":1265,"stop":22,"centre":2778,"lane":2,"kerb":8045}
[JS] GODMODE_ENVIRONMENT_MODULES=39312
[JS] GODMODE_MODULE_BATCHES=instances:46999:nodes:7431:groundInstances:2597:groundChunks:68:shrubShapes:7:treeShapes:6
[JS] GODMODE_MODULE_BATCHES=instances:7:nodes:2:groundInstances:0:groundChunks:0:shrubShapes:0:treeShapes:0
[JS] GODMODE_WATERFRONT_BATCHES=instances:38898:nodes:207:meshes:8
[JS] GODMODE_ENVIRONMENT_STREET_LIGHTS=visibleHeads:6;pools:5
[JS] GODMODE_STUDY_AUTHORED_PROBES=9234
WARNING: [JS] GODMODE_STUDY_LIGHTMAP=stale:27;first:StreetDressing/Cell_-10_-6/FittedStructures; playing unbaked until the next version bake
   at: console.<computed> [as warn] (res:\\..\..\..\scripts\log_file.ts:93)
   GDScript backtrace (most recent call first):
       [0] _start (res://tools/godot-cli/runner/inspection_bridge.gd:148)
[JS] GODMODE_ARENA_BUILD=client:live:GODMODE_PREBUILT_ARENA:80373
[JS] GODMODE_CRASH_REPORT=off
[JS] GODMODE_DISPLAY boot mode=3 fullscreen=true applied=false
[JS] GODMODE_CLIENT_LAUNCHED
GODOT_CLI_INSPECTION=http://127.0.0.1:50593/inspect
[JS] GODMODE_ROGUELITE_LEVEL_BUILT=0:0
[JS] GODMODE_STREET_DRESSING=placements:235:cells:33:renderNodes:0:shrubShapes:0:shrubInstances:0:collisionShapes:162
[JS] GODMODE_ARENA_BUILD=server:live:GODMODE_PREBUILT_ARENA:3066
[JS] GODMODE_SERVER_READY=local
[JS] GODMODE_PEER_CONNECTED=2
[JS] GODMODE_PEER_JOINED=2
[JS] GODMODE_ROGUELITE_SEED=5EB03E3C
[JS] GODMODE_ROGUELITE_PRIMARY=2:machineGun
[JS] GODMODE_SURVIVAL_MINUTE=0:rifleman:-
[JS] GODMODE_CLIENT_READY=2
[JS] GODMODE_FIRST_GAMEPLAY_FRAME=90600
[JS] GODMODE_STREAM_LIVE=18:1
[JS] GODMODE_STREAM_CHAT_EVENT=runStart
[JS] GODMODE_CONSOLE_QUEUED_SENT=invincible,invincible
[JS] GODMODE_DEBUG_COMMAND=invincible:ok
[JS] GODMODE_DEBUG_COMMAND=invincible:ok
[JS] GODMODE_DEBUG_COMMAND=invincible:ok
[JS] GODMODE_ACTOR_COST={"id":"soldier-e1","visual":false,"ms":0.296}
[JS] GODMODE_SYSTEM_ADMIN_SPAWNED=soldier-e1
[JS] GODMODE_PATROL_PRESENTATION={"id":"soldier-e1","distance":415.3926696777344,"visible":false,"seenPast":""}
[JS] GODMODE_ACTOR_COST={"id":"soldier-e1","visual":true,"ms":146.772}
[JS] GODMODE_SYSTEM_ADMIN_TARGET=soldier-e1:2
[JS] GODMODE_ACTOR_COST={"id":"soldier-e2","visual":false,"ms":0.121}
[JS] GODMODE_SYSTEM_ADMIN_SPAWNED=soldier-e2
[JS] GODMODE_PATROL_PRESENTATION={"id":"soldier-e2","distance":584.4441528320312,"visible":false,"seenPast":""}
[JS] GODMODE_ACTOR_COST={"id":"soldier-e2","visual":true,"ms":0.613}
[JS] GODMODE_SYSTEM_ADMIN_TARGET=soldier-e2:2
[JS] GODMODE_ACTOR_COST={"id":"soldier-e3","visual":false,"ms":0.133}
[JS] GODMODE_SYSTEM_ADMIN_SPAWNED=soldier-e3
[JS] GODMODE_PATROL_PRESENTATION={"id":"soldier-e3","distance":533.6987915039062,"visible":false,"seenPast":""}
[JS] GODMODE_ACTOR_COST={"id":"soldier-e3","visual":true,"ms":0.654}
[JS] GODMODE_SYSTEM_ADMIN_TARGET=soldier-e3:2
[JS] GODMODE_PATROL_PRESENTATION={"id":"soldier-e4","distance":445.5608825683594,"visible":false,"seenPast":""}
[JS] GODMODE_ACTOR_COST={"id":"soldier-e4","visual":true,"ms":0.797}
[JS] GODMODE_ACTOR_COST={"id":"soldier-e4","visual":false,"ms":0.088}
[JS] GODMODE_SYSTEM_ADMIN_SPAWNED=soldier-e4
[JS] GODMODE_SYSTEM_ADMIN_TARGET=soldier-e4:2
[JS] GODMODE_ACTOR_COST={"id":"soldier-e5","visual":false,"ms":0.13}
[JS] GODMODE_SYSTEM_ADMIN_SPAWNED=soldier-e5
[JS] GODMODE_PATROL_PRESENTATION={"id":"soldier-e5","distance":690.7745361328125,"visible":false,"seenPast":""}
[JS] GODMODE_ACTOR_COST={"id":"soldier-e5","visual":true,"ms":0.595}
[JS] GODMODE_SYSTEM_ADMIN_TARGET=soldier-e5:2
[JS] GODMODE_PATROL_PRESENTATION={"id":"soldier-e6","distance":631.5126953125,"visible":false,"seenPast":""}
[JS] GODMODE_ACTOR_COST={"id":"soldier-e6","visual":true,"ms":0.726}
[JS] GODMODE_ACTOR_COST={"id":"soldier-e6","visual":false,"ms":0.079}
[JS] GODMODE_SYSTEM_ADMIN_SPAWNED=soldier-e6
[JS] GODMODE_SYSTEM_ADMIN_TARGET=soldier-e6:2
[JS] GODMODE_ACTOR_COST={"id":"soldier-e7","visual":false,"ms":0.141}
[JS] GODMODE_SYSTEM_ADMIN_SPAWNED=soldier-e7
[JS] GODMODE_PATROL_PRESENTATION={"id":"soldier-e7","distance":687.9421997070312,"visible":false,"seenPast":""}
[JS] GODMODE_ACTOR_COST={"id":"soldier-e7","visual":true,"ms":0.572}
[JS] GODMODE_ADMIN_UNSTUCK=soldier-e2:noProgress
[JS] GODMODE_SYSTEM_ADMIN_TARGET=soldier-e7:2
[JS] GODMODE_ACTOR_COST={"id":"soldier-e8","visual":false,"ms":0.101}
[JS] GODMODE_SYSTEM_ADMIN_SPAWNED=soldier-e8
[JS] GODMODE_PATROL_PRESENTATION={"id":"soldier-e8","distance":490.1954650878906,"visible":false,"seenPast":""}
[JS] GODMODE_ACTOR_COST={"id":"soldier-e8","visual":true,"ms":0.543}
[JS] GODMODE_SYSTEM_ADMIN_TARGET=soldier-e8:2
[JS] GODMODE_PATROL_PRESENTATION={"id":"soldier-e9","distance":488.3833923339844,"visible":false,"seenPast":""}
[JS] GODMODE_ACTOR_COST={"id":"soldier-e9","visual":true,"ms":0.623}
[JS] GODMODE_ACTOR_COST={"id":"soldier-e9","visual":false,"ms":0.069}
[JS] GODMODE_SYSTEM_ADMIN_SPAWNED=soldier-e9
[JS] GODMODE_ADMIN_UNSTUCK=soldier-e4:noProgress
[JS] GODMODE_SYSTEM_ADMIN_TARGET=soldier-e9:2
[JS] GODMODE_ACTOR_COST={"id":"soldier-e10","visual":false,"ms":0.107}
[JS] GODMODE_SYSTEM_ADMIN_SPAWNED=soldier-e10
[JS] GODMODE_PATROL_PRESENTATION={"id":"soldier-e10","distance":465.0210876464844,"visible":false,"seenPast":""}
[JS] GODMODE_ACTOR_COST={"id":"soldier-e10","visual":true,"ms":0.604}
[JS] GODMODE_SYSTEM_ADMIN_TARGET=soldier-e10:2
[JS] GODMODE_PATROL_PRESENTATION={"id":"soldier-e11","distance":772.5526123046875,"visible":false,"seenPast":""}
[JS] GODMODE_ACTOR_COST={"id":"soldier-e11","visual":true,"ms":0.624}
[JS] GODMODE_ACTOR_COST={"id":"soldier-e11","visual":false,"ms":0.068}
[JS] GODMODE_SYSTEM_ADMIN_SPAWNED=soldier-e11
[JS] GODMODE_SOLDIER_SHOT=soldier-e4:rifle:2:hit
[JS] GODMODE_SOLDIER_SHOT=soldier-e4:rifle:2:miss
[JS] GODMODE_SOLDIER_SHOT=soldier-e4:rifle:2:miss
[JS] GODMODE_SOLDIER_SHOT=soldier-e4:rifle:2:miss
[JS] GODMODE_SOLDIER_SHOT=soldier-e4:rifle:2:miss
[JS] GODMODE_SYSTEM_ADMIN_TARGET=soldier-e11:2
[JS] GODMODE_ACTOR_COST={"id":"soldier-e12","visual":false,"ms":0.094}
[JS] GODMODE_SYSTEM_ADMIN_SPAWNED=soldier-e12
[JS] GODMODE_PATROL_PRESENTATION={"id":"soldier-e12","distance":618.1160888671875,"visible":false,"seenPast":""}
[JS] GODMODE_ACTOR_COST={"id":"soldier-e12","visual":true,"ms":0.521}
[JS] GODMODE_SOLDIER_SHOT=soldier-e2:rifle:2:miss
[JS] GODMODE_SOLDIER_SHOT=soldier-e2:rifle:2:miss
[JS] GODMODE_SOLDIER_SHOT=soldier-e2:rifle:2:miss
[JS] GODMODE_SOLDIER_SHOT=soldier-e2:rifle:2:hit
[JS] GODMODE_SYSTEM_ADMIN_TARGET=soldier-e12:2
[JS] GODMODE_SOLDIER_SHOT=soldier-e2:rifle:2:hit
[JS] GODMODE_ADMIN_UNSTUCK=soldier-e9:noProgress
[JS] GODMODE_SOLDIER_SHOT=soldier-e4:rifle:2:miss
[JS] GODMODE_SOLDIER_SHOT=soldier-e4:rifle:2:miss
[JS] GODMODE_SOLDIER_SHOT=soldier-e4:rifle:2:miss
[JS] GODMODE_SOLDIER_SHOT=soldier-e4:rifle:2:miss
[JS] GODMODE_SOLDIER_SHOT=soldier-e4:rifle:2:hit
[JS] GODMODE_SOLDIER_SHOT=soldier-e2:rifle:2:hit
[JS] GODMODE_SOLDIER_SHOT=soldier-e2:rifle:2:hit
[JS] GODMODE_SOLDIER_SHOT=soldier-e2:rifle:2:miss
[JS] GODMODE_SOLDIER_SHOT=soldier-e2:rifle:2:miss
[JS] GODMODE_SOLDIER_SHOT=soldier-e2:rifle:2:miss
[JS] GODMODE_SOLDIER_SHOT=soldier-e4:rifle:2:miss
[JS] GODMODE_SOLDIER_SHOT=soldier-e4:rifle:2:hit
[JS] GODMODE_SOLDIER_SHOT=soldier-e4:rifle:2:hit
[JS] GODMODE_SOLDIER_SHOT=soldier-e4:rifle:2:miss
[JS] GODMODE_SOLDIER_SHOT=soldier-e4:rifle:2:hit
[JS] GODMODE_SOLDIER_SHOT=soldier-e1:rifle:2:miss
[JS] GODMODE_SOLDIER_SHOT=soldier-e1:rifle:2:miss
[JS] GODMODE_SOLDIER_SHOT=soldier-e1:rifle:2:miss
[JS] GODMODE_PATROL_PRESENTATION={"id":"soldier-e13","distance":511.0355224609375,"visible":false,"seenPast":""}
[JS] GODMODE_ACTOR_COST={"id":"soldier-e13","visual":true,"ms":0.632}
[JS] GODMODE_ACTOR_COST={"id":"soldier-e13","visual":false,"ms":0.075}
[JS] GODMODE_SYSTEM_ADMIN_SPAWNED=soldier-e13
[JS] GODMODE_SOLDIER_SHOT=soldier-e1:rifle:2:hit
[JS] GODMODE_SOLDIER_SHOT=soldier-e1:rifle:2:miss
[JS] GODMODE_SOLDIER_SHOT=soldier-e2:rifle:2:hit
[JS] GODMODE_SOLDIER_SHOT=soldier-e2:rifle:2:hit
[JS] GODMODE_SOLDIER_SHOT=soldier-e2:rifle:2:hit
[JS] GODMODE_SOLDIER_SHOT=soldier-e2:rifle:2:miss
[JS] GODMODE_SYSTEM_ADMIN_TARGET=soldier-e13:2
[JS] GODMODE_SOLDIER_SHOT=soldier-e2:rifle:2:miss
[JS] GODMODE_ACTOR_COST={"id":"soldier-e14","visual":false,"ms":0.101}
[JS] GODMODE_SYSTEM_ADMIN_SPAWNED=soldier-e14
[JS] GODMODE_PATROL_PRESENTATION={"id":"soldier-e14","distance":423.9628601074219,"visible":false,"seenPast":""}
[JS] GODMODE_ACTOR_COST={"id":"soldier-e14","visual":true,"ms":0.56}
[JS] GODMODE_SOLDIER_SHOT=soldier-e9:rifle:2:miss
[JS] GODMODE_SOLDIER_SHOT=soldier-e9:rifle:2:miss
[JS] GODMODE_SOLDIER_SHOT=soldier-e9:rifle:2:miss
[JS] GODMODE_SOLDIER_SHOT=soldier-e9:rifle:2:hit
[JS] GODMODE_SOLDIER_SHOT=soldier-e9:rifle:2:miss
[JS] GODMODE_SYSTEM_ADMIN_TARGET=soldier-e14:2
[JS] GODMODE_SOLDIER_SHOT=soldier-e4:rifle:2:miss
[JS] GODMODE_SOLDIER_SHOT=soldier-e4:rifle:2:hit
[JS] GODMODE_SOLDIER_SHOT=soldier-e4:rifle:2:miss
[JS] GODMODE_SOLDIER_SHOT=soldier-e4:rifle:2:miss
[JS] GODMODE_SOLDIER_SHOT=soldier-e4:rifle:2:miss
[JS] GODMODE_SOLDIER_SHOT=soldier-e1:rifle:2:miss
[JS] GODMODE_SOLDIER_SHOT=soldier-e1:rifle:2:miss
[JS] GODMODE_SOLDIER_SHOT=soldier-e1:rifle:2:hit
[JS] GODMODE_SOLDIER_SHOT=soldier-e1:rifle:2:miss
[JS] GODMODE_SOLDIER_SHOT=soldier-e1:rifle:2:hit
[JS] GODMODE_SOLDIER_SHOT=soldier-e2:rifle:2:hit
[JS] GODMODE_SOLDIER_SHOT=soldier-e2:rifle:2:hit
[JS] GODMODE_SOLDIER_SHOT=soldier-e2:rifle:2:miss
[JS] GODMODE_SOLDIER_SHOT=soldier-e2:rifle:2:miss
[JS] GODMODE_SOLDIER_SHOT=soldier-e2:rifle:2:miss
[JS] GODMODE_SOLDIER_SHOT=soldier-e9:rifle:2:miss
[JS] GODMODE_SOLDIER_SHOT=soldier-e9:rifle:2:miss
[JS] GODMODE_SOLDIER_SHOT=soldier-e9:rifle:2:miss
[JS] GODMODE_SOLDIER_SHOT=soldier-e9:rifle:2:miss
[JS] GODMODE_SOLDIER_SHOT=soldier-e9:rifle:2:hit
[JS] GODMODE_SOLDIER_SHOT=soldier-e10:rifle:2:miss
[JS] GODMODE_SOLDIER_SHOT=soldier-e10:rifle:2:miss
[JS] GODMODE_SOLDIER_SHOT=soldier-e10:rifle:2:hit
[JS] GODMODE_SOLDIER_SHOT=soldier-e10:rifle:2:hit
[JS] GODMODE_SOLDIER_SHOT=soldier-e10:rifle:2:miss
[JS] GODMODE_SOLDIER_SHOT=soldier-e4:rifle:2:hit
[JS] GODMODE_SOLDIER_SHOT=soldier-e4:rifle:2:miss
[JS] GODMODE_SOLDIER_SHOT=soldier-e4:rifle:2:hit
[JS] GODMODE_SOLDIER_SHOT=soldier-e4:rifle:2:miss
[JS] GODMODE_SOLDIER_SHOT=soldier-e4:rifle:2:miss
[JS] GODMODE_SOLDIER_SHOT=soldier-e1:rifle:2:hit
[JS] GODMODE_SOLDIER_SHOT=soldier-e1:rifle:2:hit
[JS] GODMODE_SOLDIER_SHOT=soldier-e1:rifle:2:miss
[JS] GODMODE_SOLDIER_SHOT=soldier-e1:rifle:2:miss
[JS] GODMODE_SOLDIER_SHOT=soldier-e1:rifle:2:hit
[JS] GODMODE_SOLDIER_SHOT=soldier-e2:rifle:2:miss
[JS] GODMODE_SOLDIER_SHOT=soldier-e2:rifle:2:hit
[JS] GODMODE_SOLDIER_SHOT=soldier-e2:rifle:2:hit
[JS] GODMODE_SOLDIER_SHOT=soldier-e2:rifle:2:hit
[JS] GODMODE_SOLDIER_SHOT=soldier-e2:rifle:2:miss
[JS] GODMODE_SOLDIER_SHOT=soldier-e9:rifle:2:miss
[JS] GODMODE_SOLDIER_SHOT=soldier-e9:rifle:2:miss
[JS] GODMODE_SOLDIER_SHOT=soldier-e9:rifle:2:miss
[JS] GODMODE_SOLDIER_SHOT=soldier-e9:rifle:2:hit
[JS] GODMODE_SOLDIER_SHOT=soldier-e9:rifle:2:hit
[JS] GODMODE_SOLDIER_SHOT=soldier-e10:rifle:2:miss
[JS] GODMODE_SOLDIER_SHOT=soldier-e10:rifle:2:hit
[JS] GODMODE_SOLDIER_SHOT=soldier-e10:rifle:2:miss
[JS] GODMODE_SOLDIER_SHOT=soldier-e10:rifle:2:hit
[JS] GODMODE_SOLDIER_SHOT=soldier-e10:rifle:2:miss
ERROR: Condition "p.d == 0" is true. Returning: Point2()
   at: Camera3D::unproject_position (scene\3d\camera_3d.cpp:482)
   GDScript backtrace (most recent call first):
       [0] _append_nodes (res://tools/godot-cli/runner/inspection_bridge.gd:449)
       [1] _append_nodes (res://tools/godot-cli/runner/inspection_bridge.gd:575)
       [2] _append_nodes (res://tools/godot-cli/runner/inspection_bridge.gd:575)
       [3] _snapshot_with_store (res://tools/godot-cli/runner/inspection_bridge.gd:394)
       [4] _respond (res://tools/godot-cli/runner/inspection_bridge.gd:377)
       [5] _process (res://tools/godot-cli/runner/inspection_bridge.gd:213)
ERROR: Condition "p.d == 0" is true. Returning: Point2()
   at: Camera3D::unproject_position (scene\3d\camera_3d.cpp:482)
   GDScript backtrace (most recent call first):
       [0] _append_nodes (res://tools/godot-cli/runner/inspection_bridge.gd:449)
       [1] _append_nodes (res://tools/godot-cli/runner/inspection_bridge.gd:575)
       [2] _append_nodes (res://tools/godot-cli/runner/inspection_bridge.gd:575)
       [3] _append_nodes (res://tools/godot-cli/runner/inspection_bridge.gd:575)
       [4] _snapshot_with_store (res://tools/godot-cli/runner/inspection_bridge.gd:394)
       [5] _respond (res://tools/godot-cli/runner/inspection_bridge.gd:377)
       [6] _process (res://tools/godot-cli/runner/inspection_bridge.gd:213)
ERROR: Condition "p.d == 0" is true. Returning: Point2()
   at: Camera3D::unproject_position (scene\3d\camera_3d.cpp:482)
   GDScript backtrace (most recent call first):
       [0] _append_nodes (res://tools/godot-cli/runner/inspection_bridge.gd:449)
       [1] _append_nodes (res://tools/godot-cli/runner/inspection_bridge.gd:575)
       [2] _append_nodes (res://tools/godot-cli/runner/inspection_bridge.gd:575)
       [3] _append_nodes (res://tools/godot-cli/runner/inspection_bridge.gd:575)
       [4] _append_nodes (res://tools/godot-cli/runner/inspection_bridge.gd:575)
       [5] _snapshot_with_store (res://tools/godot-cli/runner/inspection_bridge.gd:394)
       [6] _respond (res://tools/godot-cli/runner/inspection_bridge.gd:377)
       [7] _process (res://tools/godot-cli/runner/inspection_bridge.gd:213)
ERROR: Condition "p.d == 0" is true. Returning: Point2()
   at: Camera3D::unproject_position (scene\3d\camera_3d.cpp:482)
   GDScript backtrace (most recent call first):
       [0] _append_nodes (res://tools/godot-cli/runner/inspection_bridge.gd:449)
       [1] _append_nodes (res://tools/godot-cli/runner/inspection_bridge.gd:575)
       [2] _append_nodes (res://tools/godot-cli/runner/inspection_bridge.gd:575)
       [3] _append_nodes (res://tools/godot-cli/runner/inspection_bridge.gd:575)
       [4] _append_nodes (res://tools/godot-cli/runner/inspection_bridge.gd:575)
       [5] _append_nodes (res://tools/godot-cli/runner/inspection_bridge.gd:575)
       [6] _snapshot_with_store (res://tools/godot-cli/runner/inspection_bridge.gd:394)
       [7] _respond (res://tools/godot-cli/runner/inspection_bridge.gd:377)
       [8] _process (res://tools/godot-cli/runner/inspection_bridge.gd:213)
ERROR: Condition "p.d == 0" is true. Returning: Point2()
   at: Camera3D::unproject_position (scene\3d\camera_3d.cpp:482)
   GDScript backtrace (most recent call first):
       [0] _append_nodes (res://tools/godot-cli/runner/inspection_bridge.gd:449)
       [1] _append_nodes (res://tools/godot-cli/runner/inspection_bridge.gd:575)
       [2] _append_nodes (res://tools/godot-cli/runner/inspection_bridge.gd:575)
       [3] _append_nodes (res://tools/godot-cli/runner/inspection_bridge.gd:575)
       [4] _append_nodes (res://tools/godot-cli/runner/inspection_bridge.gd:575)
       [5] _append_nodes (res://tools/godot-cli/runner/inspection_bridge.gd:575)
       [6] _append_nodes (res://tools/godot-cli/runner/inspection_bridge.gd:575)
       [7] _snapshot_with_store (res://tools/godot-cli/runner/inspection_bridge.gd:394)
       [8] _respond (res://tools/godot-cli/runner/inspection_bridge.gd:377)
       [9] _process (res://tools/godot-cli/runner/inspection_bridge.gd:213)
ERROR: Condition "p.d == 0" is true. Returning: Point2()
   at: Camera3D::unproject_position (scene\3d\camera_3d.cpp:482)
   GDScript backtrace (most recent call first):
       [0] _append_nodes (res://tools/godot-cli/runner/inspection_bridge.gd:449)
       [1] _append_nodes (res://tools/godot-cli/runner/inspection_bridge.gd:575)
       [2] _append_nodes (res://tools/godot-cli/runner/inspection_bridge.gd:575)
       [3] _append_nodes (res://tools/godot-cli/runner/inspection_bridge.gd:575)
       [4] _append_nodes (res://tools/godot-cli/runner/inspection_bridge.gd:575)
       [5] _append_nodes (res://tools/godot-cli/runner/inspection_bridge.gd:575)
       [6] _append_nodes (res://tools/godot-cli/runner/inspection_bridge.gd:575)
       [7] _append_nodes (res://tools/godot-cli/runner/inspection_bridge.gd:575)
       [8] _snapshot_with_store (res://tools/godot-cli/runner/inspection_bridge.gd:394)
       [9] _respond (res://tools/godot-cli/runner/inspection_bridge.gd:377)
       [10] _process (res://tools/godot-cli/runner/inspection_bridge.gd:213)
ERROR: Condition "p.d == 0" is true. Returning: Point2()
   at: Camera3D::unproject_position (scene\3d\camera_3d.cpp:482)
   GDScript backtrace (most recent call first):
       [0] _append_nodes (res://tools/godot-cli/runner/inspection_bridge.gd:449)
       [1] _append_nodes (res://tools/godot-cli/runner/inspection_bridge.gd:575)
       [2] _append_nodes (res://tools/godot-cli/runner/inspection_bridge.gd:575)
       [3] _append_nodes (res://tools/godot-cli/runner/inspection_bridge.gd:575)
       [4] _append_nodes (res://tools/godot-cli/runner/inspection_bridge.gd:575)
       [5] _append_nodes (res://tools/godot-cli/runner/inspection_bridge.gd:575)
       [6] _append_nodes (res://tools/godot-cli/runner/inspection_bridge.gd:575)
       [7] _append_nodes (res://tools/godot-cli/runner/inspection_bridge.gd:575)
       [8] _append_nodes (res://tools/godot-cli/runner/inspection_bridge.gd:575)
       [9] _snapshot_with_store (res://tools/godot-cli/runner/inspection_bridge.gd:394)
       [10] _respond (res://tools/godot-cli/runner/inspection_bridge.gd:377)
       [11] _process (res://tools/godot-cli/runner/inspection_bridge.gd:213)
ERROR: Condition "p.d == 0" is true. Returning: Point2()
   at: Camera3D::unproject_position (scene\3d\camera_3d.cpp:482)
   GDScript backtrace (most recent call first):
       [0] _append_nodes (res://tools/godot-cli/runner/inspection_bridge.gd:449)
       [1] _append_nodes (res://tools/godot-cli/runner/inspection_bridge.gd:575)
       [2] _append_nodes (res://tools/godot-cli/runner/inspection_bridge.gd:575)
       [3] _append_nodes (res://tools/godot-cli/runner/inspection_bridge.gd:575)
       [4] _append_nodes (res://tools/godot-cli/runner/inspection_bridge.gd:575)
       [5] _snapshot_with_store (res://tools/godot-cli/runner/inspection_bridge.gd:394)
       [6] _respond (res://tools/godot-cli/runner/inspection_bridge.gd:377)
       [7] _process (res://tools/godot-cli/runner/inspection_bridge.gd:213)
ERROR: Condition "p.d == 0" is true. Returning: Point2()
   at: Camera3D::unproject_position (scene\3d\camera_3d.cpp:482)
   GDScript backtrace (most recent call first):
       [0] _append_nodes (res://tools/godot-cli/runner/inspection_bridge.gd:449)
       [1] _append_nodes (res://tools/godot-cli/runner/inspection_bridge.gd:575)
       [2] _append_nodes (res://tools/godot-cli/runner/inspection_bridge.gd:575)
       [3] _append_nodes (res://tools/godot-cli/runner/inspection_bridge.gd:575)
       [4] _append_nodes (res://tools/godot-cli/runner/inspection_bridge.gd:575)
       [5] _append_nodes (res://tools/godot-cli/runner/inspection_bridge.gd:575)
       [6] _snapshot_with_store (res://tools/godot-cli/runner/inspection_bridge.gd:394)
       [7] _respond (res://tools/godot-cli/runner/inspection_bridge.gd:377)
       [8] _process (res://tools/godot-cli/runner/inspection_bridge.gd:213)
ERROR: Condition "p.d == 0" is true. Returning: Point2()
   at: Camera3D::unproject_position (scene\3d\camera_3d.cpp:482)
   GDScript backtrace (most recent call first):
       [0] _append_nodes (res://tools/godot-cli/runner/inspection_bridge.gd:449)
       [1] _append_nodes (res://tools/godot-cli/runner/inspection_bridge.gd:575)
       [2] _append_nodes (res://tools/godot-cli/runner/inspection_bridge.gd:575)
       [3] _append_nodes (res://tools/godot-cli/runner/inspection_bridge.gd:575)
       [4] _append_nodes (res://tools/godot-cli/runner/inspection_bridge.gd:575)
       [5] _append_nodes (res://tools/godot-cli/runner/inspection_bridge.gd:575)
       [6] _append_nodes (res://tools/godot-cli/runner/inspection_bridge.gd:575)
       [7] _snapshot_with_store (res://tools/godot-cli/runner/inspection_bridge.gd:394)
       [8] _respond (res://tools/godot-cli/runner/inspection_bridge.gd:377)
       [9] _process (res://tools/godot-cli/runner/inspection_bridge.gd:213)
ERROR: Condition "p.d == 0" is true. Returning: Point2()
   at: Camera3D::unproject_position (scene\3d\camera_3d.cpp:482)
   GDScript backtrace (most recent call first):
       [0] _append_nodes (res://tools/godot-cli/runner/inspection_bridge.gd:449)
       [1] _append_nodes (res://tools/godot-cli/runner/inspection_bridge.gd:575)
       [2] _append_nodes (res://tools/godot-cli/runner/inspection_bridge.gd:575)
       [3] _append_nodes (res://tools/godot-cli/runner/inspection_bridge.gd:575)
       [4] _append_nodes (res://tools/godot-cli/runner/inspection_bridge.gd:575)
       [5] _append_nodes (res://tools/godot-cli/runner/inspection_bridge.gd:575)
       [6] _append_nodes (res://tools/godot-cli/runner/inspection_bridge.gd:575)
       [7] _append_nodes (res://tools/godot-cli/runner/inspection_bridge.gd:575)
       [8] _snapshot_with_store (res://tools/godot-cli/runner/inspection_bridge.gd:394)
       [9] _respond (res://tools/godot-cli/runner/inspection_bridge.gd:377)
       [10] _process (res://tools/godot-cli/runner/inspection_bridge.gd:213)
ERROR: Condition "p.d == 0" is true. Returning: Point2()
   at: Camera3D::unproject_position (scene\3d\camera_3d.cpp:482)
   GDScript backtrace (most recent call first):
       [0] _append_nodes (res://tools/godot-cli/runner/inspection_bridge.gd:449)
       [1] _append_nodes (res://tools/godot-cli/runner/inspection_bridge.gd:575)
       [2] _append_nodes (res://tools/godot-cli/runner/inspection_bridge.gd:575)
       [3] _append_nodes (res://tools/godot-cli/runner/inspection_bridge.gd:575)
       [4] _append_nodes (res://tools/godot-cli/runner/inspection_bridge.gd:575)
       [5] _append_nodes (res://tools/godot-cli/runner/inspection_bridge.gd:575)
       [6] _append_nodes (res://tools/godot-cli/runner/inspection_bridge.gd:575)
       [7] _append_nodes (res://tools/godot-cli/runner/inspection_bridge.gd:575)
       [8] _append_nodes (res://tools/godot-cli/runner/inspection_bridge.gd:575)
       [9] _snapshot_with_store (res://tools/godot-cli/runner/inspection_bridge.gd:394)
       [10] _respond (res://tools/godot-cli/runner/inspection_bridge.gd:377)
       [11] _process (res://tools/godot-cli/runner/inspection_bridge.gd:213)
ERROR: Condition "p.d == 0" is true. Returning: Point2()
   at: Camera3D::unproject_position (scene\3d\camera_3d.cpp:482)
   GDScript backtrace (most recent call first):
       [0] _append_nodes (res://tools/godot-cli/runner/inspection_bridge.gd:449)
       [1] _append_nodes (res://tools/godot-cli/runner/inspection_bridge.gd:575)
       [2] _append_nodes (res://tools/godot-cli/runner/inspection_bridge.gd:575)
       [3] _append_nodes (res://tools/godot-cli/runner/inspection_bridge.gd:575)
       [4] _snapshot_with_store (res://tools/godot-cli/runner/inspection_bridge.gd:394)
       [5] _respond (res://tools/godot-cli/runner/inspection_bridge.gd:377)
       [6] _process (res://tools/godot-cli/runner/inspection_bridge.gd:213)
ERROR: Condition "p.d == 0" is true. Returning: Point2()
   at: Camera3D::unproject_position (scene\3d\camera_3d.cpp:482)
   GDScript backtrace (most recent call first):
       [0] _append_nodes (res://tools/godot-cli/runner/inspection_bridge.gd:449)
       [1] _append_nodes (res://tools/godot-cli/runner/inspection_bridge.gd:575)
       [2] _append_nodes (res://tools/godot-cli/runner/inspection_bridge.gd:575)
       [3] _append_nodes (res://tools/godot-cli/runner/inspection_bridge.gd:575)
       [4] _append_nodes (res://tools/godot-cli/runner/inspection_bridge.gd:575)
       [5] _snapshot_with_store (res://tools/godot-cli/runner/inspection_bridge.gd:394)
       [6] _respond (res://tools/godot-cli/runner/inspection_bridge.gd:377)
       [7] _process (res://tools/godot-cli/runner/inspection_bridge.gd:213)
ERROR: Condition "p.d == 0" is true. Returning: Point2()
   at: Camera3D::unproject_position (scene\3d\camera_3d.cpp:482)
   GDScript backtrace (most recent call first):
       [0] _append_nodes (res://tools/godot-cli/runner/inspection_bridge.gd:449)
       [1] _append_nodes (res://tools/godot-cli/runner/inspection_bridge.gd:575)
       [2] _append_nodes (res://tools/godot-cli/runner/inspection_bridge.gd:575)
       [3] _append_nodes (res://tools/godot-cli/runner/inspection_bridge.gd:575)
       [4] _append_nodes (res://tools/godot-cli/runner/inspection_bridge.gd:575)
       [5] _append_nodes (res://tools/godot-cli/runner/inspection_bridge.gd:575)
       [6] _snapshot_with_store (res://tools/godot-cli/runner/inspection_bridge.gd:394)
       [7] _respond (res://tools/godot-cli/runner/inspection_bridge.gd:377)
       [8] _process (res://tools/godot-cli/runner/inspection_bridge.gd:213)
ERROR: Condition "p.d == 0" is true. Returning: Point2()
   at: Camera3D::unproject_position (scene\3d\camera_3d.cpp:482)
   GDScript backtrace (most recent call first):
       [0] _append_nodes (res://tools/godot-cli/runner/inspection_bridge.gd:449)
       [1] _append_nodes (res://tools/godot-cli/runner/inspection_bridge.gd:575)
       [2] _append_nodes (res://tools/godot-cli/runner/inspection_bridge.gd:575)
       [3] _append_nodes (res://tools/godot-cli/runner/inspection_bridge.gd:575)
       [4] _append_nodes (res://tools/godot-cli/runner/inspection_bridge.gd:575)
       [5] _append_nodes (res://tools/godot-cli/runner/inspection_bridge.gd:575)
       [6] _append_nodes (res://tools/godot-cli/runner/inspection_bridge.gd:575)
       [7] _snapshot_with_store (res://tools/godot-cli/runner/inspection_bridge.gd:394)
       [8] _respond (res://tools/godot-cli/runner/inspection_bridge.gd:377)
       [9] _process (res://tools/godot-cli/runner/inspection_bridge.gd:213)
ERROR: Condition "p.d == 0" is true. Returning: Point2()
   at: Camera3D::unproject_position (scene\3d\camera_3d.cpp:482)
   GDScript backtrace (most recent call first):
       [0] _append_nodes (res://tools/godot-cli/runner/inspection_bridge.gd:449)
       [1] _append_nodes (res://tools/godot-cli/runner/inspection_bridge.gd:575)
       [2] _append_nodes (res://tools/godot-cli/runner/inspection_bridge.gd:575)
       [3] _append_nodes (res://tools/godot-cli/runner/inspection_bridge.gd:575)
       [4] _append_nodes (res://tools/godot-cli/runner/inspection_bridge.gd:575)
       [5] _append_nodes (res://tools/godot-cli/runner/inspection_bridge.gd:575)
       [6] _snapshot_with_store (res://tools/godot-cli/runner/inspection_bridge.gd:394)
       [7] _respond (res://tools/godot-cli/runner/inspection_bridge.gd:377)
       [8] _process (res://tools/godot-cli/runner/inspection_bridge.gd:213)
ERROR: Condition "p.d == 0" is true. Returning: Point2()
   at: Camera3D::unproject_position (scene\3d\camera_3d.cpp:482)
   GDScript backtrace (most recent call first):
       [0] _append_nodes (res://tools/godot-cli/runner/inspection_bridge.gd:449)
       [1] _append_nodes (res://tools/godot-cli/runner/inspection_bridge.gd:575)
       [2] _append_nodes (res://tools/godot-cli/runner/inspection_bridge.gd:575)
       [3] _append_nodes (res://tools/godot-cli/runner/inspection_bridge.gd:575)
       [4] _snapshot_with_store (res://tools/godot-cli/runner/inspection_bridge.gd:394)
       [5] _respond (res://tools/godot-cli/runner/inspection_bridge.gd:377)
       [6] _process (res://tools/godot-cli/runner/inspection_bridge.gd:213)
[JS] GODMODE_STREAM_CHAT_EVENT=challenge
[JS] GODMODE_STREAM_CHALLENGE=issued:aimbot5
[JS] GODMODE_TIPBOT=challenge:HYPEKID_ZOOM challenges you: 5 aimbot kills in 15 seconds
[JS] GODMODE_SOLDIER_SHOT=soldier-e4:rifle:2:hit
[JS] GODMODE_SOLDIER_SHOT=soldier-e4:rifle:2:miss
[JS] GODMODE_SOLDIER_SHOT=soldier-e4:rifle:2:miss
[JS] GODMODE_SOLDIER_SHOT=soldier-e4:rifle:2:hit
[JS] GODMODE_SUPPLY_AUTO=1:35701:50809
[JS] GODMODE_SUPPLY_LAUNCHED=1:-284.4:-17.7:-387.1
[JS] GODMODE_SOLDIER_SHOT=soldier-e4:rifle:2:hit
[JS] GODMODE_SOLDIER_SHOT=soldier-e1:rifle:2:miss
[JS] GODMODE_SOLDIER_SHOT=soldier-e1:rifle:2:hit
[JS] GODMODE_SOLDIER_SHOT=soldier-e1:rifle:2:miss
[JS] GODMODE_SOLDIER_SHOT=soldier-e1:rifle:2:miss
[JS] GODMODE_SOLDIER_SHOT=soldier-e1:rifle:2:miss
[JS] GODMODE_SOLDIER_SHOT=soldier-e2:rifle:2:miss
[JS] GODMODE_SOLDIER_SHOT=soldier-e2:rifle:2:miss
[JS] GODMODE_SOLDIER_SHOT=soldier-e2:rifle:2:miss
[JS] GODMODE_SOLDIER_SHOT=soldier-e2:rifle:2:miss
[JS] GODMODE_SOLDIER_SHOT=soldier-e2:rifle:2:miss
[JS] GODMODE_SOLDIER_SHOT=soldier-e10:rifle:2:miss
[JS] GODMODE_SOLDIER_SHOT=soldier-e10:rifle:2:miss
[JS] GODMODE_SOLDIER_SHOT=soldier-e10:rifle:2:miss
[JS] GODMODE_SOLDIER_SHOT=soldier-e10:rifle:2:hit
[JS] GODMODE_SOLDIER_SHOT=soldier-e10:rifle:2:miss
[JS] GODMODE_SOLDIER_SHOT=soldier-e9:rifle:2:miss
[JS] GODMODE_SOLDIER_SHOT=soldier-e9:rifle:2:miss
[JS] GODMODE_SOLDIER_SHOT=soldier-e9:rifle:2:hit
[JS] GODMODE_SOLDIER_SHOT=soldier-e9:rifle:2:miss
[JS] GODMODE_SOLDIER_SHOT=soldier-e9:rifle:2:miss
ERROR: Condition "p.d == 0" is true. Returning: Point2()
   at: Camera3D::unproject_position (scene\3d\camera_3d.cpp:482)
   GDScript backtrace (most recent call first):
       [0] _append_nodes (res://tools/godot-cli/runner/inspection_bridge.gd:449)
       [1] _append_nodes (res://tools/godot-cli/runner/inspection_bridge.gd:575)
       [2] _append_nodes (res://tools/godot-cli/runner/inspection_bridge.gd:575)
       [3] _snapshot_with_store (res://tools/godot-cli/runner/inspection_bridge.gd:394)
       [4] _respond (res://tools/godot-cli/runner/inspection_bridge.gd:377)
       [5] _process (res://tools/godot-cli/runner/inspection_bridge.gd:213)
ERROR: Condition "p.d == 0" is true. Returning: Point2()
   at: Camera3D::unproject_position (scene\3d\camera_3d.cpp:482)
   GDScript backtrace (most recent call first):
       [0] _append_nodes (res://tools/godot-cli/runner/inspection_bridge.gd:449)
       [1] _append_nodes (res://tools/godot-cli/runner/inspection_bridge.gd:575)
       [2] _append_nodes (res://tools/godot-cli/runner/inspection_bridge.gd:575)
       [3] _append_nodes (res://tools/godot-cli/runner/inspection_bridge.gd:575)
       [4] _snapshot_with_store (res://tools/godot-cli/runner/inspection_bridge.gd:394)
       [5] _respond (res://tools/godot-cli/runner/inspection_bridge.gd:377)
       [6] _process (res://tools/godot-cli/runner/inspection_bridge.gd:213)
ERROR: Condition "p.d == 0" is true. Returning: Point2()
   at: Camera3D::unproject_position (scene\3d\camera_3d.cpp:482)
   GDScript backtrace (most recent call first):
       [0] _append_nodes (res://tools/godot-cli/runner/inspection_bridge.gd:449)
       [1] _append_nodes (res://tools/godot-cli/runner/inspection_bridge.gd:575)
       [2] _append_nodes (res://tools/godot-cli/runner/inspection_bridge.gd:575)
       [3] _append_nodes (res://tools/godot-cli/runner/inspection_bridge.gd:575)
       [4] _append_nodes (res://tools/godot-cli/runner/inspection_bridge.gd:575)
       [5] _snapshot_with_store (res://tools/godot-cli/runner/inspection_bridge.gd:394)
       [6] _respond (res://tools/godot-cli/runner/inspection_bridge.gd:377)
       [7] _process (res://tools/godot-cli/runner/inspection_bridge.gd:213)
ERROR: Condition "p.d == 0" is true. Returning: Point2()
   at: Camera3D::unproject_position (scene\3d\camera_3d.cpp:482)
   GDScript backtrace (most recent call first):
       [0] _append_nodes (res://tools/godot-cli/runner/inspection_bridge.gd:449)
       [1] _append_nodes (res://tools/godot-cli/runner/inspection_bridge.gd:575)
       [2] _append_nodes (res://tools/godot-cli/runner/inspection_bridge.gd:575)
       [3] _append_nodes (res://tools/godot-cli/runner/inspection_bridge.gd:575)
       [4] _append_nodes (res://tools/godot-cli/runner/inspection_bridge.gd:575)
       [5] _append_nodes (res://tools/godot-cli/runner/inspection_bridge.gd:575)
       [6] _snapshot_with_store (res://tools/godot-cli/runner/inspection_bridge.gd:394)
       [7] _respond (res://tools/godot-cli/runner/inspection_bridge.gd:377)
       [8] _process (res://tools/godot-cli/runner/inspection_bridge.gd:213)
ERROR: Condition "p.d == 0" is true. Returning: Point2()
   at: Camera3D::unproject_position (scene\3d\camera_3d.cpp:482)
   GDScript backtrace (most recent call first):
       [0] _append_nodes (res://tools/godot-cli/runner/inspection_bridge.gd:449)
       [1] _append_nodes (res://tools/godot-cli/runner/inspection_bridge.gd:575)
       [2] _append_nodes (res://tools/godot-cli/runner/inspection_bridge.gd:575)
       [3] _append_nodes (res://tools/godot-cli/runner/inspection_bridge.gd:575)
       [4] _append_nodes (res://tools/godot-cli/runner/inspection_bridge.gd:575)
       [5] _append_nodes (res://tools/godot-cli/runner/inspection_bridge.gd:575)
       [6] _append_nodes (res://tools/godot-cli/runner/inspection_bridge.gd:575)
       [7] _snapshot_with_store (res://tools/godot-cli/runner/inspection_bridge.gd:394)
       [8] _respond (res://tools/godot-cli/runner/inspection_bridge.gd:377)
       [9] _process (res://tools/godot-cli/runner/inspection_bridge.gd:213)
ERROR: Condition "p.d == 0" is true. Returning: Point2()
   at: Camera3D::unproject_position (scene\3d\camera_3d.cpp:482)
   GDScript backtrace (most recent call first):
       [0] _append_nodes (res://tools/godot-cli/runner/inspection_bridge.gd:449)
       [1] _append_nodes (res://tools/godot-cli/runner/inspection_bridge.gd:575)
       [2] _append_nodes (res://tools/godot-cli/runner/inspection_bridge.gd:575)
       [3] _append_nodes (res://tools/godot-cli/runner/inspection_bridge.gd:575)
       [4] _append_nodes (res://tools/godot-cli/runner/inspection_bridge.gd:575)
       [5] _append_nodes (res://tools/godot-cli/runner/inspection_bridge.gd:575)
       [6] _append_nodes (res://tools/godot-cli/runner/inspection_bridge.gd:575)
       [7] _append_nodes (res://tools/godot-cli/runner/inspection_bridge.gd:575)
       [8] _snapshot_with_store (res://tools/godot-cli/runner/inspection_bridge.gd:394)
       [9] _respond (res://tools/godot-cli/runner/inspection_bridge.gd:377)
       [10] _process (res://tools/godot-cli/runner/inspection_bridge.gd:213)
ERROR: Condition "p.d == 0" is true. Returning: Point2()
   at: Camera3D::unproject_position (scene\3d\camera_3d.cpp:482)
   GDScript backtrace (most recent call first):
       [0] _append_nodes (res://tools/godot-cli/runner/inspection_bridge.gd:449)
       [1] _append_nodes (res://tools/godot-cli/runner/inspection_bridge.gd:575)
       [2] _append_nodes (res://tools/godot-cli/runner/inspection_bridge.gd:575)
       [3] _append_nodes (res://tools/godot-cli/runner/inspection_bridge.gd:575)
       [4] _append_nodes (res://tools/godot-cli/runner/inspection_bridge.gd:575)
       [5] _append_nodes (res://tools/godot-cli/runner/inspection_bridge.gd:575)
       [6] _append_nodes (res://tools/godot-cli/runner/inspection_bridge.gd:575)
       [7] _append_nodes (res://tools/godot-cli/runner/inspection_bridge.gd:575)
       [8] _append_nodes (res://tools/godot-cli/runner/inspection_bridge.gd:575)
       [9] _snapshot_with_store (res://tools/godot-cli/runner/inspection_bridge.gd:394)
       [10] _respond (res://tools/godot-cli/runner/inspection_bridge.gd:377)
       [11] _process (res://tools/godot-cli/runner/inspection_bridge.gd:213)
ERROR: Condition "p.d == 0" is true. Returning: Point2()
   at: Camera3D::unproject_position (scene\3d\camera_3d.cpp:482)
   GDScript backtrace (most recent call first):
       [0] _append_nodes (res://tools/godot-cli/runner/inspection_bridge.gd:449)
       [1] _append_nodes (res://tools/godot-cli/runner/inspection_bridge.gd:575)
       [2] _append_nodes (res://tools/godot-cli/runner/inspection_bridge.gd:575)
       [3] _append_nodes (res://tools/godot-cli/runner/inspection_bridge.gd:575)
       [4] _append_nodes (res://tools/godot-cli/runner/inspection_bridge.gd:575)
       [5] _snapshot_with_store (res://tools/godot-cli/runner/inspection_bridge.gd:394)
       [6] _respond (res://tools/godot-cli/runner/inspection_bridge.gd:377)
       [7] _process (res://tools/godot-cli/runner/inspection_bridge.gd:213)
ERROR: Condition "p.d == 0" is true. Returning: Point2()
   at: Camera3D::unproject_position (scene\3d\camera_3d.cpp:482)
   GDScript backtrace (most recent call first):
       [0] _append_nodes (res://tools/godot-cli/runner/inspection_bridge.gd:449)
       [1] _append_nodes (res://tools/godot-cli/runner/inspection_bridge.gd:575)
       [2] _append_nodes (res://tools/godot-cli/runner/inspection_bridge.gd:575)
       [3] _append_nodes (res://tools/godot-cli/runner/inspection_bridge.gd:575)
       [4] _append_nodes (res://tools/godot-cli/runner/inspection_bridge.gd:575)
       [5] _append_nodes (res://tools/godot-cli/runner/inspection_bridge.gd:575)
       [6] _snapshot_with_store (res://tools/godot-cli/runner/inspection_bridge.gd:394)
       [7] _respond (res://tools/godot-cli/runner/inspection_bridge.gd:377)
       [8] _process (res://tools/godot-cli/runner/inspection_bridge.gd:213)
ERROR: Condition "p.d == 0" is true. Returning: Point2()
   at: Camera3D::unproject_position (scene\3d\camera_3d.cpp:482)
   GDScript backtrace (most recent call first):
       [0] _append_nodes (res://tools/godot-cli/runner/inspection_bridge.gd:449)
       [1] _append_nodes (res://tools/godot-cli/runner/inspection_bridge.gd:575)
       [2] _append_nodes (res://tools/godot-cli/runner/inspection_bridge.gd:575)
       [3] _append_nodes (res://tools/godot-cli/runner/inspection_bridge.gd:575)
       [4] _append_nodes (res://tools/godot-cli/runner/inspection_bridge.gd:575)
       [5] _append_nodes (res://tools/godot-cli/runner/inspection_bridge.gd:575)
       [6] _append_nodes (res://tools/godot-cli/runner/inspection_bridge.gd:575)
       [7] _snapshot_with_store (res://tools/godot-cli/runner/inspection_bridge.gd:394)
       [8] _respond (res://tools/godot-cli/runner/inspection_bridge.gd:377)
       [9] _process (res://tools/godot-cli/runner/inspection_bridge.gd:213)
ERROR: Condition "p.d == 0" is true. Returning: Point2()
   at: Camera3D::unproject_position (scene\3d\camera_3d.cpp:482)
   GDScript backtrace (most recent call first):
       [0] _append_nodes (res://tools/godot-cli/runner/inspection_bridge.gd:449)
       [1] _append_nodes (res://tools/godot-cli/runner/inspection_bridge.gd:575)
       [2] _append_nodes (res://tools/godot-cli/runner/inspection_bridge.gd:575)
       [3] _append_nodes (res://tools/godot-cli/runner/inspection_bridge.gd:575)
       [4] _append_nodes (res://tools/godot-cli/runner/inspection_bridge.gd:575)
       [5] _append_nodes (res://tools/godot-cli/runner/inspection_bridge.gd:575)
       [6] _append_nodes (res://tools/godot-cli/runner/inspection_bridge.gd:575)
       [7] _append_nodes (res://tools/godot-cli/runner/inspection_bridge.gd:575)
       [8] _snapshot_with_store (res://tools/godot-cli/runner/inspection_bridge.gd:394)
       [9] _respond (res://tools/godot-cli/runner/inspection_bridge.gd:377)
       [10] _process (res://tools/godot-cli/runner/inspection_bridge.gd:213)
ERROR: Condition "p.d == 0" is true. Returning: Point2()
   at: Camera3D::unproject_position (scene\3d\camera_3d.cpp:482)
   GDScript backtrace (most recent call first):
       [0] _append_nodes (res://tools/godot-cli/runner/inspection_bridge.gd:449)
       [1] _append_nodes (res://tools/godot-cli/runner/inspection_bridge.gd:575)
       [2] _append_nodes (res://tools/godot-cli/runner/inspection_bridge.gd:575)
       [3] _append_nodes (res://tools/godot-cli/runner/inspection_bridge.gd:575)
       [4] _append_nodes (res://tools/godot-cli/runner/inspection_bridge.gd:575)
       [5] _append_nodes (res://tools/godot-cli/runner/inspection_bridge.gd:575)
       [6] _append_nodes (res://tools/godot-cli/runner/inspection_bridge.gd:575)
       [7] _append_nodes (res://tools/godot-cli/runner/inspection_bridge.gd:575)
       [8] _append_nodes (res://tools/godot-cli/runner/inspection_bridge.gd:575)
       [9] _snapshot_with_store (res://tools/godot-cli/runner/inspection_bridge.gd:394)
       [10] _respond (res://tools/godot-cli/runner/inspection_bridge.gd:377)
       [11] _process (res://tools/godot-cli/runner/inspection_bridge.gd:213)
ERROR: Condition "p.d == 0" is true. Returning: Point2()
   at: Camera3D::unproject_position (scene\3d\camera_3d.cpp:482)
   GDScript backtrace (most recent call first):
       [0] _append_nodes (res://tools/godot-cli/runner/inspection_bridge.gd:449)
       [1] _append_nodes (res://tools/godot-cli/runner/inspection_bridge.gd:575)
       [2] _append_nodes (res://tools/godot-cli/runner/inspection_bridge.gd:575)
       [3] _append_nodes (res://tools/godot-cli/runner/inspection_bridge.gd:575)
       [4] _snapshot_with_store (res://tools/godot-cli/runner/inspection_bridge.gd:394)
       [5] _respond (res://tools/godot-cli/runner/inspection_bridge.gd:377)
       [6] _process (res://tools/godot-cli/runner/inspection_bridge.gd:213)
ERROR: Condition "p.d == 0" is true. Returning: Point2()
   at: Camera3D::unproject_position (scene\3d\camera_3d.cpp:482)
   GDScript backtrace (most recent call first):
       [0] _append_nodes (res://tools/godot-cli/runner/inspection_bridge.gd:449)
       [1] _append_nodes (res://tools/godot-cli/runner/inspection_bridge.gd:575)
       [2] _append_nodes (res://tools/godot-cli/runner/inspection_bridge.gd:575)
       [3] _append_nodes (res://tools/godot-cli/runner/inspection_bridge.gd:575)
       [4] _append_nodes (res://tools/godot-cli/runner/inspection_bridge.gd:575)
       [5] _snapshot_with_store (res://tools/godot-cli/runner/inspection_bridge.gd:394)
       [6] _respond (res://tools/godot-cli/runner/inspection_bridge.gd:377)
       [7] _process (res://tools/godot-cli/runner/inspection_bridge.gd:213)
ERROR: Condition "p.d == 0" is true. Returning: Point2()
   at: Camera3D::unproject_position (scene\3d\camera_3d.cpp:482)
   GDScript backtrace (most recent call first):
       [0] _append_nodes (res://tools/godot-cli/runner/inspection_bridge.gd:449)
       [1] _append_nodes (res://tools/godot-cli/runner/inspection_bridge.gd:575)
       [2] _append_nodes (res://tools/godot-cli/runner/inspection_bridge.gd:575)
       [3] _append_nodes (res://tools/godot-cli/runner/inspection_bridge.gd:575)
       [4] _append_nodes (res://tools/godot-cli/runner/inspection_bridge.gd:575)
       [5] _append_nodes (res://tools/godot-cli/runner/inspection_bridge.gd:575)
       [6] _snapshot_with_store (res://tools/godot-cli/runner/inspection_bridge.gd:394)
       [7] _respond (res://tools/godot-cli/runner/inspection_bridge.gd:377)
       [8] _process (res://tools/godot-cli/runner/inspection_bridge.gd:213)
ERROR: Condition "p.d == 0" is true. Returning: Point2()
   at: Camera3D::unproject_position (scene\3d\camera_3d.cpp:482)
   GDScript backtrace (most recent call first):
       [0] _append_nodes (res://tools/godot-cli/runner/inspection_bridge.gd:449)
       [1] _append_nodes (res://tools/godot-cli/runner/inspection_bridge.gd:575)
       [2] _append_nodes (res://tools/godot-cli/runner/inspection_bridge.gd:575)
       [3] _append_nodes (res://tools/godot-cli/runner/inspection_bridge.gd:575)
       [4] _append_nodes (res://tools/godot-cli/runner/inspection_bridge.gd:575)
       [5] _append_nodes (res://tools/godot-cli/runner/inspection_bridge.gd:575)
       [6] _append_nodes (res://tools/godot-cli/runner/inspection_bridge.gd:575)
       [7] _snapshot_with_store (res://tools/godot-cli/runner/inspection_bridge.gd:394)
       [8] _respond (res://tools/godot-cli/runner/inspection_bridge.gd:377)
       [9] _process (res://tools/godot-cli/runner/inspection_bridge.gd:213)
ERROR: Condition "p.d == 0" is true. Returning: Point2()
   at: Camera3D::unproject_position (scene\3d\camera_3d.cpp:482)
   GDScript backtrace (most recent call first):
       [0] _append_nodes (res://tools/godot-cli/runner/inspection_bridge.gd:449)
       [1] _append_nodes (res://tools/godot-cli/runner/inspection_bridge.gd:575)
       [2] _append_nodes (res://tools/godot-cli/runner/inspection_bridge.gd:575)
       [3] _append_nodes (res://tools/godot-cli/runner/inspection_bridge.gd:575)
       [4] _append_nodes (res://tools/godot-cli/runner/inspection_bridge.gd:575)
       [5] _append_nodes (res://tools/godot-cli/runner/inspection_bridge.gd:575)
       [6] _snapshot_with_store (res://tools/godot-cli/runner/inspection_bridge.gd:394)
       [7] _respond (res://tools/godot-cli/runner/inspection_bridge.gd:377)
       [8] _process (res://tools/godot-cli/runner/inspection_bridge.gd:213)
ERROR: Condition "p.d == 0" is true. Returning: Point2()
   at: Camera3D::unproject_position (scene\3d\camera_3d.cpp:482)
   GDScript backtrace (most recent call first):
       [0] _append_nodes (res://tools/godot-cli/runner/inspection_bridge.gd:449)
       [1] _append_nodes (res://tools/godot-cli/runner/inspection_bridge.gd:575)
       [2] _append_nodes (res://tools/godot-cli/runner/inspection_bridge.gd:575)
       [3] _append_nodes (res://tools/godot-cli/runner/inspection_bridge.gd:575)
       [4] _snapshot_with_store (res://tools/godot-cli/runner/inspection_bridge.gd:394)
       [5] _respond (res://tools/godot-cli/runner/inspection_bridge.gd:377)
       [6] _process (res://tools/godot-cli/runner/inspection_bridge.gd:213)
[JS] GODMODE_SOLDIER_SHOT=soldier-e4:rifle:2:miss
[JS] GODMODE_SOLDIER_SHOT=soldier-e4:rifle:2:miss
[JS] GODMODE_SOLDIER_SHOT=soldier-e4:rifle:2:miss
[JS] GODMODE_SOLDIER_SHOT=soldier-e4:rifle:2:miss
[JS] GODMODE_SOLDIER_SHOT=soldier-e4:rifle:2:hit
[JS] GODMODE_SOLDIER_SHOT=soldier-e1:rifle:2:hit
[JS] GODMODE_SOLDIER_SHOT=soldier-e1:rifle:2:miss
[JS] GODMODE_SOLDIER_SHOT=soldier-e1:rifle:2:miss
[JS] GODMODE_SOLDIER_SHOT=soldier-e1:rifle:2:miss
[JS] GODMODE_SOLDIER_SHOT=soldier-e1:rifle:2:miss
[JS] GODMODE_SOLDIER_SHOT=soldier-e2:rifle:2:hit
[JS] GODMODE_SOLDIER_SHOT=soldier-e2:rifle:2:miss
[JS] GODMODE_SOLDIER_SHOT=soldier-e2:rifle:2:miss
[JS] GODMODE_SOLDIER_SHOT=soldier-e2:rifle:2:miss
[JS] GODMODE_SOLDIER_SHOT=soldier-e2:rifle:2:miss
[JS] GODMODE_SOLDIER_SHOT=soldier-e10:rifle:2:hit
[JS] GODMODE_SOLDIER_SHOT=soldier-e10:rifle:2:hit
[JS] GODMODE_SOLDIER_SHOT=soldier-e10:rifle:2:miss
[JS] GODMODE_SOLDIER_SHOT=soldier-e10:rifle:2:miss
[JS] GODMODE_SOLDIER_SHOT=soldier-e10:rifle:2:miss
[JS] GODMODE_SOLDIER_SHOT=soldier-e9:rifle:2:miss
[JS] GODMODE_SOLDIER_SHOT=soldier-e9:rifle:2:miss
[JS] GODMODE_SOLDIER_SHOT=soldier-e9:rifle:2:hit
[JS] GODMODE_SOLDIER_SHOT=soldier-e9:rifle:2:hit
[JS] GODMODE_SOLDIER_SHOT=soldier-e9:rifle:2:miss
[JS] GODMODE_SOLDIER_SHOT=soldier-e8:rifle:2:hit
ERROR: Condition "p.d == 0" is true. Returning: Point2()
   at: Camera3D::unproject_position (scene\3d\camera_3d.cpp:482)
   GDScript backtrace (most recent call first):
       [0] _append_nodes (res://tools/godot-cli/runner/inspection_bridge.gd:449)
       [1] _append_nodes (res://tools/godot-cli/runner/inspection_bridge.gd:575)
       [2] _append_nodes (res://tools/godot-cli/runner/inspection_bridge.gd:575)
       [3] _snapshot_with_store (res://tools/godot-cli/runner/inspection_bridge.gd:394)
       [4] _respond (res://tools/godot-cli/runner/inspection_bridge.gd:377)
       [5] _process (res://tools/godot-cli/runner/inspection_bridge.gd:213)
ERROR: Condition "p.d == 0" is true. Returning: Point2()
   at: Camera3D::unproject_position (scene\3d\camera_3d.cpp:482)
   GDScript backtrace (most recent call first):
       [0] _append_nodes (res://tools/godot-cli/runner/inspection_bridge.gd:449)
       [1] _append_nodes (res://tools/godot-cli/runner/inspection_bridge.gd:575)
       [2] _append_nodes (res://tools/godot-cli/runner/inspection_bridge.gd:575)
       [3] _append_nodes (res://tools/godot-cli/runner/inspection_bridge.gd:575)
       [4] _snapshot_with_store (res://tools/godot-cli/runner/inspection_bridge.gd:394)
       [5] _respond (res://tools/godot-cli/runner/inspection_bridge.gd:377)
       [6] _process (res://tools/godot-cli/runner/inspection_bridge.gd:213)
ERROR: Condition "p.d == 0" is true. Returning: Point2()
   at: Camera3D::unproject_position (scene\3d\camera_3d.cpp:482)
   GDScript backtrace (most recent call first):
       [0] _append_nodes (res://tools/godot-cli/runner/inspection_bridge.gd:449)
       [1] _append_nodes (res://tools/godot-cli/runner/inspection_bridge.gd:575)
       [2] _append_nodes (res://tools/godot-cli/runner/inspection_bridge.gd:575)
       [3] _append_nodes (res://tools/godot-cli/runner/inspection_bridge.gd:575)
       [4] _append_nodes (res://tools/godot-cli/runner/inspection_bridge.gd:575)
       [5] _snapshot_with_store (res://tools/godot-cli/runner/inspection_bridge.gd:394)
       [6] _respond (res://tools/godot-cli/runner/inspection_bridge.gd:377)
       [7] _process (res://tools/godot-cli/runner/inspection_bridge.gd:213)
ERROR: Condition "p.d == 0" is true. Returning: Point2()
   at: Camera3D::unproject_position (scene\3d\camera_3d.cpp:482)
   GDScript backtrace (most recent call first):
       [0] _append_nodes (res://tools/godot-cli/runner/inspection_bridge.gd:449)
       [1] _append_nodes (res://tools/godot-cli/runner/inspection_bridge.gd:575)
       [2] _append_nodes (res://tools/godot-cli/runner/inspection_bridge.gd:575)
       [3] _append_nodes (res://tools/godot-cli/runner/inspection_bridge.gd:575)
       [4] _append_nodes (res://tools/godot-cli/runner/inspection_bridge.gd:575)
       [5] _append_nodes (res://tools/godot-cli/runner/inspection_bridge.gd:575)
       [6] _snapshot_with_store (res://tools/godot-cli/runner/inspection_bridge.gd:394)
       [7] _respond (res://tools/godot-cli/runner/inspection_bridge.gd:377)
       [8] _process (res://tools/godot-cli/runner/inspection_bridge.gd:213)
ERROR: Condition "p.d == 0" is true. Returning: Point2()
   at: Camera3D::unproject_position (scene\3d\camera_3d.cpp:482)
   GDScript backtrace (most recent call first):
       [0] _append_nodes (res://tools/godot-cli/runner/inspection_bridge.gd:449)
       [1] _append_nodes (res://tools/godot-cli/runner/inspection_bridge.gd:575)
       [2] _append_nodes (res://tools/godot-cli/runner/inspection_bridge.gd:575)
       [3] _append_nodes (res://tools/godot-cli/runner/inspection_bridge.gd:575)
       [4] _append_nodes (res://tools/godot-cli/runner/inspection_bridge.gd:575)
       [5] _append_nodes (res://tools/godot-cli/runner/inspection_bridge.gd:575)
       [6] _append_nodes (res://tools/godot-cli/runner/inspection_bridge.gd:575)
       [7] _snapshot_with_store (res://tools/godot-cli/runner/inspection_bridge.gd:394)
       [8] _respond (res://tools/godot-cli/runner/inspection_bridge.gd:377)
       [9] _process (res://tools/godot-cli/runner/inspection_bridge.gd:213)
ERROR: Condition "p.d == 0" is true. Returning: Point2()
   at: Camera3D::unproject_position (scene\3d\camera_3d.cpp:482)
   GDScript backtrace (most recent call first):
       [0] _append_nodes (res://tools/godot-cli/runner/inspection_bridge.gd:449)
       [1] _append_nodes (res://tools/godot-cli/runner/inspection_bridge.gd:575)
       [2] _append_nodes (res://tools/godot-cli/runner/inspection_bridge.gd:575)
       [3] _append_nodes (res://tools/godot-cli/runner/inspection_bridge.gd:575)
       [4] _append_nodes (res://tools/godot-cli/runner/inspection_bridge.gd:575)
       [5] _append_nodes (res://tools/godot-cli/runner/inspection_bridge.gd:575)
       [6] _append_nodes (res://tools/godot-cli/runner/inspection_bridge.gd:575)
       [7] _append_nodes (res://tools/godot-cli/runner/inspection_bridge.gd:575)
       [8] _snapshot_with_store (res://tools/godot-cli/runner/inspection_bridge.gd:394)
       [9] _respond (res://tools/godot-cli/runner/inspection_bridge.gd:377)
       [10] _process (res://tools/godot-cli/runner/inspection_bridge.gd:213)
ERROR: Condition "p.d == 0" is true. Returning: Point2()
   at: Camera3D::unproject_position (scene\3d\camera_3d.cpp:482)
   GDScript backtrace (most recent call first):
       [0] _append_nodes (res://tools/godot-cli/runner/inspection_bridge.gd:449)
       [1] _append_nodes (res://tools/godot-cli/runner/inspection_bridge.gd:575)
       [2] _append_nodes (res://tools/godot-cli/runner/inspection_bridge.gd:575)
       [3] _append_nodes (res://tools/godot-cli/runner/inspection_bridge.gd:575)
       [4] _append_nodes (res://tools/godot-cli/runner/inspection_bridge.gd:575)
       [5] _append_nodes (res://tools/godot-cli/runner/inspection_bridge.gd:575)
       [6] _append_nodes (res://tools/godot-cli/runner/inspection_bridge.gd:575)
       [7] _append_nodes (res://tools/godot-cli/runner/inspection_bridge.gd:575)
       [8] _append_nodes (res://tools/godot-cli/runner/inspection_bridge.gd:575)
       [9] _snapshot_with_store (res://tools/godot-cli/runner/inspection_bridge.gd:394)
       [10] _respond (res://tools/godot-cli/runner/inspection_bridge.gd:377)
       [11] _process (res://tools/godot-cli/runner/inspection_bridge.gd:213)
ERROR: Condition "p.d == 0" is true. Returning: Point2()
   at: Camera3D::unproject_position (scene\3d\camera_3d.cpp:482)
   GDScript backtrace (most recent call first):
       [0] _append_nodes (res://tools/godot-cli/runner/inspection_bridge.gd:449)
       [1] _append_nodes (res://tools/godot-cli/runner/inspection_bridge.gd:575)
       [2] _append_nodes (res://tools/godot-cli/runner/inspection_bridge.gd:575)
       [3] _append_nodes (res://tools/godot-cli/runner/inspection_bridge.gd:575)
       [4] _append_nodes (res://tools/godot-cli/runner/inspection_bridge.gd:575)
       [5] _snapshot_with_store (res://tools/godot-cli/runner/inspection_bridge.gd:394)
       [6] _respond (res://tools/godot-cli/runner/inspection_bridge.gd:377)
       [7] _process (res://tools/godot-cli/runner/inspection_bridge.gd:213)
ERROR: Condition "p.d == 0" is true. Returning: Point2()
   at: Camera3D::unproject_position (scene\3d\camera_3d.cpp:482)
   GDScript backtrace (most recent call first):
       [0] _append_nodes (res://tools/godot-cli/runner/inspection_bridge.gd:449)
       [1] _append_nodes (res://tools/godot-cli/runner/inspection_bridge.gd:575)
       [2] _append_nodes (res://tools/godot-cli/runner/inspection_bridge.gd:575)
       [3] _append_nodes (res://tools/godot-cli/runner/inspection_bridge.gd:575)
       [4] _append_nodes (res://tools/godot-cli/runner/inspection_bridge.gd:575)
       [5] _append_nodes (res://tools/godot-cli/runner/inspection_bridge.gd:575)
       [6] _snapshot_with_store (res://tools/godot-cli/runner/inspection_bridge.gd:394)
       [7] _respond (res://tools/godot-cli/runner/inspection_bridge.gd:377)
       [8] _process (res://tools/godot-cli/runner/inspection_bridge.gd:213)
ERROR: Condition "p.d == 0" is true. Returning: Point2()
   at: Camera3D::unproject_position (scene\3d\camera_3d.cpp:482)
   GDScript backtrace (most recent call first):
       [0] _append_nodes (res://tools/godot-cli/runner/inspection_bridge.gd:449)
       [1] _append_nodes (res://tools/godot-cli/runner/inspection_bridge.gd:575)
       [2] _append_nodes (res://tools/godot-cli/runner/inspection_bridge.gd:575)
       [3] _append_nodes (res://tools/godot-cli/runner/inspection_bridge.gd:575)
       [4] _append_nodes (res://tools/godot-cli/runner/inspection_bridge.gd:575)
       [5] _append_nodes (res://tools/godot-cli/runner/inspection_bridge.gd:575)
       [6] _append_nodes (res://tools/godot-cli/runner/inspection_bridge.gd:575)
       [7] _snapshot_with_store (res://tools/godot-cli/runner/inspection_bridge.gd:394)
       [8] _respond (res://tools/godot-cli/runner/inspection_bridge.gd:377)
       [9] _process (res://tools/godot-cli/runner/inspection_bridge.gd:213)
ERROR: Condition "p.d == 0" is true. Returning: Point2()
   at: Camera3D::unproject_position (scene\3d\camera_3d.cpp:482)
   GDScript backtrace (most recent call first):
       [0] _append_nodes (res://tools/godot-cli/runner/inspection_bridge.gd:449)
       [1] _append_nodes (res://tools/godot-cli/runner/inspection_bridge.gd:575)
       [2] _append_nodes (res://tools/godot-cli/runner/inspection_bridge.gd:575)
       [3] _append_nodes (res://tools/godot-cli/runner/inspection_bridge.gd:575)
       [4] _append_nodes (res://tools/godot-cli/runner/inspection_bridge.gd:575)
       [5] _append_nodes (res://tools/godot-cli/runner/inspection_bridge.gd:575)
       [6] _append_nodes (res://tools/godot-cli/runner/inspection_bridge.gd:575)
       [7] _append_nodes (res://tools/godot-cli/runner/inspection_bridge.gd:575)
       [8] _snapshot_with_store (res://tools/godot-cli/runner/inspection_bridge.gd:394)
       [9] _respond (res://tools/godot-cli/runner/inspection_bridge.gd:377)
       [10] _process (res://tools/godot-cli/runner/inspection_bridge.gd:213)
ERROR: Condition "p.d == 0" is true. Returning: Point2()
   at: Camera3D::unproject_position (scene\3d\camera_3d.cpp:482)
   GDScript backtrace (most recent call first):
       [0] _append_nodes (res://tools/godot-cli/runner/inspection_bridge.gd:449)
       [1] _append_nodes (res://tools/godot-cli/runner/inspection_bridge.gd:575)
       [2] _append_nodes (res://tools/godot-cli/runner/inspection_bridge.gd:575)
       [3] _append_nodes (res://tools/godot-cli/runner/inspection_bridge.gd:575)
       [4] _append_nodes (res://tools/godot-cli/runner/inspection_bridge.gd:575)
       [5] _append_nodes (res://tools/godot-cli/runner/inspection_bridge.gd:575)
       [6] _append_nodes (res://tools/godot-cli/runner/inspection_bridge.gd:575)
       [7] _append_nodes (res://tools/godot-cli/runner/inspection_bridge.gd:575)
       [8] _append_nodes (res://tools/godot-cli/runner/inspection_bridge.gd:575)
       [9] _snapshot_with_store (res://tools/godot-cli/runner/inspection_bridge.gd:394)
       [10] _respond (res://tools/godot-cli/runner/inspection_bridge.gd:377)
       [11] _process (res://tools/godot-cli/runner/inspection_bridge.gd:213)
ERROR: Condition "p.d == 0" is true. Returning: Point2()
   at: Camera3D::unproject_position (scene\3d\camera_3d.cpp:482)
   GDScript backtrace (most recent call first):
       [0] _append_nodes (res://tools/godot-cli/runner/inspection_bridge.gd:449)
       [1] _append_nodes (res://tools/godot-cli/runner/inspection_bridge.gd:575)
       [2] _append_nodes (res://tools/godot-cli/runner/inspection_bridge.gd:575)
       [3] _append_nodes (res://tools/godot-cli/runner/inspection_bridge.gd:575)
       [4] _snapshot_with_store (res://tools/godot-cli/runner/inspection_bridge.gd:394)
       [5] _respond (res://tools/godot-cli/runner/inspection_bridge.gd:377)
       [6] _process (res://tools/godot-cli/runner/inspection_bridge.gd:213)
ERROR: Condition "p.d == 0" is true. Returning: Point2()
   at: Camera3D::unproject_position (scene\3d\camera_3d.cpp:482)
   GDScript backtrace (most recent call first):
       [0] _append_nodes (res://tools/godot-cli/runner/inspection_bridge.gd:449)
       [1] _append_nodes (res://tools/godot-cli/runner/inspection_bridge.gd:575)
       [2] _append_nodes (res://tools/godot-cli/runner/inspection_bridge.gd:575)
       [3] _append_nodes (res://tools/godot-cli/runner/inspection_bridge.gd:575)
       [4] _append_nodes (res://tools/godot-cli/runner/inspection_bridge.gd:575)
       [5] _snapshot_with_store (res://tools/godot-cli/runner/inspection_bridge.gd:394)
       [6] _respond (res://tools/godot-cli/runner/inspection_bridge.gd:377)
       [7] _process (res://tools/godot-cli/runner/inspection_bridge.gd:213)
ERROR: Condition "p.d == 0" is true. Returning: Point2()
   at: Camera3D::unproject_position (scene\3d\camera_3d.cpp:482)
   GDScript backtrace (most recent call first):
       [0] _append_nodes (res://tools/godot-cli/runner/inspection_bridge.gd:449)
       [1] _append_nodes (res://tools/godot-cli/runner/inspection_bridge.gd:575)
       [2] _append_nodes (res://tools/godot-cli/runner/inspection_bridge.gd:575)
       [3] _append_nodes (res://tools/godot-cli/runner/inspection_bridge.gd:575)
       [4] _append_nodes (res://tools/godot-cli/runner/inspection_bridge.gd:575)
       [5] _append_nodes (res://tools/godot-cli/runner/inspection_bridge.gd:575)
       [6] _snapshot_with_store (res://tools/godot-cli/runner/inspection_bridge.gd:394)
       [7] _respond (res://tools/godot-cli/runner/inspection_bridge.gd:377)
       [8] _process (res://tools/godot-cli/runner/inspection_bridge.gd:213)
ERROR: Condition "p.d == 0" is true. Returning: Point2()
   at: Camera3D::unproject_position (scene\3d\camera_3d.cpp:482)
   GDScript backtrace (most recent call first):
       [0] _append_nodes (res://tools/godot-cli/runner/inspection_bridge.gd:449)
       [1] _append_nodes (res://tools/godot-cli/runner/inspection_bridge.gd:575)
       [2] _append_nodes (res://tools/godot-cli/runner/inspection_bridge.gd:575)
       [3] _append_nodes (res://tools/godot-cli/runner/inspection_bridge.gd:575)
       [4] _append_nodes (res://tools/godot-cli/runner/inspection_bridge.gd:575)
       [5] _append_nodes (res://tools/godot-cli/runner/inspection_bridge.gd:575)
       [6] _append_nodes (res://tools/godot-cli/runner/inspection_bridge.gd:575)
       [7] _snapshot_with_store (res://tools/godot-cli/runner/inspection_bridge.gd:394)
       [8] _respond (res://tools/godot-cli/runner/inspection_bridge.gd:377)
       [9] _process (res://tools/godot-cli/runner/inspection_bridge.gd:213)
ERROR: Condition "p.d == 0" is true. Returning: Point2()
   at: Camera3D::unproject_position (scene\3d\camera_3d.cpp:482)
   GDScript backtrace (most recent call first):
       [0] _append_nodes (res://tools/godot-cli/runner/inspection_bridge.gd:449)
       [1] _append_nodes (res://tools/godot-cli/runner/inspection_bridge.gd:575)
       [2] _append_nodes (res://tools/godot-cli/runner/inspection_bridge.gd:575)
       [3] _append_nodes (res://tools/godot-cli/runner/inspection_bridge.gd:575)
       [4] _append_nodes (res://tools/godot-cli/runner/inspection_bridge.gd:575)
       [5] _append_nodes (res://tools/godot-cli/runner/inspection_bridge.gd:575)
       [6] _snapshot_with_store (res://tools/godot-cli/runner/inspection_bridge.gd:394)
       [7] _respond (res://tools/godot-cli/runner/inspection_bridge.gd:377)
       [8] _process (res://tools/godot-cli/runner/inspection_bridge.gd:213)
ERROR: Condition "p.d == 0" is true. Returning: Point2()
   at: Camera3D::unproject_position (scene\3d\camera_3d.cpp:482)
   GDScript backtrace (most recent call first):
       [0] _append_nodes (res://tools/godot-cli/runner/inspection_bridge.gd:449)
       [1] _append_nodes (res://tools/godot-cli/runner/inspection_bridge.gd:575)
       [2] _append_nodes (res://tools/godot-cli/runner/inspection_bridge.gd:575)
       [3] _append_nodes (res://tools/godot-cli/runner/inspection_bridge.gd:575)
       [4] _snapshot_with_store (res://tools/godot-cli/runner/inspection_bridge.gd:394)
       [5] _respond (res://tools/godot-cli/runner/inspection_bridge.gd:377)
       [6] _process (res://tools/godot-cli/runner/inspection_bridge.gd:213)
[JS] GODMODE_SOLDIER_SHOT=soldier-e4:rifle:2:hit
[JS] GODMODE_SOLDIER_SHOT=soldier-e8:rifle:2:miss
[JS] GODMODE_PATROL_PRESENTATION={"id":"soldier-e15","distance":575.63671875,"visible":false,"seenPast":""}
[JS] GODMODE_ACTOR_COST={"id":"soldier-e15","visual":true,"ms":0.774}
[JS] GODMODE_ACTOR_COST={"id":"soldier-e15","visual":false,"ms":0.089}
[JS] GODMODE_SYSTEM_ADMIN_SPAWNED=soldier-e15
[JS] GODMODE_SOLDIER_SHOT=soldier-e4:rifle:2:miss
[JS] GODMODE_SOLDIER_SHOT=soldier-e8:rifle:2:miss
[JS] GODMODE_SOLDIER_SHOT=soldier-e4:rifle:2:miss
[JS] GODMODE_SOLDIER_SHOT=soldier-e8:rifle:2:hit
[JS] GODMODE_SOLDIER_SHOT=soldier-e4:rifle:2:hit
[JS] GODMODE_SOLDIER_SHOT=soldier-e8:rifle:2:miss
[JS] GODMODE_SOLDIER_SHOT=soldier-e4:rifle:2:miss
[JS] GODMODE_SYSTEM_ADMIN_TARGET=soldier-e15:2
[JS] GODMODE_SOLDIER_SHOT=soldier-e1:rifle:2:miss
[JS] GODMODE_SOLDIER_SHOT=soldier-e1:rifle:2:hit
[JS] GODMODE_SOLDIER_SHOT=soldier-e1:rifle:2:miss
[JS] GODMODE_SOLDIER_SHOT=soldier-e1:rifle:2:hit
[JS] GODMODE_SUPPLY_LANDED=1:5:-284.43:-17.65:-387.07:3:0
[JS] GODMODE_SOLDIER_SHOT=soldier-e2:rifle:2:miss
[JS] GODMODE_SOLDIER_SHOT=soldier-e2:rifle:2:miss
[JS] GODMODE_SOLDIER_SHOT=soldier-e2:rifle:2:hit
[JS] GODMODE_SOLDIER_SHOT=soldier-e2:rifle:2:miss
[JS] GODMODE_SOLDIER_SHOT=soldier-e2:rifle:2:hit
[JS] GODMODE_SOLDIER_SHOT=soldier-e10:rifle:2:miss
[JS] GODMODE_SOLDIER_SHOT=soldier-e10:rifle:2:hit
[JS] GODMODE_SOLDIER_SHOT=soldier-e10:rifle:2:miss
[JS] GODMODE_SOLDIER_SHOT=soldier-e10:rifle:2:miss
[JS] GODMODE_SOLDIER_SHOT=soldier-e10:rifle:2:hit
[JS] GODMODE_SOLDIER_SHOT=soldier-e9:rifle:2:miss
[JS] GODMODE_SOLDIER_SHOT=soldier-e9:rifle:2:miss
[JS] GODMODE_SOLDIER_SHOT=soldier-e9:rifle:2:miss
[JS] GODMODE_SOLDIER_SHOT=soldier-e9:rifle:2:miss
[JS] GODMODE_SOLDIER_SHOT=soldier-e9:rifle:2:hit
ERROR: Condition "p.d == 0" is true. Returning: Point2()
   at: Camera3D::unproject_position (scene\3d\camera_3d.cpp:482)
   GDScript backtrace (most recent call first):
       [0] _append_nodes (res://tools/godot-cli/runner/inspection_bridge.gd:449)
       [1] _append_nodes (res://tools/godot-cli/runner/inspection_bridge.gd:575)
       [2] _append_nodes (res://tools/godot-cli/runner/inspection_bridge.gd:575)
       [3] _snapshot_with_store (res://tools/godot-cli/runner/inspection_bridge.gd:394)
       [4] _respond (res://tools/godot-cli/runner/inspection_bridge.gd:377)
       [5] _process (res://tools/godot-cli/runner/inspection_bridge.gd:213)
ERROR: Condition "p.d == 0" is true. Returning: Point2()
   at: Camera3D::unproject_position (scene\3d\camera_3d.cpp:482)
   GDScript backtrace (most recent call first):
       [0] _append_nodes (res://tools/godot-cli/runner/inspection_bridge.gd:449)
       [1] _append_nodes (res://tools/godot-cli/runner/inspection_bridge.gd:575)
       [2] _append_nodes (res://tools/godot-cli/runner/inspection_bridge.gd:575)
       [3] _append_nodes (res://tools/godot-cli/runner/inspection_bridge.gd:575)
       [4] _snapshot_with_store (res://tools/godot-cli/runner/inspection_bridge.gd:394)
       [5] _respond (res://tools/godot-cli/runner/inspection_bridge.gd:377)
       [6] _process (res://tools/godot-cli/runner/inspection_bridge.gd:213)
ERROR: Condition "p.d == 0" is true. Returning: Point2()
   at: Camera3D::unproject_position (scene\3d\camera_3d.cpp:482)
   GDScript backtrace (most recent call first):
       [0] _append_nodes (res://tools/godot-cli/runner/inspection_bridge.gd:449)
       [1] _append_nodes (res://tools/godot-cli/runner/inspection_bridge.gd:575)
       [2] _append_nodes (res://tools/godot-cli/runner/inspection_bridge.gd:575)
       [3] _append_nodes (res://tools/godot-cli/runner/inspection_bridge.gd:575)
       [4] _append_nodes (res://tools/godot-cli/runner/inspection_bridge.gd:575)
       [5] _snapshot_with_store (res://tools/godot-cli/runner/inspection_bridge.gd:394)
       [6] _respond (res://tools/godot-cli/runner/inspection_bridge.gd:377)
       [7] _process (res://tools/godot-cli/runner/inspection_bridge.gd:213)
ERROR: Condition "p.d == 0" is true. Returning: Point2()
   at: Camera3D::unproject_position (scene\3d\camera_3d.cpp:482)
   GDScript backtrace (most recent call first):
       [0] _append_nodes (res://tools/godot-cli/runner/inspection_bridge.gd:449)
       [1] _append_nodes (res://tools/godot-cli/runner/inspection_bridge.gd:575)
       [2] _append_nodes (res://tools/godot-cli/runner/inspection_bridge.gd:575)
       [3] _append_nodes (res://tools/godot-cli/runner/inspection_bridge.gd:575)
       [4] _append_nodes (res://tools/godot-cli/runner/inspection_bridge.gd:575)
       [5] _append_nodes (res://tools/godot-cli/runner/inspection_bridge.gd:575)
       [6] _snapshot_with_store (res://tools/godot-cli/runner/inspection_bridge.gd:394)
       [7] _respond (res://tools/godot-cli/runner/inspection_bridge.gd:377)
       [8] _process (res://tools/godot-cli/runner/inspection_bridge.gd:213)
ERROR: Condition "p.d == 0" is true. Returning: Point2()
   at: Camera3D::unproject_position (scene\3d\camera_3d.cpp:482)
   GDScript backtrace (most recent call first):
       [0] _append_nodes (res://tools/godot-cli/runner/inspection_bridge.gd:449)
       [1] _append_nodes (res://tools/godot-cli/runner/inspection_bridge.gd:575)
       [2] _append_nodes (res://tools/godot-cli/runner/inspection_bridge.gd:575)
       [3] _append_nodes (res://tools/godot-cli/runner/inspection_bridge.gd:575)
       [4] _append_nodes (res://tools/godot-cli/runner/inspection_bridge.gd:575)
       [5] _append_nodes (res://tools/godot-cli/runner/inspection_bridge.gd:575)
       [6] _append_nodes (res://tools/godot-cli/runner/inspection_bridge.gd:575)
       [7] _snapshot_with_store (res://tools/godot-cli/runner/inspection_bridge.gd:394)
       [8] _respond (res://tools/godot-cli/runner/inspection_bridge.gd:377)
       [9] _process (res://tools/godot-cli/runner/inspection_bridge.gd:213)
ERROR: Condition "p.d == 0" is true. Returning: Point2()
   at: Camera3D::unproject_position (scene\3d\camera_3d.cpp:482)
   GDScript backtrace (most recent call first):
       [0] _append_nodes (res://tools/godot-cli/runner/inspection_bridge.gd:449)
       [1] _append_nodes (res://tools/godot-cli/runner/inspection_bridge.gd:575)
       [2] _append_nodes (res://tools/godot-cli/runner/inspection_bridge.gd:575)
       [3] _append_nodes (res://tools/godot-cli/runner/inspection_bridge.gd:575)
       [4] _append_nodes (res://tools/godot-cli/runner/inspection_bridge.gd:575)
       [5] _append_nodes (res://tools/godot-cli/runner/inspection_bridge.gd:575)
       [6] _append_nodes (res://tools/godot-cli/runner/inspection_bridge.gd:575)
       [7] _append_nodes (res://tools/godot-cli/runner/inspection_bridge.gd:575)
       [8] _snapshot_with_store (res://tools/godot-cli/runner/inspection_bridge.gd:394)
       [9] _respond (res://tools/godot-cli/runner/inspection_bridge.gd:377)
       [10] _process (res://tools/godot-cli/runner/inspection_bridge.gd:213)
ERROR: Condition "p.d == 0" is true. Returning: Point2()
   at: Camera3D::unproject_position (scene\3d\camera_3d.cpp:482)
   GDScript backtrace (most recent call first):
       [0] _append_nodes (res://tools/godot-cli/runner/inspection_bridge.gd:449)
       [1] _append_nodes (res://tools/godot-cli/runner/inspection_bridge.gd:575)
       [2] _append_nodes (res://tools/godot-cli/runner/inspection_bridge.gd:575)
       [3] _append_nodes (res://tools/godot-cli/runner/inspection_bridge.gd:575)
       [4] _append_nodes (res://tools/godot-cli/runner/inspection_bridge.gd:575)
       [5] _append_nodes (res://tools/godot-cli/runner/inspection_bridge.gd:575)
       [6] _append_nodes (res://tools/godot-cli/runner/inspection_bridge.gd:575)
       [7] _append_nodes (res://tools/godot-cli/runner/inspection_bridge.gd:575)
       [8] _append_nodes (res://tools/godot-cli/runner/inspection_bridge.gd:575)
       [9] _snapshot_with_store (res://tools/godot-cli/runner/inspection_bridge.gd:394)
       [10] _respond (res://tools/godot-cli/runner/inspection_bridge.gd:377)
       [11] _process (res://tools/godot-cli/runner/inspection_bridge.gd:213)
ERROR: Condition "p.d == 0" is true. Returning: Point2()
   at: Camera3D::unproject_position (scene\3d\camera_3d.cpp:482)
   GDScript backtrace (most recent call first):
       [0] _append_nodes (res://tools/godot-cli/runner/inspection_bridge.gd:449)
       [1] _append_nodes (res://tools/godot-cli/runner/inspection_bridge.gd:575)
       [2] _append_nodes (res://tools/godot-cli/runner/inspection_bridge.gd:575)
       [3] _append_nodes (res://tools/godot-cli/runner/inspection_bridge.gd:575)
       [4] _append_nodes (res://tools/godot-cli/runner/inspection_bridge.gd:575)
       [5] _snapshot_with_store (res://tools/godot-cli/runner/inspection_bridge.gd:394)
       [6] _respond (res://tools/godot-cli/runner/inspection_bridge.gd:377)
       [7] _process (res://tools/godot-cli/runner/inspection_bridge.gd:213)
ERROR: Condition "p.d == 0" is true. Returning: Point2()
   at: Camera3D::unproject_position (scene\3d\camera_3d.cpp:482)
   GDScript backtrace (most recent call first):
       [0] _append_nodes (res://tools/godot-cli/runner/inspection_bridge.gd:449)
       [1] _append_nodes (res://tools/godot-cli/runner/inspection_bridge.gd:575)
       [2] _append_nodes (res://tools/godot-cli/runner/inspection_bridge.gd:575)
       [3] _append_nodes (res://tools/godot-cli/runner/inspection_bridge.gd:575)
       [4] _append_nodes (res://tools/godot-cli/runner/inspection_bridge.gd:575)
       [5] _append_nodes (res://tools/godot-cli/runner/inspection_bridge.gd:575)
       [6] _snapshot_with_store (res://tools/godot-cli/runner/inspection_bridge.gd:394)
       [7] _respond (res://tools/godot-cli/runner/inspection_bridge.gd:377)
       [8] _process (res://tools/godot-cli/runner/inspection_bridge.gd:213)
ERROR: Condition "p.d == 0" is true. Returning: Point2()
   at: Camera3D::unproject_position (scene\3d\camera_3d.cpp:482)
   GDScript backtrace (most recent call first):
       [0] _append_nodes (res://tools/godot-cli/runner/inspection_bridge.gd:449)
       [1] _append_nodes (res://tools/godot-cli/runner/inspection_bridge.gd:575)
       [2] _append_nodes (res://tools/godot-cli/runner/inspection_bridge.gd:575)
       [3] _append_nodes (res://tools/godot-cli/runner/inspection_bridge.gd:575)
       [4] _append_nodes (res://tools/godot-cli/runner/inspection_bridge.gd:575)
       [5] _append_nodes (res://tools/godot-cli/runner/inspection_bridge.gd:575)
       [6] _append_nodes (res://tools/godot-cli/runner/inspection_bridge.gd:575)
       [7] _snapshot_with_store (res://tools/godot-cli/runner/inspection_bridge.gd:394)
       [8] _respond (res://tools/godot-cli/runner/inspection_bridge.gd:377)
       [9] _process (res://tools/godot-cli/runner/inspection_bridge.gd:213)
ERROR: Condition "p.d == 0" is true. Returning: Point2()
   at: Camera3D::unproject_position (scene\3d\camera_3d.cpp:482)
   GDScript backtrace (most recent call first):
       [0] _append_nodes (res://tools/godot-cli/runner/inspection_bridge.gd:449)
       [1] _append_nodes (res://tools/godot-cli/runner/inspection_bridge.gd:575)
       [2] _append_nodes (res://tools/godot-cli/runner/inspection_bridge.gd:575)
       [3] _append_nodes (res://tools/godot-cli/runner/inspection_bridge.gd:575)
       [4] _append_nodes (res://tools/godot-cli/runner/inspection_bridge.gd:575)
       [5] _append_nodes (res://tools/godot-cli/runner/inspection_bridge.gd:575)
       [6] _append_nodes (res://tools/godot-cli/runner/inspection_bridge.gd:575)
       [7] _append_nodes (res://tools/godot-cli/runner/inspection_bridge.gd:575)
       [8] _snapshot_with_store (res://tools/godot-cli/runner/inspection_bridge.gd:394)
       [9] _respond (res://tools/godot-cli/runner/inspection_bridge.gd:377)
       [10] _process (res://tools/godot-cli/runner/inspection_bridge.gd:213)
ERROR: Condition "p.d == 0" is true. Returning: Point2()
   at: Camera3D::unproject_position (scene\3d\camera_3d.cpp:482)
   GDScript backtrace (most recent call first):
       [0] _append_nodes (res://tools/godot-cli/runner/inspection_bridge.gd:449)
       [1] _append_nodes (res://tools/godot-cli/runner/inspection_bridge.gd:575)
       [2] _append_nodes (res://tools/godot-cli/runner/inspection_bridge.gd:575)
       [3] _append_nodes (res://tools/godot-cli/runner/inspection_bridge.gd:575)
       [4] _append_nodes (res://tools/godot-cli/runner/inspection_bridge.gd:575)
       [5] _append_nodes (res://tools/godot-cli/runner/inspection_bridge.gd:575)
       [6] _append_nodes (res://tools/godot-cli/runner/inspection_bridge.gd:575)
       [7] _append_nodes (res://tools/godot-cli/runner/inspection_bridge.gd:575)
       [8] _append_nodes (res://tools/godot-cli/runner/inspection_bridge.gd:575)
       [9] _snapshot_with_store (res://tools/godot-cli/runner/inspection_bridge.gd:394)
       [10] _respond (res://tools/godot-cli/runner/inspection_bridge.gd:377)
       [11] _process (res://tools/godot-cli/runner/inspection_bridge.gd:213)
ERROR: Condition "p.d == 0" is true. Returning: Point2()
   at: Camera3D::unproject_position (scene\3d\camera_3d.cpp:482)
   GDScript backtrace (most recent call first):
       [0] _append_nodes (res://tools/godot-cli/runner/inspection_bridge.gd:449)
       [1] _append_nodes (res://tools/godot-cli/runner/inspection_bridge.gd:575)
       [2] _append_nodes (res://tools/godot-cli/runner/inspection_bridge.gd:575)
       [3] _append_nodes (res://tools/godot-cli/runner/inspection_bridge.gd:575)
       [4] _snapshot_with_store (res://tools/godot-cli/runner/inspection_bridge.gd:394)
       [5] _respond (res://tools/godot-cli/runner/inspection_bridge.gd:377)
       [6] _process (res://tools/godot-cli/runner/inspection_bridge.gd:213)
ERROR: Condition "p.d == 0" is true. Returning: Point2()
   at: Camera3D::unproject_position (scene\3d\camera_3d.cpp:482)
   GDScript backtrace (most recent call first):
       [0] _append_nodes (res://tools/godot-cli/runner/inspection_bridge.gd:449)
       [1] _append_nodes (res://tools/godot-cli/runner/inspection_bridge.gd:575)
       [2] _append_nodes (res://tools/godot-cli/runner/inspection_bridge.gd:575)
       [3] _append_nodes (res://tools/godot-cli/runner/inspection_bridge.gd:575)
       [4] _append_nodes (res://tools/godot-cli/runner/inspection_bridge.gd:575)
       [5] _snapshot_with_store (res://tools/godot-cli/runner/inspection_bridge.gd:394)
       [6] _respond (res://tools/godot-cli/runner/inspection_bridge.gd:377)
       [7] _process (res://tools/godot-cli/runner/inspection_bridge.gd:213)
ERROR: Condition "p.d == 0" is true. Returning: Point2()
   at: Camera3D::unproject_position (scene\3d\camera_3d.cpp:482)
   GDScript backtrace (most recent call first):
       [0] _append_nodes (res://tools/godot-cli/runner/inspection_bridge.gd:449)
       [1] _append_nodes (res://tools/godot-cli/runner/inspection_bridge.gd:575)
       [2] _append_nodes (res://tools/godot-cli/runner/inspection_bridge.gd:575)
       [3] _append_nodes (res://tools/godot-cli/runner/inspection_bridge.gd:575)
       [4] _append_nodes (res://tools/godot-cli/runner/inspection_bridge.gd:575)
       [5] _append_nodes (res://tools/godot-cli/runner/inspection_bridge.gd:575)
       [6] _snapshot_with_store (res://tools/godot-cli/runner/inspection_bridge.gd:394)
       [7] _respond (res://tools/godot-cli/runner/inspection_bridge.gd:377)
       [8] _process (res://tools/godot-cli/runner/inspection_bridge.gd:213)
ERROR: Condition "p.d == 0" is true. Returning: Point2()
   at: Camera3D::unproject_position (scene\3d\camera_3d.cpp:482)
   GDScript backtrace (most recent call first):
       [0] _append_nodes (res://tools/godot-cli/runner/inspection_bridge.gd:449)
       [1] _append_nodes (res://tools/godot-cli/runner/inspection_bridge.gd:575)
       [2] _append_nodes (res://tools/godot-cli/runner/inspection_bridge.gd:575)
       [3] _append_nodes (res://tools/godot-cli/runner/inspection_bridge.gd:575)
       [4] _append_nodes (res://tools/godot-cli/runner/inspection_bridge.gd:575)
       [5] _append_nodes (res://tools/godot-cli/runner/inspection_bridge.gd:575)
       [6] _append_nodes (res://tools/godot-cli/runner/inspection_bridge.gd:575)
       [7] _snapshot_with_store (res://tools/godot-cli/runner/inspection_bridge.gd:394)
       [8] _respond (res://tools/godot-cli/runner/inspection_bridge.gd:377)
       [9] _process (res://tools/godot-cli/runner/inspection_bridge.gd:213)
ERROR: Condition "p.d == 0" is true. Returning: Point2()
   at: Camera3D::unproject_position (scene\3d\camera_3d.cpp:482)
   GDScript backtrace (most recent call first):
       [0] _append_nodes (res://tools/godot-cli/runner/inspection_bridge.gd:449)
       [1] _append_nodes (res://tools/godot-cli/runner/inspection_bridge.gd:575)
       [2] _append_nodes (res://tools/godot-cli/runner/inspection_bridge.gd:575)
       [3] _append_nodes (res://tools/godot-cli/runner/inspection_bridge.gd:575)
       [4] _append_nodes (res://tools/godot-cli/runner/inspection_bridge.gd:575)
       [5] _append_nodes (res://tools/godot-cli/runner/inspection_bridge.gd:575)
       [6] _snapshot_with_store (res://tools/godot-cli/runner/inspection_bridge.gd:394)
       [7] _respond (res://tools/godot-cli/runner/inspection_bridge.gd:377)
       [8] _process (res://tools/godot-cli/runner/inspection_bridge.gd:213)
ERROR: Condition "p.d == 0" is true. Returning: Point2()
   at: Camera3D::unproject_position (scene\3d\camera_3d.cpp:482)
   GDScript backtrace (most recent call first):
       [0] _append_nodes (res://tools/godot-cli/runner/inspection_bridge.gd:449)
       [1] _append_nodes (res://tools/godot-cli/runner/inspection_bridge.gd:575)
       [2] _append_nodes (res://tools/godot-cli/runner/inspection_bridge.gd:575)
       [3] _append_nodes (res://tools/godot-cli/runner/inspection_bridge.gd:575)
       [4] _snapshot_with_store (res://tools/godot-cli/runner/inspection_bridge.gd:394)
       [5] _respond (res://tools/godot-cli/runner/inspection_bridge.gd:377)
       [6] _process (res://tools/godot-cli/runner/inspection_bridge.gd:213)
[JS] GODMODE_SOLDIER_SHOT=soldier-e2:rifle:2:miss
[JS] GODMODE_SOLDIER_SHOT=soldier-e2:rifle:2:miss
[JS] GODMODE_SOLDIER_SHOT=soldier-e2:rifle:2:miss
[JS] GODMODE_SOLDIER_SHOT=soldier-e2:rifle:2:miss
[JS] GODMODE_SOLDIER_SHOT=soldier-e2:rifle:2:miss
[JS] GODMODE_SOLDIER_SHOT=soldier-e10:rifle:2:hit
[JS] GODMODE_SOLDIER_SHOT=soldier-e10:rifle:2:miss
[JS] GODMODE_SOLDIER_SHOT=soldier-e10:rifle:2:miss
[JS] GODMODE_SOLDIER_SHOT=soldier-e10:rifle:2:hit
[JS] GODMODE_SOLDIER_SHOT=soldier-e10:rifle:2:miss
[JS] GODMODE_SOLDIER_SHOT=soldier-e9:rifle:2:miss
[JS] GODMODE_SOLDIER_SHOT=soldier-e9:rifle:2:miss
[JS] GODMODE_SOLDIER_SHOT=soldier-e9:rifle:2:miss
[JS] GODMODE_SOLDIER_SHOT=soldier-e9:rifle:2:miss
[JS] GODMODE_SOLDIER_SHOT=soldier-e9:rifle:2:miss
[JS] GODMODE_SOLDIER_SHOT=soldier-e4:rifle:2:miss
[JS] GODMODE_SOLDIER_SHOT=soldier-e4:rifle:2:miss
[JS] GODMODE_SOLDIER_SHOT=soldier-e4:rifle:2:miss
[JS] GODMODE_SOLDIER_SHOT=soldier-e4:rifle:2:miss
ERROR: Condition "p.d == 0" is true. Returning: Point2()
   at: Camera3D::unproject_position (scene\3d\camera_3d.cpp:482)
   GDScript backtrace (most recent call first):
       [0] _append_nodes (res://tools/godot-cli/runner/inspection_bridge.gd:449)
       [1] _append_nodes (res://tools/godot-cli/runner/inspection_bridge.gd:575)
       [2] _append_nodes (res://tools/godot-cli/runner/inspection_bridge.gd:575)
       [3] _snapshot_with_store (res://tools/godot-cli/runner/inspection_bridge.gd:394)
       [4] _respond (res://tools/godot-cli/runner/inspection_bridge.gd:377)
       [5] _process (res://tools/godot-cli/runner/inspection_bridge.gd:213)
ERROR: Condition "p.d == 0" is true. Returning: Point2()
   at: Camera3D::unproject_position (scene\3d\camera_3d.cpp:482)
   GDScript backtrace (most recent call first):
       [0] _append_nodes (res://tools/godot-cli/runner/inspection_bridge.gd:449)
       [1] _append_nodes (res://tools/godot-cli/runner/inspection_bridge.gd:575)
       [2] _append_nodes (res://tools/godot-cli/runner/inspection_bridge.gd:575)
       [3] _append_nodes (res://tools/godot-cli/runner/inspection_bridge.gd:575)
       [4] _snapshot_with_store (res://tools/godot-cli/runner/inspection_bridge.gd:394)
       [5] _respond (res://tools/godot-cli/runner/inspection_bridge.gd:377)
       [6] _process (res://tools/godot-cli/runner/inspection_bridge.gd:213)
ERROR: Condition "p.d == 0" is true. Returning: Point2()
   at: Camera3D::unproject_position (scene\3d\camera_3d.cpp:482)
   GDScript backtrace (most recent call first):
       [0] _append_nodes (res://tools/godot-cli/runner/inspection_bridge.gd:449)
       [1] _append_nodes (res://tools/godot-cli/runner/inspection_bridge.gd:575)
       [2] _append_nodes (res://tools/godot-cli/runner/inspection_bridge.gd:575)
       [3] _append_nodes (res://tools/godot-cli/runner/inspection_bridge.gd:575)
       [4] _append_nodes (res://tools/godot-cli/runner/inspection_bridge.gd:575)
       [5] _snapshot_with_store (res://tools/godot-cli/runner/inspection_bridge.gd:394)
       [6] _respond (res://tools/godot-cli/runner/inspection_bridge.gd:377)
       [7] _process (res://tools/godot-cli/runner/inspection_bridge.gd:213)
ERROR: Condition "p.d == 0" is true. Returning: Point2()
   at: Camera3D::unproject_position (scene\3d\camera_3d.cpp:482)
   GDScript backtrace (most recent call first):
       [0] _append_nodes (res://tools/godot-cli/runner/inspection_bridge.gd:449)
       [1] _append_nodes (res://tools/godot-cli/runner/inspection_bridge.gd:575)
       [2] _append_nodes (res://tools/godot-cli/runner/inspection_bridge.gd:575)
       [3] _append_nodes (res://tools/godot-cli/runner/inspection_bridge.gd:575)
       [4] _append_nodes (res://tools/godot-cli/runner/inspection_bridge.gd:575)
       [5] _append_nodes (res://tools/godot-cli/runner/inspection_bridge.gd:575)
       [6] _snapshot_with_store (res://tools/godot-cli/runner/inspection_bridge.gd:394)
       [7] _respond (res://tools/godot-cli/runner/inspection_bridge.gd:377)
       [8] _process (res://tools/godot-cli/runner/inspection_bridge.gd:213)
ERROR: Condition "p.d == 0" is true. Returning: Point2()
   at: Camera3D::unproject_position (scene\3d\camera_3d.cpp:482)
   GDScript backtrace (most recent call first):
       [0] _append_nodes (res://tools/godot-cli/runner/inspection_bridge.gd:449)
       [1] _append_nodes (res://tools/godot-cli/runner/inspection_bridge.gd:575)
       [2] _append_nodes (res://tools/godot-cli/runner/inspection_bridge.gd:575)
       [3] _append_nodes (res://tools/godot-cli/runner/inspection_bridge.gd:575)
       [4] _append_nodes (res://tools/godot-cli/runner/inspection_bridge.gd:575)
       [5] _append_nodes (res://tools/godot-cli/runner/inspection_bridge.gd:575)
       [6] _append_nodes (res://tools/godot-cli/runner/inspection_bridge.gd:575)
       [7] _snapshot_with_store (res://tools/godot-cli/runner/inspection_bridge.gd:394)
       [8] _respond (res://tools/godot-cli/runner/inspection_bridge.gd:377)
       [9] _process (res://tools/godot-cli/runner/inspection_bridge.gd:213)
ERROR: Condition "p.d == 0" is true. Returning: Point2()
   at: Camera3D::unproject_position (scene\3d\camera_3d.cpp:482)
   GDScript backtrace (most recent call first):
       [0] _append_nodes (res://tools/godot-cli/runner/inspection_bridge.gd:449)
       [1] _append_nodes (res://tools/godot-cli/runner/inspection_bridge.gd:575)
       [2] _append_nodes (res://tools/godot-cli/runner/inspection_bridge.gd:575)
       [3] _append_nodes (res://tools/godot-cli/runner/inspection_bridge.gd:575)
       [4] _append_nodes (res://tools/godot-cli/runner/inspection_bridge.gd:575)
       [5] _append_nodes (res://tools/godot-cli/runner/inspection_bridge.gd:575)
       [6] _append_nodes (res://tools/godot-cli/runner/inspection_bridge.gd:575)
       [7] _append_nodes (res://tools/godot-cli/runner/inspection_bridge.gd:575)
       [8] _snapshot_with_store (res://tools/godot-cli/runner/inspection_bridge.gd:394)
       [9] _respond (res://tools/godot-cli/runner/inspection_bridge.gd:377)
       [10] _process (res://tools/godot-cli/runner/inspection_bridge.gd:213)
ERROR: Condition "p.d == 0" is true. Returning: Point2()
   at: Camera3D::unproject_position (scene\3d\camera_3d.cpp:482)
   GDScript backtrace (most recent call first):
       [0] _append_nodes (res://tools/godot-cli/runner/inspection_bridge.gd:449)
       [1] _append_nodes (res://tools/godot-cli/runner/inspection_bridge.gd:575)
       [2] _append_nodes (res://tools/godot-cli/runner/inspection_bridge.gd:575)
       [3] _append_nodes (res://tools/godot-cli/runner/inspection_bridge.gd:575)
       [4] _append_nodes (res://tools/godot-cli/runner/inspection_bridge.gd:575)
       [5] _append_nodes (res://tools/godot-cli/runner/inspection_bridge.gd:575)
       [6] _append_nodes (res://tools/godot-cli/runner/inspection_bridge.gd:575)
       [7] _append_nodes (res://tools/godot-cli/runner/inspection_bridge.gd:575)
       [8] _append_nodes (res://tools/godot-cli/runner/inspection_bridge.gd:575)
       [9] _snapshot_with_store (res://tools/godot-cli/runner/inspection_bridge.gd:394)
       [10] _respond (res://tools/godot-cli/runner/inspection_bridge.gd:377)
       [11] _process (res://tools/godot-cli/runner/inspection_bridge.gd:213)
ERROR: Condition "p.d == 0" is true. Returning: Point2()
   at: Camera3D::unproject_position (scene\3d\camera_3d.cpp:482)
   GDScript backtrace (most recent call first):
       [0] _append_nodes (res://tools/godot-cli/runner/inspection_bridge.gd:449)
       [1] _append_nodes (res://tools/godot-cli/runner/inspection_bridge.gd:575)
       [2] _append_nodes (res://tools/godot-cli/runner/inspection_bridge.gd:575)
       [3] _append_nodes (res://tools/godot-cli/runner/inspection_bridge.gd:575)
       [4] _append_nodes (res://tools/godot-cli/runner/inspection_bridge.gd:575)
       [5] _snapshot_with_store (res://tools/godot-cli/runner/inspection_bridge.gd:394)
       [6] _respond (res://tools/godot-cli/runner/inspection_bridge.gd:377)
       [7] _process (res://tools/godot-cli/runner/inspection_bridge.gd:213)
ERROR: Condition "p.d == 0" is true. Returning: Point2()
   at: Camera3D::unproject_position (scene\3d\camera_3d.cpp:482)
   GDScript backtrace (most recent call first):
       [0] _append_nodes (res://tools/godot-cli/runner/inspection_bridge.gd:449)
       [1] _append_nodes (res://tools/godot-cli/runner/inspection_bridge.gd:575)
       [2] _append_nodes (res://tools/godot-cli/runner/inspection_bridge.gd:575)
       [3] _append_nodes (res://tools/godot-cli/runner/inspection_bridge.gd:575)
       [4] _append_nodes (res://tools/godot-cli/runner/inspection_bridge.gd:575)
       [5] _append_nodes (res://tools/godot-cli/runner/inspection_bridge.gd:575)
       [6] _snapshot_with_store (res://tools/godot-cli/runner/inspection_bridge.gd:394)
       [7] _respond (res://tools/godot-cli/runner/inspection_bridge.gd:377)
       [8] _process (res://tools/godot-cli/runner/inspection_bridge.gd:213)
ERROR: Condition "p.d == 0" is true. Returning: Point2()
   at: Camera3D::unproject_position (scene\3d\camera_3d.cpp:482)
   GDScript backtrace (most recent call first):
       [0] _append_nodes (res://tools/godot-cli/runner/inspection_bridge.gd:449)
       [1] _append_nodes (res://tools/godot-cli/runner/inspection_bridge.gd:575)
       [2] _append_nodes (res://tools/godot-cli/runner/inspection_bridge.gd:575)
       [3] _append_nodes (res://tools/godot-cli/runner/inspection_bridge.gd:575)
       [4] _append_nodes (res://tools/godot-cli/runner/inspection_bridge.gd:575)
       [5] _append_nodes (res://tools/godot-cli/runner/inspection_bridge.gd:575)
       [6] _append_nodes (res://tools/godot-cli/runner/inspection_bridge.gd:575)
       [7] _snapshot_with_store (res://tools/godot-cli/runner/inspection_bridge.gd:394)
       [8] _respond (res://tools/godot-cli/runner/inspection_bridge.gd:377)
       [9] _process (res://tools/godot-cli/runner/inspection_bridge.gd:213)
ERROR: Condition "p.d == 0" is true. Returning: Point2()
   at: Camera3D::unproject_position (scene\3d\camera_3d.cpp:482)
   GDScript backtrace (most recent call first):
       [0] _append_nodes (res://tools/godot-cli/runner/inspection_bridge.gd:449)
       [1] _append_nodes (res://tools/godot-cli/runner/inspection_bridge.gd:575)
       [2] _append_nodes (res://tools/godot-cli/runner/inspection_bridge.gd:575)
       [3] _append_nodes (res://tools/godot-cli/runner/inspection_bridge.gd:575)
       [4] _append_nodes (res://tools/godot-cli/runner/inspection_bridge.gd:575)
       [5] _append_nodes (res://tools/godot-cli/runner/inspection_bridge.gd:575)
       [6] _append_nodes (res://tools/godot-cli/runner/inspection_bridge.gd:575)
       [7] _append_nodes (res://tools/godot-cli/runner/inspection_bridge.gd:575)
       [8] _snapshot_with_store (res://tools/godot-cli/runner/inspection_bridge.gd:394)
       [9] _respond (res://tools/godot-cli/runner/inspection_bridge.gd:377)
       [10] _process (res://tools/godot-cli/runner/inspection_bridge.gd:213)
ERROR: Condition "p.d == 0" is true. Returning: Point2()
   at: Camera3D::unproject_position (scene\3d\camera_3d.cpp:482)
   GDScript backtrace (most recent call first):
       [0] _append_nodes (res://tools/godot-cli/runner/inspection_bridge.gd:449)
       [1] _append_nodes (res://tools/godot-cli/runner/inspection_bridge.gd:575)
       [2] _append_nodes (res://tools/godot-cli/runner/inspection_bridge.gd:575)
       [3] _append_nodes (res://tools/godot-cli/runner/inspection_bridge.gd:575)
       [4] _append_nodes (res://tools/godot-cli/runner/inspection_bridge.gd:575)
       [5] _append_nodes (res://tools/godot-cli/runner/inspection_bridge.gd:575)
       [6] _append_nodes (res://tools/godot-cli/runner/inspection_bridge.gd:575)
       [7] _append_nodes (res://tools/godot-cli/runner/inspection_bridge.gd:575)
       [8] _append_nodes (res://tools/godot-cli/runner/inspection_bridge.gd:575)
       [9] _snapshot_with_store (res://tools/godot-cli/runner/inspection_bridge.gd:394)
       [10] _respond (res://tools/godot-cli/runner/inspection_bridge.gd:377)
       [11] _process (res://tools/godot-cli/runner/inspection_bridge.gd:213)
ERROR: Condition "p.d == 0" is true. Returning: Point2()
   at: Camera3D::unproject_position (scene\3d\camera_3d.cpp:482)
   GDScript backtrace (most recent call first):
       [0] _append_nodes (res://tools/godot-cli/runner/inspection_bridge.gd:449)
       [1] _append_nodes (res://tools/godot-cli/runner/inspection_bridge.gd:575)
       [2] _append_nodes (res://tools/godot-cli/runner/inspection_bridge.gd:575)
       [3] _append_nodes (res://tools/godot-cli/runner/inspection_bridge.gd:575)
       [4] _snapshot_with_store (res://tools/godot-cli/runner/inspection_bridge.gd:394)
       [5] _respond (res://tools/godot-cli/runner/inspection_bridge.gd:377)
       [6] _process (res://tools/godot-cli/runner/inspection_bridge.gd:213)
ERROR: Condition "p.d == 0" is true. Returning: Point2()
   at: Camera3D::unproject_position (scene\3d\camera_3d.cpp:482)
   GDScript backtrace (most recent call first):
       [0] _append_nodes (res://tools/godot-cli/runner/inspection_bridge.gd:449)
       [1] _append_nodes (res://tools/godot-cli/runner/inspection_bridge.gd:575)
       [2] _append_nodes (res://tools/godot-cli/runner/inspection_bridge.gd:575)
       [3] _append_nodes (res://tools/godot-cli/runner/inspection_bridge.gd:575)
       [4] _append_nodes (res://tools/godot-cli/runner/inspection_bridge.gd:575)
       [5] _snapshot_with_store (res://tools/godot-cli/runner/inspection_bridge.gd:394)
       [6] _respond (res://tools/godot-cli/runner/inspection_bridge.gd:377)
       [7] _process (res://tools/godot-cli/runner/inspection_bridge.gd:213)
ERROR: Condition "p.d == 0" is true. Returning: Point2()
   at: Camera3D::unproject_position (scene\3d\camera_3d.cpp:482)
   GDScript backtrace (most recent call first):
       [0] _append_nodes (res://tools/godot-cli/runner/inspection_bridge.gd:449)
       [1] _append_nodes (res://tools/godot-cli/runner/inspection_bridge.gd:575)
       [2] _append_nodes (res://tools/godot-cli/runner/inspection_bridge.gd:575)
       [3] _append_nodes (res://tools/godot-cli/runner/inspection_bridge.gd:575)
       [4] _append_nodes (res://tools/godot-cli/runner/inspection_bridge.gd:575)
       [5] _append_nodes (res://tools/godot-cli/runner/inspection_bridge.gd:575)
       [6] _snapshot_with_store (res://tools/godot-cli/runner/inspection_bridge.gd:394)
       [7] _respond (res://tools/godot-cli/runner/inspection_bridge.gd:377)
       [8] _process (res://tools/godot-cli/runner/inspection_bridge.gd:213)
ERROR: Condition "p.d == 0" is true. Returning: Point2()
   at: Camera3D::unproject_position (scene\3d\camera_3d.cpp:482)
   GDScript backtrace (most recent call first):
       [0] _append_nodes (res://tools/godot-cli/runner/inspection_bridge.gd:449)
       [1] _append_nodes (res://tools/godot-cli/runner/inspection_bridge.gd:575)
       [2] _append_nodes (res://tools/godot-cli/runner/inspection_bridge.gd:575)
       [3] _append_nodes (res://tools/godot-cli/runner/inspection_bridge.gd:575)
       [4] _append_nodes (res://tools/godot-cli/runner/inspection_bridge.gd:575)
       [5] _append_nodes (res://tools/godot-cli/runner/inspection_bridge.gd:575)
       [6] _append_nodes (res://tools/godot-cli/runner/inspection_bridge.gd:575)
       [7] _snapshot_with_store (res://tools/godot-cli/runner/inspection_bridge.gd:394)
       [8] _respond (res://tools/godot-cli/runner/inspection_bridge.gd:377)
       [9] _process (res://tools/godot-cli/runner/inspection_bridge.gd:213)
ERROR: Condition "p.d == 0" is true. Returning: Point2()
   at: Camera3D::unproject_position (scene\3d\camera_3d.cpp:482)
   GDScript backtrace (most recent call first):
       [0] _append_nodes (res://tools/godot-cli/runner/inspection_bridge.gd:449)
       [1] _append_nodes (res://tools/godot-cli/runner/inspection_bridge.gd:575)
       [2] _append_nodes (res://tools/godot-cli/runner/inspection_bridge.gd:575)
       [3] _append_nodes (res://tools/godot-cli/runner/inspection_bridge.gd:575)
       [4] _append_nodes (res://tools/godot-cli/runner/inspection_bridge.gd:575)
       [5] _append_nodes (res://tools/godot-cli/runner/inspection_bridge.gd:575)
       [6] _snapshot_with_store (res://tools/godot-cli/runner/inspection_bridge.gd:394)
       [7] _respond (res://tools/godot-cli/runner/inspection_bridge.gd:377)
       [8] _process (res://tools/godot-cli/runner/inspection_bridge.gd:213)
ERROR: Condition "p.d == 0" is true. Returning: Point2()
   at: Camera3D::unproject_position (scene\3d\camera_3d.cpp:482)
   GDScript backtrace (most recent call first):
       [0] _append_nodes (res://tools/godot-cli/runner/inspection_bridge.gd:449)
       [1] _append_nodes (res://tools/godot-cli/runner/inspection_bridge.gd:575)
       [2] _append_nodes (res://tools/godot-cli/runner/inspection_bridge.gd:575)
       [3] _append_nodes (res://tools/godot-cli/runner/inspection_bridge.gd:575)
       [4] _snapshot_with_store (res://tools/godot-cli/runner/inspection_bridge.gd:394)
       [5] _respond (res://tools/godot-cli/runner/inspection_bridge.gd:377)
       [6] _process (res://tools/godot-cli/runner/inspection_bridge.gd:213)
[JS] GODMODE_SOLDIER_SHOT=soldier-e4:rifle:2:hit
[JS] GODMODE_SOLDIER_SHOT=soldier-e2:rifle:2:miss
[JS] GODMODE_SOLDIER_SHOT=soldier-e2:rifle:2:miss
[JS] GODMODE_SOLDIER_SHOT=soldier-e2:rifle:2:miss
[JS] GODMODE_SOLDIER_SHOT=soldier-e2:rifle:2:miss
[JS] GODMODE_SOLDIER_SHOT=soldier-e2:rifle:2:miss
[JS] GODMODE_SOLDIER_SHOT=soldier-e10:rifle:2:miss
[JS] GODMODE_SOLDIER_SHOT=soldier-e10:rifle:2:hit
[JS] GODMODE_SOLDIER_SHOT=soldier-e10:rifle:2:miss
[JS] GODMODE_SOLDIER_SHOT=soldier-e10:rifle:2:miss
[JS] GODMODE_SOLDIER_SHOT=soldier-e10:rifle:2:miss
[JS] GODMODE_SOLDIER_SHOT=soldier-e9:rifle:2:hit
[JS] GODMODE_SOLDIER_SHOT=soldier-e9:rifle:2:hit
[JS] GODMODE_SOLDIER_SHOT=soldier-e9:rifle:2:miss
[JS] GODMODE_SOLDIER_SHOT=soldier-e9:rifle:2:miss
[JS] GODMODE_SOLDIER_SHOT=soldier-e9:rifle:2:miss
[JS] GODMODE_SOLDIER_SHOT=soldier-e4:rifle:2:miss
[JS] GODMODE_SURVIVAL_MINUTE=1:rifleman+smg:-
[JS] GODMODE_SOLDIER_SHOT=soldier-e4:rifle:2:miss
[JS] GODMODE_SOLDIER_SHOT=soldier-e4:rifle:2:miss
[JS] GODMODE_SOLDIER_SHOT=soldier-e4:rifle:2:miss
[JS] GODMODE_SOLDIER_SHOT=soldier-e4:rifle:2:miss
ERROR: Condition "p.d == 0" is true. Returning: Point2()
   at: Camera3D::unproject_position (scene\3d\camera_3d.cpp:482)
   GDScript backtrace (most recent call first):
       [0] _append_nodes (res://tools/godot-cli/runner/inspection_bridge.gd:449)
       [1] _append_nodes (res://tools/godot-cli/runner/inspection_bridge.gd:575)
       [2] _append_nodes (res://tools/godot-cli/runner/inspection_bridge.gd:575)
       [3] _snapshot_with_store (res://tools/godot-cli/runner/inspection_bridge.gd:394)
       [4] _respond (res://tools/godot-cli/runner/inspection_bridge.gd:377)
       [5] _process (res://tools/godot-cli/runner/inspection_bridge.gd:213)
ERROR: Condition "p.d == 0" is true. Returning: Point2()
   at: Camera3D::unproject_position (scene\3d\camera_3d.cpp:482)
   GDScript backtrace (most recent call first):
       [0] _append_nodes (res://tools/godot-cli/runner/inspection_bridge.gd:449)
       [1] _append_nodes (res://tools/godot-cli/runner/inspection_bridge.gd:575)
       [2] _append_nodes (res://tools/godot-cli/runner/inspection_bridge.gd:575)
       [3] _append_nodes (res://tools/godot-cli/runner/inspection_bridge.gd:575)
       [4] _snapshot_with_store (res://tools/godot-cli/runner/inspection_bridge.gd:394)
       [5] _respond (res://tools/godot-cli/runner/inspection_bridge.gd:377)
       [6] _process (res://tools/godot-cli/runner/inspection_bridge.gd:213)
ERROR: Condition "p.d == 0" is true. Returning: Point2()
   at: Camera3D::unproject_position (scene\3d\camera_3d.cpp:482)
   GDScript backtrace (most recent call first):
       [0] _append_nodes (res://tools/godot-cli/runner/inspection_bridge.gd:449)
       [1] _append_nodes (res://tools/godot-cli/runner/inspection_bridge.gd:575)
       [2] _append_nodes (res://tools/godot-cli/runner/inspection_bridge.gd:575)
       [3] _append_nodes (res://tools/godot-cli/runner/inspection_bridge.gd:575)
       [4] _append_nodes (res://tools/godot-cli/runner/inspection_bridge.gd:575)
       [5] _snapshot_with_store (res://tools/godot-cli/runner/inspection_bridge.gd:394)
       [6] _respond (res://tools/godot-cli/runner/inspection_bridge.gd:377)
       [7] _process (res://tools/godot-cli/runner/inspection_bridge.gd:213)
ERROR: Condition "p.d == 0" is true. Returning: Point2()
   at: Camera3D::unproject_position (scene\3d\camera_3d.cpp:482)
   GDScript backtrace (most recent call first):
       [0] _append_nodes (res://tools/godot-cli/runner/inspection_bridge.gd:449)
       [1] _append_nodes (res://tools/godot-cli/runner/inspection_bridge.gd:575)
       [2] _append_nodes (res://tools/godot-cli/runner/inspection_bridge.gd:575)
       [3] _append_nodes (res://tools/godot-cli/runner/inspection_bridge.gd:575)
       [4] _append_nodes (res://tools/godot-cli/runner/inspection_bridge.gd:575)
       [5] _append_nodes (res://tools/godot-cli/runner/inspection_bridge.gd:575)
       [6] _snapshot_with_store (res://tools/godot-cli/runner/inspection_bridge.gd:394)
       [7] _respond (res://tools/godot-cli/runner/inspection_bridge.gd:377)
       [8] _process (res://tools/godot-cli/runner/inspection_bridge.gd:213)
ERROR: Condition "p.d == 0" is true. Returning: Point2()
   at: Camera3D::unproject_position (scene\3d\camera_3d.cpp:482)
   GDScript backtrace (most recent call first):
       [0] _append_nodes (res://tools/godot-cli/runner/inspection_bridge.gd:449)
       [1] _append_nodes (res://tools/godot-cli/runner/inspection_bridge.gd:575)
       [2] _append_nodes (res://tools/godot-cli/runner/inspection_bridge.gd:575)
       [3] _append_nodes (res://tools/godot-cli/runner/inspection_bridge.gd:575)
       [4] _append_nodes (res://tools/godot-cli/runner/inspection_bridge.gd:575)
       [5] _append_nodes (res://tools/godot-cli/runner/inspection_bridge.gd:575)
       [6] _append_nodes (res://tools/godot-cli/runner/inspection_bridge.gd:575)
       [7] _snapshot_with_store (res://tools/godot-cli/runner/inspection_bridge.gd:394)
       [8] _respond (res://tools/godot-cli/runner/inspection_bridge.gd:377)
       [9] _process (res://tools/godot-cli/runner/inspection_bridge.gd:213)
ERROR: Condition "p.d == 0" is true. Returning: Point2()
   at: Camera3D::unproject_position (scene\3d\camera_3d.cpp:482)
   GDScript backtrace (most recent call first):
       [0] _append_nodes (res://tools/godot-cli/runner/inspection_bridge.gd:449)
       [1] _append_nodes (res://tools/godot-cli/runner/inspection_bridge.gd:575)
       [2] _append_nodes (res://tools/godot-cli/runner/inspection_bridge.gd:575)
       [3] _append_nodes (res://tools/godot-cli/runner/inspection_bridge.gd:575)
       [4] _append_nodes (res://tools/godot-cli/runner/inspection_bridge.gd:575)
       [5] _append_nodes (res://tools/godot-cli/runner/inspection_bridge.gd:575)
       [6] _append_nodes (res://tools/godot-cli/runner/inspection_bridge.gd:575)
       [7] _append_nodes (res://tools/godot-cli/runner/inspection_bridge.gd:575)
       [8] _snapshot_with_store (res://tools/godot-cli/runner/inspection_bridge.gd:394)
       [9] _respond (res://tools/godot-cli/runner/inspection_bridge.gd:377)
       [10] _process (res://tools/godot-cli/runner/inspection_bridge.gd:213)
ERROR: Condition "p.d == 0" is true. Returning: Point2()
   at: Camera3D::unproject_position (scene\3d\camera_3d.cpp:482)
   GDScript backtrace (most recent call first):
       [0] _append_nodes (res://tools/godot-cli/runner/inspection_bridge.gd:449)
       [1] _append_nodes (res://tools/godot-cli/runner/inspection_bridge.gd:575)
       [2] _append_nodes (res://tools/godot-cli/runner/inspection_bridge.gd:575)
       [3] _append_nodes (res://tools/godot-cli/runner/inspection_bridge.gd:575)
       [4] _append_nodes (res://tools/godot-cli/runner/inspection_bridge.gd:575)
       [5] _append_nodes (res://tools/godot-cli/runner/inspection_bridge.gd:575)
       [6] _append_nodes (res://tools/godot-cli/runner/inspection_bridge.gd:575)
       [7] _append_nodes (res://tools/godot-cli/runner/inspection_bridge.gd:575)
       [8] _append_nodes (res://tools/godot-cli/runner/inspection_bridge.gd:575)
       [9] _snapshot_with_store (res://tools/godot-cli/runner/inspection_bridge.gd:394)
       [10] _respond (res://tools/godot-cli/runner/inspection_bridge.gd:377)
       [11] _process (res://tools/godot-cli/runner/inspection_bridge.gd:213)
ERROR: Condition "p.d == 0" is true. Returning: Point2()
   at: Camera3D::unproject_position (scene\3d\camera_3d.cpp:482)
   GDScript backtrace (most recent call first):
       [0] _append_nodes (res://tools/godot-cli/runner/inspection_bridge.gd:449)
       [1] _append_nodes (res://tools/godot-cli/runner/inspection_bridge.gd:575)
       [2] _append_nodes (res://tools/godot-cli/runner/inspection_bridge.gd:575)
       [3] _append_nodes (res://tools/godot-cli/runner/inspection_bridge.gd:575)
       [4] _append_nodes (res://tools/godot-cli/runner/inspection_bridge.gd:575)
       [5] _snapshot_with_store (res://tools/godot-cli/runner/inspection_bridge.gd:394)
       [6] _respond (res://tools/godot-cli/runner/inspection_bridge.gd:377)
       [7] _process (res://tools/godot-cli/runner/inspection_bridge.gd:213)
ERROR: Condition "p.d == 0" is true. Returning: Point2()
   at: Camera3D::unproject_position (scene\3d\camera_3d.cpp:482)
   GDScript backtrace (most recent call first):
       [0] _append_nodes (res://tools/godot-cli/runner/inspection_bridge.gd:449)
       [1] _append_nodes (res://tools/godot-cli/runner/inspection_bridge.gd:575)
       [2] _append_nodes (res://tools/godot-cli/runner/inspection_bridge.gd:575)
       [3] _append_nodes (res://tools/godot-cli/runner/inspection_bridge.gd:575)
       [4] _append_nodes (res://tools/godot-cli/runner/inspection_bridge.gd:575)
       [5] _append_nodes (res://tools/godot-cli/runner/inspection_bridge.gd:575)
       [6] _snapshot_with_store (res://tools/godot-cli/runner/inspection_bridge.gd:394)
       [7] _respond (res://tools/godot-cli/runner/inspection_bridge.gd:377)
       [8] _process (res://tools/godot-cli/runner/inspection_bridge.gd:213)
ERROR: Condition "p.d == 0" is true. Returning: Point2()
   at: Camera3D::unproject_position (scene\3d\camera_3d.cpp:482)
   GDScript backtrace (most recent call first):
       [0] _append_nodes (res://tools/godot-cli/runner/inspection_bridge.gd:449)
       [1] _append_nodes (res://tools/godot-cli/runner/inspection_bridge.gd:575)
       [2] _append_nodes (res://tools/godot-cli/runner/inspection_bridge.gd:575)
       [3] _append_nodes (res://tools/godot-cli/runner/inspection_bridge.gd:575)
       [4] _append_nodes (res://tools/godot-cli/runner/inspection_bridge.gd:575)
       [5] _append_nodes (res://tools/godot-cli/runner/inspection_bridge.gd:575)
       [6] _append_nodes (res://tools/godot-cli/runner/inspection_bridge.gd:575)
       [7] _snapshot_with_store (res://tools/godot-cli/runner/inspection_bridge.gd:394)
       [8] _respond (res://tools/godot-cli/runner/inspection_bridge.gd:377)
       [9] _process (res://tools/godot-cli/runner/inspection_bridge.gd:213)
ERROR: Condition "p.d == 0" is true. Returning: Point2()
   at: Camera3D::unproject_position (scene\3d\camera_3d.cpp:482)
   GDScript backtrace (most recent call first):
       [0] _append_nodes (res://tools/godot-cli/runner/inspection_bridge.gd:449)
       [1] _append_nodes (res://tools/godot-cli/runner/inspection_bridge.gd:575)
       [2] _append_nodes (res://tools/godot-cli/runner/inspection_bridge.gd:575)
       [3] _append_nodes (res://tools/godot-cli/runner/inspection_bridge.gd:575)
       [4] _append_nodes (res://tools/godot-cli/runner/inspection_bridge.gd:575)
       [5] _append_nodes (res://tools/godot-cli/runner/inspection_bridge.gd:575)
       [6] _append_nodes (res://tools/godot-cli/runner/inspection_bridge.gd:575)
       [7] _append_nodes (res://tools/godot-cli/runner/inspection_bridge.gd:575)
       [8] _snapshot_with_store (res://tools/godot-cli/runner/inspection_bridge.gd:394)
       [9] _respond (res://tools/godot-cli/runner/inspection_bridge.gd:377)
       [10] _process (res://tools/godot-cli/runner/inspection_bridge.gd:213)
ERROR: Condition "p.d == 0" is true. Returning: Point2()
   at: Camera3D::unproject_position (scene\3d\camera_3d.cpp:482)
   GDScript backtrace (most recent call first):
       [0] _append_nodes (res://tools/godot-cli/runner/inspection_bridge.gd:449)
       [1] _append_nodes (res://tools/godot-cli/runner/inspection_bridge.gd:575)
       [2] _append_nodes (res://tools/godot-cli/runner/inspection_bridge.gd:575)
       [3] _append_nodes (res://tools/godot-cli/runner/inspection_bridge.gd:575)
       [4] _append_nodes (res://tools/godot-cli/runner/inspection_bridge.gd:575)
       [5] _append_nodes (res://tools/godot-cli/runner/inspection_bridge.gd:575)
       [6] _append_nodes (res://tools/godot-cli/runner/inspection_bridge.gd:575)
       [7] _append_nodes (res://tools/godot-cli/runner/inspection_bridge.gd:575)
       [8] _append_nodes (res://tools/godot-cli/runner/inspection_bridge.gd:575)
       [9] _snapshot_with_store (res://tools/godot-cli/runner/inspection_bridge.gd:394)
       [10] _respond (res://tools/godot-cli/runner/inspection_bridge.gd:377)
       [11] _process (res://tools/godot-cli/runner/inspection_bridge.gd:213)
ERROR: Condition "p.d == 0" is true. Returning: Point2()
   at: Camera3D::unproject_position (scene\3d\camera_3d.cpp:482)
   GDScript backtrace (most recent call first):
       [0] _append_nodes (res://tools/godot-cli/runner/inspection_bridge.gd:449)
       [1] _append_nodes (res://tools/godot-cli/runner/inspection_bridge.gd:575)
       [2] _append_nodes (res://tools/godot-cli/runner/inspection_bridge.gd:575)
       [3] _append_nodes (res://tools/godot-cli/runner/inspection_bridge.gd:575)
       [4] _snapshot_with_store (res://tools/godot-cli/runner/inspection_bridge.gd:394)
       [5] _respond (res://tools/godot-cli/runner/inspection_bridge.gd:377)
       [6] _process (res://tools/godot-cli/runner/inspection_bridge.gd:213)
ERROR: Condition "p.d == 0" is true. Returning: Point2()
   at: Camera3D::unproject_position (scene\3d\camera_3d.cpp:482)
   GDScript backtrace (most recent call first):
       [0] _append_nodes (res://tools/godot-cli/runner/inspection_bridge.gd:449)
       [1] _append_nodes (res://tools/godot-cli/runner/inspection_bridge.gd:575)
       [2] _append_nodes (res://tools/godot-cli/runner/inspection_bridge.gd:575)
       [3] _append_nodes (res://tools/godot-cli/runner/inspection_bridge.gd:575)
       [4] _append_nodes (res://tools/godot-cli/runner/inspection_bridge.gd:575)
       [5] _snapshot_with_store (res://tools/godot-cli/runner/inspection_bridge.gd:394)
       [6] _respond (res://tools/godot-cli/runner/inspection_bridge.gd:377)
       [7] _process (res://tools/godot-cli/runner/inspection_bridge.gd:213)
ERROR: Condition "p.d == 0" is true. Returning: Point2()
   at: Camera3D::unproject_position (scene\3d\camera_3d.cpp:482)
   GDScript backtrace (most recent call first):
       [0] _append_nodes (res://tools/godot-cli/runner/inspection_bridge.gd:449)
       [1] _append_nodes (res://tools/godot-cli/runner/inspection_bridge.gd:575)
       [2] _append_nodes (res://tools/godot-cli/runner/inspection_bridge.gd:575)
       [3] _append_nodes (res://tools/godot-cli/runner/inspection_bridge.gd:575)
       [4] _append_nodes (res://tools/godot-cli/runner/inspection_bridge.gd:575)
       [5] _append_nodes (res://tools/godot-cli/runner/inspection_bridge.gd:575)
       [6] _snapshot_with_store (res://tools/godot-cli/runner/inspection_bridge.gd:394)
       [7] _respond (res://tools/godot-cli/runner/inspection_bridge.gd:377)
       [8] _process (res://tools/godot-cli/runner/inspection_bridge.gd:213)
ERROR: Condition "p.d == 0" is true. Returning: Point2()
   at: Camera3D::unproject_position (scene\3d\camera_3d.cpp:482)
   GDScript backtrace (most recent call first):
       [0] _append_nodes (res://tools/godot-cli/runner/inspection_bridge.gd:449)
       [1] _append_nodes (res://tools/godot-cli/runner/inspection_bridge.gd:575)
       [2] _append_nodes (res://tools/godot-cli/runner/inspection_bridge.gd:575)
       [3] _append_nodes (res://tools/godot-cli/runner/inspection_bridge.gd:575)
       [4] _append_nodes (res://tools/godot-cli/runner/inspection_bridge.gd:575)
       [5] _append_nodes (res://tools/godot-cli/runner/inspection_bridge.gd:575)
       [6] _append_nodes (res://tools/godot-cli/runner/inspection_bridge.gd:575)
       [7] _snapshot_with_store (res://tools/godot-cli/runner/inspection_bridge.gd:394)
       [8] _respond (res://tools/godot-cli/runner/inspection_bridge.gd:377)
       [9] _process (res://tools/godot-cli/runner/inspection_bridge.gd:213)
ERROR: Condition "p.d == 0" is true. Returning: Point2()
   at: Camera3D::unproject_position (scene\3d\camera_3d.cpp:482)
   GDScript backtrace (most recent call first):
       [0] _append_nodes (res://tools/godot-cli/runner/inspection_bridge.gd:449)
       [1] _append_nodes (res://tools/godot-cli/runner/inspection_bridge.gd:575)
       [2] _append_nodes (res://tools/godot-cli/runner/inspection_bridge.gd:575)
       [3] _append_nodes (res://tools/godot-cli/runner/inspection_bridge.gd:575)
       [4] _append_nodes (res://tools/godot-cli/runner/inspection_bridge.gd:575)
       [5] _append_nodes (res://tools/godot-cli/runner/inspection_bridge.gd:575)
       [6] _snapshot_with_store (res://tools/godot-cli/runner/inspection_bridge.gd:394)
       [7] _respond (res://tools/godot-cli/runner/inspection_bridge.gd:377)
       [8] _process (res://tools/godot-cli/runner/inspection_bridge.gd:213)
ERROR: Condition "p.d == 0" is true. Returning: Point2()
   at: Camera3D::unproject_position (scene\3d\camera_3d.cpp:482)
   GDScript backtrace (most recent call first):
       [0] _append_nodes (res://tools/godot-cli/runner/inspection_bridge.gd:449)
       [1] _append_nodes (res://tools/godot-cli/runner/inspection_bridge.gd:575)
       [2] _append_nodes (res://tools/godot-cli/runner/inspection_bridge.gd:575)
       [3] _append_nodes (res://tools/godot-cli/runner/inspection_bridge.gd:575)
       [4] _snapshot_with_store (res://tools/godot-cli/runner/inspection_bridge.gd:394)
       [5] _respond (res://tools/godot-cli/runner/inspection_bridge.gd:377)
       [6] _process (res://tools/godot-cli/runner/inspection_bridge.gd:213)
[JS] GODMODE_SOLDIER_SHOT=soldier-e3:rifle:2:miss
[JS] GODMODE_SOLDIER_SHOT=soldier-e8:rifle:2:miss
[JS] GODMODE_SOLDIER_SHOT=soldier-e3:rifle:2:miss
[JS] GODMODE_SOLDIER_SHOT=soldier-e8:rifle:2:miss
[JS] GODMODE_SOLDIER_SHOT=soldier-e3:rifle:2:hit
[JS] GODMODE_SOLDIER_SHOT=soldier-e8:rifle:2:hit
[JS] GODMODE_SOLDIER_SHOT=soldier-e3:rifle:2:miss
[JS] GODMODE_SOLDIER_SHOT=soldier-e8:rifle:2:miss
[JS] GODMODE_SOLDIER_SHOT=soldier-e3:rifle:2:miss
[JS] GODMODE_SOLDIER_SHOT=soldier-e8:rifle:2:miss
ERROR: 1 RID allocations of type 'class NavRegion3D' were leaked at exit.
ERROR: 1 RID allocations of type 'class NavMap3D' were leaked at exit.
