Godot Engine v4.6.1.stable.custom_build.14d19694e (2026-02-16 15:13:51 UTC) - https://godotengine.org
D3D12 12_0 - Forward+ - Using Device #0: AMD - AMD Radeon RX 9070 XT

[JSDebugger][Debug] devtools://devtools/bundled/inspector.html?v8only=true&ws=127.0.0.1:9229/1
[jsb][Debug] slow process JSRealm._load_module: 0.025066 s (modules\GodotJS\bridge\jsb_environment.cpp:1131)
[jsb][Debug] slow process JSRealm._require: 0.026757 s (modules\GodotJS\bridge\jsb_builtins.cpp:61)
[jsb][Debug] slow process JSRealm._load_module: 0.030468 s (modules\GodotJS\bridge\jsb_environment.cpp:1131)
[jsb][Debug] slow process JSRealm._require: 0.031053 s (modules\GodotJS\bridge\jsb_builtins.cpp:61)
[jsb][Debug] slow process JSRealm._load_module: 0.033063 s (modules\GodotJS\bridge\jsb_environment.cpp:1131)
[jsb][Debug] slow process JSRealm._require: 0.033813 s (modules\GodotJS\bridge\jsb_builtins.cpp:61)
[jsb][Debug] slow process JSRealm._load_module: 0.110077 s (modules\GodotJS\bridge\jsb_environment.cpp:1131)
[jsb][Debug] slow process JSRealm._require: 0.110645 s (modules\GodotJS\bridge\jsb_builtins.cpp:61)
[jsb][Debug] slow process JSRealm._load_module: 0.112360 s (modules\GodotJS\bridge\jsb_environment.cpp:1131)
[jsb][Debug] slow process JSRealm._require: 0.112936 s (modules\GodotJS\bridge\jsb_builtins.cpp:61)
[jsb][Debug] slow process JSRealm._load_module: 0.021138 s (modules\GodotJS\bridge\jsb_environment.cpp:1131)
[jsb][Debug] slow process JSRealm._require: 0.022839 s (modules\GodotJS\bridge\jsb_builtins.cpp:61)
[jsb][Debug] slow process JSRealm._load_module: 0.020012 s (modules\GodotJS\bridge\jsb_environment.cpp:1131)
[jsb][Debug] slow process JSRealm._require: 0.021711 s (modules\GodotJS\bridge\jsb_builtins.cpp:61)
[jsb][Debug] slow process JSRealm._load_module: 0.048738 s (modules\GodotJS\bridge\jsb_environment.cpp:1131)
[jsb][Debug] slow process JSRealm._require: 0.049317 s (modules\GodotJS\bridge\jsb_builtins.cpp:61)
[jsb][Debug] slow process JSRealm._load_module: 0.029878 s (modules\GodotJS\bridge\jsb_environment.cpp:1131)
[jsb][Debug] slow process JSRealm._require: 0.042546 s (modules\GodotJS\bridge\jsb_builtins.cpp:61)
[jsb][Debug] slow process JSRealm._load_module: 0.044265 s (modules\GodotJS\bridge\jsb_environment.cpp:1131)
[jsb][Debug] slow process JSRealm._require: 0.044868 s (modules\GodotJS\bridge\jsb_builtins.cpp:61)
[jsb][Debug] slow process JSRealm._load_module: 0.292538 s (modules\GodotJS\bridge\jsb_environment.cpp:1131)
[jsb][Debug] slow process JSRealm.load: 0.294378 s (modules\GodotJS\bridge\jsb_environment.cpp:1518)
[jsb][Debug] slow process GodotJSScript.load_module: 0.294964 s (modules\GodotJS\weaver\jsb_script.cpp:520)
[JS] GODMODE_LOG_FILE=C:\Users\Kam\AppData\Local\Temp\godot-cli\ae33f044203e/logs/client-20261005-033022-9736.log
[JS] GODMODE_ROGUELITE_LEVEL_BUILT=0:0
ERROR: [JS] GODMODE_ARENA_PREBUILT_MISSING=client: res://assets/maps/dumbo/prebuilt/survival_client.scn is missing; building the arena live, which takes tens of seconds. Generate it with pnpm maps:prebuild-arena (game run and game play do this automatically).
   at: console.<computed> [as error] (res:\\..\..\..\scripts\log_file.ts:93)
   GDScript backtrace (most recent call first):
       [0] _start (res://tools/godot-cli/runner/inspection_bridge.gd:148)
[JS] GODMODE_MODULE_BATCHES=instances:233:nodes:90:groundInstances:97:groundChunks:18:shrubShapes:5:treeShapes:6
[JS] GODMODE_STREET_DRESSING=placements:235:cells:33:renderNodes:137:shrubShapes:4:shrubInstances:385:collisionShapes:162
[JS] GODMODE_PATTERN_RUNTIME_RETIREMENT=[]
[JS] GODMODE_WESTERN_STREET_KIT=frontages:10; practicals:4
[JS] GODMODE_WESTERN_DRESSING=roofKits:0; lowPlanting:210; drains:90; buildMs:7719
[JS] GODMODE_ENVIRONMENT_GROUND=gutters:1506;grates:50;leaves:10288;manholes:11
[JS] GODMODE_STREET_FIDELITY={"crosswalk":1265,"stop":22,"centre":2778,"lane":2,"kerb":8045}
[JS] GODMODE_ENVIRONMENT_MODULES=39312
[JS] GODMODE_MODULE_BATCHES=instances:46999:nodes:7431:groundInstances:2597:groundChunks:68:shrubShapes:7:treeShapes:6
[JS] GODMODE_WATERFRONT_BATCHES=instances:38898:nodes:207:meshes:8
[JS] GODMODE_ENVIRONMENT_STREET_LIGHTS=visibleHeads:6;pools:5
[JS] GODMODE_STUDY_AUTHORED_PROBES=9234
WARNING: [JS] GODMODE_STUDY_LIGHTMAP=stale:6;first:SurvivalChunks/BridgeDressingVisualOnly; playing unbaked until the next version bake
   at: console.<computed> [as warn] (res:\\..\..\..\scripts\log_file.ts:93)
   GDScript backtrace (most recent call first):
       [0] _start (res://tools/godot-cli/runner/inspection_bridge.gd:148)
[JS] GODMODE_ARENA_BUILD=client:live:missing:74469
[JS] GODMODE_CRASH_REPORT=off
[JS] GODMODE_DISPLAY boot mode=3 fullscreen=true applied=false
[JS] GODMODE_CLIENT_LAUNCHED
GODOT_CLI_INSPECTION=http://127.0.0.1:64925/inspect
[JS] GODMODE_ROGUELITE_LEVEL_BUILT=0:0
ERROR: [JS] GODMODE_ARENA_PREBUILT_MISSING=server: res://assets/maps/dumbo/prebuilt/survival_server.scn is missing; building the arena live, which takes tens of seconds. Generate it with pnpm maps:prebuild-arena (game run and game play do this automatically).
   at: console.<computed> [as error] (res:\\..\..\..\scripts\log_file.ts:93)
[JS] GODMODE_STREET_DRESSING=placements:235:cells:33:renderNodes:0:shrubShapes:0:shrubInstances:0:collisionShapes:162
[JS] GODMODE_ARENA_BUILD=server:live:missing:2955
[JS] GODMODE_SERVER_READY=local
[JS] GODMODE_PEER_CONNECTED=2
[JS] GODMODE_PEER_JOINED=2
[JS] GODMODE_ROGUELITE_SEED=48215EFB
[JS] GODMODE_ROGUELITE_PRIMARY=2:machineGun
[JS] GODMODE_SURVIVAL_MINUTE=0:rifleman:-
[JS] GODMODE_CLIENT_READY=2
[JS] GODMODE_FIRST_GAMEPLAY_FRAME=81069
[JS] GODMODE_STREAM_LIVE=19:2
[JS] GODMODE_STREAM_CHAT_EVENT=runStart
[JS] GODMODE_CONSOLE_QUEUED_SENT=invincible,invincible
[JS] GODMODE_DEBUG_COMMAND=invincible:ok
[JS] GODMODE_DEBUG_COMMAND=invincible:ok
[JS] GODMODE_PATROL_PRESENTATION={"id":"soldier-e1","distance":568.3485717773438,"visible":false,"seenPast":""}
[JS] GODMODE_ACTOR_COST={"id":"soldier-e1","visual":true,"ms":85.002}
[JS] GODMODE_ACTOR_COST={"id":"soldier-e1","visual":false,"ms":0.15}
[JS] GODMODE_SYSTEM_ADMIN_SPAWNED=soldier-e1
[JS] GODMODE_SYSTEM_ADMIN_TARGET=soldier-e1:2
[JS] GODMODE_PATROL_PRESENTATION={"id":"soldier-e2","distance":574.2647094726562,"visible":false,"seenPast":""}
[JS] GODMODE_ACTOR_COST={"id":"soldier-e2","visual":true,"ms":0.648}
[JS] GODMODE_ACTOR_COST={"id":"soldier-e2","visual":false,"ms":0.083}
[JS] GODMODE_SYSTEM_ADMIN_SPAWNED=soldier-e2
[JS] GODMODE_SYSTEM_ADMIN_TARGET=soldier-e2:2
[JS] GODMODE_ACTOR_COST={"id":"soldier-e3","visual":false,"ms":0.131}
[JS] GODMODE_SYSTEM_ADMIN_SPAWNED=soldier-e3
[JS] GODMODE_PATROL_PRESENTATION={"id":"soldier-e3","distance":540.5655517578125,"visible":false,"seenPast":""}
[JS] GODMODE_ACTOR_COST={"id":"soldier-e3","visual":true,"ms":0.879}
[JS] GODMODE_SYSTEM_ADMIN_TARGET=soldier-e3:2
[JS] GODMODE_ACTOR_COST={"id":"soldier-e4","visual":false,"ms":0.12}
[JS] GODMODE_SYSTEM_ADMIN_SPAWNED=soldier-e4
[JS] GODMODE_PATROL_PRESENTATION={"id":"soldier-e4","distance":574.2686157226562,"visible":false,"seenPast":""}
[JS] GODMODE_ACTOR_COST={"id":"soldier-e4","visual":true,"ms":0.601}
[JS] GODMODE_SYSTEM_ADMIN_TARGET=soldier-e4:2
[JS] GODMODE_PATROL_PRESENTATION={"id":"soldier-e5","distance":568.3485717773438,"visible":false,"seenPast":""}
[JS] GODMODE_ACTOR_COST={"id":"soldier-e5","visual":true,"ms":0.694}
[JS] GODMODE_ACTOR_COST={"id":"soldier-e5","visual":false,"ms":0.099}
[JS] GODMODE_SYSTEM_ADMIN_SPAWNED=soldier-e5
[JS] GODMODE_SOLDIER_SHOT=soldier-e1:rifle:2:hit
[JS] GODMODE_SOLDIER_SHOT=soldier-e1:rifle:2:miss
[JS] GODMODE_SOLDIER_SHOT=soldier-e1:rifle:2:miss
[JS] GODMODE_SOLDIER_SHOT=soldier-e1:rifle:2:miss
[JS] GODMODE_SYSTEM_ADMIN_TARGET=soldier-e5:2
[JS] GODMODE_SOLDIER_SHOT=soldier-e1:rifle:2:hit
[JS] GODMODE_ACTOR_COST={"id":"soldier-e6","visual":false,"ms":0.111}
[JS] GODMODE_SYSTEM_ADMIN_SPAWNED=soldier-e6
[JS] GODMODE_PATROL_PRESENTATION={"id":"soldier-e6","distance":540.734130859375,"visible":false,"seenPast":""}
[JS] GODMODE_ACTOR_COST={"id":"soldier-e6","visual":true,"ms":0.611}
[JS] GODMODE_SOLDIER_SHOT=soldier-e2:rifle:2:miss
[JS] GODMODE_SOLDIER_SHOT=soldier-e2:rifle:2:miss
[JS] GODMODE_SOLDIER_SHOT=soldier-e2:rifle:2:hit
[JS] GODMODE_SOLDIER_SHOT=soldier-e2:rifle:2:miss
[JS] GODMODE_SOLDIER_SHOT=soldier-e2:rifle:2:hit
[JS] GODMODE_SYSTEM_ADMIN_TARGET=soldier-e6:2
[JS] GODMODE_ACTOR_COST={"id":"soldier-e7","visual":false,"ms":0.099}
[JS] GODMODE_SYSTEM_ADMIN_SPAWNED=soldier-e7
[JS] GODMODE_PATROL_PRESENTATION={"id":"soldier-e7","distance":574.2686157226562,"visible":false,"seenPast":""}
[JS] GODMODE_ACTOR_COST={"id":"soldier-e7","visual":true,"ms":0.589}
[JS] GODMODE_SYSTEM_ADMIN_TARGET=soldier-e7:2
[JS] GODMODE_PATROL_PRESENTATION={"id":"soldier-e8","distance":568.3485717773438,"visible":false,"seenPast":""}
[JS] GODMODE_ACTOR_COST={"id":"soldier-e8","visual":true,"ms":0.757}
[JS] GODMODE_ACTOR_COST={"id":"soldier-e8","visual":false,"ms":0.082}
[JS] GODMODE_SYSTEM_ADMIN_SPAWNED=soldier-e8
[JS] GODMODE_SOLDIER_SHOT=soldier-e3:rifle:2:hit
[JS] GODMODE_SOLDIER_SHOT=soldier-e3:rifle:2:miss
[JS] GODMODE_SOLDIER_SHOT=soldier-e3:rifle:2:miss
[JS] GODMODE_SOLDIER_SHOT=soldier-e3:rifle:2:miss
[JS] GODMODE_SOLDIER_SHOT=soldier-e3:rifle:2:hit
[JS] GODMODE_SYSTEM_ADMIN_TARGET=soldier-e8:2
[JS] GODMODE_ACTOR_COST={"id":"soldier-e9","visual":false,"ms":0.107}
[JS] GODMODE_SYSTEM_ADMIN_SPAWNED=soldier-e9
[JS] GODMODE_PATROL_PRESENTATION={"id":"soldier-e9","distance":540.734130859375,"visible":false,"seenPast":""}
[JS] GODMODE_ACTOR_COST={"id":"soldier-e9","visual":true,"ms":0.581}
[JS] GODMODE_SOLDIER_SHOT=soldier-e1:rifle:2:miss
[JS] GODMODE_SOLDIER_SHOT=soldier-e1:rifle:2:miss
[JS] GODMODE_SOLDIER_SHOT=soldier-e1:rifle:2:hit
[JS] GODMODE_SYSTEM_ADMIN_TARGET=soldier-e9:2
[JS] GODMODE_SOLDIER_SHOT=soldier-e1:rifle:2:miss
[JS] GODMODE_SOLDIER_SHOT=soldier-e1:rifle:2:miss
[JS] GODMODE_ACTOR_COST={"id":"soldier-e10","visual":false,"ms":0.093}
[JS] GODMODE_SYSTEM_ADMIN_SPAWNED=soldier-e10
[JS] GODMODE_PATROL_PRESENTATION={"id":"soldier-e10","distance":568.353515625,"visible":false,"seenPast":""}
[JS] GODMODE_ACTOR_COST={"id":"soldier-e10","visual":true,"ms":0.564}
[JS] GODMODE_SOLDIER_SHOT=soldier-e2:rifle:2:hit
[JS] GODMODE_SOLDIER_SHOT=soldier-e2:rifle:2:miss
[JS] GODMODE_SOLDIER_SHOT=soldier-e2:rifle:2:hit
[JS] GODMODE_SOLDIER_SHOT=soldier-e2:rifle:2:miss
[JS] GODMODE_SOLDIER_SHOT=soldier-e2:rifle:2:miss
[JS] GODMODE_SYSTEM_ADMIN_TARGET=soldier-e10:2
[JS] GODMODE_SOLDIER_SHOT=soldier-e4:rifle:2:miss
[JS] GODMODE_SOLDIER_SHOT=soldier-e4:rifle:2:miss
[JS] GODMODE_ACTOR_COST={"id":"soldier-e11","visual":false,"ms":0.105}
[JS] GODMODE_SYSTEM_ADMIN_SPAWNED=soldier-e11
[JS] GODMODE_PATROL_PRESENTATION={"id":"soldier-e11","distance":571.8649291992188,"visible":false,"seenPast":""}
[JS] GODMODE_ACTOR_COST={"id":"soldier-e11","visual":true,"ms":0.56}
[JS] GODMODE_SOLDIER_SHOT=soldier-e4:rifle:2:miss
[JS] GODMODE_SOLDIER_SHOT=soldier-e4:rifle:2:hit
[JS] GODMODE_SOLDIER_SHOT=soldier-e4:rifle:2:hit
[JS] GODMODE_SOLDIER_SHOT=soldier-e6:rifle:2:hit
[JS] GODMODE_SOLDIER_SHOT=soldier-e6:rifle:2:hit
[JS] GODMODE_SOLDIER_SHOT=soldier-e6:rifle:2:miss
[JS] GODMODE_SYSTEM_ADMIN_TARGET=soldier-e11:2
[JS] GODMODE_SOLDIER_SHOT=soldier-e6:rifle:2:miss
[JS] GODMODE_SOLDIER_SHOT=soldier-e6:rifle:2:hit
[JS] GODMODE_ACTOR_COST={"id":"soldier-e12","visual":false,"ms":0.093}
[JS] GODMODE_SYSTEM_ADMIN_SPAWNED=soldier-e12
[JS] GODMODE_PATROL_PRESENTATION={"id":"soldier-e12","distance":568.353515625,"visible":false,"seenPast":""}
[JS] GODMODE_ACTOR_COST={"id":"soldier-e12","visual":true,"ms":0.522}
[JS] GODMODE_SOLDIER_SHOT=soldier-e3:rifle:2:miss
[JS] GODMODE_SOLDIER_SHOT=soldier-e3:rifle:2:miss
[JS] GODMODE_SOLDIER_SHOT=soldier-e3:rifle:2:hit
[JS] GODMODE_SOLDIER_SHOT=soldier-e3:rifle:2:miss
[JS] GODMODE_SOLDIER_SHOT=soldier-e3:rifle:2:miss
[JS] GODMODE_SYSTEM_ADMIN_TARGET=soldier-e12:2
[JS] GODMODE_SOLDIER_SHOT=soldier-e7:rifle:2:hit
[JS] GODMODE_SOLDIER_SHOT=soldier-e7:rifle:2:miss
[JS] GODMODE_SOLDIER_SHOT=soldier-e7:rifle:2:miss
[JS] GODMODE_SOLDIER_SHOT=soldier-e7:rifle:2:miss
[JS] GODMODE_SOLDIER_SHOT=soldier-e7:rifle:2:miss
[JS] GODMODE_SOLDIER_SHOT=soldier-e8:rifle:2:miss
[JS] GODMODE_SOLDIER_SHOT=soldier-e8:rifle:2:hit
[JS] GODMODE_SOLDIER_SHOT=soldier-e8:rifle:2:miss
[JS] GODMODE_SOLDIER_SHOT=soldier-e8:rifle:2:miss
[JS] GODMODE_SOLDIER_SHOT=soldier-e8:rifle:2:miss
[JS] GODMODE_SOLDIER_SHOT=soldier-e1:rifle:2:miss
[JS] GODMODE_SOLDIER_SHOT=soldier-e1:rifle:2:miss
[JS] GODMODE_SOLDIER_SHOT=soldier-e1:rifle:2:miss
[JS] GODMODE_SOLDIER_SHOT=soldier-e1:rifle:2:hit
[JS] GODMODE_SOLDIER_SHOT=soldier-e1:rifle:2:miss
[JS] GODMODE_SOLDIER_SHOT=soldier-e5:rifle:2:miss
[JS] GODMODE_SOLDIER_SHOT=soldier-e5:rifle:2:miss
[JS] GODMODE_SOLDIER_SHOT=soldier-e5:rifle:2:miss
[JS] GODMODE_SOLDIER_SHOT=soldier-e5:rifle:2:miss
[JS] GODMODE_SOLDIER_SHOT=soldier-e5:rifle:2:hit
[JS] GODMODE_SOLDIER_SHOT=soldier-e9:rifle:2:miss
[JS] GODMODE_SOLDIER_SHOT=soldier-e9:rifle:2:miss
[JS] GODMODE_SOLDIER_SHOT=soldier-e9:rifle:2:miss
[JS] GODMODE_SOLDIER_SHOT=soldier-e9:rifle:2:miss
[JS] GODMODE_SOLDIER_SHOT=soldier-e9:rifle:2:miss
[JS] GODMODE_SOLDIER_SHOT=soldier-e2:rifle:2:miss
[JS] GODMODE_SOLDIER_SHOT=soldier-e2:rifle:2:miss
[JS] GODMODE_SOLDIER_SHOT=soldier-e2:rifle:2:hit
[JS] GODMODE_SOLDIER_SHOT=soldier-e2:rifle:2:miss
[JS] GODMODE_SOLDIER_SHOT=soldier-e2:rifle:2:miss
[JS] GODMODE_SOLDIER_SHOT=soldier-e4:rifle:2:miss
[JS] GODMODE_SOLDIER_SHOT=soldier-e4:rifle:2:hit
[JS] GODMODE_SOLDIER_SHOT=soldier-e4:rifle:2:hit
[JS] GODMODE_SOLDIER_SHOT=soldier-e4:rifle:2:miss
[JS] GODMODE_SOLDIER_SHOT=soldier-e4:rifle:2:hit
[JS] GODMODE_SOLDIER_SHOT=soldier-e6:rifle:2:miss
[JS] GODMODE_SOLDIER_SHOT=soldier-e6:rifle:2:miss
[JS] GODMODE_SOLDIER_SHOT=soldier-e6:rifle:2:hit
[JS] GODMODE_SOLDIER_SHOT=soldier-e6:rifle:2:miss
[JS] GODMODE_SOLDIER_SHOT=soldier-e6:rifle:2:miss
[JS] GODMODE_SOLDIER_SHOT=soldier-e11:rifle:2:hit
[JS] GODMODE_SOLDIER_SHOT=soldier-e11:rifle:2:miss
[JS] GODMODE_SOLDIER_SHOT=soldier-e11:rifle:2:miss
[JS] GODMODE_SOLDIER_SHOT=soldier-e11:rifle:2:miss
[JS] GODMODE_SOLDIER_SHOT=soldier-e11:rifle:2:miss
[JS] GODMODE_SOLDIER_SHOT=soldier-e12:rifle:2:miss
[JS] GODMODE_SOLDIER_SHOT=soldier-e12:rifle:2:miss
[JS] GODMODE_SOLDIER_SHOT=soldier-e12:rifle:2:hit
[JS] GODMODE_SOLDIER_SHOT=soldier-e12:rifle:2:miss
[JS] GODMODE_SOLDIER_SHOT=soldier-e12:rifle:2:hit
[JS] GODMODE_SOLDIER_SHOT=soldier-e3:rifle:2:hit
[JS] GODMODE_SOLDIER_SHOT=soldier-e3:rifle:2:hit
[JS] GODMODE_SOLDIER_SHOT=soldier-e3:rifle:2:hit
[JS] GODMODE_SOLDIER_SHOT=soldier-e3:rifle:2:miss
[JS] GODMODE_SOLDIER_SHOT=soldier-e3:rifle:2:miss
[JS] GODMODE_SOLDIER_SHOT=soldier-e10:rifle:2:miss
[JS] GODMODE_SOLDIER_SHOT=soldier-e10:rifle:2:hit
[JS] GODMODE_SOLDIER_SHOT=soldier-e10:rifle:2:miss
[JS] GODMODE_PATROL_PRESENTATION={"id":"soldier-e13","distance":571.8605346679688,"visible":false,"seenPast":""}
[JS] GODMODE_ACTOR_COST={"id":"soldier-e13","visual":true,"ms":3.239}
[JS] GODMODE_ACTOR_COST={"id":"soldier-e13","visual":false,"ms":0.075}
[JS] GODMODE_SYSTEM_ADMIN_SPAWNED=soldier-e13
[JS] GODMODE_SOLDIER_SHOT=soldier-e10:rifle:2:miss
[JS] GODMODE_SOLDIER_SHOT=soldier-e10:rifle:2:miss
[JS] GODMODE_SOLDIER_SHOT=soldier-e7:rifle:2:hit
[JS] GODMODE_SOLDIER_SHOT=soldier-e7:rifle:2:hit
[JS] GODMODE_SOLDIER_SHOT=soldier-e7:rifle:2:miss
[JS] GODMODE_SOLDIER_SHOT=soldier-e7:rifle:2:miss
[JS] GODMODE_SYSTEM_ADMIN_TARGET=soldier-e13:2
[JS] GODMODE_SOLDIER_SHOT=soldier-e7:rifle:2:miss
[JS] GODMODE_ACTOR_COST={"id":"soldier-e14","visual":false,"ms":0.097}
[JS] GODMODE_SYSTEM_ADMIN_SPAWNED=soldier-e14
[JS] GODMODE_PATROL_PRESENTATION={"id":"soldier-e14","distance":568.353515625,"visible":false,"seenPast":""}
[JS] GODMODE_ACTOR_COST={"id":"soldier-e14","visual":true,"ms":0.543}
[JS] GODMODE_SOLDIER_SHOT=soldier-e1:rifle:2:miss
[JS] GODMODE_SOLDIER_SHOT=soldier-e1:rifle:2:miss
[JS] GODMODE_SOLDIER_SHOT=soldier-e1:rifle:2:miss
[JS] GODMODE_SOLDIER_SHOT=soldier-e1:rifle:2:hit
[JS] GODMODE_SOLDIER_SHOT=soldier-e1:rifle:2:hit
[JS] GODMODE_SOLDIER_SHOT=soldier-e5:rifle:2:miss
[JS] GODMODE_SYSTEM_ADMIN_TARGET=soldier-e14:2
[JS] GODMODE_SOLDIER_SHOT=soldier-e5:rifle:2:miss
[JS] GODMODE_SOLDIER_SHOT=soldier-e5:rifle:2:miss
[JS] GODMODE_SOLDIER_SHOT=soldier-e5:rifle:2:miss
[JS] GODMODE_SOLDIER_SHOT=soldier-e5:rifle:2:miss
[JS] GODMODE_SOLDIER_SHOT=soldier-e9:rifle:2:hit
[JS] GODMODE_SOLDIER_SHOT=soldier-e9:rifle:2:hit
[JS] GODMODE_SOLDIER_SHOT=soldier-e9:rifle:2:hit
[JS] GODMODE_SOLDIER_SHOT=soldier-e9:rifle:2:hit
[JS] GODMODE_SOLDIER_SHOT=soldier-e9:rifle:2:miss
[JS] GODMODE_SOLDIER_SHOT=soldier-e2:rifle:2:miss
[JS] GODMODE_SOLDIER_SHOT=soldier-e2:rifle:2:hit
[JS] GODMODE_SOLDIER_SHOT=soldier-e2:rifle:2:miss
[JS] GODMODE_SOLDIER_SHOT=soldier-e2:rifle:2:miss
[JS] GODMODE_SOLDIER_SHOT=soldier-e2:rifle:2:hit
[JS] GODMODE_SOLDIER_SHOT=soldier-e8:rifle:2:miss
[JS] GODMODE_SOLDIER_SHOT=soldier-e8:rifle:2:miss
[JS] GODMODE_SOLDIER_SHOT=soldier-e8:rifle:2:miss
[JS] GODMODE_SOLDIER_SHOT=soldier-e8:rifle:2:hit
[JS] GODMODE_SOLDIER_SHOT=soldier-e8:rifle:2:hit
[JS] GODMODE_SOLDIER_SHOT=soldier-e4:rifle:2:miss
[JS] GODMODE_SOLDIER_SHOT=soldier-e4:rifle:2:miss
[JS] GODMODE_SOLDIER_SHOT=soldier-e4:rifle:2:hit
[JS] GODMODE_SOLDIER_SHOT=soldier-e4:rifle:2:hit
[JS] GODMODE_SOLDIER_SHOT=soldier-e4:rifle:2:miss
[JS] GODMODE_SOLDIER_SHOT=soldier-e6:rifle:2:miss
[JS] GODMODE_SOLDIER_SHOT=soldier-e6:rifle:2:miss
[JS] GODMODE_SOLDIER_SHOT=soldier-e6:rifle:2:hit
[JS] GODMODE_SOLDIER_SHOT=soldier-e6:rifle:2:miss
[JS] GODMODE_SOLDIER_SHOT=soldier-e6:rifle:2:hit
[JS] GODMODE_SOLDIER_SHOT=soldier-e11:rifle:2:hit
[JS] GODMODE_SOLDIER_SHOT=soldier-e11:rifle:2:miss
[JS] GODMODE_SOLDIER_SHOT=soldier-e11:rifle:2:miss
[JS] GODMODE_SOLDIER_SHOT=soldier-e11:rifle:2:miss
[JS] GODMODE_SOLDIER_SHOT=soldier-e11:rifle:2:hit
[JS] GODMODE_SOLDIER_SHOT=soldier-e12:rifle:2:miss
[JS] GODMODE_SOLDIER_SHOT=soldier-e12:rifle:2:miss
[JS] GODMODE_SOLDIER_SHOT=soldier-e12:rifle:2:hit
[JS] GODMODE_SOLDIER_SHOT=soldier-e12:rifle:2:hit
[JS] GODMODE_SOLDIER_SHOT=soldier-e12:rifle:2:hit
[JS] GODMODE_DEBUG_COMMAND=invincible:ok
[JS] GODMODE_SOLDIER_SHOT=soldier-e3:rifle:2:hit
[JS] GODMODE_SOLDIER_SHOT=soldier-e3:rifle:2:miss
[JS] GODMODE_SOLDIER_SHOT=soldier-e3:rifle:2:hit
[JS] GODMODE_SOLDIER_SHOT=soldier-e3:rifle:2:miss
[JS] GODMODE_SOLDIER_SHOT=soldier-e3:rifle:2:miss
[JS] GODMODE_SOLDIER_SHOT=soldier-e10:rifle:2:miss
[JS] GODMODE_SOLDIER_SHOT=soldier-e10:rifle:2:hit
[JS] GODMODE_SOLDIER_SHOT=soldier-e10:rifle:2:miss
[JS] GODMODE_SOLDIER_SHOT=soldier-e10:rifle:2:miss
[JS] GODMODE_SOLDIER_SHOT=soldier-e10:rifle:2:miss
[JS] GODMODE_SOLDIER_SHOT=soldier-e7:rifle:2:hit
[JS] GODMODE_SOLDIER_SHOT=soldier-e7:rifle:2:miss
[JS] GODMODE_SOLDIER_SHOT=soldier-e7:rifle:2:hit
[JS] GODMODE_SOLDIER_SHOT=soldier-e7:rifle:2:hit
[JS] GODMODE_SOLDIER_SHOT=soldier-e7:rifle:2:hit
[JS] GODMODE_SOLDIER_SHOT=soldier-e1:rifle:2:miss
[JS] GODMODE_SOLDIER_SHOT=soldier-e1:rifle:2:hit
[JS] GODMODE_SOLDIER_SHOT=soldier-e1:rifle:2:hit
[JS] GODMODE_SOLDIER_SHOT=soldier-e1:rifle:2:miss
[JS] GODMODE_SOLDIER_SHOT=soldier-e1:rifle:2:hit
[JS] GODMODE_SOLDIER_SHOT=soldier-e14:rifle:2:miss
[JS] GODMODE_SOLDIER_SHOT=soldier-e14:rifle:2:miss
[JS] GODMODE_SOLDIER_SHOT=soldier-e14:rifle:2:hit
[JS] GODMODE_SOLDIER_SHOT=soldier-e14:rifle:2:miss
[JS] GODMODE_SOLDIER_SHOT=soldier-e14:rifle:2:hit
ERROR: Condition "p.d == 0" is true. Returning: Point2()
   at: Camera3D::unproject_position (scene\3d\camera_3d.cpp:482)
   GDScript backtrace (most recent call first):
       [0] _append_nodes (res://tools/godot-cli/runner/inspection_bridge.gd:449)
       [1] _append_nodes (res://tools/godot-cli/runner/inspection_bridge.gd:575)
       [2] _append_nodes (res://tools/godot-cli/runner/inspection_bridge.gd:575)
       [3] _snapshot_with_store (res://tools/godot-cli/runner/inspection_bridge.gd:394)
       [4] _respond (res://tools/godot-cli/runner/inspection_bridge.gd:377)
       [5] _process (res://tools/godot-cli/runner/inspection_bridge.gd:213)
ERROR: Condition "p.d == 0" is true. Returning: Point2()
   at: Camera3D::unproject_position (scene\3d\camera_3d.cpp:482)
   GDScript backtrace (most recent call first):
       [0] _append_nodes (res://tools/godot-cli/runner/inspection_bridge.gd:449)
       [1] _append_nodes (res://tools/godot-cli/runner/inspection_bridge.gd:575)
       [2] _append_nodes (res://tools/godot-cli/runner/inspection_bridge.gd:575)
       [3] _append_nodes (res://tools/godot-cli/runner/inspection_bridge.gd:575)
       [4] _snapshot_with_store (res://tools/godot-cli/runner/inspection_bridge.gd:394)
       [5] _respond (res://tools/godot-cli/runner/inspection_bridge.gd:377)
       [6] _process (res://tools/godot-cli/runner/inspection_bridge.gd:213)
ERROR: Condition "p.d == 0" is true. Returning: Point2()
   at: Camera3D::unproject_position (scene\3d\camera_3d.cpp:482)
   GDScript backtrace (most recent call first):
       [0] _append_nodes (res://tools/godot-cli/runner/inspection_bridge.gd:449)
       [1] _append_nodes (res://tools/godot-cli/runner/inspection_bridge.gd:575)
       [2] _append_nodes (res://tools/godot-cli/runner/inspection_bridge.gd:575)
       [3] _append_nodes (res://tools/godot-cli/runner/inspection_bridge.gd:575)
       [4] _append_nodes (res://tools/godot-cli/runner/inspection_bridge.gd:575)
       [5] _snapshot_with_store (res://tools/godot-cli/runner/inspection_bridge.gd:394)
       [6] _respond (res://tools/godot-cli/runner/inspection_bridge.gd:377)
       [7] _process (res://tools/godot-cli/runner/inspection_bridge.gd:213)
ERROR: Condition "p.d == 0" is true. Returning: Point2()
   at: Camera3D::unproject_position (scene\3d\camera_3d.cpp:482)
   GDScript backtrace (most recent call first):
       [0] _append_nodes (res://tools/godot-cli/runner/inspection_bridge.gd:449)
       [1] _append_nodes (res://tools/godot-cli/runner/inspection_bridge.gd:575)
       [2] _append_nodes (res://tools/godot-cli/runner/inspection_bridge.gd:575)
       [3] _append_nodes (res://tools/godot-cli/runner/inspection_bridge.gd:575)
       [4] _append_nodes (res://tools/godot-cli/runner/inspection_bridge.gd:575)
       [5] _append_nodes (res://tools/godot-cli/runner/inspection_bridge.gd:575)
       [6] _snapshot_with_store (res://tools/godot-cli/runner/inspection_bridge.gd:394)
       [7] _respond (res://tools/godot-cli/runner/inspection_bridge.gd:377)
       [8] _process (res://tools/godot-cli/runner/inspection_bridge.gd:213)
ERROR: Condition "p.d == 0" is true. Returning: Point2()
   at: Camera3D::unproject_position (scene\3d\camera_3d.cpp:482)
   GDScript backtrace (most recent call first):
       [0] _append_nodes (res://tools/godot-cli/runner/inspection_bridge.gd:449)
       [1] _append_nodes (res://tools/godot-cli/runner/inspection_bridge.gd:575)
       [2] _append_nodes (res://tools/godot-cli/runner/inspection_bridge.gd:575)
       [3] _append_nodes (res://tools/godot-cli/runner/inspection_bridge.gd:575)
       [4] _append_nodes (res://tools/godot-cli/runner/inspection_bridge.gd:575)
       [5] _append_nodes (res://tools/godot-cli/runner/inspection_bridge.gd:575)
       [6] _append_nodes (res://tools/godot-cli/runner/inspection_bridge.gd:575)
       [7] _snapshot_with_store (res://tools/godot-cli/runner/inspection_bridge.gd:394)
       [8] _respond (res://tools/godot-cli/runner/inspection_bridge.gd:377)
       [9] _process (res://tools/godot-cli/runner/inspection_bridge.gd:213)
ERROR: Condition "p.d == 0" is true. Returning: Point2()
   at: Camera3D::unproject_position (scene\3d\camera_3d.cpp:482)
   GDScript backtrace (most recent call first):
       [0] _append_nodes (res://tools/godot-cli/runner/inspection_bridge.gd:449)
       [1] _append_nodes (res://tools/godot-cli/runner/inspection_bridge.gd:575)
       [2] _append_nodes (res://tools/godot-cli/runner/inspection_bridge.gd:575)
       [3] _append_nodes (res://tools/godot-cli/runner/inspection_bridge.gd:575)
       [4] _append_nodes (res://tools/godot-cli/runner/inspection_bridge.gd:575)
       [5] _append_nodes (res://tools/godot-cli/runner/inspection_bridge.gd:575)
       [6] _append_nodes (res://tools/godot-cli/runner/inspection_bridge.gd:575)
       [7] _append_nodes (res://tools/godot-cli/runner/inspection_bridge.gd:575)
       [8] _snapshot_with_store (res://tools/godot-cli/runner/inspection_bridge.gd:394)
       [9] _respond (res://tools/godot-cli/runner/inspection_bridge.gd:377)
       [10] _process (res://tools/godot-cli/runner/inspection_bridge.gd:213)
ERROR: Condition "p.d == 0" is true. Returning: Point2()
   at: Camera3D::unproject_position (scene\3d\camera_3d.cpp:482)
   GDScript backtrace (most recent call first):
       [0] _append_nodes (res://tools/godot-cli/runner/inspection_bridge.gd:449)
       [1] _append_nodes (res://tools/godot-cli/runner/inspection_bridge.gd:575)
       [2] _append_nodes (res://tools/godot-cli/runner/inspection_bridge.gd:575)
       [3] _append_nodes (res://tools/godot-cli/runner/inspection_bridge.gd:575)
       [4] _append_nodes (res://tools/godot-cli/runner/inspection_bridge.gd:575)
       [5] _append_nodes (res://tools/godot-cli/runner/inspection_bridge.gd:575)
       [6] _append_nodes (res://tools/godot-cli/runner/inspection_bridge.gd:575)
       [7] _append_nodes (res://tools/godot-cli/runner/inspection_bridge.gd:575)
       [8] _append_nodes (res://tools/godot-cli/runner/inspection_bridge.gd:575)
       [9] _snapshot_with_store (res://tools/godot-cli/runner/inspection_bridge.gd:394)
       [10] _respond (res://tools/godot-cli/runner/inspection_bridge.gd:377)
       [11] _process (res://tools/godot-cli/runner/inspection_bridge.gd:213)
ERROR: Condition "p.d == 0" is true. Returning: Point2()
   at: Camera3D::unproject_position (scene\3d\camera_3d.cpp:482)
   GDScript backtrace (most recent call first):
       [0] _append_nodes (res://tools/godot-cli/runner/inspection_bridge.gd:449)
       [1] _append_nodes (res://tools/godot-cli/runner/inspection_bridge.gd:575)
       [2] _append_nodes (res://tools/godot-cli/runner/inspection_bridge.gd:575)
       [3] _append_nodes (res://tools/godot-cli/runner/inspection_bridge.gd:575)
       [4] _append_nodes (res://tools/godot-cli/runner/inspection_bridge.gd:575)
       [5] _snapshot_with_store (res://tools/godot-cli/runner/inspection_bridge.gd:394)
       [6] _respond (res://tools/godot-cli/runner/inspection_bridge.gd:377)
       [7] _process (res://tools/godot-cli/runner/inspection_bridge.gd:213)
ERROR: Condition "p.d == 0" is true. Returning: Point2()
   at: Camera3D::unproject_position (scene\3d\camera_3d.cpp:482)
   GDScript backtrace (most recent call first):
       [0] _append_nodes (res://tools/godot-cli/runner/inspection_bridge.gd:449)
       [1] _append_nodes (res://tools/godot-cli/runner/inspection_bridge.gd:575)
       [2] _append_nodes (res://tools/godot-cli/runner/inspection_bridge.gd:575)
       [3] _append_nodes (res://tools/godot-cli/runner/inspection_bridge.gd:575)
       [4] _append_nodes (res://tools/godot-cli/runner/inspection_bridge.gd:575)
       [5] _append_nodes (res://tools/godot-cli/runner/inspection_bridge.gd:575)
       [6] _snapshot_with_store (res://tools/godot-cli/runner/inspection_bridge.gd:394)
       [7] _respond (res://tools/godot-cli/runner/inspection_bridge.gd:377)
       [8] _process (res://tools/godot-cli/runner/inspection_bridge.gd:213)
ERROR: Condition "p.d == 0" is true. Returning: Point2()
   at: Camera3D::unproject_position (scene\3d\camera_3d.cpp:482)
   GDScript backtrace (most recent call first):
       [0] _append_nodes (res://tools/godot-cli/runner/inspection_bridge.gd:449)
       [1] _append_nodes (res://tools/godot-cli/runner/inspection_bridge.gd:575)
       [2] _append_nodes (res://tools/godot-cli/runner/inspection_bridge.gd:575)
       [3] _append_nodes (res://tools/godot-cli/runner/inspection_bridge.gd:575)
       [4] _append_nodes (res://tools/godot-cli/runner/inspection_bridge.gd:575)
       [5] _append_nodes (res://tools/godot-cli/runner/inspection_bridge.gd:575)
       [6] _append_nodes (res://tools/godot-cli/runner/inspection_bridge.gd:575)
       [7] _snapshot_with_store (res://tools/godot-cli/runner/inspection_bridge.gd:394)
       [8] _respond (res://tools/godot-cli/runner/inspection_bridge.gd:377)
       [9] _process (res://tools/godot-cli/runner/inspection_bridge.gd:213)
ERROR: Condition "p.d == 0" is true. Returning: Point2()
   at: Camera3D::unproject_position (scene\3d\camera_3d.cpp:482)
   GDScript backtrace (most recent call first):
       [0] _append_nodes (res://tools/godot-cli/runner/inspection_bridge.gd:449)
       [1] _append_nodes (res://tools/godot-cli/runner/inspection_bridge.gd:575)
       [2] _append_nodes (res://tools/godot-cli/runner/inspection_bridge.gd:575)
       [3] _append_nodes (res://tools/godot-cli/runner/inspection_bridge.gd:575)
       [4] _append_nodes (res://tools/godot-cli/runner/inspection_bridge.gd:575)
       [5] _append_nodes (res://tools/godot-cli/runner/inspection_bridge.gd:575)
       [6] _append_nodes (res://tools/godot-cli/runner/inspection_bridge.gd:575)
       [7] _append_nodes (res://tools/godot-cli/runner/inspection_bridge.gd:575)
       [8] _snapshot_with_store (res://tools/godot-cli/runner/inspection_bridge.gd:394)
       [9] _respond (res://tools/godot-cli/runner/inspection_bridge.gd:377)
       [10] _process (res://tools/godot-cli/runner/inspection_bridge.gd:213)
ERROR: Condition "p.d == 0" is true. Returning: Point2()
   at: Camera3D::unproject_position (scene\3d\camera_3d.cpp:482)
   GDScript backtrace (most recent call first):
       [0] _append_nodes (res://tools/godot-cli/runner/inspection_bridge.gd:449)
       [1] _append_nodes (res://tools/godot-cli/runner/inspection_bridge.gd:575)
       [2] _append_nodes (res://tools/godot-cli/runner/inspection_bridge.gd:575)
       [3] _append_nodes (res://tools/godot-cli/runner/inspection_bridge.gd:575)
       [4] _append_nodes (res://tools/godot-cli/runner/inspection_bridge.gd:575)
       [5] _append_nodes (res://tools/godot-cli/runner/inspection_bridge.gd:575)
       [6] _append_nodes (res://tools/godot-cli/runner/inspection_bridge.gd:575)
       [7] _append_nodes (res://tools/godot-cli/runner/inspection_bridge.gd:575)
       [8] _append_nodes (res://tools/godot-cli/runner/inspection_bridge.gd:575)
       [9] _snapshot_with_store (res://tools/godot-cli/runner/inspection_bridge.gd:394)
       [10] _respond (res://tools/godot-cli/runner/inspection_bridge.gd:377)
       [11] _process (res://tools/godot-cli/runner/inspection_bridge.gd:213)
ERROR: Condition "p.d == 0" is true. Returning: Point2()
   at: Camera3D::unproject_position (scene\3d\camera_3d.cpp:482)
   GDScript backtrace (most recent call first):
       [0] _append_nodes (res://tools/godot-cli/runner/inspection_bridge.gd:449)
       [1] _append_nodes (res://tools/godot-cli/runner/inspection_bridge.gd:575)
       [2] _append_nodes (res://tools/godot-cli/runner/inspection_bridge.gd:575)
       [3] _append_nodes (res://tools/godot-cli/runner/inspection_bridge.gd:575)
       [4] _snapshot_with_store (res://tools/godot-cli/runner/inspection_bridge.gd:394)
       [5] _respond (res://tools/godot-cli/runner/inspection_bridge.gd:377)
       [6] _process (res://tools/godot-cli/runner/inspection_bridge.gd:213)
ERROR: Condition "p.d == 0" is true. Returning: Point2()
   at: Camera3D::unproject_position (scene\3d\camera_3d.cpp:482)
   GDScript backtrace (most recent call first):
       [0] _append_nodes (res://tools/godot-cli/runner/inspection_bridge.gd:449)
       [1] _append_nodes (res://tools/godot-cli/runner/inspection_bridge.gd:575)
       [2] _append_nodes (res://tools/godot-cli/runner/inspection_bridge.gd:575)
       [3] _append_nodes (res://tools/godot-cli/runner/inspection_bridge.gd:575)
       [4] _append_nodes (res://tools/godot-cli/runner/inspection_bridge.gd:575)
       [5] _snapshot_with_store (res://tools/godot-cli/runner/inspection_bridge.gd:394)
       [6] _respond (res://tools/godot-cli/runner/inspection_bridge.gd:377)
       [7] _process (res://tools/godot-cli/runner/inspection_bridge.gd:213)
ERROR: Condition "p.d == 0" is true. Returning: Point2()
   at: Camera3D::unproject_position (scene\3d\camera_3d.cpp:482)
   GDScript backtrace (most recent call first):
       [0] _append_nodes (res://tools/godot-cli/runner/inspection_bridge.gd:449)
       [1] _append_nodes (res://tools/godot-cli/runner/inspection_bridge.gd:575)
       [2] _append_nodes (res://tools/godot-cli/runner/inspection_bridge.gd:575)
       [3] _append_nodes (res://tools/godot-cli/runner/inspection_bridge.gd:575)
       [4] _append_nodes (res://tools/godot-cli/runner/inspection_bridge.gd:575)
       [5] _append_nodes (res://tools/godot-cli/runner/inspection_bridge.gd:575)
       [6] _snapshot_with_store (res://tools/godot-cli/runner/inspection_bridge.gd:394)
       [7] _respond (res://tools/godot-cli/runner/inspection_bridge.gd:377)
       [8] _process (res://tools/godot-cli/runner/inspection_bridge.gd:213)
ERROR: Condition "p.d == 0" is true. Returning: Point2()
   at: Camera3D::unproject_position (scene\3d\camera_3d.cpp:482)
   GDScript backtrace (most recent call first):
       [0] _append_nodes (res://tools/godot-cli/runner/inspection_bridge.gd:449)
       [1] _append_nodes (res://tools/godot-cli/runner/inspection_bridge.gd:575)
       [2] _append_nodes (res://tools/godot-cli/runner/inspection_bridge.gd:575)
       [3] _append_nodes (res://tools/godot-cli/runner/inspection_bridge.gd:575)
       [4] _append_nodes (res://tools/godot-cli/runner/inspection_bridge.gd:575)
       [5] _append_nodes (res://tools/godot-cli/runner/inspection_bridge.gd:575)
       [6] _append_nodes (res://tools/godot-cli/runner/inspection_bridge.gd:575)
       [7] _snapshot_with_store (res://tools/godot-cli/runner/inspection_bridge.gd:394)
       [8] _respond (res://tools/godot-cli/runner/inspection_bridge.gd:377)
       [9] _process (res://tools/godot-cli/runner/inspection_bridge.gd:213)
ERROR: Condition "p.d == 0" is true. Returning: Point2()
   at: Camera3D::unproject_position (scene\3d\camera_3d.cpp:482)
   GDScript backtrace (most recent call first):
       [0] _append_nodes (res://tools/godot-cli/runner/inspection_bridge.gd:449)
       [1] _append_nodes (res://tools/godot-cli/runner/inspection_bridge.gd:575)
       [2] _append_nodes (res://tools/godot-cli/runner/inspection_bridge.gd:575)
       [3] _append_nodes (res://tools/godot-cli/runner/inspection_bridge.gd:575)
       [4] _append_nodes (res://tools/godot-cli/runner/inspection_bridge.gd:575)
       [5] _append_nodes (res://tools/godot-cli/runner/inspection_bridge.gd:575)
       [6] _snapshot_with_store (res://tools/godot-cli/runner/inspection_bridge.gd:394)
       [7] _respond (res://tools/godot-cli/runner/inspection_bridge.gd:377)
       [8] _process (res://tools/godot-cli/runner/inspection_bridge.gd:213)
ERROR: Condition "p.d == 0" is true. Returning: Point2()
   at: Camera3D::unproject_position (scene\3d\camera_3d.cpp:482)
   GDScript backtrace (most recent call first):
       [0] _append_nodes (res://tools/godot-cli/runner/inspection_bridge.gd:449)
       [1] _append_nodes (res://tools/godot-cli/runner/inspection_bridge.gd:575)
       [2] _append_nodes (res://tools/godot-cli/runner/inspection_bridge.gd:575)
       [3] _append_nodes (res://tools/godot-cli/runner/inspection_bridge.gd:575)
       [4] _snapshot_with_store (res://tools/godot-cli/runner/inspection_bridge.gd:394)
       [5] _respond (res://tools/godot-cli/runner/inspection_bridge.gd:377)
       [6] _process (res://tools/godot-cli/runner/inspection_bridge.gd:213)
[JS] GODMODE_SOLDIER_SHOT=soldier-e5:rifle:2:hit
[JS] GODMODE_SOLDIER_SHOT=soldier-e9:rifle:2:miss
[JS] GODMODE_SOLDIER_SHOT=soldier-e5:rifle:2:hit
[JS] GODMODE_SOLDIER_SHOT=soldier-e9:rifle:2:miss
[JS] GODMODE_SOLDIER_SHOT=soldier-e5:rifle:2:hit
[JS] GODMODE_SOLDIER_SHOT=soldier-e9:rifle:2:hit
[JS] GODMODE_SOLDIER_SHOT=soldier-e5:rifle:2:miss
[JS] GODMODE_SOLDIER_SHOT=soldier-e9:rifle:2:miss
[JS] GODMODE_STREAM_CHAT_EVENT=challenge
[JS] GODMODE_STREAM_CHALLENGE=issued:hipfire5
[JS] GODMODE_TIPBOT=challenge:moss_tea challenges you: 5 hipfire kills
[JS] GODMODE_SOLDIER_SHOT=soldier-e5:rifle:2:hit
[JS] GODMODE_SOLDIER_SHOT=soldier-e9:rifle:2:hit
[JS] GODMODE_SOLDIER_SHOT=soldier-e2:rifle:2:miss
[JS] GODMODE_SOLDIER_SHOT=soldier-e2:rifle:2:miss
[JS] GODMODE_SOLDIER_SHOT=soldier-e2:rifle:2:miss
[JS] GODMODE_SOLDIER_SHOT=soldier-e2:rifle:2:hit
[JS] GODMODE_SOLDIER_SHOT=soldier-e2:rifle:2:miss
[JS] GODMODE_SOLDIER_SHOT=soldier-e3:rifle:2:hit
[JS] GODMODE_SOLDIER_SHOT=soldier-e3:rifle:2:miss
[JS] GODMODE_SOLDIER_SHOT=soldier-e3:rifle:2:hit
[JS] GODMODE_SOLDIER_SHOT=soldier-e3:rifle:2:miss
[JS] GODMODE_SOLDIER_SHOT=soldier-e3:rifle:2:miss
[JS] GODMODE_SOLDIER_SHOT=soldier-e4:rifle:2:miss
[JS] GODMODE_SOLDIER_SHOT=soldier-e4:rifle:2:miss
[JS] GODMODE_SOLDIER_SHOT=soldier-e4:rifle:2:hit
[JS] GODMODE_SOLDIER_SHOT=soldier-e4:rifle:2:miss
[JS] GODMODE_SOLDIER_SHOT=soldier-e4:rifle:2:miss
[JS] GODMODE_SOLDIER_SHOT=soldier-e6:rifle:2:miss
[JS] GODMODE_SOLDIER_SHOT=soldier-e6:rifle:2:miss
[JS] GODMODE_SOLDIER_SHOT=soldier-e6:rifle:2:miss
[JS] GODMODE_SOLDIER_SHOT=soldier-e6:rifle:2:miss
[JS] GODMODE_SOLDIER_SHOT=soldier-e6:rifle:2:miss
[JS] GODMODE_SOLDIER_SHOT=soldier-e7:rifle:2:miss
ERROR: Condition "p.d == 0" is true. Returning: Point2()
   at: Camera3D::unproject_position (scene\3d\camera_3d.cpp:482)
   GDScript backtrace (most recent call first):
       [0] _append_nodes (res://tools/godot-cli/runner/inspection_bridge.gd:449)
       [1] _append_nodes (res://tools/godot-cli/runner/inspection_bridge.gd:575)
       [2] _append_nodes (res://tools/godot-cli/runner/inspection_bridge.gd:575)
       [3] _snapshot_with_store (res://tools/godot-cli/runner/inspection_bridge.gd:394)
       [4] _respond (res://tools/godot-cli/runner/inspection_bridge.gd:377)
       [5] _process (res://tools/godot-cli/runner/inspection_bridge.gd:213)
ERROR: Condition "p.d == 0" is true. Returning: Point2()
   at: Camera3D::unproject_position (scene\3d\camera_3d.cpp:482)
   GDScript backtrace (most recent call first):
       [0] _append_nodes (res://tools/godot-cli/runner/inspection_bridge.gd:449)
       [1] _append_nodes (res://tools/godot-cli/runner/inspection_bridge.gd:575)
       [2] _append_nodes (res://tools/godot-cli/runner/inspection_bridge.gd:575)
       [3] _append_nodes (res://tools/godot-cli/runner/inspection_bridge.gd:575)
       [4] _snapshot_with_store (res://tools/godot-cli/runner/inspection_bridge.gd:394)
       [5] _respond (res://tools/godot-cli/runner/inspection_bridge.gd:377)
       [6] _process (res://tools/godot-cli/runner/inspection_bridge.gd:213)
ERROR: Condition "p.d == 0" is true. Returning: Point2()
   at: Camera3D::unproject_position (scene\3d\camera_3d.cpp:482)
   GDScript backtrace (most recent call first):
       [0] _append_nodes (res://tools/godot-cli/runner/inspection_bridge.gd:449)
       [1] _append_nodes (res://tools/godot-cli/runner/inspection_bridge.gd:575)
       [2] _append_nodes (res://tools/godot-cli/runner/inspection_bridge.gd:575)
       [3] _append_nodes (res://tools/godot-cli/runner/inspection_bridge.gd:575)
       [4] _append_nodes (res://tools/godot-cli/runner/inspection_bridge.gd:575)
       [5] _snapshot_with_store (res://tools/godot-cli/runner/inspection_bridge.gd:394)
       [6] _respond (res://tools/godot-cli/runner/inspection_bridge.gd:377)
       [7] _process (res://tools/godot-cli/runner/inspection_bridge.gd:213)
ERROR: Condition "p.d == 0" is true. Returning: Point2()
   at: Camera3D::unproject_position (scene\3d\camera_3d.cpp:482)
   GDScript backtrace (most recent call first):
       [0] _append_nodes (res://tools/godot-cli/runner/inspection_bridge.gd:449)
       [1] _append_nodes (res://tools/godot-cli/runner/inspection_bridge.gd:575)
       [2] _append_nodes (res://tools/godot-cli/runner/inspection_bridge.gd:575)
       [3] _append_nodes (res://tools/godot-cli/runner/inspection_bridge.gd:575)
       [4] _append_nodes (res://tools/godot-cli/runner/inspection_bridge.gd:575)
       [5] _append_nodes (res://tools/godot-cli/runner/inspection_bridge.gd:575)
       [6] _snapshot_with_store (res://tools/godot-cli/runner/inspection_bridge.gd:394)
       [7] _respond (res://tools/godot-cli/runner/inspection_bridge.gd:377)
       [8] _process (res://tools/godot-cli/runner/inspection_bridge.gd:213)
ERROR: Condition "p.d == 0" is true. Returning: Point2()
   at: Camera3D::unproject_position (scene\3d\camera_3d.cpp:482)
   GDScript backtrace (most recent call first):
       [0] _append_nodes (res://tools/godot-cli/runner/inspection_bridge.gd:449)
       [1] _append_nodes (res://tools/godot-cli/runner/inspection_bridge.gd:575)
       [2] _append_nodes (res://tools/godot-cli/runner/inspection_bridge.gd:575)
       [3] _append_nodes (res://tools/godot-cli/runner/inspection_bridge.gd:575)
       [4] _append_nodes (res://tools/godot-cli/runner/inspection_bridge.gd:575)
       [5] _append_nodes (res://tools/godot-cli/runner/inspection_bridge.gd:575)
       [6] _append_nodes (res://tools/godot-cli/runner/inspection_bridge.gd:575)
       [7] _snapshot_with_store (res://tools/godot-cli/runner/inspection_bridge.gd:394)
       [8] _respond (res://tools/godot-cli/runner/inspection_bridge.gd:377)
       [9] _process (res://tools/godot-cli/runner/inspection_bridge.gd:213)
ERROR: Condition "p.d == 0" is true. Returning: Point2()
   at: Camera3D::unproject_position (scene\3d\camera_3d.cpp:482)
   GDScript backtrace (most recent call first):
       [0] _append_nodes (res://tools/godot-cli/runner/inspection_bridge.gd:449)
       [1] _append_nodes (res://tools/godot-cli/runner/inspection_bridge.gd:575)
       [2] _append_nodes (res://tools/godot-cli/runner/inspection_bridge.gd:575)
       [3] _append_nodes (res://tools/godot-cli/runner/inspection_bridge.gd:575)
       [4] _append_nodes (res://tools/godot-cli/runner/inspection_bridge.gd:575)
       [5] _append_nodes (res://tools/godot-cli/runner/inspection_bridge.gd:575)
       [6] _append_nodes (res://tools/godot-cli/runner/inspection_bridge.gd:575)
       [7] _append_nodes (res://tools/godot-cli/runner/inspection_bridge.gd:575)
       [8] _snapshot_with_store (res://tools/godot-cli/runner/inspection_bridge.gd:394)
       [9] _respond (res://tools/godot-cli/runner/inspection_bridge.gd:377)
       [10] _process (res://tools/godot-cli/runner/inspection_bridge.gd:213)
ERROR: Condition "p.d == 0" is true. Returning: Point2()
   at: Camera3D::unproject_position (scene\3d\camera_3d.cpp:482)
   GDScript backtrace (most recent call first):
       [0] _append_nodes (res://tools/godot-cli/runner/inspection_bridge.gd:449)
       [1] _append_nodes (res://tools/godot-cli/runner/inspection_bridge.gd:575)
       [2] _append_nodes (res://tools/godot-cli/runner/inspection_bridge.gd:575)
       [3] _append_nodes (res://tools/godot-cli/runner/inspection_bridge.gd:575)
       [4] _append_nodes (res://tools/godot-cli/runner/inspection_bridge.gd:575)
       [5] _append_nodes (res://tools/godot-cli/runner/inspection_bridge.gd:575)
       [6] _append_nodes (res://tools/godot-cli/runner/inspection_bridge.gd:575)
       [7] _append_nodes (res://tools/godot-cli/runner/inspection_bridge.gd:575)
       [8] _append_nodes (res://tools/godot-cli/runner/inspection_bridge.gd:575)
       [9] _snapshot_with_store (res://tools/godot-cli/runner/inspection_bridge.gd:394)
       [10] _respond (res://tools/godot-cli/runner/inspection_bridge.gd:377)
       [11] _process (res://tools/godot-cli/runner/inspection_bridge.gd:213)
ERROR: Condition "p.d == 0" is true. Returning: Point2()
   at: Camera3D::unproject_position (scene\3d\camera_3d.cpp:482)
   GDScript backtrace (most recent call first):
       [0] _append_nodes (res://tools/godot-cli/runner/inspection_bridge.gd:449)
       [1] _append_nodes (res://tools/godot-cli/runner/inspection_bridge.gd:575)
       [2] _append_nodes (res://tools/godot-cli/runner/inspection_bridge.gd:575)
       [3] _append_nodes (res://tools/godot-cli/runner/inspection_bridge.gd:575)
       [4] _append_nodes (res://tools/godot-cli/runner/inspection_bridge.gd:575)
       [5] _snapshot_with_store (res://tools/godot-cli/runner/inspection_bridge.gd:394)
       [6] _respond (res://tools/godot-cli/runner/inspection_bridge.gd:377)
       [7] _process (res://tools/godot-cli/runner/inspection_bridge.gd:213)
ERROR: Condition "p.d == 0" is true. Returning: Point2()
   at: Camera3D::unproject_position (scene\3d\camera_3d.cpp:482)
   GDScript backtrace (most recent call first):
       [0] _append_nodes (res://tools/godot-cli/runner/inspection_bridge.gd:449)
       [1] _append_nodes (res://tools/godot-cli/runner/inspection_bridge.gd:575)
       [2] _append_nodes (res://tools/godot-cli/runner/inspection_bridge.gd:575)
       [3] _append_nodes (res://tools/godot-cli/runner/inspection_bridge.gd:575)
       [4] _append_nodes (res://tools/godot-cli/runner/inspection_bridge.gd:575)
       [5] _append_nodes (res://tools/godot-cli/runner/inspection_bridge.gd:575)
       [6] _snapshot_with_store (res://tools/godot-cli/runner/inspection_bridge.gd:394)
       [7] _respond (res://tools/godot-cli/runner/inspection_bridge.gd:377)
       [8] _process (res://tools/godot-cli/runner/inspection_bridge.gd:213)
ERROR: Condition "p.d == 0" is true. Returning: Point2()
   at: Camera3D::unproject_position (scene\3d\camera_3d.cpp:482)
   GDScript backtrace (most recent call first):
       [0] _append_nodes (res://tools/godot-cli/runner/inspection_bridge.gd:449)
       [1] _append_nodes (res://tools/godot-cli/runner/inspection_bridge.gd:575)
       [2] _append_nodes (res://tools/godot-cli/runner/inspection_bridge.gd:575)
       [3] _append_nodes (res://tools/godot-cli/runner/inspection_bridge.gd:575)
       [4] _append_nodes (res://tools/godot-cli/runner/inspection_bridge.gd:575)
       [5] _append_nodes (res://tools/godot-cli/runner/inspection_bridge.gd:575)
       [6] _append_nodes (res://tools/godot-cli/runner/inspection_bridge.gd:575)
       [7] _snapshot_with_store (res://tools/godot-cli/runner/inspection_bridge.gd:394)
       [8] _respond (res://tools/godot-cli/runner/inspection_bridge.gd:377)
       [9] _process (res://tools/godot-cli/runner/inspection_bridge.gd:213)
ERROR: Condition "p.d == 0" is true. Returning: Point2()
   at: Camera3D::unproject_position (scene\3d\camera_3d.cpp:482)
   GDScript backtrace (most recent call first):
       [0] _append_nodes (res://tools/godot-cli/runner/inspection_bridge.gd:449)
       [1] _append_nodes (res://tools/godot-cli/runner/inspection_bridge.gd:575)
       [2] _append_nodes (res://tools/godot-cli/runner/inspection_bridge.gd:575)
       [3] _append_nodes (res://tools/godot-cli/runner/inspection_bridge.gd:575)
       [4] _append_nodes (res://tools/godot-cli/runner/inspection_bridge.gd:575)
       [5] _append_nodes (res://tools/godot-cli/runner/inspection_bridge.gd:575)
       [6] _append_nodes (res://tools/godot-cli/runner/inspection_bridge.gd:575)
       [7] _append_nodes (res://tools/godot-cli/runner/inspection_bridge.gd:575)
       [8] _snapshot_with_store (res://tools/godot-cli/runner/inspection_bridge.gd:394)
       [9] _respond (res://tools/godot-cli/runner/inspection_bridge.gd:377)
       [10] _process (res://tools/godot-cli/runner/inspection_bridge.gd:213)
ERROR: Condition "p.d == 0" is true. Returning: Point2()
   at: Camera3D::unproject_position (scene\3d\camera_3d.cpp:482)
   GDScript backtrace (most recent call first):
       [0] _append_nodes (res://tools/godot-cli/runner/inspection_bridge.gd:449)
       [1] _append_nodes (res://tools/godot-cli/runner/inspection_bridge.gd:575)
       [2] _append_nodes (res://tools/godot-cli/runner/inspection_bridge.gd:575)
       [3] _append_nodes (res://tools/godot-cli/runner/inspection_bridge.gd:575)
       [4] _append_nodes (res://tools/godot-cli/runner/inspection_bridge.gd:575)
       [5] _append_nodes (res://tools/godot-cli/runner/inspection_bridge.gd:575)
       [6] _append_nodes (res://tools/godot-cli/runner/inspection_bridge.gd:575)
       [7] _append_nodes (res://tools/godot-cli/runner/inspection_bridge.gd:575)
       [8] _append_nodes (res://tools/godot-cli/runner/inspection_bridge.gd:575)
       [9] _snapshot_with_store (res://tools/godot-cli/runner/inspection_bridge.gd:394)
       [10] _respond (res://tools/godot-cli/runner/inspection_bridge.gd:377)
       [11] _process (res://tools/godot-cli/runner/inspection_bridge.gd:213)
ERROR: Condition "p.d == 0" is true. Returning: Point2()
   at: Camera3D::unproject_position (scene\3d\camera_3d.cpp:482)
   GDScript backtrace (most recent call first):
       [0] _append_nodes (res://tools/godot-cli/runner/inspection_bridge.gd:449)
       [1] _append_nodes (res://tools/godot-cli/runner/inspection_bridge.gd:575)
       [2] _append_nodes (res://tools/godot-cli/runner/inspection_bridge.gd:575)
       [3] _append_nodes (res://tools/godot-cli/runner/inspection_bridge.gd:575)
       [4] _snapshot_with_store (res://tools/godot-cli/runner/inspection_bridge.gd:394)
       [5] _respond (res://tools/godot-cli/runner/inspection_bridge.gd:377)
       [6] _process (res://tools/godot-cli/runner/inspection_bridge.gd:213)
ERROR: Condition "p.d == 0" is true. Returning: Point2()
   at: Camera3D::unproject_position (scene\3d\camera_3d.cpp:482)
   GDScript backtrace (most recent call first):
       [0] _append_nodes (res://tools/godot-cli/runner/inspection_bridge.gd:449)
       [1] _append_nodes (res://tools/godot-cli/runner/inspection_bridge.gd:575)
       [2] _append_nodes (res://tools/godot-cli/runner/inspection_bridge.gd:575)
       [3] _append_nodes (res://tools/godot-cli/runner/inspection_bridge.gd:575)
       [4] _append_nodes (res://tools/godot-cli/runner/inspection_bridge.gd:575)
       [5] _snapshot_with_store (res://tools/godot-cli/runner/inspection_bridge.gd:394)
       [6] _respond (res://tools/godot-cli/runner/inspection_bridge.gd:377)
       [7] _process (res://tools/godot-cli/runner/inspection_bridge.gd:213)
ERROR: Condition "p.d == 0" is true. Returning: Point2()
   at: Camera3D::unproject_position (scene\3d\camera_3d.cpp:482)
   GDScript backtrace (most recent call first):
       [0] _append_nodes (res://tools/godot-cli/runner/inspection_bridge.gd:449)
       [1] _append_nodes (res://tools/godot-cli/runner/inspection_bridge.gd:575)
       [2] _append_nodes (res://tools/godot-cli/runner/inspection_bridge.gd:575)
       [3] _append_nodes (res://tools/godot-cli/runner/inspection_bridge.gd:575)
       [4] _append_nodes (res://tools/godot-cli/runner/inspection_bridge.gd:575)
       [5] _append_nodes (res://tools/godot-cli/runner/inspection_bridge.gd:575)
       [6] _snapshot_with_store (res://tools/godot-cli/runner/inspection_bridge.gd:394)
       [7] _respond (res://tools/godot-cli/runner/inspection_bridge.gd:377)
       [8] _process (res://tools/godot-cli/runner/inspection_bridge.gd:213)
ERROR: Condition "p.d == 0" is true. Returning: Point2()
   at: Camera3D::unproject_position (scene\3d\camera_3d.cpp:482)
   GDScript backtrace (most recent call first):
       [0] _append_nodes (res://tools/godot-cli/runner/inspection_bridge.gd:449)
       [1] _append_nodes (res://tools/godot-cli/runner/inspection_bridge.gd:575)
       [2] _append_nodes (res://tools/godot-cli/runner/inspection_bridge.gd:575)
       [3] _append_nodes (res://tools/godot-cli/runner/inspection_bridge.gd:575)
       [4] _append_nodes (res://tools/godot-cli/runner/inspection_bridge.gd:575)
       [5] _append_nodes (res://tools/godot-cli/runner/inspection_bridge.gd:575)
       [6] _append_nodes (res://tools/godot-cli/runner/inspection_bridge.gd:575)
       [7] _snapshot_with_store (res://tools/godot-cli/runner/inspection_bridge.gd:394)
       [8] _respond (res://tools/godot-cli/runner/inspection_bridge.gd:377)
       [9] _process (res://tools/godot-cli/runner/inspection_bridge.gd:213)
ERROR: Condition "p.d == 0" is true. Returning: Point2()
   at: Camera3D::unproject_position (scene\3d\camera_3d.cpp:482)
   GDScript backtrace (most recent call first):
       [0] _append_nodes (res://tools/godot-cli/runner/inspection_bridge.gd:449)
       [1] _append_nodes (res://tools/godot-cli/runner/inspection_bridge.gd:575)
       [2] _append_nodes (res://tools/godot-cli/runner/inspection_bridge.gd:575)
       [3] _append_nodes (res://tools/godot-cli/runner/inspection_bridge.gd:575)
       [4] _append_nodes (res://tools/godot-cli/runner/inspection_bridge.gd:575)
       [5] _append_nodes (res://tools/godot-cli/runner/inspection_bridge.gd:575)
       [6] _snapshot_with_store (res://tools/godot-cli/runner/inspection_bridge.gd:394)
       [7] _respond (res://tools/godot-cli/runner/inspection_bridge.gd:377)
       [8] _process (res://tools/godot-cli/runner/inspection_bridge.gd:213)
ERROR: Condition "p.d == 0" is true. Returning: Point2()
   at: Camera3D::unproject_position (scene\3d\camera_3d.cpp:482)
   GDScript backtrace (most recent call first):
       [0] _append_nodes (res://tools/godot-cli/runner/inspection_bridge.gd:449)
       [1] _append_nodes (res://tools/godot-cli/runner/inspection_bridge.gd:575)
       [2] _append_nodes (res://tools/godot-cli/runner/inspection_bridge.gd:575)
       [3] _append_nodes (res://tools/godot-cli/runner/inspection_bridge.gd:575)
       [4] _snapshot_with_store (res://tools/godot-cli/runner/inspection_bridge.gd:394)
       [5] _respond (res://tools/godot-cli/runner/inspection_bridge.gd:377)
       [6] _process (res://tools/godot-cli/runner/inspection_bridge.gd:213)
[JS] GODMODE_SOLDIER_SHOT=soldier-e7:rifle:2:hit
[JS] GODMODE_SOLDIER_SHOT=soldier-e8:rifle:2:miss
[JS] GODMODE_SOLDIER_SHOT=soldier-e7:rifle:2:miss
[JS] GODMODE_SOLDIER_SHOT=soldier-e8:rifle:2:miss
[JS] GODMODE_SOLDIER_SHOT=soldier-e7:rifle:2:miss
[JS] GODMODE_SOLDIER_SHOT=soldier-e8:rifle:2:miss
[JS] GODMODE_SOLDIER_SHOT=soldier-e7:rifle:2:miss
[JS] GODMODE_SOLDIER_SHOT=soldier-e8:rifle:2:hit
[JS] GODMODE_SOLDIER_SHOT=soldier-e8:rifle:2:hit
[JS] GODMODE_SOLDIER_SHOT=soldier-e1:rifle:2:miss
[JS] GODMODE_SOLDIER_SHOT=soldier-e1:rifle:2:miss
[JS] GODMODE_SOLDIER_SHOT=soldier-e1:rifle:2:miss
[JS] GODMODE_SOLDIER_SHOT=soldier-e1:rifle:2:miss
[JS] GODMODE_SOLDIER_SHOT=soldier-e1:rifle:2:hit
[JS] GODMODE_SOLDIER_SHOT=soldier-e3:rifle:2:miss
[JS] GODMODE_SOLDIER_SHOT=soldier-e3:rifle:2:miss
[JS] GODMODE_SOLDIER_SHOT=soldier-e3:rifle:2:hit
[JS] GODMODE_SOLDIER_SHOT=soldier-e3:rifle:2:hit
[JS] GODMODE_SOLDIER_SHOT=soldier-e3:rifle:2:miss
[JS] GODMODE_SOLDIER_SHOT=soldier-e5:rifle:2:miss
[JS] GODMODE_SOLDIER_SHOT=soldier-e5:rifle:2:miss
[JS] GODMODE_SOLDIER_SHOT=soldier-e5:rifle:2:miss
[JS] GODMODE_SOLDIER_SHOT=soldier-e5:rifle:2:miss
[JS] GODMODE_SOLDIER_SHOT=soldier-e5:rifle:2:hit
[JS] GODMODE_SOLDIER_SHOT=soldier-e9:rifle:2:hit
[JS] GODMODE_SOLDIER_SHOT=soldier-e9:rifle:2:hit
[JS] GODMODE_SOLDIER_SHOT=soldier-e9:rifle:2:hit
[JS] GODMODE_SOLDIER_SHOT=soldier-e9:rifle:2:miss
[JS] GODMODE_SOLDIER_SHOT=soldier-e9:rifle:2:miss
[JS] GODMODE_SOLDIER_SHOT=soldier-e10:rifle:2:hit
ERROR: Condition "p.d == 0" is true. Returning: Point2()
   at: Camera3D::unproject_position (scene\3d\camera_3d.cpp:482)
   GDScript backtrace (most recent call first):
       [0] _append_nodes (res://tools/godot-cli/runner/inspection_bridge.gd:449)
       [1] _append_nodes (res://tools/godot-cli/runner/inspection_bridge.gd:575)
       [2] _append_nodes (res://tools/godot-cli/runner/inspection_bridge.gd:575)
       [3] _snapshot_with_store (res://tools/godot-cli/runner/inspection_bridge.gd:394)
       [4] _respond (res://tools/godot-cli/runner/inspection_bridge.gd:377)
       [5] _process (res://tools/godot-cli/runner/inspection_bridge.gd:213)
ERROR: Condition "p.d == 0" is true. Returning: Point2()
   at: Camera3D::unproject_position (scene\3d\camera_3d.cpp:482)
   GDScript backtrace (most recent call first):
       [0] _append_nodes (res://tools/godot-cli/runner/inspection_bridge.gd:449)
       [1] _append_nodes (res://tools/godot-cli/runner/inspection_bridge.gd:575)
       [2] _append_nodes (res://tools/godot-cli/runner/inspection_bridge.gd:575)
       [3] _append_nodes (res://tools/godot-cli/runner/inspection_bridge.gd:575)
       [4] _snapshot_with_store (res://tools/godot-cli/runner/inspection_bridge.gd:394)
       [5] _respond (res://tools/godot-cli/runner/inspection_bridge.gd:377)
       [6] _process (res://tools/godot-cli/runner/inspection_bridge.gd:213)
ERROR: Condition "p.d == 0" is true. Returning: Point2()
   at: Camera3D::unproject_position (scene\3d\camera_3d.cpp:482)
   GDScript backtrace (most recent call first):
       [0] _append_nodes (res://tools/godot-cli/runner/inspection_bridge.gd:449)
       [1] _append_nodes (res://tools/godot-cli/runner/inspection_bridge.gd:575)
       [2] _append_nodes (res://tools/godot-cli/runner/inspection_bridge.gd:575)
       [3] _append_nodes (res://tools/godot-cli/runner/inspection_bridge.gd:575)
       [4] _append_nodes (res://tools/godot-cli/runner/inspection_bridge.gd:575)
       [5] _snapshot_with_store (res://tools/godot-cli/runner/inspection_bridge.gd:394)
       [6] _respond (res://tools/godot-cli/runner/inspection_bridge.gd:377)
       [7] _process (res://tools/godot-cli/runner/inspection_bridge.gd:213)
ERROR: Condition "p.d == 0" is true. Returning: Point2()
   at: Camera3D::unproject_position (scene\3d\camera_3d.cpp:482)
   GDScript backtrace (most recent call first):
       [0] _append_nodes (res://tools/godot-cli/runner/inspection_bridge.gd:449)
       [1] _append_nodes (res://tools/godot-cli/runner/inspection_bridge.gd:575)
       [2] _append_nodes (res://tools/godot-cli/runner/inspection_bridge.gd:575)
       [3] _append_nodes (res://tools/godot-cli/runner/inspection_bridge.gd:575)
       [4] _append_nodes (res://tools/godot-cli/runner/inspection_bridge.gd:575)
       [5] _append_nodes (res://tools/godot-cli/runner/inspection_bridge.gd:575)
       [6] _snapshot_with_store (res://tools/godot-cli/runner/inspection_bridge.gd:394)
       [7] _respond (res://tools/godot-cli/runner/inspection_bridge.gd:377)
       [8] _process (res://tools/godot-cli/runner/inspection_bridge.gd:213)
ERROR: Condition "p.d == 0" is true. Returning: Point2()
   at: Camera3D::unproject_position (scene\3d\camera_3d.cpp:482)
   GDScript backtrace (most recent call first):
       [0] _append_nodes (res://tools/godot-cli/runner/inspection_bridge.gd:449)
       [1] _append_nodes (res://tools/godot-cli/runner/inspection_bridge.gd:575)
       [2] _append_nodes (res://tools/godot-cli/runner/inspection_bridge.gd:575)
       [3] _append_nodes (res://tools/godot-cli/runner/inspection_bridge.gd:575)
       [4] _append_nodes (res://tools/godot-cli/runner/inspection_bridge.gd:575)
       [5] _append_nodes (res://tools/godot-cli/runner/inspection_bridge.gd:575)
       [6] _append_nodes (res://tools/godot-cli/runner/inspection_bridge.gd:575)
       [7] _snapshot_with_store (res://tools/godot-cli/runner/inspection_bridge.gd:394)
       [8] _respond (res://tools/godot-cli/runner/inspection_bridge.gd:377)
       [9] _process (res://tools/godot-cli/runner/inspection_bridge.gd:213)
ERROR: Condition "p.d == 0" is true. Returning: Point2()
   at: Camera3D::unproject_position (scene\3d\camera_3d.cpp:482)
   GDScript backtrace (most recent call first):
       [0] _append_nodes (res://tools/godot-cli/runner/inspection_bridge.gd:449)
       [1] _append_nodes (res://tools/godot-cli/runner/inspection_bridge.gd:575)
       [2] _append_nodes (res://tools/godot-cli/runner/inspection_bridge.gd:575)
       [3] _append_nodes (res://tools/godot-cli/runner/inspection_bridge.gd:575)
       [4] _append_nodes (res://tools/godot-cli/runner/inspection_bridge.gd:575)
       [5] _append_nodes (res://tools/godot-cli/runner/inspection_bridge.gd:575)
       [6] _append_nodes (res://tools/godot-cli/runner/inspection_bridge.gd:575)
       [7] _append_nodes (res://tools/godot-cli/runner/inspection_bridge.gd:575)
       [8] _snapshot_with_store (res://tools/godot-cli/runner/inspection_bridge.gd:394)
       [9] _respond (res://tools/godot-cli/runner/inspection_bridge.gd:377)
       [10] _process (res://tools/godot-cli/runner/inspection_bridge.gd:213)
ERROR: Condition "p.d == 0" is true. Returning: Point2()
   at: Camera3D::unproject_position (scene\3d\camera_3d.cpp:482)
   GDScript backtrace (most recent call first):
       [0] _append_nodes (res://tools/godot-cli/runner/inspection_bridge.gd:449)
       [1] _append_nodes (res://tools/godot-cli/runner/inspection_bridge.gd:575)
       [2] _append_nodes (res://tools/godot-cli/runner/inspection_bridge.gd:575)
       [3] _append_nodes (res://tools/godot-cli/runner/inspection_bridge.gd:575)
       [4] _append_nodes (res://tools/godot-cli/runner/inspection_bridge.gd:575)
       [5] _append_nodes (res://tools/godot-cli/runner/inspection_bridge.gd:575)
       [6] _append_nodes (res://tools/godot-cli/runner/inspection_bridge.gd:575)
       [7] _append_nodes (res://tools/godot-cli/runner/inspection_bridge.gd:575)
       [8] _append_nodes (res://tools/godot-cli/runner/inspection_bridge.gd:575)
       [9] _snapshot_with_store (res://tools/godot-cli/runner/inspection_bridge.gd:394)
       [10] _respond (res://tools/godot-cli/runner/inspection_bridge.gd:377)
       [11] _process (res://tools/godot-cli/runner/inspection_bridge.gd:213)
ERROR: Condition "p.d == 0" is true. Returning: Point2()
   at: Camera3D::unproject_position (scene\3d\camera_3d.cpp:482)
   GDScript backtrace (most recent call first):
       [0] _append_nodes (res://tools/godot-cli/runner/inspection_bridge.gd:449)
       [1] _append_nodes (res://tools/godot-cli/runner/inspection_bridge.gd:575)
       [2] _append_nodes (res://tools/godot-cli/runner/inspection_bridge.gd:575)
       [3] _append_nodes (res://tools/godot-cli/runner/inspection_bridge.gd:575)
       [4] _append_nodes (res://tools/godot-cli/runner/inspection_bridge.gd:575)
       [5] _snapshot_with_store (res://tools/godot-cli/runner/inspection_bridge.gd:394)
       [6] _respond (res://tools/godot-cli/runner/inspection_bridge.gd:377)
       [7] _process (res://tools/godot-cli/runner/inspection_bridge.gd:213)
ERROR: Condition "p.d == 0" is true. Returning: Point2()
   at: Camera3D::unproject_position (scene\3d\camera_3d.cpp:482)
   GDScript backtrace (most recent call first):
       [0] _append_nodes (res://tools/godot-cli/runner/inspection_bridge.gd:449)
       [1] _append_nodes (res://tools/godot-cli/runner/inspection_bridge.gd:575)
       [2] _append_nodes (res://tools/godot-cli/runner/inspection_bridge.gd:575)
       [3] _append_nodes (res://tools/godot-cli/runner/inspection_bridge.gd:575)
       [4] _append_nodes (res://tools/godot-cli/runner/inspection_bridge.gd:575)
       [5] _append_nodes (res://tools/godot-cli/runner/inspection_bridge.gd:575)
       [6] _snapshot_with_store (res://tools/godot-cli/runner/inspection_bridge.gd:394)
       [7] _respond (res://tools/godot-cli/runner/inspection_bridge.gd:377)
       [8] _process (res://tools/godot-cli/runner/inspection_bridge.gd:213)
ERROR: Condition "p.d == 0" is true. Returning: Point2()
   at: Camera3D::unproject_position (scene\3d\camera_3d.cpp:482)
   GDScript backtrace (most recent call first):
       [0] _append_nodes (res://tools/godot-cli/runner/inspection_bridge.gd:449)
       [1] _append_nodes (res://tools/godot-cli/runner/inspection_bridge.gd:575)
       [2] _append_nodes (res://tools/godot-cli/runner/inspection_bridge.gd:575)
       [3] _append_nodes (res://tools/godot-cli/runner/inspection_bridge.gd:575)
       [4] _append_nodes (res://tools/godot-cli/runner/inspection_bridge.gd:575)
       [5] _append_nodes (res://tools/godot-cli/runner/inspection_bridge.gd:575)
       [6] _append_nodes (res://tools/godot-cli/runner/inspection_bridge.gd:575)
       [7] _snapshot_with_store (res://tools/godot-cli/runner/inspection_bridge.gd:394)
       [8] _respond (res://tools/godot-cli/runner/inspection_bridge.gd:377)
       [9] _process (res://tools/godot-cli/runner/inspection_bridge.gd:213)
ERROR: Condition "p.d == 0" is true. Returning: Point2()
   at: Camera3D::unproject_position (scene\3d\camera_3d.cpp:482)
   GDScript backtrace (most recent call first):
       [0] _append_nodes (res://tools/godot-cli/runner/inspection_bridge.gd:449)
       [1] _append_nodes (res://tools/godot-cli/runner/inspection_bridge.gd:575)
       [2] _append_nodes (res://tools/godot-cli/runner/inspection_bridge.gd:575)
       [3] _append_nodes (res://tools/godot-cli/runner/inspection_bridge.gd:575)
       [4] _append_nodes (res://tools/godot-cli/runner/inspection_bridge.gd:575)
       [5] _append_nodes (res://tools/godot-cli/runner/inspection_bridge.gd:575)
       [6] _append_nodes (res://tools/godot-cli/runner/inspection_bridge.gd:575)
       [7] _append_nodes (res://tools/godot-cli/runner/inspection_bridge.gd:575)
       [8] _snapshot_with_store (res://tools/godot-cli/runner/inspection_bridge.gd:394)
       [9] _respond (res://tools/godot-cli/runner/inspection_bridge.gd:377)
       [10] _process (res://tools/godot-cli/runner/inspection_bridge.gd:213)
ERROR: Condition "p.d == 0" is true. Returning: Point2()
   at: Camera3D::unproject_position (scene\3d\camera_3d.cpp:482)
   GDScript backtrace (most recent call first):
       [0] _append_nodes (res://tools/godot-cli/runner/inspection_bridge.gd:449)
       [1] _append_nodes (res://tools/godot-cli/runner/inspection_bridge.gd:575)
       [2] _append_nodes (res://tools/godot-cli/runner/inspection_bridge.gd:575)
       [3] _append_nodes (res://tools/godot-cli/runner/inspection_bridge.gd:575)
       [4] _append_nodes (res://tools/godot-cli/runner/inspection_bridge.gd:575)
       [5] _append_nodes (res://tools/godot-cli/runner/inspection_bridge.gd:575)
       [6] _append_nodes (res://tools/godot-cli/runner/inspection_bridge.gd:575)
       [7] _append_nodes (res://tools/godot-cli/runner/inspection_bridge.gd:575)
       [8] _append_nodes (res://tools/godot-cli/runner/inspection_bridge.gd:575)
       [9] _snapshot_with_store (res://tools/godot-cli/runner/inspection_bridge.gd:394)
       [10] _respond (res://tools/godot-cli/runner/inspection_bridge.gd:377)
       [11] _process (res://tools/godot-cli/runner/inspection_bridge.gd:213)
ERROR: Condition "p.d == 0" is true. Returning: Point2()
   at: Camera3D::unproject_position (scene\3d\camera_3d.cpp:482)
   GDScript backtrace (most recent call first):
       [0] _append_nodes (res://tools/godot-cli/runner/inspection_bridge.gd:449)
       [1] _append_nodes (res://tools/godot-cli/runner/inspection_bridge.gd:575)
       [2] _append_nodes (res://tools/godot-cli/runner/inspection_bridge.gd:575)
       [3] _append_nodes (res://tools/godot-cli/runner/inspection_bridge.gd:575)
       [4] _snapshot_with_store (res://tools/godot-cli/runner/inspection_bridge.gd:394)
       [5] _respond (res://tools/godot-cli/runner/inspection_bridge.gd:377)
       [6] _process (res://tools/godot-cli/runner/inspection_bridge.gd:213)
ERROR: Condition "p.d == 0" is true. Returning: Point2()
   at: Camera3D::unproject_position (scene\3d\camera_3d.cpp:482)
   GDScript backtrace (most recent call first):
       [0] _append_nodes (res://tools/godot-cli/runner/inspection_bridge.gd:449)
       [1] _append_nodes (res://tools/godot-cli/runner/inspection_bridge.gd:575)
       [2] _append_nodes (res://tools/godot-cli/runner/inspection_bridge.gd:575)
       [3] _append_nodes (res://tools/godot-cli/runner/inspection_bridge.gd:575)
       [4] _append_nodes (res://tools/godot-cli/runner/inspection_bridge.gd:575)
       [5] _snapshot_with_store (res://tools/godot-cli/runner/inspection_bridge.gd:394)
       [6] _respond (res://tools/godot-cli/runner/inspection_bridge.gd:377)
       [7] _process (res://tools/godot-cli/runner/inspection_bridge.gd:213)
ERROR: Condition "p.d == 0" is true. Returning: Point2()
   at: Camera3D::unproject_position (scene\3d\camera_3d.cpp:482)
   GDScript backtrace (most recent call first):
       [0] _append_nodes (res://tools/godot-cli/runner/inspection_bridge.gd:449)
       [1] _append_nodes (res://tools/godot-cli/runner/inspection_bridge.gd:575)
       [2] _append_nodes (res://tools/godot-cli/runner/inspection_bridge.gd:575)
       [3] _append_nodes (res://tools/godot-cli/runner/inspection_bridge.gd:575)
       [4] _append_nodes (res://tools/godot-cli/runner/inspection_bridge.gd:575)
       [5] _append_nodes (res://tools/godot-cli/runner/inspection_bridge.gd:575)
       [6] _snapshot_with_store (res://tools/godot-cli/runner/inspection_bridge.gd:394)
       [7] _respond (res://tools/godot-cli/runner/inspection_bridge.gd:377)
       [8] _process (res://tools/godot-cli/runner/inspection_bridge.gd:213)
ERROR: Condition "p.d == 0" is true. Returning: Point2()
   at: Camera3D::unproject_position (scene\3d\camera_3d.cpp:482)
   GDScript backtrace (most recent call first):
       [0] _append_nodes (res://tools/godot-cli/runner/inspection_bridge.gd:449)
       [1] _append_nodes (res://tools/godot-cli/runner/inspection_bridge.gd:575)
       [2] _append_nodes (res://tools/godot-cli/runner/inspection_bridge.gd:575)
       [3] _append_nodes (res://tools/godot-cli/runner/inspection_bridge.gd:575)
       [4] _append_nodes (res://tools/godot-cli/runner/inspection_bridge.gd:575)
       [5] _append_nodes (res://tools/godot-cli/runner/inspection_bridge.gd:575)
       [6] _append_nodes (res://tools/godot-cli/runner/inspection_bridge.gd:575)
       [7] _snapshot_with_store (res://tools/godot-cli/runner/inspection_bridge.gd:394)
       [8] _respond (res://tools/godot-cli/runner/inspection_bridge.gd:377)
       [9] _process (res://tools/godot-cli/runner/inspection_bridge.gd:213)
ERROR: Condition "p.d == 0" is true. Returning: Point2()
   at: Camera3D::unproject_position (scene\3d\camera_3d.cpp:482)
   GDScript backtrace (most recent call first):
       [0] _append_nodes (res://tools/godot-cli/runner/inspection_bridge.gd:449)
       [1] _append_nodes (res://tools/godot-cli/runner/inspection_bridge.gd:575)
       [2] _append_nodes (res://tools/godot-cli/runner/inspection_bridge.gd:575)
       [3] _append_nodes (res://tools/godot-cli/runner/inspection_bridge.gd:575)
       [4] _append_nodes (res://tools/godot-cli/runner/inspection_bridge.gd:575)
       [5] _append_nodes (res://tools/godot-cli/runner/inspection_bridge.gd:575)
       [6] _snapshot_with_store (res://tools/godot-cli/runner/inspection_bridge.gd:394)
       [7] _respond (res://tools/godot-cli/runner/inspection_bridge.gd:377)
       [8] _process (res://tools/godot-cli/runner/inspection_bridge.gd:213)
ERROR: Condition "p.d == 0" is true. Returning: Point2()
   at: Camera3D::unproject_position (scene\3d\camera_3d.cpp:482)
   GDScript backtrace (most recent call first):
       [0] _append_nodes (res://tools/godot-cli/runner/inspection_bridge.gd:449)
       [1] _append_nodes (res://tools/godot-cli/runner/inspection_bridge.gd:575)
       [2] _append_nodes (res://tools/godot-cli/runner/inspection_bridge.gd:575)
       [3] _append_nodes (res://tools/godot-cli/runner/inspection_bridge.gd:575)
       [4] _snapshot_with_store (res://tools/godot-cli/runner/inspection_bridge.gd:394)
       [5] _respond (res://tools/godot-cli/runner/inspection_bridge.gd:377)
       [6] _process (res://tools/godot-cli/runner/inspection_bridge.gd:213)
[JS] GODMODE_SOLDIER_SHOT=soldier-e10:rifle:2:hit
[JS] GODMODE_SOLDIER_SHOT=soldier-e11:rifle:2:hit
[JS] GODMODE_PATROL_PRESENTATION={"id":"soldier-e15","distance":392.24261474609375,"visible":false,"seenPast":""}
[JS] GODMODE_ACTOR_COST={"id":"soldier-e15","visual":true,"ms":0.862}
[JS] GODMODE_ACTOR_COST={"id":"soldier-e15","visual":false,"ms":0.088}
[JS] GODMODE_SYSTEM_ADMIN_SPAWNED=soldier-e15
[JS] GODMODE_SOLDIER_SHOT=soldier-e10:rifle:2:miss
[JS] GODMODE_SOLDIER_SHOT=soldier-e11:rifle:2:miss
[JS] GODMODE_SOLDIER_SHOT=soldier-e10:rifle:2:miss
[JS] GODMODE_SOLDIER_SHOT=soldier-e11:rifle:2:miss
[JS] GODMODE_SOLDIER_SHOT=soldier-e10:rifle:2:hit
[JS] GODMODE_SOLDIER_SHOT=soldier-e11:rifle:2:miss
[JS] GODMODE_SOLDIER_SHOT=soldier-e11:rifle:2:miss
[JS] GODMODE_SYSTEM_ADMIN_TARGET=soldier-e15:2
[JS] GODMODE_SOLDIER_SHOT=soldier-e1:rifle:2:miss
[JS] GODMODE_SOLDIER_SHOT=soldier-e1:rifle:2:miss
[JS] GODMODE_SOLDIER_SHOT=soldier-e1:rifle:2:miss
[JS] GODMODE_SOLDIER_SHOT=soldier-e1:rifle:2:miss
[JS] GODMODE_SUPPLY_AUTO=1:47264:41918
[JS] GODMODE_SUPPLY_LAUNCHED=1:-399.2:-17.3:-402.7
[JS] GODMODE_SOLDIER_SHOT=soldier-e1:rifle:2:miss
[JS] GODMODE_SOLDIER_SHOT=soldier-e3:rifle:2:miss
[JS] GODMODE_SOLDIER_SHOT=soldier-e3:rifle:2:miss
[JS] GODMODE_SOLDIER_SHOT=soldier-e3:rifle:2:miss
[JS] GODMODE_SOLDIER_SHOT=soldier-e3:rifle:2:miss
[JS] GODMODE_SOLDIER_SHOT=soldier-e3:rifle:2:miss
[JS] GODMODE_SOLDIER_SHOT=soldier-e4:rifle:2:miss
[JS] GODMODE_SOLDIER_SHOT=soldier-e4:rifle:2:hit
[JS] GODMODE_SOLDIER_SHOT=soldier-e4:rifle:2:hit
[JS] GODMODE_SOLDIER_SHOT=soldier-e4:rifle:2:hit
[JS] GODMODE_SOLDIER_SHOT=soldier-e4:rifle:2:miss
[JS] GODMODE_SOLDIER_SHOT=soldier-e6:rifle:2:miss
[JS] GODMODE_SOLDIER_SHOT=soldier-e6:rifle:2:miss
[JS] GODMODE_SOLDIER_SHOT=soldier-e6:rifle:2:miss
[JS] GODMODE_SOLDIER_SHOT=soldier-e6:rifle:2:miss
[JS] GODMODE_SOLDIER_SHOT=soldier-e6:rifle:2:hit
[JS] GODMODE_SOLDIER_SHOT=soldier-e7:rifle:2:hit
ERROR: Condition "p.d == 0" is true. Returning: Point2()
   at: Camera3D::unproject_position (scene\3d\camera_3d.cpp:482)
   GDScript backtrace (most recent call first):
       [0] _append_nodes (res://tools/godot-cli/runner/inspection_bridge.gd:449)
       [1] _append_nodes (res://tools/godot-cli/runner/inspection_bridge.gd:575)
       [2] _append_nodes (res://tools/godot-cli/runner/inspection_bridge.gd:575)
       [3] _snapshot_with_store (res://tools/godot-cli/runner/inspection_bridge.gd:394)
       [4] _respond (res://tools/godot-cli/runner/inspection_bridge.gd:377)
       [5] _process (res://tools/godot-cli/runner/inspection_bridge.gd:213)
ERROR: Condition "p.d == 0" is true. Returning: Point2()
   at: Camera3D::unproject_position (scene\3d\camera_3d.cpp:482)
   GDScript backtrace (most recent call first):
       [0] _append_nodes (res://tools/godot-cli/runner/inspection_bridge.gd:449)
       [1] _append_nodes (res://tools/godot-cli/runner/inspection_bridge.gd:575)
       [2] _append_nodes (res://tools/godot-cli/runner/inspection_bridge.gd:575)
       [3] _append_nodes (res://tools/godot-cli/runner/inspection_bridge.gd:575)
       [4] _snapshot_with_store (res://tools/godot-cli/runner/inspection_bridge.gd:394)
       [5] _respond (res://tools/godot-cli/runner/inspection_bridge.gd:377)
       [6] _process (res://tools/godot-cli/runner/inspection_bridge.gd:213)
ERROR: Condition "p.d == 0" is true. Returning: Point2()
   at: Camera3D::unproject_position (scene\3d\camera_3d.cpp:482)
   GDScript backtrace (most recent call first):
       [0] _append_nodes (res://tools/godot-cli/runner/inspection_bridge.gd:449)
       [1] _append_nodes (res://tools/godot-cli/runner/inspection_bridge.gd:575)
       [2] _append_nodes (res://tools/godot-cli/runner/inspection_bridge.gd:575)
       [3] _append_nodes (res://tools/godot-cli/runner/inspection_bridge.gd:575)
       [4] _append_nodes (res://tools/godot-cli/runner/inspection_bridge.gd:575)
       [5] _snapshot_with_store (res://tools/godot-cli/runner/inspection_bridge.gd:394)
       [6] _respond (res://tools/godot-cli/runner/inspection_bridge.gd:377)
       [7] _process (res://tools/godot-cli/runner/inspection_bridge.gd:213)
ERROR: Condition "p.d == 0" is true. Returning: Point2()
   at: Camera3D::unproject_position (scene\3d\camera_3d.cpp:482)
   GDScript backtrace (most recent call first):
       [0] _append_nodes (res://tools/godot-cli/runner/inspection_bridge.gd:449)
       [1] _append_nodes (res://tools/godot-cli/runner/inspection_bridge.gd:575)
       [2] _append_nodes (res://tools/godot-cli/runner/inspection_bridge.gd:575)
       [3] _append_nodes (res://tools/godot-cli/runner/inspection_bridge.gd:575)
       [4] _append_nodes (res://tools/godot-cli/runner/inspection_bridge.gd:575)
       [5] _append_nodes (res://tools/godot-cli/runner/inspection_bridge.gd:575)
       [6] _snapshot_with_store (res://tools/godot-cli/runner/inspection_bridge.gd:394)
       [7] _respond (res://tools/godot-cli/runner/inspection_bridge.gd:377)
       [8] _process (res://tools/godot-cli/runner/inspection_bridge.gd:213)
ERROR: Condition "p.d == 0" is true. Returning: Point2()
   at: Camera3D::unproject_position (scene\3d\camera_3d.cpp:482)
   GDScript backtrace (most recent call first):
       [0] _append_nodes (res://tools/godot-cli/runner/inspection_bridge.gd:449)
       [1] _append_nodes (res://tools/godot-cli/runner/inspection_bridge.gd:575)
       [2] _append_nodes (res://tools/godot-cli/runner/inspection_bridge.gd:575)
       [3] _append_nodes (res://tools/godot-cli/runner/inspection_bridge.gd:575)
       [4] _append_nodes (res://tools/godot-cli/runner/inspection_bridge.gd:575)
       [5] _append_nodes (res://tools/godot-cli/runner/inspection_bridge.gd:575)
       [6] _append_nodes (res://tools/godot-cli/runner/inspection_bridge.gd:575)
       [7] _snapshot_with_store (res://tools/godot-cli/runner/inspection_bridge.gd:394)
       [8] _respond (res://tools/godot-cli/runner/inspection_bridge.gd:377)
       [9] _process (res://tools/godot-cli/runner/inspection_bridge.gd:213)
ERROR: Condition "p.d == 0" is true. Returning: Point2()
   at: Camera3D::unproject_position (scene\3d\camera_3d.cpp:482)
   GDScript backtrace (most recent call first):
       [0] _append_nodes (res://tools/godot-cli/runner/inspection_bridge.gd:449)
       [1] _append_nodes (res://tools/godot-cli/runner/inspection_bridge.gd:575)
       [2] _append_nodes (res://tools/godot-cli/runner/inspection_bridge.gd:575)
       [3] _append_nodes (res://tools/godot-cli/runner/inspection_bridge.gd:575)
       [4] _append_nodes (res://tools/godot-cli/runner/inspection_bridge.gd:575)
       [5] _append_nodes (res://tools/godot-cli/runner/inspection_bridge.gd:575)
       [6] _append_nodes (res://tools/godot-cli/runner/inspection_bridge.gd:575)
       [7] _append_nodes (res://tools/godot-cli/runner/inspection_bridge.gd:575)
       [8] _snapshot_with_store (res://tools/godot-cli/runner/inspection_bridge.gd:394)
       [9] _respond (res://tools/godot-cli/runner/inspection_bridge.gd:377)
       [10] _process (res://tools/godot-cli/runner/inspection_bridge.gd:213)
ERROR: Condition "p.d == 0" is true. Returning: Point2()
   at: Camera3D::unproject_position (scene\3d\camera_3d.cpp:482)
   GDScript backtrace (most recent call first):
       [0] _append_nodes (res://tools/godot-cli/runner/inspection_bridge.gd:449)
       [1] _append_nodes (res://tools/godot-cli/runner/inspection_bridge.gd:575)
       [2] _append_nodes (res://tools/godot-cli/runner/inspection_bridge.gd:575)
       [3] _append_nodes (res://tools/godot-cli/runner/inspection_bridge.gd:575)
       [4] _append_nodes (res://tools/godot-cli/runner/inspection_bridge.gd:575)
       [5] _append_nodes (res://tools/godot-cli/runner/inspection_bridge.gd:575)
       [6] _append_nodes (res://tools/godot-cli/runner/inspection_bridge.gd:575)
       [7] _append_nodes (res://tools/godot-cli/runner/inspection_bridge.gd:575)
       [8] _append_nodes (res://tools/godot-cli/runner/inspection_bridge.gd:575)
       [9] _snapshot_with_store (res://tools/godot-cli/runner/inspection_bridge.gd:394)
       [10] _respond (res://tools/godot-cli/runner/inspection_bridge.gd:377)
       [11] _process (res://tools/godot-cli/runner/inspection_bridge.gd:213)
ERROR: Condition "p.d == 0" is true. Returning: Point2()
   at: Camera3D::unproject_position (scene\3d\camera_3d.cpp:482)
   GDScript backtrace (most recent call first):
       [0] _append_nodes (res://tools/godot-cli/runner/inspection_bridge.gd:449)
       [1] _append_nodes (res://tools/godot-cli/runner/inspection_bridge.gd:575)
       [2] _append_nodes (res://tools/godot-cli/runner/inspection_bridge.gd:575)
       [3] _append_nodes (res://tools/godot-cli/runner/inspection_bridge.gd:575)
       [4] _append_nodes (res://tools/godot-cli/runner/inspection_bridge.gd:575)
       [5] _snapshot_with_store (res://tools/godot-cli/runner/inspection_bridge.gd:394)
       [6] _respond (res://tools/godot-cli/runner/inspection_bridge.gd:377)
       [7] _process (res://tools/godot-cli/runner/inspection_bridge.gd:213)
ERROR: Condition "p.d == 0" is true. Returning: Point2()
   at: Camera3D::unproject_position (scene\3d\camera_3d.cpp:482)
   GDScript backtrace (most recent call first):
       [0] _append_nodes (res://tools/godot-cli/runner/inspection_bridge.gd:449)
       [1] _append_nodes (res://tools/godot-cli/runner/inspection_bridge.gd:575)
       [2] _append_nodes (res://tools/godot-cli/runner/inspection_bridge.gd:575)
       [3] _append_nodes (res://tools/godot-cli/runner/inspection_bridge.gd:575)
       [4] _append_nodes (res://tools/godot-cli/runner/inspection_bridge.gd:575)
       [5] _append_nodes (res://tools/godot-cli/runner/inspection_bridge.gd:575)
       [6] _snapshot_with_store (res://tools/godot-cli/runner/inspection_bridge.gd:394)
       [7] _respond (res://tools/godot-cli/runner/inspection_bridge.gd:377)
       [8] _process (res://tools/godot-cli/runner/inspection_bridge.gd:213)
ERROR: Condition "p.d == 0" is true. Returning: Point2()
   at: Camera3D::unproject_position (scene\3d\camera_3d.cpp:482)
   GDScript backtrace (most recent call first):
       [0] _append_nodes (res://tools/godot-cli/runner/inspection_bridge.gd:449)
       [1] _append_nodes (res://tools/godot-cli/runner/inspection_bridge.gd:575)
       [2] _append_nodes (res://tools/godot-cli/runner/inspection_bridge.gd:575)
       [3] _append_nodes (res://tools/godot-cli/runner/inspection_bridge.gd:575)
       [4] _append_nodes (res://tools/godot-cli/runner/inspection_bridge.gd:575)
       [5] _append_nodes (res://tools/godot-cli/runner/inspection_bridge.gd:575)
       [6] _append_nodes (res://tools/godot-cli/runner/inspection_bridge.gd:575)
       [7] _snapshot_with_store (res://tools/godot-cli/runner/inspection_bridge.gd:394)
       [8] _respond (res://tools/godot-cli/runner/inspection_bridge.gd:377)
       [9] _process (res://tools/godot-cli/runner/inspection_bridge.gd:213)
ERROR: Condition "p.d == 0" is true. Returning: Point2()
   at: Camera3D::unproject_position (scene\3d\camera_3d.cpp:482)
   GDScript backtrace (most recent call first):
       [0] _append_nodes (res://tools/godot-cli/runner/inspection_bridge.gd:449)
       [1] _append_nodes (res://tools/godot-cli/runner/inspection_bridge.gd:575)
       [2] _append_nodes (res://tools/godot-cli/runner/inspection_bridge.gd:575)
       [3] _append_nodes (res://tools/godot-cli/runner/inspection_bridge.gd:575)
       [4] _append_nodes (res://tools/godot-cli/runner/inspection_bridge.gd:575)
       [5] _append_nodes (res://tools/godot-cli/runner/inspection_bridge.gd:575)
       [6] _append_nodes (res://tools/godot-cli/runner/inspection_bridge.gd:575)
       [7] _append_nodes (res://tools/godot-cli/runner/inspection_bridge.gd:575)
       [8] _snapshot_with_store (res://tools/godot-cli/runner/inspection_bridge.gd:394)
       [9] _respond (res://tools/godot-cli/runner/inspection_bridge.gd:377)
       [10] _process (res://tools/godot-cli/runner/inspection_bridge.gd:213)
ERROR: Condition "p.d == 0" is true. Returning: Point2()
   at: Camera3D::unproject_position (scene\3d\camera_3d.cpp:482)
   GDScript backtrace (most recent call first):
       [0] _append_nodes (res://tools/godot-cli/runner/inspection_bridge.gd:449)
       [1] _append_nodes (res://tools/godot-cli/runner/inspection_bridge.gd:575)
       [2] _append_nodes (res://tools/godot-cli/runner/inspection_bridge.gd:575)
       [3] _append_nodes (res://tools/godot-cli/runner/inspection_bridge.gd:575)
       [4] _append_nodes (res://tools/godot-cli/runner/inspection_bridge.gd:575)
       [5] _append_nodes (res://tools/godot-cli/runner/inspection_bridge.gd:575)
       [6] _append_nodes (res://tools/godot-cli/runner/inspection_bridge.gd:575)
       [7] _append_nodes (res://tools/godot-cli/runner/inspection_bridge.gd:575)
       [8] _append_nodes (res://tools/godot-cli/runner/inspection_bridge.gd:575)
       [9] _snapshot_with_store (res://tools/godot-cli/runner/inspection_bridge.gd:394)
       [10] _respond (res://tools/godot-cli/runner/inspection_bridge.gd:377)
       [11] _process (res://tools/godot-cli/runner/inspection_bridge.gd:213)
ERROR: Condition "p.d == 0" is true. Returning: Point2()
   at: Camera3D::unproject_position (scene\3d\camera_3d.cpp:482)
   GDScript backtrace (most recent call first):
       [0] _append_nodes (res://tools/godot-cli/runner/inspection_bridge.gd:449)
       [1] _append_nodes (res://tools/godot-cli/runner/inspection_bridge.gd:575)
       [2] _append_nodes (res://tools/godot-cli/runner/inspection_bridge.gd:575)
       [3] _append_nodes (res://tools/godot-cli/runner/inspection_bridge.gd:575)
       [4] _snapshot_with_store (res://tools/godot-cli/runner/inspection_bridge.gd:394)
       [5] _respond (res://tools/godot-cli/runner/inspection_bridge.gd:377)
       [6] _process (res://tools/godot-cli/runner/inspection_bridge.gd:213)
ERROR: Condition "p.d == 0" is true. Returning: Point2()
   at: Camera3D::unproject_position (scene\3d\camera_3d.cpp:482)
   GDScript backtrace (most recent call first):
       [0] _append_nodes (res://tools/godot-cli/runner/inspection_bridge.gd:449)
       [1] _append_nodes (res://tools/godot-cli/runner/inspection_bridge.gd:575)
       [2] _append_nodes (res://tools/godot-cli/runner/inspection_bridge.gd:575)
       [3] _append_nodes (res://tools/godot-cli/runner/inspection_bridge.gd:575)
       [4] _append_nodes (res://tools/godot-cli/runner/inspection_bridge.gd:575)
       [5] _snapshot_with_store (res://tools/godot-cli/runner/inspection_bridge.gd:394)
       [6] _respond (res://tools/godot-cli/runner/inspection_bridge.gd:377)
       [7] _process (res://tools/godot-cli/runner/inspection_bridge.gd:213)
ERROR: Condition "p.d == 0" is true. Returning: Point2()
   at: Camera3D::unproject_position (scene\3d\camera_3d.cpp:482)
   GDScript backtrace (most recent call first):
       [0] _append_nodes (res://tools/godot-cli/runner/inspection_bridge.gd:449)
       [1] _append_nodes (res://tools/godot-cli/runner/inspection_bridge.gd:575)
       [2] _append_nodes (res://tools/godot-cli/runner/inspection_bridge.gd:575)
       [3] _append_nodes (res://tools/godot-cli/runner/inspection_bridge.gd:575)
       [4] _append_nodes (res://tools/godot-cli/runner/inspection_bridge.gd:575)
       [5] _append_nodes (res://tools/godot-cli/runner/inspection_bridge.gd:575)
       [6] _snapshot_with_store (res://tools/godot-cli/runner/inspection_bridge.gd:394)
       [7] _respond (res://tools/godot-cli/runner/inspection_bridge.gd:377)
       [8] _process (res://tools/godot-cli/runner/inspection_bridge.gd:213)
ERROR: Condition "p.d == 0" is true. Returning: Point2()
   at: Camera3D::unproject_position (scene\3d\camera_3d.cpp:482)
   GDScript backtrace (most recent call first):
       [0] _append_nodes (res://tools/godot-cli/runner/inspection_bridge.gd:449)
       [1] _append_nodes (res://tools/godot-cli/runner/inspection_bridge.gd:575)
       [2] _append_nodes (res://tools/godot-cli/runner/inspection_bridge.gd:575)
       [3] _append_nodes (res://tools/godot-cli/runner/inspection_bridge.gd:575)
       [4] _append_nodes (res://tools/godot-cli/runner/inspection_bridge.gd:575)
       [5] _append_nodes (res://tools/godot-cli/runner/inspection_bridge.gd:575)
       [6] _append_nodes (res://tools/godot-cli/runner/inspection_bridge.gd:575)
       [7] _snapshot_with_store (res://tools/godot-cli/runner/inspection_bridge.gd:394)
       [8] _respond (res://tools/godot-cli/runner/inspection_bridge.gd:377)
       [9] _process (res://tools/godot-cli/runner/inspection_bridge.gd:213)
ERROR: Condition "p.d == 0" is true. Returning: Point2()
   at: Camera3D::unproject_position (scene\3d\camera_3d.cpp:482)
   GDScript backtrace (most recent call first):
       [0] _append_nodes (res://tools/godot-cli/runner/inspection_bridge.gd:449)
       [1] _append_nodes (res://tools/godot-cli/runner/inspection_bridge.gd:575)
       [2] _append_nodes (res://tools/godot-cli/runner/inspection_bridge.gd:575)
       [3] _append_nodes (res://tools/godot-cli/runner/inspection_bridge.gd:575)
       [4] _append_nodes (res://tools/godot-cli/runner/inspection_bridge.gd:575)
       [5] _append_nodes (res://tools/godot-cli/runner/inspection_bridge.gd:575)
       [6] _snapshot_with_store (res://tools/godot-cli/runner/inspection_bridge.gd:394)
       [7] _respond (res://tools/godot-cli/runner/inspection_bridge.gd:377)
       [8] _process (res://tools/godot-cli/runner/inspection_bridge.gd:213)
ERROR: Condition "p.d == 0" is true. Returning: Point2()
   at: Camera3D::unproject_position (scene\3d\camera_3d.cpp:482)
   GDScript backtrace (most recent call first):
       [0] _append_nodes (res://tools/godot-cli/runner/inspection_bridge.gd:449)
       [1] _append_nodes (res://tools/godot-cli/runner/inspection_bridge.gd:575)
       [2] _append_nodes (res://tools/godot-cli/runner/inspection_bridge.gd:575)
       [3] _append_nodes (res://tools/godot-cli/runner/inspection_bridge.gd:575)
       [4] _snapshot_with_store (res://tools/godot-cli/runner/inspection_bridge.gd:394)
       [5] _respond (res://tools/godot-cli/runner/inspection_bridge.gd:377)
       [6] _process (res://tools/godot-cli/runner/inspection_bridge.gd:213)
[JS] GODMODE_SOLDIER_SHOT=soldier-e7:rifle:2:miss
[JS] GODMODE_SOLDIER_SHOT=soldier-e8:rifle:2:hit
[JS] GODMODE_SOLDIER_SHOT=soldier-e7:rifle:2:hit
[JS] GODMODE_SOLDIER_SHOT=soldier-e8:rifle:2:miss
[JS] GODMODE_SOLDIER_SHOT=soldier-e7:rifle:2:miss
[JS] GODMODE_SOLDIER_SHOT=soldier-e8:rifle:2:miss
[JS] GODMODE_SOLDIER_SHOT=soldier-e7:rifle:2:miss
[JS] GODMODE_SOLDIER_SHOT=soldier-e8:rifle:2:miss
[JS] GODMODE_SOLDIER_SHOT=soldier-e8:rifle:2:hit
[JS] GODMODE_SOLDIER_SHOT=soldier-e1:rifle:2:hit
[JS] GODMODE_SOLDIER_SHOT=soldier-e1:rifle:2:hit
[JS] GODMODE_SOLDIER_SHOT=soldier-e1:rifle:2:hit
[JS] GODMODE_SOLDIER_SHOT=soldier-e1:rifle:2:miss
[JS] GODMODE_SOLDIER_SHOT=soldier-e1:rifle:2:miss
[JS] GODMODE_SOLDIER_SHOT=soldier-e2:rifle:2:hit
[JS] GODMODE_SOLDIER_SHOT=soldier-e2:rifle:2:hit
[JS] GODMODE_SOLDIER_SHOT=soldier-e2:rifle:2:hit
[JS] GODMODE_SOLDIER_SHOT=soldier-e2:rifle:2:miss
[JS] GODMODE_SOLDIER_SHOT=soldier-e2:rifle:2:hit
[JS] GODMODE_SOLDIER_SHOT=soldier-e3:rifle:2:miss
[JS] GODMODE_SOLDIER_SHOT=soldier-e3:rifle:2:miss
[JS] GODMODE_SOLDIER_SHOT=soldier-e3:rifle:2:miss
[JS] GODMODE_SOLDIER_SHOT=soldier-e3:rifle:2:miss
[JS] GODMODE_SOLDIER_SHOT=soldier-e3:rifle:2:miss
[JS] GODMODE_SOLDIER_SHOT=soldier-e5:rifle:2:miss
[JS] GODMODE_SOLDIER_SHOT=soldier-e5:rifle:2:hit
[JS] GODMODE_SOLDIER_SHOT=soldier-e5:rifle:2:miss
[JS] GODMODE_SOLDIER_SHOT=soldier-e5:rifle:2:miss
[JS] GODMODE_SOLDIER_SHOT=soldier-e5:rifle:2:miss
[JS] GODMODE_SOLDIER_SHOT=soldier-e9:rifle:2:miss
ERROR: Condition "p.d == 0" is true. Returning: Point2()
   at: Camera3D::unproject_position (scene\3d\camera_3d.cpp:482)
   GDScript backtrace (most recent call first):
       [0] _append_nodes (res://tools/godot-cli/runner/inspection_bridge.gd:449)
       [1] _append_nodes (res://tools/godot-cli/runner/inspection_bridge.gd:575)
       [2] _append_nodes (res://tools/godot-cli/runner/inspection_bridge.gd:575)
       [3] _snapshot_with_store (res://tools/godot-cli/runner/inspection_bridge.gd:394)
       [4] _respond (res://tools/godot-cli/runner/inspection_bridge.gd:377)
       [5] _process (res://tools/godot-cli/runner/inspection_bridge.gd:213)
ERROR: Condition "p.d == 0" is true. Returning: Point2()
   at: Camera3D::unproject_position (scene\3d\camera_3d.cpp:482)
   GDScript backtrace (most recent call first):
       [0] _append_nodes (res://tools/godot-cli/runner/inspection_bridge.gd:449)
       [1] _append_nodes (res://tools/godot-cli/runner/inspection_bridge.gd:575)
       [2] _append_nodes (res://tools/godot-cli/runner/inspection_bridge.gd:575)
       [3] _append_nodes (res://tools/godot-cli/runner/inspection_bridge.gd:575)
       [4] _snapshot_with_store (res://tools/godot-cli/runner/inspection_bridge.gd:394)
       [5] _respond (res://tools/godot-cli/runner/inspection_bridge.gd:377)
       [6] _process (res://tools/godot-cli/runner/inspection_bridge.gd:213)
ERROR: Condition "p.d == 0" is true. Returning: Point2()
   at: Camera3D::unproject_position (scene\3d\camera_3d.cpp:482)
   GDScript backtrace (most recent call first):
       [0] _append_nodes (res://tools/godot-cli/runner/inspection_bridge.gd:449)
       [1] _append_nodes (res://tools/godot-cli/runner/inspection_bridge.gd:575)
       [2] _append_nodes (res://tools/godot-cli/runner/inspection_bridge.gd:575)
       [3] _append_nodes (res://tools/godot-cli/runner/inspection_bridge.gd:575)
       [4] _append_nodes (res://tools/godot-cli/runner/inspection_bridge.gd:575)
       [5] _snapshot_with_store (res://tools/godot-cli/runner/inspection_bridge.gd:394)
       [6] _respond (res://tools/godot-cli/runner/inspection_bridge.gd:377)
       [7] _process (res://tools/godot-cli/runner/inspection_bridge.gd:213)
ERROR: Condition "p.d == 0" is true. Returning: Point2()
   at: Camera3D::unproject_position (scene\3d\camera_3d.cpp:482)
   GDScript backtrace (most recent call first):
       [0] _append_nodes (res://tools/godot-cli/runner/inspection_bridge.gd:449)
       [1] _append_nodes (res://tools/godot-cli/runner/inspection_bridge.gd:575)
       [2] _append_nodes (res://tools/godot-cli/runner/inspection_bridge.gd:575)
       [3] _append_nodes (res://tools/godot-cli/runner/inspection_bridge.gd:575)
       [4] _append_nodes (res://tools/godot-cli/runner/inspection_bridge.gd:575)
       [5] _append_nodes (res://tools/godot-cli/runner/inspection_bridge.gd:575)
       [6] _snapshot_with_store (res://tools/godot-cli/runner/inspection_bridge.gd:394)
       [7] _respond (res://tools/godot-cli/runner/inspection_bridge.gd:377)
       [8] _process (res://tools/godot-cli/runner/inspection_bridge.gd:213)
ERROR: Condition "p.d == 0" is true. Returning: Point2()
   at: Camera3D::unproject_position (scene\3d\camera_3d.cpp:482)
   GDScript backtrace (most recent call first):
       [0] _append_nodes (res://tools/godot-cli/runner/inspection_bridge.gd:449)
       [1] _append_nodes (res://tools/godot-cli/runner/inspection_bridge.gd:575)
       [2] _append_nodes (res://tools/godot-cli/runner/inspection_bridge.gd:575)
       [3] _append_nodes (res://tools/godot-cli/runner/inspection_bridge.gd:575)
       [4] _append_nodes (res://tools/godot-cli/runner/inspection_bridge.gd:575)
       [5] _append_nodes (res://tools/godot-cli/runner/inspection_bridge.gd:575)
       [6] _append_nodes (res://tools/godot-cli/runner/inspection_bridge.gd:575)
       [7] _snapshot_with_store (res://tools/godot-cli/runner/inspection_bridge.gd:394)
       [8] _respond (res://tools/godot-cli/runner/inspection_bridge.gd:377)
       [9] _process (res://tools/godot-cli/runner/inspection_bridge.gd:213)
ERROR: Condition "p.d == 0" is true. Returning: Point2()
   at: Camera3D::unproject_position (scene\3d\camera_3d.cpp:482)
   GDScript backtrace (most recent call first):
       [0] _append_nodes (res://tools/godot-cli/runner/inspection_bridge.gd:449)
       [1] _append_nodes (res://tools/godot-cli/runner/inspection_bridge.gd:575)
       [2] _append_nodes (res://tools/godot-cli/runner/inspection_bridge.gd:575)
       [3] _append_nodes (res://tools/godot-cli/runner/inspection_bridge.gd:575)
       [4] _append_nodes (res://tools/godot-cli/runner/inspection_bridge.gd:575)
       [5] _append_nodes (res://tools/godot-cli/runner/inspection_bridge.gd:575)
       [6] _append_nodes (res://tools/godot-cli/runner/inspection_bridge.gd:575)
       [7] _append_nodes (res://tools/godot-cli/runner/inspection_bridge.gd:575)
       [8] _snapshot_with_store (res://tools/godot-cli/runner/inspection_bridge.gd:394)
       [9] _respond (res://tools/godot-cli/runner/inspection_bridge.gd:377)
       [10] _process (res://tools/godot-cli/runner/inspection_bridge.gd:213)
ERROR: Condition "p.d == 0" is true. Returning: Point2()
   at: Camera3D::unproject_position (scene\3d\camera_3d.cpp:482)
   GDScript backtrace (most recent call first):
       [0] _append_nodes (res://tools/godot-cli/runner/inspection_bridge.gd:449)
       [1] _append_nodes (res://tools/godot-cli/runner/inspection_bridge.gd:575)
       [2] _append_nodes (res://tools/godot-cli/runner/inspection_bridge.gd:575)
       [3] _append_nodes (res://tools/godot-cli/runner/inspection_bridge.gd:575)
       [4] _append_nodes (res://tools/godot-cli/runner/inspection_bridge.gd:575)
       [5] _append_nodes (res://tools/godot-cli/runner/inspection_bridge.gd:575)
       [6] _append_nodes (res://tools/godot-cli/runner/inspection_bridge.gd:575)
       [7] _append_nodes (res://tools/godot-cli/runner/inspection_bridge.gd:575)
       [8] _append_nodes (res://tools/godot-cli/runner/inspection_bridge.gd:575)
       [9] _snapshot_with_store (res://tools/godot-cli/runner/inspection_bridge.gd:394)
       [10] _respond (res://tools/godot-cli/runner/inspection_bridge.gd:377)
       [11] _process (res://tools/godot-cli/runner/inspection_bridge.gd:213)
ERROR: Condition "p.d == 0" is true. Returning: Point2()
   at: Camera3D::unproject_position (scene\3d\camera_3d.cpp:482)
   GDScript backtrace (most recent call first):
       [0] _append_nodes (res://tools/godot-cli/runner/inspection_bridge.gd:449)
       [1] _append_nodes (res://tools/godot-cli/runner/inspection_bridge.gd:575)
       [2] _append_nodes (res://tools/godot-cli/runner/inspection_bridge.gd:575)
       [3] _append_nodes (res://tools/godot-cli/runner/inspection_bridge.gd:575)
       [4] _append_nodes (res://tools/godot-cli/runner/inspection_bridge.gd:575)
       [5] _snapshot_with_store (res://tools/godot-cli/runner/inspection_bridge.gd:394)
       [6] _respond (res://tools/godot-cli/runner/inspection_bridge.gd:377)
       [7] _process (res://tools/godot-cli/runner/inspection_bridge.gd:213)
ERROR: Condition "p.d == 0" is true. Returning: Point2()
   at: Camera3D::unproject_position (scene\3d\camera_3d.cpp:482)
   GDScript backtrace (most recent call first):
       [0] _append_nodes (res://tools/godot-cli/runner/inspection_bridge.gd:449)
       [1] _append_nodes (res://tools/godot-cli/runner/inspection_bridge.gd:575)
       [2] _append_nodes (res://tools/godot-cli/runner/inspection_bridge.gd:575)
       [3] _append_nodes (res://tools/godot-cli/runner/inspection_bridge.gd:575)
       [4] _append_nodes (res://tools/godot-cli/runner/inspection_bridge.gd:575)
       [5] _append_nodes (res://tools/godot-cli/runner/inspection_bridge.gd:575)
       [6] _snapshot_with_store (res://tools/godot-cli/runner/inspection_bridge.gd:394)
       [7] _respond (res://tools/godot-cli/runner/inspection_bridge.gd:377)
       [8] _process (res://tools/godot-cli/runner/inspection_bridge.gd:213)
ERROR: Condition "p.d == 0" is true. Returning: Point2()
   at: Camera3D::unproject_position (scene\3d\camera_3d.cpp:482)
   GDScript backtrace (most recent call first):
       [0] _append_nodes (res://tools/godot-cli/runner/inspection_bridge.gd:449)
       [1] _append_nodes (res://tools/godot-cli/runner/inspection_bridge.gd:575)
       [2] _append_nodes (res://tools/godot-cli/runner/inspection_bridge.gd:575)
       [3] _append_nodes (res://tools/godot-cli/runner/inspection_bridge.gd:575)
       [4] _append_nodes (res://tools/godot-cli/runner/inspection_bridge.gd:575)
       [5] _append_nodes (res://tools/godot-cli/runner/inspection_bridge.gd:575)
       [6] _append_nodes (res://tools/godot-cli/runner/inspection_bridge.gd:575)
       [7] _snapshot_with_store (res://tools/godot-cli/runner/inspection_bridge.gd:394)
       [8] _respond (res://tools/godot-cli/runner/inspection_bridge.gd:377)
       [9] _process (res://tools/godot-cli/runner/inspection_bridge.gd:213)
ERROR: Condition "p.d == 0" is true. Returning: Point2()
   at: Camera3D::unproject_position (scene\3d\camera_3d.cpp:482)
   GDScript backtrace (most recent call first):
       [0] _append_nodes (res://tools/godot-cli/runner/inspection_bridge.gd:449)
       [1] _append_nodes (res://tools/godot-cli/runner/inspection_bridge.gd:575)
       [2] _append_nodes (res://tools/godot-cli/runner/inspection_bridge.gd:575)
       [3] _append_nodes (res://tools/godot-cli/runner/inspection_bridge.gd:575)
       [4] _append_nodes (res://tools/godot-cli/runner/inspection_bridge.gd:575)
       [5] _append_nodes (res://tools/godot-cli/runner/inspection_bridge.gd:575)
       [6] _append_nodes (res://tools/godot-cli/runner/inspection_bridge.gd:575)
       [7] _append_nodes (res://tools/godot-cli/runner/inspection_bridge.gd:575)
       [8] _snapshot_with_store (res://tools/godot-cli/runner/inspection_bridge.gd:394)
       [9] _respond (res://tools/godot-cli/runner/inspection_bridge.gd:377)
       [10] _process (res://tools/godot-cli/runner/inspection_bridge.gd:213)
ERROR: Condition "p.d == 0" is true. Returning: Point2()
   at: Camera3D::unproject_position (scene\3d\camera_3d.cpp:482)
   GDScript backtrace (most recent call first):
       [0] _append_nodes (res://tools/godot-cli/runner/inspection_bridge.gd:449)
       [1] _append_nodes (res://tools/godot-cli/runner/inspection_bridge.gd:575)
       [2] _append_nodes (res://tools/godot-cli/runner/inspection_bridge.gd:575)
       [3] _append_nodes (res://tools/godot-cli/runner/inspection_bridge.gd:575)
       [4] _append_nodes (res://tools/godot-cli/runner/inspection_bridge.gd:575)
       [5] _append_nodes (res://tools/godot-cli/runner/inspection_bridge.gd:575)
       [6] _append_nodes (res://tools/godot-cli/runner/inspection_bridge.gd:575)
       [7] _append_nodes (res://tools/godot-cli/runner/inspection_bridge.gd:575)
       [8] _append_nodes (res://tools/godot-cli/runner/inspection_bridge.gd:575)
       [9] _snapshot_with_store (res://tools/godot-cli/runner/inspection_bridge.gd:394)
       [10] _respond (res://tools/godot-cli/runner/inspection_bridge.gd:377)
       [11] _process (res://tools/godot-cli/runner/inspection_bridge.gd:213)
ERROR: Condition "p.d == 0" is true. Returning: Point2()
   at: Camera3D::unproject_position (scene\3d\camera_3d.cpp:482)
   GDScript backtrace (most recent call first):
       [0] _append_nodes (res://tools/godot-cli/runner/inspection_bridge.gd:449)
       [1] _append_nodes (res://tools/godot-cli/runner/inspection_bridge.gd:575)
       [2] _append_nodes (res://tools/godot-cli/runner/inspection_bridge.gd:575)
       [3] _append_nodes (res://tools/godot-cli/runner/inspection_bridge.gd:575)
       [4] _snapshot_with_store (res://tools/godot-cli/runner/inspection_bridge.gd:394)
       [5] _respond (res://tools/godot-cli/runner/inspection_bridge.gd:377)
       [6] _process (res://tools/godot-cli/runner/inspection_bridge.gd:213)
ERROR: Condition "p.d == 0" is true. Returning: Point2()
   at: Camera3D::unproject_position (scene\3d\camera_3d.cpp:482)
   GDScript backtrace (most recent call first):
       [0] _append_nodes (res://tools/godot-cli/runner/inspection_bridge.gd:449)
       [1] _append_nodes (res://tools/godot-cli/runner/inspection_bridge.gd:575)
       [2] _append_nodes (res://tools/godot-cli/runner/inspection_bridge.gd:575)
       [3] _append_nodes (res://tools/godot-cli/runner/inspection_bridge.gd:575)
       [4] _append_nodes (res://tools/godot-cli/runner/inspection_bridge.gd:575)
       [5] _snapshot_with_store (res://tools/godot-cli/runner/inspection_bridge.gd:394)
       [6] _respond (res://tools/godot-cli/runner/inspection_bridge.gd:377)
       [7] _process (res://tools/godot-cli/runner/inspection_bridge.gd:213)
ERROR: Condition "p.d == 0" is true. Returning: Point2()
   at: Camera3D::unproject_position (scene\3d\camera_3d.cpp:482)
   GDScript backtrace (most recent call first):
       [0] _append_nodes (res://tools/godot-cli/runner/inspection_bridge.gd:449)
       [1] _append_nodes (res://tools/godot-cli/runner/inspection_bridge.gd:575)
       [2] _append_nodes (res://tools/godot-cli/runner/inspection_bridge.gd:575)
       [3] _append_nodes (res://tools/godot-cli/runner/inspection_bridge.gd:575)
       [4] _append_nodes (res://tools/godot-cli/runner/inspection_bridge.gd:575)
       [5] _append_nodes (res://tools/godot-cli/runner/inspection_bridge.gd:575)
       [6] _snapshot_with_store (res://tools/godot-cli/runner/inspection_bridge.gd:394)
       [7] _respond (res://tools/godot-cli/runner/inspection_bridge.gd:377)
       [8] _process (res://tools/godot-cli/runner/inspection_bridge.gd:213)
ERROR: Condition "p.d == 0" is true. Returning: Point2()
   at: Camera3D::unproject_position (scene\3d\camera_3d.cpp:482)
   GDScript backtrace (most recent call first):
       [0] _append_nodes (res://tools/godot-cli/runner/inspection_bridge.gd:449)
       [1] _append_nodes (res://tools/godot-cli/runner/inspection_bridge.gd:575)
       [2] _append_nodes (res://tools/godot-cli/runner/inspection_bridge.gd:575)
       [3] _append_nodes (res://tools/godot-cli/runner/inspection_bridge.gd:575)
       [4] _append_nodes (res://tools/godot-cli/runner/inspection_bridge.gd:575)
       [5] _append_nodes (res://tools/godot-cli/runner/inspection_bridge.gd:575)
       [6] _append_nodes (res://tools/godot-cli/runner/inspection_bridge.gd:575)
       [7] _snapshot_with_store (res://tools/godot-cli/runner/inspection_bridge.gd:394)
       [8] _respond (res://tools/godot-cli/runner/inspection_bridge.gd:377)
       [9] _process (res://tools/godot-cli/runner/inspection_bridge.gd:213)
ERROR: Condition "p.d == 0" is true. Returning: Point2()
   at: Camera3D::unproject_position (scene\3d\camera_3d.cpp:482)
   GDScript backtrace (most recent call first):
       [0] _append_nodes (res://tools/godot-cli/runner/inspection_bridge.gd:449)
       [1] _append_nodes (res://tools/godot-cli/runner/inspection_bridge.gd:575)
       [2] _append_nodes (res://tools/godot-cli/runner/inspection_bridge.gd:575)
       [3] _append_nodes (res://tools/godot-cli/runner/inspection_bridge.gd:575)
       [4] _append_nodes (res://tools/godot-cli/runner/inspection_bridge.gd:575)
       [5] _append_nodes (res://tools/godot-cli/runner/inspection_bridge.gd:575)
       [6] _snapshot_with_store (res://tools/godot-cli/runner/inspection_bridge.gd:394)
       [7] _respond (res://tools/godot-cli/runner/inspection_bridge.gd:377)
       [8] _process (res://tools/godot-cli/runner/inspection_bridge.gd:213)
ERROR: Condition "p.d == 0" is true. Returning: Point2()
   at: Camera3D::unproject_position (scene\3d\camera_3d.cpp:482)
   GDScript backtrace (most recent call first):
       [0] _append_nodes (res://tools/godot-cli/runner/inspection_bridge.gd:449)
       [1] _append_nodes (res://tools/godot-cli/runner/inspection_bridge.gd:575)
       [2] _append_nodes (res://tools/godot-cli/runner/inspection_bridge.gd:575)
       [3] _append_nodes (res://tools/godot-cli/runner/inspection_bridge.gd:575)
       [4] _snapshot_with_store (res://tools/godot-cli/runner/inspection_bridge.gd:394)
       [5] _respond (res://tools/godot-cli/runner/inspection_bridge.gd:377)
       [6] _process (res://tools/godot-cli/runner/inspection_bridge.gd:213)
[JS] GODMODE_SOLDIER_SHOT=soldier-e9:rifle:2:hit
[JS] GODMODE_SOLDIER_SHOT=soldier-e10:rifle:2:miss
[JS] GODMODE_SOLDIER_SHOT=soldier-e9:rifle:2:miss
[JS] GODMODE_SOLDIER_SHOT=soldier-e10:rifle:2:miss
[JS] GODMODE_SOLDIER_SHOT=soldier-e9:rifle:2:hit
[JS] GODMODE_SOLDIER_SHOT=soldier-e10:rifle:2:miss
[JS] GODMODE_SOLDIER_SHOT=soldier-e9:rifle:2:miss
[JS] GODMODE_SOLDIER_SHOT=soldier-e10:rifle:2:miss
[JS] GODMODE_SOLDIER_SHOT=soldier-e10:rifle:2:hit
[JS] GODMODE_SOLDIER_SHOT=soldier-e1:rifle:2:hit
[JS] GODMODE_SOLDIER_SHOT=soldier-e1:rifle:2:hit
[JS] GODMODE_SOLDIER_SHOT=soldier-e1:rifle:2:miss
[JS] GODMODE_SOLDIER_SHOT=soldier-e1:rifle:2:miss
[JS] GODMODE_SOLDIER_SHOT=soldier-e1:rifle:2:miss
[JS] GODMODE_SOLDIER_SHOT=soldier-e2:rifle:2:miss
[JS] GODMODE_SOLDIER_SHOT=soldier-e2:rifle:2:miss
[JS] GODMODE_SOLDIER_SHOT=soldier-e2:rifle:2:miss
[JS] GODMODE_SOLDIER_SHOT=soldier-e2:rifle:2:miss
[JS] GODMODE_SOLDIER_SHOT=soldier-e2:rifle:2:miss
[JS] GODMODE_SOLDIER_SHOT=soldier-e4:rifle:2:hit
[JS] GODMODE_SOLDIER_SHOT=soldier-e4:rifle:2:miss
[JS] GODMODE_SOLDIER_SHOT=soldier-e4:rifle:2:miss
[JS] GODMODE_SOLDIER_SHOT=soldier-e4:rifle:2:hit
[JS] GODMODE_SOLDIER_SHOT=soldier-e4:rifle:2:miss
[JS] GODMODE_SUPPLY_LANDED=1:4:-399.20:-17.33:-402.69:3:0
[JS] GODMODE_FIRST_RUN_HINT=knife
[JS] GODMODE_SURVIVAL_MINUTE=1:rifleman+smg:-
[JS] GODMODE_SOLDIER_SHOT=soldier-e7:rifle:2:hit
[JS] GODMODE_SOLDIER_SHOT=soldier-e7:rifle:2:miss
[JS] GODMODE_SOLDIER_SHOT=soldier-e7:rifle:2:hit
[JS] GODMODE_SOLDIER_SHOT=soldier-e7:rifle:2:hit
[JS] GODMODE_SOLDIER_SHOT=soldier-e7:rifle:2:miss
[JS] GODMODE_SOLDIER_SHOT=soldier-e8:rifle:2:hit
[JS] GODMODE_SOLDIER_SHOT=soldier-e8:rifle:2:miss
[JS] GODMODE_SOLDIER_SHOT=soldier-e8:rifle:2:miss
[JS] GODMODE_SOLDIER_SHOT=soldier-e8:rifle:2:miss
[JS] GODMODE_SOLDIER_SHOT=soldier-e8:rifle:2:miss
[JS] GODMODE_SOLDIER_SHOT=soldier-e11:rifle:2:miss
[JS] GODMODE_SOLDIER_SHOT=soldier-e11:rifle:2:miss
[JS] GODMODE_SOLDIER_SHOT=soldier-e11:rifle:2:miss
[JS] GODMODE_SOLDIER_SHOT=soldier-e11:rifle:2:miss
[JS] GODMODE_SOLDIER_SHOT=soldier-e11:rifle:2:miss
[JS] GODMODE_SOLDIER_SHOT=soldier-e12:rifle:2:hit
[JS] GODMODE_SOLDIER_SHOT=soldier-e12:rifle:2:miss
[JS] GODMODE_SOLDIER_SHOT=soldier-e12:rifle:2:miss
[JS] GODMODE_SOLDIER_SHOT=soldier-e12:rifle:2:miss
[JS] GODMODE_SOLDIER_SHOT=soldier-e12:rifle:2:miss
[JS] GODMODE_SOLDIER_SHOT=soldier-e13:rifle:2:miss
[JS] GODMODE_SOLDIER_SHOT=soldier-e13:rifle:2:miss
[JS] GODMODE_SOLDIER_SHOT=soldier-e13:rifle:2:miss
[JS] GODMODE_SOLDIER_SHOT=soldier-e13:rifle:2:miss
[JS] GODMODE_SOLDIER_SHOT=soldier-e13:rifle:2:miss
[JS] GODMODE_SOLDIER_SHOT=soldier-e14:rifle:2:miss
[JS] GODMODE_SOLDIER_SHOT=soldier-e6:rifle:2:miss
[JS] GODMODE_SOLDIER_SHOT=soldier-e14:rifle:2:miss
[JS] GODMODE_SOLDIER_SHOT=soldier-e6:rifle:2:miss
[JS] GODMODE_SOLDIER_SHOT=soldier-e14:rifle:2:hit
[JS] GODMODE_SOLDIER_SHOT=soldier-e6:rifle:2:miss
[JS] GODMODE_SOLDIER_SHOT=soldier-e14:rifle:2:miss
[JS] GODMODE_SOLDIER_SHOT=soldier-e6:rifle:2:miss
[JS] GODMODE_SOLDIER_SHOT=soldier-e14:rifle:2:hit
[JS] GODMODE_SOLDIER_SHOT=soldier-e6:rifle:2:miss
[JS] GODMODE_SOLDIER_SHOT=soldier-e3:rifle:2:miss
[JS] GODMODE_SOLDIER_SHOT=soldier-e3:rifle:2:miss
[JS] GODMODE_SOLDIER_SHOT=soldier-e3:rifle:2:hit
[JS] GODMODE_SOLDIER_SHOT=soldier-e3:rifle:2:miss
[JS] GODMODE_SOLDIER_SHOT=soldier-e3:rifle:2:miss
[JS] GODMODE_SOLDIER_SHOT=soldier-e5:rifle:2:miss
[JS] GODMODE_SOLDIER_SHOT=soldier-e5:rifle:2:miss
[JS] GODMODE_SOLDIER_SHOT=soldier-e5:rifle:2:miss
[JS] GODMODE_SOLDIER_SHOT=soldier-e5:rifle:2:hit
[JS] GODMODE_SOLDIER_SHOT=soldier-e5:rifle:2:miss
[JS] GODMODE_SOLDIER_SHOT=soldier-e1:rifle:2:miss
[JS] GODMODE_SOLDIER_SHOT=soldier-e1:rifle:2:miss
[JS] GODMODE_SOLDIER_SHOT=soldier-e1:rifle:2:miss
[JS] GODMODE_SOLDIER_SHOT=soldier-e1:rifle:2:miss
[JS] GODMODE_SOLDIER_SHOT=soldier-e1:rifle:2:miss
[JS] GODMODE_SOLDIER_SHOT=soldier-e4:rifle:2:miss
[JS] GODMODE_SOLDIER_SHOT=soldier-e4:rifle:2:miss
ERROR: 1 RID allocations of type 'class NavRegion3D' were leaked at exit.
ERROR: 1 RID allocations of type 'class NavMap3D' were leaked at exit.
