FiringResidual,LeftCorrectedBend,LeftRawBend,LeftWristCorrection,RightCorrectedBend,RightRawBend,RightWristCorrection,SupportResidual,clip,flag,frame,reloadBelow,reloadCycle,reloadProp,seconds,sourceSeconds,weapon
4.746270496980287e-05,32.56752816623327,32.56752816623327,0.0,14.911826057790645,33.569812169985646,20.00024575647314,0,reload,,0,0,0,,0,0,machineGun
5.46863375348039e-05,27.227004876087623,27.227004876087623,0.0,12.858749189537402,31.585820213235344,20.000252490894457,0,reload,,1,0,0,,0.027272729089191164,0.03333333507180214,machineGun
7.178716623457149e-05,23.268841849778113,23.268841849778113,0.0,10.421803964945886,29.23052586120432,20.000312556905737,0,reload,,2,0,0,,0.05454545817838233,0.06666667014360428,machineGun
9.792497439775616e-05,21.427270084603727,21.427270084603727,0.0,8.061526276460663,26.86115484341558,20.00019929303066,0,reload,,3,0,0,,0.08181818421960867,0.10000000149011612,machineGun
9.640616917749867e-05,21.580671727898025,21.580671727898025,0.0,6.0110438369685895,24.575058334184313,20.000314156345883,0,reload,,4,0,0,,0.10800000000000001,0.13199999809265137,machineGun
9.617916657589376e-05,21.596159529419218,21.595970549796544,0.0,5.92574391836612,24.47955929121105,20.00018770809613,0,reload,,5,0,0,,0.10909091635676466,0.13333334028720856,machineGun
8.791955042397603e-05,22.909005872642027,22.47687360462296,0.9922321614273936,3.202081501471932,21.404907816140607,20.00024366029942,1.4901161193847656e-08,reload,,6,0,0,,0.136363642397991,0.16666667163372043,machineGun
7.395267311949283e-05,25.846118041244967,23.624619588369843,3.3990551553452657,0.7444364866661133,18.574230365130095,20.0004118928654,1.2013700256829907e-07,reload,,7,0,0,,0.162,0.19799999713897704,machineGun
7.32016414985992e-05,26.102460717708688,23.709217067252315,3.5943112521242795,0.5899398232433934,18.393607047407105,20.00034457245511,2.9802322387695312e-08,reload,,8,0,0,,0.16363636843921733,0.20000000298023224,machineGun
5.073532520327717e-05,31.50178642936424,25.33341887829949,7.507878809658312,1.8117702509528661,15.487003230192785,20.000277634401634,1.341104507446289e-07,reload,,9,0,0,,0.19090909448044363,0.23333333432674405,machineGun
2.9442357117659412e-05,38.68497096767554,26.7720870463338,12.268962890056544,3.750683314493044,13.064068173060736,20.000392786810437,6.143906006172983e-08,reload,,10,0,0,,0.2181818327135293,0.2666666805744171,machineGun
1.5114949746930506e-05,34.53494424769501,30.765093137492403,19.999832281074532,5.402002334364634,11.19798107836391,20.00026777555023,1.640817390580196e-05,reload,,11,0,0,,0.24545455875475564,0.30000001192092896,machineGun
6.991868758632336e-06,41.71488150214639,37.19108160620541,19.999868491626536,7.406648227071328,9.811866588143952,20.00037151549276,1.2373815479804762e-05,reload,,12,0,0,,0.272727284795982,0.33333334326744085,machineGun
2.9802322387695312e-08,44.36343964612478,39.46359802613106,19.999722514040794,9.451082491798003,8.844030373517262,19.972667357961477,9.14834254217567e-06,reload,,13,0,0,,0.30000001083720834,0.3666666746139527,machineGun
4.214684778958144e-08,38.209525136388976,31.991463316095246,19.99965688785427,9.016126986238927,8.25587350210333,18.593654388212315,2.1599678802886046e-05,reload,,14,0,0,,0.324,0.39599999427795407,machineGun
2.9802322387695312e-08,37.379461253877906,30.984690114485645,19.999947702761503,8.983790273425765,8.184020023845427,18.45635862866005,2.4545917767682113e-05,reload,,15,0,0,,0.32727273687843467,0.4000000059604645,machineGun
6.664001972467304e-08,29.470004692872518,21.650917326809108,19.999762863882705,8.02357894341532,8.572378333937996,18.131914518756247,9.587645763531327e-05,reload,,16,0,0,,0.354545462919661,0.4333333373069763,machineGun
2.9802322387695312e-08,21.573020303473392,12.905774209998429,19.999983171055906,7.700771903449471,9.896511989755615,18.807738928301593,0.00020752301497850567,reload,,17,0,0,old,0.37800000000000006,0.4619999933242799,machineGun
1.3075715799004684e-07,20.25814252672251,11.479780876468363,19.99998905269315,7.747466906717253,10.155882078459435,18.974230143719968,0.00023309499374590814,reload,,18,0.00014927825406293614,0,old,0.38181818896088726,0.4666666686534881,machineGun
1.5011024743216694e-06,9.206599533478926,0.6954298234077151,19.99993706986583,8.51605706942694,11.729356392295772,20.00032091804805,0.0004513415915425867,reload,,19,0.009563183573312671,0,old,0.40909091500211364,0.5,machineGun
1.1970929335802794e-05,4.700557844433558,12.76692337797337,19.999922933739978,9.078461027591898,12.518494588318472,20.000056250157723,0.0001351263199467212,reload,,20,0.03251933085096424,0,old,0.4363636654270586,0.5333333611488342,machineGun
3.044559525733348e-05,11.660698348692067,24.457339818415413,19.999773612654586,9.80664989890771,12.734848680902978,20.000251527074123,1.1998201443930157e-05,reload,,21,0.0674717267157374,0,old,0.4636363670845663,0.5666666626930237,machineGun
5.4900545364944264e-05,18.00824735052025,34.218054821315164,19.99974495065384,10.266408017031935,12.880766128330867,20.000172353426894,9.989525096898433e-06,reload,,22,0.11287457930560993,0,old,0.4909091175095113,0.6000000238418579,machineGun
8.305397932417691e-05,23.764749446848178,40.88930086631262,19.999902316660634,10.599007596865333,13.054718625231473,20.000399386554385,1.1060165888920892e-05,reload,,23,0.16718181307156266,0,old,0.518181819167019,0.6333333253860474,machineGun
0.00012751584290526807,26.87175132081755,44.117801740142276,19.999780735176714,10.996199828349372,13.123007039170941,20.0003160846135,1.3445042895909864e-05,reload,,24,0.2288477053699332,0,old,0.545454569591964,0.6666666865348817,machineGun
0.00018944358453154564,27.2313939261421,44.04883598963327,20.000059995601834,11.412629658301015,12.682518575403959,20.000356575116548,1.7878666767501272e-05,reload,,25,0.2963261224905881,0,old,0.5727272712494716,0.699999988079071,machineGun
0.0002821529342327267,25.996888745439772,41.97910910397079,19.999560502429276,11.862605213006237,11.625764659726697,20.000164249969632,2.5410872694919817e-05,reload,,26,0.36807138889373325,0,old,0.6000000216744167,0.7333333492279054,machineGun
0.0004213009960949421,24.226380107391016,39.328339349932854,19.999824573229642,12.38158100037763,10.315017335991286,20.000240928018535,3.7496924051083624e-05,reload,,27,0.4425373348226145,0,old,0.6272727233319244,0.7666666507720948,machineGun
0.0005956958048045635,46.14819190743528,37.082306764190676,19.999990375733507,12.933775617860746,9.286679277013594,20.000366428432063,1.2450453141354956e-05,reload,,28,0.5181783097268108,0,old,0.6545454737568693,0.800000011920929,machineGun
0.0007546336855739355,43.86516672849064,33.792068146976206,19.999743231731937,13.617853429858643,8.528691972540372,20.000404534689476,1.92709876500885e-06,reload,,29,0.593448129917441,0,old,0.681818175414377,0.8333333134651184,machineGun
0,40.10555224861009,28.234937289968876,19.999853430984114,14.89663799399769,7.427640745793369,20.00029068438776,1.635407897992991e-05,reload,,30,0.6668011477189657,0,old,0.709090925839322,0.8666666746139526,machineGun
0,38.16545114939994,24.434486331958418,19.999881779428165,16.754812083502774,5.712745033543758,20.000323439560344,2.6567504392005503e-05,reload,,31,0.7366911876248686,0,old,0.7363636274968297,0.8999999761581421,machineGun
0,39.26745383234517,25.171836777779127,19.999848569826646,18.48271891278162,4.34798025910225,20.00023007621287,0.031110040843486786,reload,,32,0.8015725827199978,0,old,0.7636363779217745,0.9333333373069762,machineGun
0,15.45223597406859,27.803308006797568,19.99964578203719,19.153417926114813,4.436077875510576,20.000120232849046,0.0001668015611357987,reload,,33,0.8598991877946968,0,old,0.7909090795792822,0.9666666388511657,machineGun
0,15.005607868294517,29.07233128715731,19.999844856759815,18.93221421103534,5.0918107835411295,20.00026577657379,0.00021270445722620934,reload,,34,0.9101252945797079,0,old,0.8181818300042273,1,machineGun
0,26.402547348723566,30.662518449181484,19.999817073063866,18.482378540410497,5.908552820022409,20.00024977665534,0.00011201784946024418,reload,,35,0.9507048102767257,0,old,0.8454545316617349,1.0333333015441895,machineGun
0,11.797263156576438,30.14637097385562,19.999703646124235,18.08972225783787,6.367797018175402,20.00019621027561,2.9716367862420157e-05,reload,,36,0.9800920047679,0,old,0.8727273308541172,1.0666667222976685,machineGun
0,21.87228292191036,32.93924814827564,20.000071436412664,17.50619580091142,6.485141652550644,20.000343496760987,0.0004731828812509775,reload,,37,0.996740752380695,0,old,0.900000032511625,1.100000023841858,machineGun
0,22.143830081198256,33.86731616603665,20.000014712712417,17.230580138806882,6.771419870064008,20.000396379132297,0.0003867449122481048,reload,,38,1,0,,0.9180000000000001,1.1219999837875367,machineGun
0,22.230420415550384,34.27734562892298,19.99969442208518,17.08988082862342,6.922156542146842,20.000322533121626,0.00033237988827750087,reload,,39,1,0,,0.9272727341691326,1.1333333253860474,machineGun
0,22.281459220813776,34.017276625691196,19.99978308555605,17.145197552986733,6.926716855463401,20.000313553815868,0.00029229759820736945,reload,,40,1,0,,0.9545454358266402,1.1666666269302368,machineGun
0,22.77606311317387,32.54324219605421,19.999690082620372,17.68993463596077,6.789560041990224,20.0002466104482,0.00035238443524576724,reload,,41,1,0,,0.9818182350190225,1.2000000476837158,machineGun
0,24.852308713453702,33.86655385085141,19.999910216681656,18.580160659076107,6.405069655514485,20.000294449027333,0.000394829927245155,reload,,42,1,0,,1.0090909366765302,1.2333333492279053,machineGun
0,28.45999842944276,37.459452152024,19.9999659031683,19.627029648866205,6.46105187255971,20.00036764729165,0.0004523296665865928,reload,,43,1,0,,1.036363638334038,1.2666666507720947,machineGun
0,31.373643657919242,40.996789101422216,19.999886841214966,20.8658707879016,6.603056540605371,20.00041530426618,0.0005070343031547964,reload,,44,1,0,,1.0636363399915456,1.2999999523162842,machineGun
0,30.47724399027862,41.27540172462131,19.999854097426216,22.319650767003964,6.935058595509099,20.000179292461585,0.0005414299666881561,reload,,45,1,0,,1.090909139183928,1.3333333730697634,machineGun
0,62.36296421119689,47.02273914844903,19.99989234931585,23.167030147762972,7.210260981838881,20.00021481110675,0.03998563438653946,reload,Left wrist bend amplified by IK,46,1,0,,1.1181818408414357,1.3666666746139526,machineGun
0,25.092435772905525,42.8115441755322,20.00006529591794,23.48504925540783,6.728448465443195,20.000338961469826,1.1052001354983076e-05,reload,,47,1,0,,1.1454545424989433,1.399999976158142,machineGun
0,47.074174355487486,29.43393766719382,20.000049666473018,22.707776722148434,5.5694017573969825,20.000312459192404,0.0005490208277478814,reload,,48,1,0,,1.172727244156451,1.4333332777023315,machineGun
0,42.29489710985564,25.074058280039267,19.999788170548612,21.880553769774743,5.372647779259973,20.000351736887616,0.00022703529975842685,reload,,49,1,0,,1.2000000433488334,1.4666666984558108,machineGun
0,48.128916262466866,33.635167832417196,19.99987924062362,21.388855735092555,5.490891140312662,20.000329783621382,2.1523108443943784e-05,reload,,50,1,0,,1.227272745006341,1.5000000000000002,machineGun
0,46.59349362910665,32.83948696606496,19.999969556494598,21.363791256671764,5.676697599178939,20.0003481460331,3.691503297886811e-05,reload,,51,1,0,fresh,1.2420000000000002,1.5179999780654907,machineGun
0,45.18192722080932,32.185186659517804,19.99986826436769,21.3456708347444,5.837097771091049,20.000327535756753,5.268930544843897e-05,reload,,52,0.9994448206759105,0,fresh,1.2545454466638488,1.5333333015441897,machineGun
0,15.339904481842332,19.846214703755102,19.999750909444266,21.9712172426203,7.051581162272825,20.00019448617195,0.04869408905506134,reload,,53,0.9945190398855092,0,fresh,1.2818182458562308,1.5666667222976685,machineGun
0,18.95634273248179,11.18464548810541,19.999676642570535,24.438194420666274,10.782322820030961,20.00033368675865,0.00013911942369304597,reload,,54,0.984756982568051,0,fresh,1.3090909475137387,1.600000023841858,machineGun
0,13.250233965648091,12.933453875128775,19.999566443747288,27.367396702118022,15.084145693393257,20.000339958754974,0.00011421326053095981,reload,,55,0.9704732973405936,0,fresh,1.3363636491712463,1.6333333253860474,machineGun
0,20.02440629516887,9.035674571811057,19.999835050660028,28.06634806094542,16.996489594058467,20.000190164818985,0.00016512851289007813,reload,,56,0.9519826414130519,0,fresh,1.363636350828754,1.6666666269302368,machineGun
0,26.069847286733946,11.407816647069732,19.999874698186737,25.594077111798782,15.89682946410817,20.00035842270274,0.00018344013369642198,reload,,57,0.9295995853626002,0,fresh,1.3909091500211364,1.7000000476837158,machineGun
0,28.864178658967273,14.387789364346373,19.999801774605626,21.391421652479785,13.933325422714537,20.00040010406967,0.0001758802536642179,reload,,58,0.9036389474325794,0,fresh,1.418181851678644,1.7333333492279053,machineGun
0,30.426548857180745,15.638148160556687,19.999886188524187,17.117792486411364,13.079796098000557,20.000422882614284,0.00016873939603101462,reload,,59,0.8744153115575217,0,fresh,1.4454545533361516,1.7666666507720947,machineGun
0,31.779263350107694,15.784271000506145,19.99961687470981,14.965695679705144,12.927019867065868,20.000225629308886,0.00017270268290303648,reload,,60,0.8422433349473409,0,fresh,1.4727272549936594,1.7999999523162842,machineGun
0,34.54588459182382,17.253288470231066,19.999994671341334,13.05310860473775,12.775210694358233,20.00037662348382,0.0001681550347711891,reload,,61,0.8074375460027826,0,fresh,1.5000000541860414,1.833333373069763,machineGun
0,34.98073181627482,16.57860340941742,19.999926683904803,12.210568000058796,12.396466632784412,20.000268298529775,0.0001623996504349634,reload,,62,0.7703128518212634,0,fresh,1.527272755843549,1.8666666746139524,machineGun
0,34.17807529552361,14.598576931621501,19.999855734823818,11.848670040573783,12.153893989303423,20.00025358147751,0.0001674863015068695,reload,,63,0.731183789659668,0,fresh,1.5545454575010569,1.8999999761581419,machineGun
0,33.59273921209775,13.838369741291075,19.999723332412152,10.517643990054204,12.03393550651616,20.000339703515014,0.0001838881871663034,reload,,64,0.690365016727913,0,fresh,1.5818181591585645,1.9333332777023313,machineGun
0,34.17196880236521,15.591509957795145,19.99975690535902,7.579436145412007,12.627312335705694,20.00011801357158,0.0002458556555211544,reload,,65,0.6481710372551902,0,fresh,1.609090958350947,1.9666666984558105,machineGun
0,35.905502250463286,19.820690480554166,19.99978402657652,5.228906100989801,15.798102459381756,20.000230777045644,0.0045727151446044445,reload,,66,0.6049168111832361,0,fresh,1.6363636600084546,2,machineGun
0,37.57814829680892,25.682711958581468,19.999626643258278,6.249582253345926,19.88447964156025,20.000328814794972,0.019338557496666908,reload,,67,0.5609168470961683,0,fresh,1.6636363616659622,2.0333333015441895,machineGun
0,38.11733500464827,29.611927255877553,19.999937982638574,7.506270740687785,22.523892258045827,20.000292253181353,0.030610257759690285,reload,,68,0.5164858022039023,0,fresh,1.6909090633234698,2.066666603088379,machineGun
0,37.13479848996933,29.144347779180816,19.99982058057967,7.524954166320936,23.10056350499368,20.000214430526853,0.03586498275399208,reload,,69,0.47193833371635263,0,fresh,1.7181817649809776,2.0999999046325684,machineGun
0,36.00410232024284,26.836889901889958,19.999725265650905,6.24024282670013,22.646831727415158,20.000281019028563,0.03145958110690117,reload,,70,0.4275887830918391,0,fresh,1.7454546617082345,2.133333444595337,machineGun
0,34.935522718929136,24.680646906322718,19.99982797227546,4.944614447755903,21.784704061763833,20.000187645376506,0.023715993389487267,reload,,71,0.3837524438372626,0,fresh,1.772727363365742,2.1666667461395264,machineGun
0,32.54349171305074,21.432508351983135,19.999932834225007,4.1060790321252965,21.37441681035398,20.00012594087189,0.016097649931907654,reload,,72,0.3407436548677518,0,fresh,1.80000006502325,2.200000047683716,machineGun
0,31.682499425912507,20.099148245293392,19.999837101173068,4.183610288383171,21.93076554461367,20.000166286884784,0.010956092737615108,reload,,73,0.2988770733932231,0,fresh,1.8272727666807576,2.2333333492279053,machineGun
0,29.925971769323095,17.90191608481504,19.99985505548263,4.948056427970932,22.96100234920505,20.00028341140581,0.007182880770415068,reload,,74,0.2584673566235903,0,fresh,1.8545454683382652,2.2666666507720947,machineGun
0,27.616327790600952,14.661732520538466,19.99985089277147,5.8262882712550725,23.76503607295818,20.00022317755239,0.0035258776042610407,reload,,75,0.21982916176876832,0,fresh,1.8818181699957728,2.299999952316284,machineGun
0,25.25253139346775,12.094150749778702,20.000033678573786,6.244966290809244,23.899325535791238,20.000218930078947,0.0004024886293336749,reload,,76,0.18327714603867218,0,fresh,1.9090908716532804,2.3333332538604736,machineGun
0,21.950117342076645,12.204596219073135,19.999843963869814,6.164946716453131,23.670366143566525,20.000394418402315,8.200741285691038e-05,reload,,77,0.1491259666432163,0,fresh,1.9363635733107882,2.366666555404663,machineGun
0,18.777376019157956,13.696983009116531,19.999815473454397,6.047564651833427,23.498895796402074,20.000198591281148,0.00025628527509979904,reload,,78,0.11769006640820545,0,fresh,1.963636470038045,2.4000000953674316,machineGun
0,13.448608282873323,11.720415030696861,19.99977329101154,6.679975312500412,23.507362443732667,20.000367940073634,2.7447182219475508e-05,reload,,79,0.08928455411043357,0,fresh,1.9909091716955527,2.433333396911621,machineGun
0,4.331701047200513,9.981530827760713,19.99980166808697,7.644260788660321,24.12754626471195,20.00040964267643,5.905734724365175e-05,reload,,80,0.06422385202765235,0,fresh,2.0181818733530603,2.4666666984558105,machineGun
0,7.056877428441156,14.809346157198162,19.99984431414619,8.949818620749523,25.676301951719704,20.000212948612333,5.995186074869707e-05,reload,,81,0.04282261736977666,0,fresh,2.045454575010568,2.4999999999999996,machineGun
0,15.226909782196072,21.177075189333497,19.99990893596534,10.854036499456106,27.980017780382774,20.00029717201322,5.548097760765813e-05,reload,,82,0.02539550734672058,0,fresh,2.072727276668076,2.5333333015441895,machineGun
0,21.761238396447773,26.51391413216821,19.999763148231796,13.190180313370123,30.614620842454272,20.000096376006287,5.21699184901081e-05,reload,,83,0.012257179168400079,0,fresh,2.0999999783255836,2.566666603088379,machineGun
0,26.09560834560008,29.999306406251925,19.99961248956449,15.421574000377511,33.02807438245136,20.000229101499738,4.1012553992914036e-05,reload,,84,0.0037222900447292373,0,fresh,2.127272679983091,2.5999999046325684,machineGun
2.7122176106786355e-05,29.69289584093647,32.092439099442245,19.999977529919327,19.073663577946636,34.91187074774479,20.000344586129014,0.000426069920649752,reload,,85,0.00010548965511514297,0,fresh,2.154545576710348,2.6333334445953365,machineGun
2.4700371795916e-05,30.212116440335326,32.41170434907136,19.999866115336072,19.571412410197354,35.17239687646744,20.00048953043106,0.00040615766192786396,reload,,86,0,0,fresh,2.16,2.639999961853027,machineGun
1.7277310689678416e-05,32.32418926177,33.7501606641786,19.99984710566905,21.52942648626095,36.21443335854802,20.000397009918117,0.00034554916783235967,reload,,87,0,0,fresh,2.181818278367856,2.666666746139527,machineGun
1.3402963304542936e-05,33.28251690476063,34.53570078941608,20.000015024304762,22.581768076523666,36.544868323231675,20.000366642143415,0.00033168899244628847,reload,,88,0,0,fresh,2.2090909800253637,2.700000047683716,machineGun
1.2068661817465909e-05,33.299872349704586,34.60430020415917,19.99992879498083,23.15936068855978,36.74908768047272,20.00042281611977,0.00033344674739055336,reload,,89,0,0,fresh,2.2363636816828714,2.7333333492279053,machineGun
1.1663002624118235e-05,32.903284442084974,34.15277213080327,19.999594674685675,23.59280572080559,37.037677234668394,20.000380132755076,0.0003315096546430141,reload,,90,0,0,fresh,2.263636383340379,2.7666666507720947,machineGun
1.173153032141272e-05,32.81497366318959,34.04586511342322,19.999925675322977,23.632530361725635,37.077228125530795,20.00035273782509,0.0003307263250462711,reload,,91,0,0,,2.2680000000000002,2.7719999599456786,machineGun
1.2064052498317324e-05,32.355268114418514,33.48378760193202,19.999962623268715,23.841947125608005,37.287749748874475,20.000187606566662,4.4356111175147817e-05,reload,,92,0,0,,2.2909090849978866,2.799999952316284,machineGun
1.2958365005033556e-05,31.695327522621685,32.75139936780491,19.99998255787641,23.69950720566727,37.300096371274996,20.000408888644543,5.0638787797652185e-05,reload,,93,0,0,,2.318181786655394,2.8333332538604736,machineGun
1.464329307054868e-05,36.86387177814513,32.292764931444246,19.99990766343238,22.9496654060503,37.13474025488912,20.00029167376585,9.834766387939453e-07,reload,,94,0,0,,2.345454488312902,2.866666555404663,machineGun
1.816735129978042e-05,38.62066273007154,31.84652541758728,19.99983211033999,21.46048560336217,36.9171855408751,20.00044365997014,7.450580596923828e-08,reload,,95,0,0,,2.3727273850401587,2.900000095367431,machineGun
2.295252852491103e-05,36.9968925320476,31.48498453240187,9.421619712843652,19.709912902913374,36.59039372606491,20.000223295421865,1.2013700256829907e-07,reload,,96,0,0,,2.4000000866976667,2.9333333969116215,machineGun
2.8758086045854725e-05,34.32892063545545,31.169242890129123,6.7433190898564295,18.1915333569322,36.18102186818592,20.000441438905693,1.2013700256829907e-07,reload,,97,0,0,,2.427272788355174,2.96666669845581,machineGun
3.4071319532813504e-05,32.33872693854666,30.91016294600419,4.3820573860267,17.16466150707845,35.74117750367573,20.00035453985659,5.960464477539063e-08,reload,,98,0,0,,2.454545490012682,3.0000000000000004,machineGun
3.9084152376744896e-05,31.169310185129092,30.74561708049145,2.2304538020704583,16.548853209480473,35.32621840972426,20.000203511272815,2.9802322387695312e-08,reload,,99,0,0,,2.4818181916701896,3.03333330154419,machineGun
4.249987978255376e-05,30.772177486207482,30.7142982788265,0.6419895621989621,16.200612628234595,34.957856936487296,20.000304274603057,1.1944189282075968e-07,reload,,100,0,0,,2.5090908933276976,3.0666666030883794,machineGun
4.4317184801911935e-05,30.829426749706524,30.829219546772418,0.0,15.921563183244404,34.62036122031249,20.000344729008024,7.028863535651908e-08,reload,,101,0,0,,2.5363635949852052,3.099999904632569,machineGun
4.4250147766433656e-05,30.84435445699146,30.844287042458415,0.0,15.906225991329515,34.602959597741446,20.00053649972547,2.2351741790771484e-08,reload,,102,0,0,,2.538,3.1019999551773063,machineGun
4.46841077064164e-05,31.08001184822044,31.08001184822044,0.0,15.665074915543697,34.330151317474865,20.000350491753323,0,reload,,103,0,0,,2.5636364917124617,3.133333444595337,machineGun
4.565156632452272e-05,31.35761300695035,31.35761300695035,0.0,15.3895354411481,34.04365132998177,20.00044397286257,0,reload,,104,0,0,,2.5909091933699693,3.1666667461395264,machineGun
4.613103374140337e-05,31.646168474775727,31.646168474775727,0.0,15.158684130365312,33.802060504510074,20.000375740198994,0,reload,,105,0,0,,2.6181818950274773,3.200000047683716,machineGun
4.6792894863756374e-05,31.92175463177513,31.92175463177513,0.0,14.989460665599719,33.636688773411926,20.000196773970032,0,reload,,106,0,0,,2.645454596684985,3.2333333492279053,machineGun
4.7195157094392926e-05,32.194752351542725,32.194752351542725,0.0,14.912228278003926,33.565455891546755,20.000197001223363,0,reload,,107,0,0,,2.6727272983424926,3.2666666507720947,machineGun
4.7464014642173424e-05,32.56750185622975,32.56750185622975,0.0,14.911816825691394,33.56979089026413,20.000300143709605,0,reload,,108,0,0,,2.7,3.299999952316284,machineGun
3.7961422094667796e-07,10.335666383233642,9.86171782899952,19.999850787215028,10.821063401026025,25.542309748548522,20.00033301608852,0.010464319959282875,ads,support contact >10mm,0,0,0,,0,0,machineGun
3.2887954148463905e-05,12.730605489234707,9.89363668229572,19.999919103730953,5.980328833916506,25.531599210674184,20.00045391427446,4.590742719301488e-06,ads,,1,0,0,,0.016666666666666666,0.016666666666666666,machineGun
6.925463094376028e-05,14.578320733018485,9.925533713202858,19.999930709440324,5.540533257317545,25.52112866070838,20.000296783337394,9.983199561247602e-06,ads,,2,0,0,,0.03333333507180214,0.03333333507180214,machineGun
9.68476160778664e-05,15.870244486630414,9.957480961993362,19.99998862858104,5.693110000563848,25.511304591130227,20.000444755555204,1.4617613487644121e-05,ads,,3,0,0,,0.05,0.05,machineGun
0.00011684757919283584,16.85951139655593,9.989405157978748,19.999639353432116,5.798188680639176,25.5016650240733,20.00021951466747,1.906813122332096e-05,ads,,4,0,0,,0.06666667014360428,0.06666667014360428,machineGun
0.0001306655176449567,17.64766285310745,10.021346278793706,19.999863732953724,5.740090177255149,25.49309464168945,20.000374019834148,2.3577020328957587e-05,ads,,5,0,0,,0.08333333333333333,0.08333333333333333,machineGun
0.00013915295130573213,18.275578883951603,10.053285095735841,20.000022947625283,5.585761240853917,25.48474395552793,20.00015315123727,2.8178865250083618e-05,ads,,6,0,0,,0.10000000149011612,0.10000000149011612,machineGun
0.00014331629790831357,18.745894691456776,10.085211268832158,19.999985537272984,5.651040292064094,25.477277146787646,20.000305116910933,3.3045605960069224e-05,ads,,7,0,0,,0.11666666666666667,0.11666666666666667,machineGun
0.0001460434141336009,19.01537980034689,10.117141390973229,19.999819841430035,6.407823293365246,25.47000585494226,20.000387632872084,3.789231777773239e-05,ads,,8,0,0,,0.13333334028720856,0.13333334028720856,machineGun
0.00014679456944577396,19.036843035397002,10.130259845275509,19.999732400230535,7.063913912526922,25.466510340915917,20.000199144625128,4.07315201300662e-05,ads,,9,0,0,,0.14285714285714285,0.14285714285714285,machineGun
0.0001467762776883319,19.03934463987422,10.140136391920327,19.999915796590283,7.053612228818172,25.46391194840057,20.000255270770698,4.070916475029662e-05,ads,,10,0,0,,0.15,0.15,machineGun
0.00014682709297630936,19.04522747027902,10.163112576625876,19.999685510737837,7.029806984550496,25.45800504968509,20.000394042070127,4.0728424210101366e-05,ads,,11,0,0,,0.1666666716337204,0.1666666716337204,machineGun
0.0001471885188948363,19.049144782439914,10.186111602782631,19.99982865817632,6.99544324432853,25.435340401315127,20.00030503976446,4.0625651308801025e-05,ads,,12,0,0,,0.18333333333333332,0.18333333333333332,machineGun
0.00014751500566489995,19.053106760562674,10.209109222652241,19.99996205911624,6.961189842166485,25.412861804326397,20.00030718776599,4.065223765792325e-05,ads,,13,0,0,,0.20000000298023224,0.20000000298023224,machineGun
0.00014765342348255217,19.057140433851693,10.232094802884705,19.999770050454746,6.9194604356825975,25.37968692388061,20.000380254165005,4.072875526617281e-05,ads,,14,0,0,,0.21666666666666667,0.21666666666666667,machineGun
0.00014789662964176387,19.061172068920644,10.255090386732737,19.99960241874409,6.877780190658157,25.346582131457456,20.000469533207074,4.0677288779988885e-05,ads,,15,0,0,,0.23333333432674408,0.23333333432674408,machineGun
0.00014812052540946752,19.07344353355474,10.25895237764194,19.999756309336863,6.83651815820355,25.312883331628786,20.000391990490186,4.0541402995586395e-05,ads,,16,0,0,,0.25,0.25,machineGun
0.00014843787357676774,19.08573567293511,10.26285790669151,19.999951855069472,6.7952991611675735,25.27925421726449,20.00039608889421,4.075861215824261e-05,ads,,17,0,0,,0.2666666805744171,0.2666666805744171,machineGun
0.0001486711553297937,19.097994401830274,10.266751134282353,20.000010596949064,6.753605527372959,25.243666230602035,20.00036654594041,4.067596819368191e-05,ads,,18,0,0,,0.2833333333333333,0.2833333333333333,machineGun
0.00014898119843564928,19.110261520665173,10.270657445630025,19.999930309079282,6.711923943502025,25.20815710200538,20.000362933792662,4.0674985939403996e-05,ads,,19,0,0,,0.30000001192092896,0.30000001192092896,machineGun
0.00014911737525835633,19.123322314655763,10.274621462838498,20.000038359343787,6.672143808406521,25.173141968187128,20.00047611287972,4.0616032492835075e-05,ads,,20,0,0,,0.31666666666666665,0.31666666666666665,machineGun
0.00014943098358344287,19.136358989425904,10.278590893377975,19.999817285225728,6.632379466729946,25.138129651865764,20.000476642558137,4.059534694533795e-05,ads,,21,0,0,,0.3333333432674408,0.3333333432674408,machineGun
0.0001496080803917721,19.149924686890905,10.28255240448352,19.999798480405037,6.589342473427945,25.10315074197205,20.000270883378434,4.0700404497329146e-05,ads,,22,0,0,,0.35,0.35,machineGun
0.00014980489504523575,19.16350530130043,10.286570298807696,19.999860787141653,6.546334267043688,25.068234158387803,20.00032298123946,4.056913894601166e-05,ads,,23,0,0,,0.36666667461395264,0.36666667461395264,machineGun
0.00015010785136837512,19.17727946937815,10.290597966195941,19.999960016540307,6.506681442339439,25.0351645652803,20.000444548076217,4.0511455154046416e-05,ads,,24,0,0,,0.38333333333333336,0.38333333333333336,machineGun
0.0001502757950220257,19.191049841199877,10.294619772312641,19.999859466766235,6.467037610677811,25.0020296060367,20.000279965800097,4.0429109503747895e-05,ads,,25,0,0,,0.4000000059604645,0.4000000059604645,machineGun
0.0001504252722952515,19.214539077146732,10.280663782708306,20.000063392657328,6.427403856507662,24.968938714208434,20.0003126467279,4.0424682083539665e-05,ads,,26,0,0,,0.4166666666666667,0.4166666666666667,machineGun
0.0001505731779616326,19.238072599486248,10.266772235071423,19.999800144355998,6.387778739086822,24.93593120662788,20.000302089446482,4.042723594466224e-05,ads,,27,0,0,,0.4333333373069763,0.4333333373069763,machineGun
0.00015077393618412316,19.261688588084464,10.252961027318097,19.999903716591508,6.3547293310812165,24.907062885415545,20.000166711748527,4.050503048347309e-05,ads,,28,0,0,,0.45,0.45,machineGun
0.00015080318553373218,19.285273121622254,10.239230042246476,19.999926753917062,6.3216763222163275,24.878181300545737,20.000040749183682,4.037397957290523e-05,ads,,29,0,0,,0.46666666865348816,0.46666666865348816,machineGun
0.00015093923138920218,19.313436975805327,10.218230083179877,19.999859348072672,6.289955785836792,24.849295112443407,20.00031502217396,4.034121593576856e-05,ads,,30,0,0,,0.48333333333333334,0.48333333333333334,machineGun
0.00015125110803637654,19.34160417196349,10.197305224952276,20.000018494908065,6.258236398963608,24.820433894422358,20.000330205442264,4.023690053145401e-05,ads,,31,0,0,,0.5,0.5,machineGun
0.0001512773014837876,19.370357005685236,10.176519775289307,19.99986648433887,6.229998293595398,24.794164436571016,20.00028153089334,4.021095810458064e-05,ads,,32,0,0,,0.5166666666666667,0.5166666666666667,machineGun
0.00015138454909902066,19.399112572066997,10.155843305911734,19.999682825449064,6.20177118800637,24.76788179028502,20.00038103351762,4.023437213618308e-05,ads,,33,0,0,,0.5333333611488342,0.5333333611488342,machineGun
0.00015141208132263273,19.431789904389916,10.128893332358354,19.99970027304279,6.173778176335448,24.741589628696136,20.00022259976605,4.036772224935703e-05,ads,,34,0,0,,0.55,0.55,machineGun
0.00015153214917518198,19.464423755365534,10.102129999122544,19.999924126290384,6.14579768765737,24.715264530018008,20.000328283742434,4.020506457891315e-05,ads,,35,0,0,,0.5666666626930237,0.5666666626930237,machineGun
0.00015155049914028496,19.497919820170665,10.075513135457541,19.999973346035567,6.120673408652361,24.691022345054662,20.000591691743953,4.0152459405362606e-05,ads,,36,0,0,,0.5833333333333334,0.5833333333333334,machineGun
0.00015141075709834695,19.531497945922744,10.049009404892677,19.999800058268246,6.095552591470149,24.66674297462417,20.00019680337063,4.0015060221776366e-05,ads,,37,0,0,,0.6000000238418579,0.6000000238418579,machineGun
0.00015147734666243196,19.564942844961173,10.022702422023201,20.000048265651138,6.073550958751677,24.643271059532008,20.000182698100073,4.0043731132755056e-05,ads,,38,0,0,,0.6166666666666667,0.6166666666666667,machineGun
0.00015150078979786485,19.598439271618705,9.996554843197039,19.999879555424936,6.051546968596347,24.619869248608495,20.000308275911994,3.99591626774054e-05,ads,,39,0,0,,0.6333333253860474,0.6333333253860474,machineGun
0.00015135576541069895,19.64070607789067,9.9625534819503,19.999853757666415,6.030342329055594,24.5976192086807,20.00026330771624,3.9879389078123495e-05,ads,,40,0,0,,0.65,0.65,machineGun
0.00015146148507483304,19.683027080699922,9.928839280338174,19.99985286123269,6.009178214026137,24.57536773593515,20.000276353041574,3.987969466834329e-05,ads,,41,0,0,,0.6666666865348816,0.6666666865348816,machineGun
0.00015137346053961664,19.731830711138432,9.88817835955973,19.999893616204655,5.986957868224965,24.55129315118146,20.00023430943857,3.979708344559185e-05,ads,,42,0,0,,0.6833333333333333,0.6833333333333333,machineGun
0.00015132964472286403,19.780780113019635,9.847920237268914,20.00002731833762,5.964806192070921,24.527251089461963,20.000187057376948,3.976926745963283e-05,ads,,43,0,0,,0.699999988079071,0.699999988079071,machineGun
0.00015122699551284313,19.836812158732005,9.803270849324104,19.999936196646225,5.94501782129701,24.50242171498896,20.000415653903264,3.963331982959062e-05,ads,,44,0,0,,0.7166666666666667,0.7166666666666667,machineGun
0.0001509244757471606,19.8929904281954,9.759042999209642,19.999824163302797,5.925320440679864,24.477556387995257,20.000296460654656,3.9658392779529095e-05,ads,,45,0,0,,0.7333333492279053,0.7333333492279053,machineGun
0.00015088212967384607,19.950936283420376,9.714045090741335,19.999710519931284,5.915675148530053,24.46120576307836,19.999920122127644,3.9579859731020406e-05,ads,,46,0,0,,0.75,0.75,machineGun
0.00015078854630701244,20.009042773738056,9.669545538947967,19.999725766352963,5.9061214309072065,24.444839852111325,20.000477031691997,3.946565630030818e-05,ads,,47,0,0,,0.7666666507720947,0.7666666507720947,machineGun
0.00015054864343255758,20.067769902396787,9.625503221277766,20.000009826243765,5.8964363469579,24.428567276076365,20.000319634758952,3.944052514270879e-05,ads,,48,0,0,,0.7833333333333333,0.7833333333333333,machineGun
0.0001503065141150728,20.126641549036904,9.581960595416746,19.99986545726343,5.886865809818138,24.412352224282866,20.000174630482167,3.9387636206811294e-05,ads,,49,0,0,,0.800000011920929,0.800000011920929,machineGun
0.00015007257752586156,20.18677530149918,9.538971018949011,19.999955611478622,5.889705800106547,24.40550254720731,20.00022297382697,3.927624857169576e-05,ads,,50,0,0,,0.8166666666666667,0.8166666666666667,machineGun
0.0001496353797847405,20.247123622886146,9.496532364960434,19.999825423227037,5.892674291926089,24.39872517026431,20.000197409859467,3.93012014683336e-05,ads,,51,0,0,,0.8333333134651184,0.8333333134651184,machineGun
0.00014953696518205106,20.304546585934002,9.453475508617826,20.000001267621627,5.895425859646827,24.39200563903758,20.00025146303316,3.9116926927817985e-05,ads,,52,0,0,,0.85,0.85,machineGun
0.0001494220196036622,20.362214483420193,9.410961084394094,19.999810891035082,5.898292016889681,24.38537934487593,20.000290255462613,3.9113463571993634e-05,ads,,53,0,0,,0.8666666746139526,0.8666666746139526,machineGun
0.00014893340994603932,20.416869953038162,9.367759387230262,19.999879016190157,5.914011588891351,24.389498949765496,20.000241867167578,3.9006747101666406e-05,ads,,54,0,0,,0.8833333333333333,0.8833333333333333,machineGun
0.00014833589375484735,20.471685915455886,9.325080091986386,19.999791912546637,5.929888153799086,24.393744100058456,20.00037428410711,3.897841816069558e-05,ads,,55,0,0,,0.8999999761581421,0.8999999761581421,machineGun
0.00014816044131293893,20.521570783308142,9.281245795600801,19.99963005256598,5.949515109635225,24.401029427453764,20.00040014523682,3.892377935699187e-05,ads,,56,0,0,,0.9166666666666666,0.9166666666666666,machineGun
0.00014775463205296546,20.571618869856312,9.237837879307586,19.999828211997535,5.969323425969825,24.40847115720266,20.00029316962311,3.887142884195782e-05,ads,,57,0,0,,0.9333333373069763,0.9333333373069763,machineGun
0.00014746510714758188,20.616393870857223,9.19366553638711,19.99998785469069,5.997080986059985,24.423373504823598,20.00024329118743,3.8681762816850096e-05,ads,,58,0,0,,0.95,0.95,machineGun
0.00014697817096021026,20.66122877571802,9.149839138543443,19.999674412033574,6.025038114651407,24.438570817229127,20.000288177595063,3.870814180118032e-05,ads,,59,0,0,,0.9666666388511658,0.9666666388511658,machineGun
0.0001464393426431343,20.702848164787632,9.105768175159236,19.999705178184964,6.061640186325738,24.46184341907915,20.000153024308553,3.868261774186976e-05,ads,,60,0,0,,0.9833333333333333,0.9833333333333333,machineGun
0.00014599721180275083,20.744535960782656,9.061988395142492,20.00009870369798,6.098471269841039,24.48546608917818,20.0002947090608,3.8626498280791566e-05,ads,,61,0,0,,1,1,machineGun
0.00014564623415935785,20.778316407286994,9.01800469265018,19.999786519246204,6.1378809845294775,24.510324080624358,20.000363397631904,3.8570709875784814e-05,ads,,62,0,0,,1.0166666666666666,1.0166666666666666,machineGun
0.00014517670206259936,20.812133714513145,8.974246616097636,19.99982895159027,6.177531134858823,24.535491992900656,20.000437370445653,3.862154335365631e-05,ads,,63,0,0,,1.0333333015441895,1.0333333015441895,machineGun
0.00014465319691225886,20.846015256606798,8.930729594382655,19.99977390125329,6.220988216097684,24.56431728582666,20.000235042226432,3.8411133573390543e-05,ads,,64,0,0,,1.05,1.05,machineGun
0.0001441807980882004,20.87998184520549,8.887451207865645,19.999951681621095,6.264581679047916,24.593449103718605,20.000212018372725,3.849094719043933e-05,ads,,65,0,0,,1.0666667222976685,1.0666667222976685,machineGun
0.00014368531992658973,20.904899815437105,8.843308506915697,19.999821280459404,6.309923835919565,24.6231306628426,20.00038565776279,3.84873928851448e-05,ads,,66,0,0,,1.0833333333333333,1.0833333333333333,machineGun
0.00014335141167975962,20.929875794021463,8.799323949101,20.00010275301328,6.355421487298557,24.653040331770676,20.000220139037157,3.843787999358028e-05,ads,,67,0,0,,1.100000023841858,1.100000023841858,machineGun
0.0001428067043889314,20.948651853723486,8.755556181475908,19.99977380128028,6.413079964542382,24.695857082088025,20.000204504986282,3.8408128602895886e-05,ads,,68,0,0,,1.1166666666666667,1.1166666666666667,machineGun
0.0001422505301889032,20.96745917635774,8.711880980502622,19.999946911016977,6.470846911010428,24.738894311332363,20.000310256671618,3.8332374970195815e-05,ads,,69,0,0,,1.1333333253860474,1.1333333253860474,machineGun
0.00014191088848747313,20.978007386457648,8.670126588829715,19.999793138437497,6.5290493616488465,24.78291683206661,20.00029738405868,3.8353638956323266e-05,ads,,70,0,0,,1.15,1.15,machineGun
0.00014141325664240867,20.988518626450325,8.628434522136784,19.999835956419503,6.587370561434329,24.827175045061065,20.000453432997258,3.8275986298685893e-05,ads,,71,0,0,,1.1666666269302368,1.1666666269302368,machineGun
0.00014082803681958467,20.99864487599819,8.58677417838348,20.000045427897366,6.64836463622989,24.873431220458453,20.00032637735002,3.83574515581131e-05,ads,,72,0,0,,1.1833333333333333,1.1833333333333333,machineGun
0.00014021671086084098,21.00876629494452,8.545171089954097,20.000020012572946,6.709472819947792,24.91996721798172,20.000541531017422,3.82254584110342e-05,ads,,73,0,0,,1.2000000476837158,1.2000000476837158,machineGun
0.00013995329209137708,21.010637660289373,8.507021707612656,19.999773837075164,6.770361500460676,24.966532848284412,20.000163824840882,3.827453838312067e-05,ads,,74,0,0,,1.2166666666666666,1.2166666666666666,machineGun
0.00013964256504550576,21.012549175503686,8.46886759302895,19.999821509660325,6.831371962949373,25.013293316211637,20.00020019996105,3.8279737054836005e-05,ads,,75,0,0,,1.2333333492279053,1.2333333492279053,machineGun
0.00013904065417591482,21.015221486960623,8.430734085489954,19.999715989504043,6.891595782537554,25.060924512055873,20.000290004032294,3.8334314012899995e-05,ads,,76,0,0,,1.25,1.25,machineGun
0.00013869861140847206,21.017882037790514,8.39261385203063,20.00003595842566,6.951950724518146,25.108891457869127,20.00048317233449,3.828029002761468e-05,ads,,77,0,0,,1.2666666507720947,1.2666666507720947,machineGun
0.00013845991634298116,21.003662651121672,8.359857695041923,19.9997263341536,6.98687196959134,25.114362279925956,20.000416626067857,3.8144877180457115e-05,ads,,78,0,0,,1.2833333333333334,1.2833333333333334,machineGun
0.00013848983508069068,20.98952941844171,8.327111121360854,19.999733423892607,7.022344813099134,25.120259263863264,20.000249491776394,3.815042873611674e-05,ads,,79,0,0,,1.2999999523162842,1.2999999523162842,machineGun
0.00013832980766892433,20.97524273597492,8.29436380535105,19.999609470102655,7.0580321659576315,25.127516578450535,20.00027988335693,3.812168870354071e-05,ads,,80,0,0,,1.3166666666666667,1.3166666666666667,machineGun
0.000138241404783912,20.96111022844328,8.261618655456486,19.99983788551829,7.0941876204834715,25.134993356885886,20.000263397961426,3.8093588955234736e-05,ads,,81,0,0,,1.3333333730697632,1.3333333730697632,machineGun
0.00013831525575369596,20.939829836767057,8.24380321795099,19.99991623557053,7.130815532831752,25.146470854318622,20.000295886659245,3.801650382229127e-05,ads,,82,0,0,,1.35,1.35,machineGun
0.00013831141404807568,20.918549628620163,8.226009109274722,19.9999857654061,7.167701604604726,25.15807370963527,20.000372831779462,3.8038724596844986e-05,ads,,83,0,0,,1.3666666746139526,1.3666666746139526,machineGun
0.00013836166181135923,20.896580841555956,8.208243415885994,19.999945273963508,7.187982923173345,25.15087039496069,20.000316327225505,3.801674392889254e-05,ads,,84,0,0,,1.3833333333333333,1.3833333333333333,machineGun
0.0001385685318382457,20.87464776510046,8.190492867483051,19.99974437687704,7.208488888353619,25.143719698908093,20.000305248364604,3.788659523706883e-05,ads,,85,0,0,,1.399999976158142,1.399999976158142,machineGun
0.00013858730380889028,20.854054203351364,8.172776494385943,19.999996903350645,7.255967717983216,25.175720577256744,20.00020259906165,3.791129347519018e-05,ads,,86,0,0,,1.4166666666666667,1.4166666666666667,machineGun
0.0001385669456794858,20.83343728232166,8.1550747407389,19.999694090086148,7.303457628433815,25.207860398279095,20.00022861269722,3.7888330552959815e-05,ads,,87,0,0,,1.4333332777023315,1.4333332777023315,machineGun
0.00013853338896296918,20.80195822757117,8.152773283982818,19.99993100353582,7.350826533148074,25.23996534359226,20.00034767409343,3.7859608710277826e-05,ads,,88,0,0,,1.45,1.45,machineGun
0.0001384964125463739,20.77047387432397,8.150591885676254,20.000029371747125,7.3982564103722455,25.27214884966221,20.00041748051155,3.7913010601187125e-05,ads,,89,0,0,,1.4666666984558105,1.4666666984558105,machineGun
0.00013844631030224264,20.738168662120092,8.14854372802185,19.9999318711064,7.4374571558448945,25.29696075660292,20.000209406708073,3.788774847635068e-05,ads,,90,0,0,,1.4833333333333334,1.4833333333333334,machineGun
0.00013858899183105677,20.705799317283628,8.146603730457965,19.999820729001474,7.476719631385284,25.321743036260276,20.000244953141102,3.789301626966335e-05,ads,,91,0,0,,1.5,1.5,machineGun
0.0001384106872137636,20.674315213831758,8.144807167576792,19.999991860136195,7.512460885757337,25.346567197666218,20.000522977947785,3.7919126043561846e-05,ads,,92,0,0,,1.5166666666666666,1.5166666666666666,machineGun
0.00013848021626472473,20.64279261352475,8.143114565754866,19.99978316569258,7.548224202122741,25.371350341364476,20.000288153115353,3.789779293583706e-05,ads,,93,0,0,,1.5333333015441895,1.5333333015441895,machineGun
0.00013843862689100206,20.594259861734407,8.159799995901238,19.999653904294387,7.579403928533003,25.40057235263185,20.000226248995155,3.7897498259553686e-05,ads,,94,0,0,,1.55,1.55,machineGun
0.00013871336705051363,20.545814454513057,8.176909210439256,19.99986129248408,7.610594491770757,25.429823024924307,20.000302545246925,3.795059092226438e-05,ads,,95,0,0,,1.5666667222976685,1.5666667222976685,machineGun
0.00013872481940779835,20.492655203781016,8.202871561839272,20.00000481572877,7.639327207681157,25.459068799015764,20.000296118496884,3.808401743299328e-05,ads,,96,0,0,,1.5833333333333333,1.5833333333333333,machineGun
0.00013870841939933598,20.439665752840575,8.229374669585978,19.99961843328173,7.668082466795962,25.48832411451679,20.000286500094465,3.8137986848596483e-05,ads,,97,0,0,,1.600000023841858,1.600000023841858,machineGun
0.00013878570462111384,20.387042349111653,8.26329907676609,20.000027353282036,7.686784071520584,25.512212866043438,20.000340403512908,3.81430727429688e-05,ads,,98,0,0,,1.6166666666666667,1.6166666666666667,machineGun
0.00013880735787097365,20.334600091792385,8.297740836197304,19.99974279652533,7.705542690774602,25.53611384934523,20.00024641051411,3.8303329347399995e-05,ads,,99,0,0,,1.6333333253860474,1.6333333253860474,machineGun
0.00013918051263317466,20.281786058681508,8.337832167874412,19.99976120857478,7.714556002158018,25.550194214177147,20.00021954591751,3.843600643449463e-05,ads,,100,0,0,,1.65,1.65,machineGun
0.00013927202962804586,20.229141595043995,8.378423566097217,19.99987019360283,7.72361987069509,25.56430633259948,20.000311964343354,3.83858205168508e-05,ads,,101,0,0,,1.6666666269302368,1.6666666269302368,machineGun
0.00013954668247606605,20.176741992440434,8.423075804383343,19.99994238759068,7.729518114531121,25.577665286828765,20.00031264699538,3.838737029582262e-05,ads,,102,0,0,,1.6833333333333333,1.6833333333333333,machineGun
0.00013961506192572415,20.12452923398695,8.468184667574379,19.99976912643857,7.7355678158046315,25.591207452923758,19.999986828565554,3.836141695501283e-05,ads,,103,0,0,,1.7000000476837158,1.7000000476837158,machineGun
0.00013971967564430088,20.071558709586952,8.523345765927417,20.00004701754839,7.741515256933897,25.607952680228554,20.00038529846384,3.855227987514809e-05,ads,,104,0,0,,1.7166666666666666,1.7166666666666666,machineGun
0.00013998415670357645,20.018782724584486,8.57902925238158,19.999839043607857,7.747650688215713,25.624853716334734,20.000352037394233,3.860151264234446e-05,ads,,105,0,0,,1.7333333492279053,1.7333333492279053,machineGun
0.00014020320668350905,19.965521609820584,8.635181443568518,19.999901109706762,7.737190238277067,25.62471457263461,20.00018982952878,3.868403655360453e-05,ads,,106,0,0,,1.75,1.75,machineGun
0.000140489632030949,19.91246680744405,8.691818650878055,19.999783763489006,7.726892616565418,25.624772310425286,20.000250866088706,3.879502401105128e-05,ads,,107,0,0,,1.7666666507720947,1.7666666507720947,machineGun
0.00014060740068089217,19.86002780717016,8.748911683314482,19.99992908014466,7.716308868442956,25.62783342579854,20.000358418306135,3.8794707506895065e-05,ads,,108,0,0,,1.7833333333333334,1.7833333333333334,machineGun
0.00014098522660788149,19.807844347523517,8.806492835048221,20.00011066906024,7.705878415040148,25.631059300481798,20.000431455940287,3.9006998122204095e-05,ads,,109,0,0,,1.7999999523162842,1.7999999523162842,machineGun
0.00014113914221525192,19.755616321086617,8.864513369408781,20.000078264294633,7.690608226687081,25.6303928179378,20.000215474467737,3.912052125087939e-05,ads,,110,0,0,,1.8166666666666667,1.8166666666666667,machineGun
0.00014155441022012383,19.703646406400438,8.92296117380507,19.999758762845097,7.675476192593634,25.629882382939574,20.00004591852241,3.911987005267292e-05,ads,,111,0,0,,1.8333333730697632,1.8333333730697632,machineGun
0.00014167897461447865,19.652170774896984,8.98186627254031,20.000050328976503,7.657808328782045,25.626884135539314,20.000354286980546,3.920329982065596e-05,ads,,112,0,0,,1.85,1.85,machineGun
0.00014186718908604234,19.60098710652457,9.041185311565709,19.99988345194356,7.640318540011355,25.624088112357953,20.000241974726205,3.941719842259772e-05,ads,,113,0,0,,1.8666666746139526,1.8666666746139526,machineGun
0.00014237590949051082,19.54980418327833,9.10096151664491,19.999959373548272,7.611885248869498,25.61265652579848,20.000292477812906,3.9363691030303016e-05,ads,,114,0,0,,1.8833333333333333,1.8833333333333333,machineGun
0.00014258379815146327,19.498846764748823,9.16109805815362,20.00000350260538,7.583671103262168,25.601557349972158,20.000288262304334,3.95007009501569e-05,ads,,115,0,0,,1.899999976158142,1.899999976158142,machineGun
0.00014288352394942194,19.447706318258106,9.221635261028888,19.99990438057429,7.559432269068937,25.59065747402246,20.00029395894373,3.95007009501569e-05,ads,,116,0,0,,1.9166666666666667,1.9166666666666667,machineGun
0.0001432058634236455,19.39676208877503,9.282593991913393,19.99999691987903,7.535377141048014,25.579972653193906,20.000327314360128,3.961153925047256e-05,ads,,117,0,0,,1.9333332777023315,1.9333332777023315,machineGun
0.00014345816452987492,19.350524885843615,9.347566510259384,19.99982683549299,7.513969097311854,25.57789395803704,20.000340213250517,3.969164754380472e-05,ads,,118,0,0,,1.95,1.95,machineGun
0.00014361330249812454,19.304553564559754,9.41290125047167,19.99979807602504,7.49283391363704,25.576060927354007,20.000535648062353,3.9718612242722884e-05,ads,,119,0,0,,1.9666666984558105,1.9666666984558105,machineGun
0.00014384124369826168,19.2620428129372,9.47817879363132,19.9997469693818,7.455714040437725,25.561979446586466,20.000322580343102,3.996250234195031e-05,ads,,120,0,0,,1.9833333333333334,1.9833333333333334,machineGun
0.0001443204382667318,19.21970896823061,9.543757030303292,19.99978778462593,7.418921464352957,25.548265740776742,20.000195211039863,3.9905957237351686e-05,ads,,121,0,0,,2,2,machineGun
0.00014457866200245917,19.178293195857652,9.607961847789081,20.000140962800874,7.387967950457803,25.53481471071114,20.00042970765721,4.006475137430243e-05,ads,,122,0,0,,2.0166666666666666,2.0166666666666666,machineGun
0.0001447988033760339,19.13714797597197,9.672458045516128,19.999709702536865,7.3572891533197335,25.521630612103692,20.000148631997597,4.004201400675811e-05,ads,,123,0,0,,2.0333333015441895,2.0333333015441895,machineGun
0.00014518316311296076,19.10014978447461,9.729791950063213,19.999923594265134,7.3250237010182895,25.513038474806258,20.000278912363203,4.017680839751847e-05,ads,,124,0,0,,2.05,2.05,machineGun
0.00014528213068842888,19.06343104206085,9.787343983339955,20.000078588560992,7.293178195902701,25.50482568475564,20.000422322983894,4.034264566143975e-05,ads,,125,0,0,,2.066666603088379,2.066666603088379,machineGun
0.00014518204261548817,19.041840613097524,9.822616278531292,20.000018216842985,7.293569917939531,25.51456423271964,20.0002204757186,4.036487371195108e-05,ads,,126,0,0,,2.0833333333333335,2.0833333333333335,machineGun
0.0001450294948881492,19.033980197885153,9.86171782899952,19.999913336640446,7.306179522890291,25.542309748548522,20.00027551594165,4.038836414110847e-05,ads,,127,0,0,,2.0999999046325684,2.0999999046325684,machineGun
3.9000070728434366e-07,10.33564695606754,9.86171782899952,19.999925264828182,10.821065304958847,25.542309748548522,20.00028249839551,0.01046439167112112,hip-idle,support contact >10mm,0,0,0,,0,0,machineGun
3.6893541732752055e-07,10.271844529274585,9.925533713202858,20.000019100574,10.825604604230369,25.52112866070838,20.0003594248246,0.010456034913659096,hip-idle,support contact >10mm,1,0,0,,0.03333333507180214,0.03333333507180214,machineGun
4.87201873511367e-07,10.208109860547452,9.989405157978748,19.99985399290842,10.838825107100037,25.5016650240733,20.000365362371394,0.01041740644723177,hip-idle,support contact >10mm,2,0,0,,0.06666667014360428,0.06666667014360428,machineGun
3.8857473327880143e-07,10.144627958147634,10.053285095735841,20.000138709826263,10.853468963689906,25.48474395552793,20.000093619090357,0.010379050858318806,hip-idle,support contact >10mm,3,0,0,,0.10000000149011612,0.10000000149011612,machineGun
2.4620757699267415e-07,10.081334380722055,10.117141390973229,19.999626761421716,10.875185967877862,25.47000585494226,20.000429591931645,0.010322727262973785,hip-idle,support contact >10mm,4,0,0,,0.13333334028720856,0.13333334028720856,machineGun
3.686343745812337e-07,10.038321725773173,10.163112576625876,19.99965987863265,10.903403811159759,25.45800504968509,20.00047883252344,0.010248243808746338,hip-idle,support contact >10mm,5,0,0,,0.1666666716337204,0.1666666716337204,machineGun
2.4027400513659813e-07,9.994692405647223,10.209109222652241,20.000019050684088,10.912683241040535,25.412861804326397,20.00032128666328,0.010181521996855736,hip-idle,support contact >10mm,6,0,0,,0.20000000298023224,0.20000000298023224,machineGun
2.4027400513659813e-07,9.95105842202519,10.255090386732737,19.99981957336545,10.913557883464815,25.346582131457456,20.000316870643054,0.010116804391145706,hip-idle,support contact >10mm,7,0,0,,0.23333333432674408,0.23333333432674408,machineGun
2.4978896817628993e-07,9.949804992194998,10.26285790669151,19.999992158782778,10.92030286207814,25.27925421726449,20.000346141514434,0.010032229125499725,hip-idle,support contact >10mm,8,0,0,,0.2666666805744171,0.2666666805744171,machineGun
2.4575624024691933e-07,9.948527777177611,10.270657445630025,19.999771897607285,10.92600128960446,25.20815710200538,20.000477126536342,0.009947633370757103,hip-idle,,9,0,0,,0.30000001192092896,0.30000001192092896,machineGun
2.5680196813482326e-07,9.947565916135384,10.278590893377975,20.00001195863954,10.919922439289662,25.138129651865764,20.000451532702556,0.009906411170959473,hip-idle,,10,0,0,,0.3333333432674408,0.3333333432674408,machineGun
1.497548112183722e-07,9.946966147164204,10.286570298807696,19.99984656619764,10.97022570721059,25.068234158387803,20.00039776555398,0.009707199409604073,hip-idle,,11,0,0,,0.36666667461395264,0.36666667461395264,machineGun
1.2013700256829907e-07,9.946375527786635,10.294619772312641,19.99990459522221,10.995291007931613,25.0020296060367,20.000360355880535,0.00959257036447525,hip-idle,,12,0,0,,0.4000000059604645,0.4000000059604645,machineGun
1.365714012990793e-07,9.986987780140685,10.266772235071423,19.999843896408695,11.021729701056836,24.93593120662788,20.00022433341501,0.009477371349930763,hip-idle,,13,0,0,,0.4333333373069763,0.4333333373069763,machineGun
2.4073563054116676e-07,10.027681551795581,10.239230042246476,19.99998819462622,11.049941171587292,24.878181300545737,20.000146791867483,0.00936240516602993,hip-idle,,14,0,0,,0.46666666865348816,0.46666666865348816,machineGun
3.332000986233652e-08,10.085239245549474,10.197305224952276,19.999925605245544,11.044501885170297,24.820433894422358,20.000582382077766,0.00934543926268816,hip-idle,,15,0,0,,0.5,0.5,machineGun
6.143906006172983e-08,10.143153182020868,10.155843305911734,19.999901022115647,11.060311594744922,24.76788179028502,20.00037618031953,0.009275744669139385,hip-idle,,16,0,0,,0.5333333611488342,0.5333333611488342,machineGun
6.143906006172983e-08,10.215978302473733,10.102129999122544,19.99967816672517,11.072249288649703,24.715264530018008,20.00043639397605,0.009218149818480015,hip-idle,,17,0,0,,0.5666666626930237,0.5666666626930237,machineGun
1.2644053981603065e-07,10.28922469242194,10.049009404892677,19.99980112550622,11.080810927404961,24.66674297462417,20.00036036097655,0.009179109707474709,hip-idle,,18,0,0,,0.6000000238418579,0.6000000238418579,machineGun
1.341104507446289e-07,10.362322130439061,9.996554843197039,20.00004589127751,11.084058448557734,24.619869248608495,20.0003409363299,0.00915038026869297,hip-idle,,19,0,0,,0.6333333253860474,0.6333333253860474,machineGun
7.450580596923828e-08,10.456842090642857,9.928839280338174,19.99977542070361,11.093473611183226,24.57536773593515,20.000444162747062,0.009118457324802876,hip-idle,,20,0,0,,0.6666666865348816,0.6666666865348816,machineGun
4.214684778958144e-08,10.569831652337342,9.847920237268914,19.999800052365057,11.115096708471942,24.527251089461963,19.93126809804053,0.009092897176742554,hip-idle,,21,0,0,,0.699999988079071,0.699999988079071,machineGun
1.4901161193847656e-08,10.69677256314473,9.759042999209642,19.999843413784664,11.110489625048913,24.477556387995257,19.859644895738732,0.009137510322034359,hip-idle,,22,0,0,,0.7333333492279053,0.7333333492279053,machineGun
1.1920928955078125e-07,10.827479289295182,9.669545538947967,19.99977355942835,11.11872219120985,24.444839852111325,19.784377976157256,0.00915894377976656,hip-idle,,23,0,0,,0.7666666507720947,0.7666666507720947,machineGun
6.664001972467304e-08,10.958411950692865,9.581960595416746,19.99974844310911,11.11843046574054,24.412352224282866,19.713166171188437,0.009205416776239872,hip-idle,,24,0,0,,0.800000011920929,0.800000011920929,machineGun
2.9802322387695312e-08,11.090014931369813,9.496532364960434,19.999887922690593,11.0924849654725,24.39872517026431,19.66813737584457,0.009312490932643414,hip-idle,,25,0,0,,0.8333333134651184,0.8333333134651184,machineGun
1.2013700256829907e-07,11.22134190261812,9.410961084394094,19.99982325661763,11.06670668250761,24.38537934487593,19.62210783582178,0.009424805641174316,hip-idle,,26,0,0,,0.8666666746139526,0.8666666746139526,machineGun
2.9802322387695312e-08,11.35229137207937,9.325080091986386,19.99999257496762,11.041564492386275,24.393744100058456,19.58565869789906,0.00954159814864397,hip-idle,,27,0,0,,0.8999999761581421,0.8999999761581421,machineGun
3.332000986233652e-08,11.48172605658745,9.237837879307586,19.99992156418875,10.989612099139531,24.40847115720266,19.575074665931844,0.009720510803163052,hip-idle,,28,0,0,,0.9333333373069763,0.9333333373069763,machineGun
1.3075715799004684e-07,11.608535936588005,9.149839138543443,19.999997188245498,10.938165729682646,24.438570817229127,19.574252236547295,0.009904470294713974,hip-idle,,29,0,0,,0.9666666388511658,0.9666666388511658,machineGun
1.2377833513710357e-07,11.733400248947795,9.061988395142492,20.000111411369133,10.899386037763263,24.48546608917818,19.57402709087085,0.010065675713121891,hip-idle,support contact >10mm,30,0,0,,1,1,machineGun
1.4901161193847656e-08,11.85154554535304,8.974246616097636,19.999852079865022,10.837080944733405,24.535491992900656,19.596021605218347,0.01028011180460453,hip-idle,support contact >10mm,31,0,0,,1.0333333015441895,1.0333333015441895,machineGun
1.341104507446289e-07,11.969688275736141,8.887451207865645,19.999846176770465,10.774950081383382,24.593449103718605,19.625083741488808,0.010495585389435291,hip-idle,support contact >10mm,32,0,0,,1.0666667222976685,1.0666667222976685,machineGun
0,12.080714660230063,8.799323949101,20.000015818141726,10.68255541376805,24.653040331770676,19.68172207266616,0.010782578960061073,hip-idle,support contact >10mm,33,0,0,,1.100000023841858,1.100000023841858,machineGun
2.9802322387695312e-08,12.185484088442156,8.711880980502622,19.999933390342854,10.634557146058423,24.738894311332363,19.72319983597899,0.010971452109515667,hip-idle,support contact >10mm,34,0,0,,1.1333333253860474,1.1333333253860474,machineGun
4.214684778958144e-08,12.278183298461112,8.628434522136784,19.999962637954894,10.565195284749294,24.827175045061065,19.789229882568538,0.011211353354156017,hip-idle,support contact >10mm,35,0,0,,1.1666666269302368,1.1666666269302368,machineGun
0,12.370528057094893,8.545171089954097,19.999980990181914,10.497638516236588,24.91996721798172,19.861301761567674,0.011441280134022236,hip-idle,support contact >10mm,36,0,0,,1.2000000476837158,1.2000000476837158,machineGun
2.9802322387695312e-08,12.447656585220168,8.46886759302895,19.999761310609127,10.428899231189652,25.013293316211637,19.940153851774735,0.011668754741549492,hip-idle,support contact >10mm,37,0,0,,1.2333333492279053,1.2333333492279053,machineGun
0,12.525601835112449,8.39261385203063,19.99995371820267,10.373214498641099,25.108891457869127,20.000473085280703,0.011892437003552914,hip-idle,support contact >10mm,38,0,0,,1.2666666507720947,1.2666666507720947,machineGun
3.332000986233652e-08,12.577264454164593,8.327111121360854,19.99968325870705,10.328253515109191,25.120259263863264,20.000310783125055,0.011998942121863365,hip-idle,support contact >10mm,39,0,0,,1.2999999523162842,1.2999999523162842,machineGun
1.2377833513710357e-07,12.628777964432496,8.261618655456486,19.999753959544393,10.27951807259753,25.134993356885886,20.00031422957495,0.012125278823077679,hip-idle,support contact >10mm,40,0,0,,1.3333333730697632,1.3333333730697632,machineGun
5.372690026206328e-08,12.643845548862172,8.226009109274722,19.999798785879705,10.25613883719116,25.15807370963527,20.00048883969662,0.012171383015811443,hip-idle,support contact >10mm,41,0,0,,1.3666666746139526,1.3666666746139526,machineGun
1.341104507446289e-07,12.657541630654766,8.190492867483051,19.999864836075414,10.14380726210078,25.143719698908093,20.0004439504483,0.012494117952883244,hip-idle,support contact >10mm,42,0,0,,1.399999976158142,1.399999976158142,machineGun
1.497548112183722e-07,12.673447999096492,8.1550747407389,19.999731932519445,10.167079913754765,25.207860398279095,20.00042952670276,0.012443535961210728,hip-idle,support contact >10mm,43,0,0,,1.4333332777023315,1.4333332777023315,machineGun
2.4211522031691857e-07,12.648043928251493,8.150591885676254,20.000023903132107,10.199073101747098,25.27214884966221,20.00041933398945,0.01235489547252655,hip-idle,support contact >10mm,44,0,0,,1.4666666984558105,1.4666666984558105,machineGun
2.4620757699267415e-07,12.621261941041695,8.146603730457965,19.999691262336484,10.158342739141567,25.321743036260276,20.00025280828331,0.01252831146121025,hip-idle,support contact >10mm,45,0,0,,1.5,1.5,machineGun
2.4073563054116676e-07,12.595469476812672,8.143114565754866,19.99973025322588,10.1670688795593,25.371350341364476,20.00044637568851,0.012518617324531078,hip-idle,support contact >10mm,46,0,0,,1.5333333015441895,1.5333333015441895,machineGun
3.772672698687529e-07,12.517642190150486,8.176909210439256,19.99996418964539,10.150935546558177,25.429823024924307,20.000296590370436,0.012653079815208912,hip-idle,support contact >10mm,47,0,0,,1.5666667222976685,1.5666667222976685,machineGun
3.877166534493881e-07,12.41916759308968,8.229374669585978,19.99982044314343,10.19388670268343,25.48832411451679,20.00039092261306,0.012551581487059593,hip-idle,support contact >10mm,48,0,0,,1.600000023841858,1.600000023841858,machineGun
5.333283752406714e-07,12.307023968330522,8.297740836197304,19.999948827781825,10.2270034687297,25.53611384934523,20.000301317831635,0.012485590763390064,hip-idle,support contact >10mm,49,0,0,,1.6333333253860474,1.6333333253860474,machineGun
5.223914172347577e-07,12.184104806973172,8.378423566097217,19.999803653827115,10.242251028413989,25.56430633259948,20.000282753017366,0.01245826669037342,hip-idle,support contact >10mm,50,0,0,,1.6666666269302368,1.6666666269302368,machineGun
5.206884452491067e-07,12.05426633644492,8.468184667574379,19.999959830971466,10.274793224414038,25.591207452923758,20.000085501835173,0.012364032678306103,hip-idle,support contact >10mm,51,0,0,,1.7000000476837158,1.7000000476837158,machineGun
3.8743019104003906e-07,11.904781388508828,8.57902925238158,19.999833964451874,10.334045168255873,25.624853716334734,20.000371041193265,0.012178953737020493,hip-idle,support contact >10mm,52,0,0,,1.7333333492279053,1.7333333492279053,machineGun
6.145713200567116e-07,11.754642840710137,8.691818650878055,19.999926372730094,10.348944663544023,25.624772310425286,20.000349982509473,0.012119324877858162,hip-idle,support contact >10mm,53,0,0,,1.7666666507720947,1.7666666507720947,machineGun
7.640387593710329e-07,11.604802664951716,8.806492835048221,19.99988284670577,10.39096301490477,25.631059300481798,20.00060273989351,0.01197150070220232,hip-idle,support contact >10mm,54,0,0,,1.7999999523162842,1.7999999523162842,machineGun
6.322027275018627e-07,11.454922424924245,8.92296117380507,19.999997203656932,10.435874220966546,25.629882382939574,20.00016094056988,0.011805117130279541,hip-idle,support contact >10mm,55,0,0,,1.8333333730697632,1.8333333730697632,machineGun
6.238943797143293e-07,11.305293526847255,9.041185311565709,20.000273869840186,10.486127918207991,25.624088112357953,20.00036931377392,0.011614969931542873,hip-idle,support contact >10mm,56,0,0,,1.8666666746139526,1.8666666746139526,machineGun
4.998001372769068e-07,11.155539938628598,9.16109805815362,19.999897059743198,10.541732778569745,25.601557349972158,20.00048022876121,0.011391967535018921,hip-idle,support contact >10mm,57,0,0,,1.899999976158142,1.899999976158142,machineGun
2.980232238769531e-07,11.005381690412698,9.282593991913393,19.99989476918845,10.551566711119465,25.579972653193906,20.000409277018473,0.011331395246088505,hip-idle,support contact >10mm,58,0,0,,1.9333332777023315,1.9333332777023315,machineGun
5.101335887047753e-07,10.850590186511146,9.41290125047167,19.999730417193053,10.623314576716384,25.576060927354007,20.000476289982185,0.011086391285061836,hip-idle,support contact >10mm,59,0,0,,1.9666666984558105,1.9666666984558105,machineGun
4.1429515817981155e-07,10.698180338359506,9.543757030303292,19.99974862093917,10.685655112639651,25.548265740776742,20.00029434218892,0.010862072929739952,hip-idle,support contact >10mm,60,0,0,,2,2,machineGun
2.3888378564151935e-07,10.549057534764119,9.672458045516128,19.99978493217108,10.667106921291849,25.521630612103692,20.000263606696826,0.010910721495747566,hip-idle,support contact >10mm,61,0,0,,2.0333333015441895,2.0333333015441895,machineGun
4.995779363525799e-07,10.416685393786782,9.787343983339955,20.000038472236504,10.704732993437208,25.50482568475564,20.0003486605931,0.010798322036862373,hip-idle,support contact >10mm,62,0,0,,2.066666603088379,2.066666603088379,machineGun
3.9000070728434366e-07,10.33564695606754,9.86171782899952,19.999925264828182,10.821065304958847,25.542309748548522,20.00028249839551,0.01046439167112112,hip-idle,support contact >10mm,63,0,0,,2.0999999046325684,2.0999999046325684,machineGun
1.1920928955078125e-07,12.700077674564044,8.523218869573236,19.999942810228664,4.05243299502452,18.240270784954237,20.00037423006877,0.03951363265514374,running,support contact >10mm,0,0,0,,0,0,machineGun
8.940696716308594e-08,14.127495947463524,7.081126649742205,20.00001375948172,4.5904381110622055,19.242739660271997,20.000295560314438,0.044145505875349045,running,support contact >10mm,1,0,0,,0.016666666666666666,0.016666666666666666,machineGun
1.1920928955078125e-07,15.559814018690757,5.663276893232157,19.9997647949761,5.3260751169768525,20.245147567170726,20.00037096333643,0.04873755946755409,running,support contact >10mm,2,0,0,,0.03333333507180214,0.03333333507180214,machineGun
2.9802322387695312e-08,16.61760948236162,6.075468193616444,19.999914440350505,6.347778389347801,20.85741296379609,20.00043679917992,0.05409736931324005,running,support contact >10mm,3,0,0,,0.05,0.05,machineGun
5.960464477539063e-08,17.6516713169992,6.971726670243472,19.999889878426185,7.349666045866439,21.46377173487768,20.000415838690902,0.059445034712553024,running,support contact >10mm,4,0,0,,0.06666667014360428,0.06666667014360428,machineGun
2.9802322387695312e-08,18.493347654180692,7.584340784247418,19.999952772536208,6.912401072973116,20.566230140451434,20.000375240518714,0.059446051716804504,running,support contact >10mm,5,0,0,,0.08333333333333333,0.08333333333333333,machineGun
0,19.325161869558066,8.3272959603936,19.999860006125722,6.5599626382347,19.699762926455602,20.00027978613645,0.05944066494703293,running,support contact >10mm,6,0,0,,0.10000000149011612,0.10000000149011612,machineGun
1.3328003944934608e-07,19.70535803879169,9.77392117908919,19.999944767919114,5.038411979095942,18.516702627952753,20.00040226214778,0.05350282043218613,running,support contact >10mm,7,0,0,,0.11666666666666667,0.11666666666666667,machineGun
6.664001972467304e-08,20.11788970577149,11.23202787712806,19.999919750410157,3.954494874761412,17.372286203055676,20.00041143604861,0.04766015335917473,running,support contact >10mm,8,0,0,,0.13333334028720856,0.13333334028720856,machineGun
7.450580596923828e-08,19.2531935687396,12.130256629661549,20.000040408503207,3.7558207542942914,16.478775201617243,20.000353825084144,0.0426296666264534,running,support contact >10mm,9,0,0,,0.15,0.15,machineGun
6.664001972467304e-08,18.465391122048672,13.128544337875063,20.000018184858078,4.303305212510935,15.716436326167218,19.992442349563092,0.03762131184339523,running,support contact >10mm,10,0,0,,0.1666666716337204,0.1666666716337204,machineGun
0,17.267829905527034,13.286553170310903,19.99987635997617,4.643214426805464,14.709292081149515,19.098588534603394,0.03336624056100845,running,support contact >10mm,11,0,0,,0.18333333333333332,0.18333333333333332,machineGun
1.1920928955078125e-07,16.075052820077527,13.5913789077168,19.99980612156777,5.193631295031164,13.72875018170706,18.22600649925102,0.029148776084184647,running,support contact >10mm,12,0,0,,0.20000000298023224,0.20000000298023224,machineGun
6.143906006172983e-08,14.867135611869847,14.033475559492189,19.999939432318556,6.152587526692848,12.781116039819565,17.485227135775425,0.023913415148854256,running,support contact >10mm,13,0,0,,0.21666666666666667,0.21666666666666667,machineGun
0,13.673444659703652,14.60030934741767,19.999706933222786,7.343090992317063,11.87424815580321,16.822647188449796,0.018787583336234093,running,support contact >10mm,14,0,0,,0.23333333432674408,0.23333333432674408,machineGun
1.2013700256829907e-07,12.873712440309538,14.833835143827926,19.999800391718004,8.806625590492352,11.06549345111326,16.629622726587794,0.013690127059817314,running,support contact >10mm,15,0,0,,0.25,0.25,machineGun
1.4901161193847656e-08,12.070825055502622,15.13079151331211,19.99994236140175,10.54539749202963,10.263117435562174,16.718707173149078,0.008688127622008324,running,,16,0,0,,0.2666666805744171,0.2666666805744171,machineGun
2.9802322387695312e-08,11.859725813893647,14.279517211910147,19.999911264097463,11.95722392876258,10.098759012822464,17.586951617521304,0.0050970204174518585,running,,17,0,0,,0.2833333333333333,0.2833333333333333,machineGun
0,11.679862736182677,13.455678530222817,19.9997719656577,13.740731630551956,9.935403497915985,18.79394937367656,0.001532469061203301,running,,18,0,0,,0.30000001192092896,0.30000001192092896,machineGun
1.4901161193847656e-08,12.63474419302752,11.806560668448073,19.99997079617586,15.874373184257932,9.465143103335242,19.900551226673556,7.968479621922597e-05,running,,19,0,0,,0.31666666666666665,0.31666666666666665,machineGun
0.0016367854550480843,13.574959418112702,10.209601872456956,19.999869843785202,17.348201743943008,9.001449689276658,20.000397222671157,2.8678956368821673e-05,running,,20,0,0,,0.3333333432674408,0.3333333432674408,machineGun
0.000984115875326097,14.172575081224684,8.29493442431307,19.999897509502215,18.05094647947408,8.421019301232858,20.000481297417934,1.6135425539687276e-05,running,,21,0,0,,0.35,0.35,machineGun
0.002571296878159046,14.748777046695123,6.532382874568177,19.999945235643775,18.7744600068251,7.91503623838316,20.00047201113585,8.394010365009308e-06,running,,22,0,0,,0.36666667461395264,0.36666667461395264,machineGun
1.1920928955078125e-07,14.96545570411292,5.311582153350006,20.00015447705305,16.663133297526606,8.35278486493924,19.503551129497207,3.8686379411956295e-05,running,,23,0,0,,0.38333333333333336,0.38333333333333336,machineGun
0,15.658522335149822,4.338710956479736,19.999860714957357,12.813015591551096,8.90225155245154,17.90079468352096,0.0031379524152725935,running,,24,0,0,,0.4000000059604645,0.4000000059604645,machineGun
0,16.004031301579065,4.0069232342677195,19.999947445517936,9.223804136891268,10.026463400573155,17.351122351979207,0.01056744810193777,running,support contact >10mm,25,0,0,,0.4166666666666667,0.4166666666666667,machineGun
2.9802322387695312e-08,16.33735081856853,3.7498534850791785,19.999678232363873,6.838296569806259,11.353652768157433,17.61221740918192,0.018239857628941536,running,support contact >10mm,26,0,0,,0.4333333373069763,0.4333333373069763,machineGun
1.1920928955078125e-07,15.926396035260243,4.311161031093668,19.999951195430064,5.504914438292739,13.094029515223598,18.579100491121842,0.0253875944763422,running,support contact >10mm,27,0,0,,0.45,0.45,machineGun
2.9802322387695312e-08,15.50008511459561,4.9252561904100105,19.999703802910467,5.0855788491247225,14.926328111587866,19.757848804124045,0.03265726938843727,running,support contact >10mm,28,0,0,,0.46666666865348816,0.46666666865348816,machineGun
5.960464477539063e-08,14.099026737578873,6.710932156799042,19.999981700166533,4.3613331870269425,16.558678160931617,20.000479359516433,0.03604039549827576,running,support contact >10mm,29,0,0,,0.48333333333333334,0.48333333333333334,machineGun
1.1920928955078125e-07,12.700077674564044,8.523218869573236,19.999942810228664,4.05243299502452,18.240270784954237,20.00037423006877,0.03951363265514374,running,support contact >10mm,30,0,0,,0.5,0.5,machineGun
1.1920928955078125e-07,12.700077674564044,8.523218869573236,19.999942810228664,4.05243299502452,18.240270784954237,20.00037423006877,0.03951363265514374,sprint,support contact >10mm,0,0,0,,0,0,machineGun
3.686343745812337e-07,14.460714935895188,7.081126649742205,19.999790595845187,4.3282465387487115,19.242739660271997,20.00026825170786,0.037109360098838806,sprint,support contact >10mm,1,0,0,,0.016666666666666666,0.016666666666666666,machineGun
8.663202493153221e-07,16.192697905683463,5.663276893232157,19.99987995075302,4.772113118710505,20.245147567170726,20.000516501095454,0.03408331051468849,sprint,support contact >10mm,2,0,0,,0.03333333507180214,0.03333333507180214,machineGun
1.6442673995697987e-06,17.95437635072837,6.075468193616444,19.999851844478787,5.504611913317673,20.85741296379609,20.000376345662694,0.03136764466762543,sprint,support contact >10mm,3,0,0,,0.05,0.05,machineGun
2.9206275939941406e-06,19.924380230451245,6.971726670243472,19.999835332914948,6.254797238413398,21.46377173487768,20.000280781467023,0.028206203132867813,sprint,support contact >10mm,4,0,0,,0.06666667014360428,0.06666667014360428,machineGun
4.999777956982143e-06,21.6802222916601,7.584340784247418,19.99987321100732,5.527363426520355,20.566230140451434,20.00027565346055,0.01914028450846672,sprint,support contact >10mm,5,0,0,,0.08333333333333333,0.08333333333333333,machineGun
7.992635801201686e-06,23.528661358596537,8.3272959603936,19.999912330713123,4.927252785620895,19.699762926455602,20.00028899182487,0.009654003195464611,sprint,,6,0,0,,0.10000000149011612,0.10000000149011612,machineGun
1.595371031726245e-05,26.84367040427107,9.77392117908919,19.999885342671654,3.858173141705615,18.516702627952753,20.000331322985655,1.5269147013441398e-07,sprint,,7,0,0,,0.11666666666666667,0.11666666666666667,machineGun
2.9570692277047783e-05,29.519170606123097,11.23202787712806,20.00002125652249,3.492168462465736,17.372286203055676,20.000391819120743,3.2633543014526367e-06,sprint,,8,0,0,,0.13333334028720856,0.13333334028720856,machineGun
4.6166518586687744e-05,30.399493887766546,12.130256629661549,19.99997051503564,3.6124803001853953,16.478775201617243,20.000336581958734,9.864208550425246e-06,sprint,,9,0,0,,0.15,0.15,machineGun
5.0990267482120544e-05,30.5993868637959,12.352547088171796,19.99981772410293,3.734729901264722,16.290494357723013,20.00046922688474,1.1614594768616371e-05,sprint,,10,0,0,,0.15384615384615385,0.15384615384615385,machineGun
5.705447983928025e-05,30.942395923773446,13.128544337875063,19.999809203456568,4.367235463205409,15.716436326167218,20.000134319512338,1.281264212593669e-05,sprint,,11,0,0,,0.1666666716337204,0.1666666716337204,machineGun
6.544560164911672e-05,30.360580477104374,13.286553170310903,19.99983643570816,5.54193358632301,14.709292081149515,20.000171262884226,1.5540310414507985e-05,sprint,,12,0,0,,0.18333333333333332,0.18333333333333332,machineGun
7.631664630025625e-05,29.814889521137985,13.5913789077168,19.999894583501042,6.7392342080737455,13.72875018170706,20.000166769639307,1.8637063476489857e-05,sprint,,13,0,0,,0.20000000298023224,0.20000000298023224,machineGun
9.651416621636599e-05,29.31657684696266,14.033475559492189,19.999903390468063,7.970312157955972,12.781116039819565,20.000369041785497,2.1916974219493568e-05,sprint,,14,0,0,,0.21666666666666667,0.21666666666666667,machineGun
0.00012770811736118048,28.854848978389064,14.60030934741767,19.999783126224816,9.216646619486644,11.87424815580321,20.00030005313509,2.532961661927402e-05,sprint,,15,0,0,,0.23333333432674408,0.23333333432674408,machineGun
0.0001933009480126202,28.42949104371262,14.833835143827926,19.999682297276596,10.147119605172223,11.06549345111326,20.000177042873354,2.833503640431445e-05,sprint,,16,0,0,,0.25,0.25,machineGun
0.00027497869450598955,28.017072075812965,15.13079151331211,19.999877840390404,11.070120042129902,10.263117435562174,20.00017014840406,3.135844963253476e-05,sprint,,17,0,0,,0.2666666805744171,0.2666666805744171,machineGun
0.00031458906596526504,27.201259390308497,14.279517211910147,19.99971676690572,11.142608391446828,10.098759012822464,20.0002944943938,3.526803629938513e-05,sprint,,18,0,0,,0.2833333333333333,0.2833333333333333,machineGun
0.0003676603373605758,26.352634811374152,13.455678530222817,19.999947653078607,11.22786667736957,9.935403497915985,20.00029473515845,3.934538835892454e-05,sprint,,19,0,0,,0.30000001192092896,0.30000001192092896,machineGun
0.0004306705086492002,25.003616933882284,11.806560668448073,19.999782912794316,11.751786505542945,9.465143103335242,20.000335899043215,4.518563946476206e-05,sprint,,20,0,0,,0.31666666666666665,0.31666666666666665,machineGun
0.0005257887532934546,23.61815092100423,10.209601872456956,19.999824388123407,12.293717852074398,9.001449689276658,20.000553540055808,5.1451985200401396e-05,sprint,,21,0,0,,0.3333333432674408,0.3333333432674408,machineGun
0.0005806544213555753,22.01764109549614,8.29493442431307,19.999965457502984,13.178628043185462,8.421019301232858,20.00035797797993,5.879130549146794e-05,sprint,,22,0,0,,0.35,0.35,machineGun
0.0006579408072866499,20.420051992648233,6.532382874568177,19.99975700702316,14.075823877746865,7.91503623838316,20.00044054250724,6.682056118734181e-05,sprint,,23,0,0,,0.36666667461395264,0.36666667461395264,machineGun
0.0004197449015919119,19.2989807792125,5.311582153350006,19.999898156925855,12.84779129328715,8.35278486493924,20.000350097942373,7.133378676371649e-05,sprint,,24,0,0,,0.38333333333333336,0.38333333333333336,machineGun
0.00030874062213115394,18.223104693874387,4.338710956479736,19.999786463814807,11.722211577986686,8.90225155245154,20.000315938206374,7.595736678922549e-05,sprint,,25,0,0,,0.4000000059604645,0.4000000059604645,machineGun
0.00016906476230360568,18.699606280631716,4.0069232342677195,19.99982654228125,10.08311397010614,10.026463400573155,20.000273208961858,7.01528406352736e-05,sprint,,26,0,0,,0.4166666666666667,0.4166666666666667,machineGun
9.060959564521909e-05,19.175483888620803,3.7498534850791785,19.99978704573462,8.659855492642432,11.353652768157433,20.000408860412396,6.319585372693837e-05,sprint,,27,0,0,,0.4333333373069763,0.4333333373069763,machineGun
6.091049363021739e-05,19.462549945049933,4.311161031093668,19.999816384844625,7.221088400923767,13.094029515223598,20.000390641274297,5.6040240451693535e-05,sprint,,28,0,0,,0.45,0.45,machineGun
4.4729156797984615e-05,19.68705243390671,4.9252561904100105,19.99969100001222,6.145006144270176,14.926328111587866,20.000132325695617,4.836604784941301e-05,sprint,,29,0,0,,0.46666666865348816,0.46666666865348816,machineGun
4.1665523895062506e-05,20.03470628772441,6.710932156799042,19.99998337897603,5.570007759256464,16.558678160931617,20.00032656785837,4.171562977717258e-05,sprint,,30,0,0,,0.48333333333333334,0.48333333333333334,machineGun
3.905883932020515e-05,20.284819331482204,8.523218869573236,19.999988563429337,5.439585382539327,18.240270784954237,20.000314223807674,3.579222902772017e-05,sprint,,31,0,0,,0.5,0.5,machineGun
3.402972288313322e-05,20.342063334726294,7.081126649742205,19.999870536366508,5.55210576798798,19.242739660271997,20.0002373614982,3.0477694963337854e-05,sprint,,32,0,0,,0.5166666666666667,0.01666666666666672,machineGun
3.0222199711715803e-05,20.488317165708583,5.663276893232157,19.999710507340907,5.840401103554893,20.245147567170726,20.0004972129128,2.4184213543776423e-05,sprint,,33,0,0,,0.5333333350718021,0.03333333507180214,machineGun
2.634208431118168e-05,22.132163799946653,6.075468193616444,19.99984405883659,6.434296044131088,20.85741296379609,20.000246097540085,1.0725534593802877e-05,sprint,,34,0,0,,0.55,0.050000000000000044,machineGun
2.309141564182937e-05,23.687096835128227,6.971726670243472,19.999898508168155,7.072349141294536,21.46377173487768,20.000286868193943,5.077339437775663e-07,sprint,,35,0,0,,0.5666666701436043,0.06666667014360428,machineGun
2.1417339667095803e-05,24.810009285221483,7.584340784247418,19.99994818068825,6.310230826822654,20.566230140451434,20.000279742380986,6.776343184355937e-07,sprint,,36,0,0,,0.5833333333333334,0.08333333333333337,machineGun
1.9595723642851226e-05,25.93737307579344,8.3272959603936,19.999870237655546,5.65929490978031,19.699762926455602,20.000165177524295,1.205521471092652e-06,sprint,,37,0,0,,0.6000000014901161,0.10000000149011612,machineGun
2.2993337552179582e-05,27.50142393290148,9.77392117908919,20.000016518027813,4.533327283340392,18.516702627952753,20.000343500142982,6.210406695572601e-07,sprint,,38,0,0,,0.6166666666666667,0.1166666666666667,machineGun
2.7626028895610943e-05,29.021954364781557,11.23202787712806,19.999873664550876,3.9131288371153174,17.372286203055676,20.00040876358959,1.4392546745511936e-06,sprint,,39,0,0,,0.6333333402872086,0.13333334028720856,machineGun
2.9075155907776207e-05,29.196033628899173,12.130256629661549,19.999891694310783,3.740748948597025,16.478775201617243,20.000125725526384,3.0184692150214687e-06,sprint,,40,0,0,,0.65,0.15000000000000002,machineGun
3.11804651573766e-05,29.434855932706355,13.128544337875063,19.999804912439664,4.289932151567465,15.716436326167218,19.999918786212927,4.255605745129287e-06,sprint,,41,0,0,,0.6666666716337204,0.1666666716337204,machineGun
3.343749267514795e-05,28.69215181496213,13.286553170310903,19.99994376021349,5.399237196000112,14.709292081149515,20.000404451824476,6.375537850544788e-06,sprint,,42,0,0,,0.6833333333333333,0.18333333333333335,machineGun
3.645582910394296e-05,28.000781203646238,13.5913789077168,19.999786875364506,6.543302194352842,13.72875018170706,20.00008310545357,8.910857104638126e-06,sprint,,43,0,0,,0.7000000029802322,0.20000000298023224,machineGun
4.3579730117926374e-05,27.39135850109149,14.033475559492189,20.000021747151454,7.7280331136295715,12.781116039819565,20.000455209329985,1.176991736429045e-05,sprint,,44,0,0,,0.7166666666666667,0.21666666666666667,machineGun
5.452229015645571e-05,26.83862955226037,14.60030934741767,19.999885441011422,8.936436004190652,11.87424815580321,20.000428259040724,1.4682627806905657e-05,sprint,,45,0,0,,0.7333333343267441,0.23333333432674408,machineGun
7.757743151159957e-05,26.420409585778824,14.833835143827926,19.99990078081002,9.878545634384416,11.06549345111326,20.000308056630242,1.7738668248057365e-05,sprint,,46,0,0,,0.75,0.25,machineGun
0.00012093012628611177,26.031024207754268,15.13079151331211,19.999791804748142,10.834116345494309,10.263117435562174,20.000367902959848,2.0579971533152275e-05,sprint,,47,0,0,,0.7666666805744171,0.2666666805744171,machineGun
0.000178343485458754,25.382250962729536,14.279517211910147,19.999926897712243,10.946257550703656,10.098759012822464,20.00035092382634,2.3461223463527858e-05,sprint,,48,0,0,,0.7833333333333333,0.2833333333333333,machineGun
0.00025848293444141746,24.70741514266378,13.455678530222817,19.999901218029247,11.07000170395601,9.935403497915985,20.00018508868957,2.6884867111220956e-05,sprint,,49,0,0,,0.800000011920929,0.30000001192092896,machineGun
0.000302102358546108,23.61967714534677,11.806560668448073,19.99983291870897,11.616682275983473,9.465143103335242,20.00037089808739,3.1501916964771226e-05,sprint,,50,0,0,,0.8166666666666667,0.31666666666666665,machineGun
0.00037009106017649174,22.488511999759112,10.209601872456956,20.000002345008884,12.184670220622115,9.001449689276658,20.000369199879987,3.691906385938637e-05,sprint,,51,0,0,,0.8333333432674408,0.3333333432674408,machineGun
0.000401272060116753,21.16279371265334,8.29493442431307,19.99974161149728,13.07522985272727,8.421019301232858,20.00026282033559,4.332914249971509e-05,sprint,,52,0,0,,0.85,0.35,machineGun
0.00044964844710193574,19.81883978559877,6.532382874568177,19.999878040421358,13.983554821996394,7.91503623838316,20.000279491665424,5.071570922154933e-05,sprint,,53,0,0,,0.8666666746139526,0.36666667461395264,machineGun
0.00028539597406052053,18.883558588481673,5.311582153350006,20.000055743104486,12.763057144686352,8.35278486493924,20.00041816879067,5.5315216741291806e-05,sprint,,54,0,0,,0.8833333333333333,0.3833333333333333,machineGun
0.00021119517623446882,17.970876716606575,4.338710956479736,19.999793854678455,11.656278256527536,8.90225155245154,20.00037014452798,6.0362941439962015e-05,sprint,,55,0,0,,0.9000000059604645,0.4000000059604645,machineGun
9.366680023958907e-05,18.511923586935904,4.0069232342677195,19.999844342563303,10.053841466239009,10.026463400573155,20.000394061009658,5.5859858548501506e-05,sprint,,56,0,0,,0.9166666666666666,0.41666666666666663,machineGun
5.654292181134224e-05,19.04910286990017,3.7498534850791785,19.99971680572131,8.670261466726018,11.353652768157433,20.0005561944146,5.081283234176226e-05,sprint,,57,0,0,,0.9333333373069763,0.4333333373069763,machineGun
4.2013463826151565e-05,19.378259060728258,4.311161031093668,19.99972166909319,7.262472322210825,13.094029515223598,20.000462482200874,4.54493347206153e-05,sprint,,58,0,0,,0.95,0.44999999999999996,machineGun
3.4082862839568406e-05,19.667979635771903,4.9252561904100105,19.999781870838554,6.203198397810225,14.926328111587866,20.000262303355715,4.019299376523122e-05,sprint,,59,0,0,,0.9666666686534882,0.46666666865348816,machineGun
3.4572865843074396e-05,20.117963114486436,6.710932156799042,19.999816659048822,5.61610017999715,16.558678160931617,20.000390428864474,3.5929144360125065e-05,sprint,,60,0,0,,0.9833333333333333,0.4833333333333333,machineGun
3.522432962199673e-05,20.53716294017897,8.523218869573236,19.99993701339859,5.467275205450963,18.240270784954237,20.00036617376786,3.202918014721945e-05,sprint,,61,0,0,,1,0,machineGun
0,,,,9.305878440441596,21.201925664528773,20.000308117022076,0,knife,,0,,,,0,0,machineGun
0,,,,11.359473156172475,20.85587945694821,20.000330397553835,0,knife,,1,,,,0.012500000651925802,0.03333333507180214,machineGun
0,,,,12.063272430750319,20.874512480442128,20.000372511564372,0,knife,,2,,,,0.016666666666666666,0.04444444444444445,machineGun
0,,,,13.66757398733658,21.14459090549372,20.000467333673274,0,knife,,3,,,,0.025000001303851604,0.06666667014360428,machineGun
0,,,,15.406685394197046,21.714022568306117,20.00045116377539,0,knife,,4,,,,0.03333333333333333,0.0888888888888889,machineGun
0,,,,16.34246321164722,22.10418330717913,20.000303621473403,0,knife,,5,,,,0.037500000558793545,0.10000000149011612,machineGun
0,,,,19.306674082336684,23.385319179303504,20.000451154178702,0,knife,,6,,,,0.05000000260770321,0.13333334028720856,machineGun
0,,,,22.059134470917435,24.670728460902936,20.00016837307064,0,knife,,7,,,,0.06250000186264515,0.1666666716337204,machineGun
0,,,,22.754597120157996,25.106175748726287,20.000339849772743,0,knife,,8,,,,0.06666666666666667,0.1777777777777778,machineGun
0,,,,24.162394354152855,25.994778698953937,20.000438855444553,0,knife,,9,,,,0.07500000111758709,0.20000000298023224,machineGun
0,,,,25.808495090043472,26.631778427821178,20.000278803277016,0,knife,,10,,,,0.08333333333333333,0.2222222222222222,machineGun
0,,,,26.64829498239894,26.96052974236083,20.000237694797352,0,knife,,11,,,,0.08750000037252903,0.23333333432674408,machineGun
0,,,,29.545896708181573,25.556118163133288,20.000498503361243,0,knife,,12,,,,0.1,0.26666666666666666,machineGun
0,,,,31.05439078617426,20.61228221564052,20.000452066855665,0,knife,,13,,,,0.11250000447034836,0.30000001192092896,machineGun
0,,,,31.070946635796698,18.50282161430621,20.000315303573746,0,knife,,14,,,,0.11666666666666667,0.3111111111111111,machineGun
0,,,,30.845599248938534,14.951190004980704,20.000448627778088,0,knife,,15,,,,0.1250000037252903,0.3333333432674408,machineGun
0,,,,29.68358760434557,12.64948950877396,20.00040449449313,0,knife,,16,,,,0.13333333333333333,0.3555555555555556,machineGun
0,,,,28.5876512992015,11.828858190098629,20.000163022558027,0,knife,,17,,,,0.13750000298023224,0.36666667461395264,machineGun
0,,,,25.09663662879306,10.295512236821681,20.000420306343614,0,knife,,18,,,,0.15,0.4,machineGun
0,,,,23.747096814970607,9.39707688454101,20.000294443864092,0,knife,,19,,,,0.16666666666666666,0.4222222222222222,machineGun
0,,,,23.043420271804855,8.955915798345659,20.000438664451185,0,knife,,20,,,,0.17500000298023222,0.4333333373069763,machineGun
0,,,,22.936745547295473,8.757017914399954,20.000369666498045,0,knife,,21,,,,0.18333333333333332,0.4444444444444444,machineGun
0,,,,22.73645614974283,8.359123253200442,20.000081264601107,0,knife,,22,,,,0.2000000014901161,0.46666666865348816,machineGun
0,,,,22.616949310373077,8.448676339210866,20.000299838291234,0,knife,,23,,,,0.21666666666666667,0.48888888888888893,machineGun
0,,,,22.577746836928235,8.511885741140915,20.000199523193096,0,knife,,24,,,,0.22499999999999998,0.5,machineGun
0,,,,22.43650488393405,8.645721001546947,20.000366994869303,0,knife,,25,,,,0.23333333333333334,0.5111111111111112,machineGun
0,,,,22.256797021097537,9.027513222424346,20.00032445189483,0,knife,,26,,,,0.25000002086162565,0.5333333611488342,machineGun
0,,,,22.43254987318421,9.285693909906804,20.000282438540097,0,knife,,27,,,,0.26666666666666666,0.5555555555555556,machineGun
0,,,,22.557135122886727,9.45137435681945,20.000377383090456,0,knife,,28,,,,0.27499999701976774,0.5666666626930237,machineGun
0,,,,22.846948977685827,9.452773915311226,20.000659045132895,0,knife,,29,,,,0.2833333333333333,0.5777777777777777,machineGun
0,,,,23.38802048289042,9.466883823828798,20.000458735338587,0,knife,,30,,,,0.3000000178813934,0.6000000238418579,machineGun
0,,,,24.237278826857136,9.380011148191715,20.000320312245773,0,knife,,31,,,,0.31666666666666665,0.6222222222222222,machineGun
0,,,,24.629929520534606,9.342009272211584,20.000304076261838,0,knife,,32,,,,0.3249999940395355,0.6333333253860474,machineGun
0,,,,25.176457687340083,9.294251430074212,20.00039350919104,0,knife,,33,,,,0.3333333333333333,0.6444444444444444,machineGun
0,,,,26.203024701310635,9.290747405949727,20.000400066453192,0,knife,,34,,,,0.35000001490116117,0.6666666865348816,machineGun
0,,,,26.045339501663467,8.636762590235778,20.000358497160967,0,knife,,35,,,,0.36666666666666664,0.6888888888888889,machineGun
0,,,,25.947955947157077,8.308587416449297,20.000237215718553,0,knife,,36,,,,0.37499999105930326,0.699999988079071,machineGun
0,,,,24.788598407802294,6.873011106275366,20.000184171735658,0,knife,,37,,,,0.38333333333333336,0.7111111111111112,machineGun
0,,,,22.37106092375621,4.003022588186567,20.000403870943977,0,knife,,38,,,,0.4,0.7333333333333334,machineGun
0,,,,18.91512129218776,0.3476542971049935,20.00031299626753,0,knife,,39,,,,0.4166666666666667,0.7555555555555555,machineGun
0,,,,17.15790146802907,1.8172225200464358,20.000373195752196,0,knife,,40,,,,0.424999988079071,0.7666666507720947,machineGun
0,,,,15.890646086419341,3.180704801789142,20.000371697973815,0,knife,,41,,,,0.43333333333333335,0.7777777777777779,machineGun
0,,,,13.359907822745916,5.949621036707027,20.000353699942455,0,knife,,42,,,,0.4500000089406967,0.800000011920929,machineGun
0,,,,11.369954591243678,8.233442970718485,20.00035464425839,0,knife,,43,,,,0.4666666666666667,0.8222222222222222,machineGun
0,,,,10.39528858777739,9.378195815916404,20.00030544022577,0,knife,,44,,,,0.4749999850988388,0.8333333134651184,machineGun
0,,,,9.639519596299689,10.347775706916952,20.000255051266475,0,knife,,45,,,,0.48333333333333334,0.8444444444444444,machineGun
0,,,,8.232778331832822,12.290682521976272,20.00032415722093,0,knife,,46,,,,0.5000000059604645,0.8666666746139526,machineGun
0,,,,7.32348184071026,14.026745079141469,20.00020908180366,0,knife,,47,,,,0.5166666666666667,0.8888888888888891,machineGun
0,,,,6.988529743376666,14.895512875669944,20.000359570959038,0,knife,,48,,,,0.5249999821186065,0.8999999761581421,machineGun
0,,,,6.8844945190892295,15.73067279959392,20.00017934494519,0,knife,,49,,,,0.5333333333333333,0.9111111111111112,machineGun
0,,,,7.049526757635383,17.40259329346188,20.000214072095734,0,knife,,50,,,,0.5500000029802322,0.9333333373069763,machineGun
0,,,,7.858704507029445,19.126564958153665,20.000240834250967,0,knife,,51,,,,0.5666666666666667,0.9555555555555555,machineGun
0,,,,8.406420072497799,19.98883337729523,20.00020033527162,0,knife,,52,,,,0.5749999791383743,0.9666666388511658,machineGun
0,,,,8.693800343428675,20.3930332361154,20.000423228306396,0,knife,,53,,,,0.5833333333333334,0.9777777777777779,machineGun
0,,,,9.305878440441596,21.201925664528773,20.000308117022076,0,knife,,54,,,,0.6,1,machineGun
0.2888578176498413,23.341720095113914,9.86171782899952,19.999931458954734,45.16480418244544,25.542309748548522,20.000278754355925,0.2993219196796417,swap,,0,0,0,,0,0,machineGun
0.23603804409503937,23.10579003045461,9.89363668229572,19.999860070999848,45.20548777211104,25.531599210674184,20.000463495758066,0.24446061253547668,swap,,1,0,0,,0.016666666666666666,0.016666666666666666,machineGun
0.18852467834949493,22.7958190252966,9.925533713202858,19.99995657408943,45.24682761214188,25.52112866070838,20.00064819770883,0.19526000320911407,swap,,2,0,0,,0.03333333507180214,0.03333333507180214,machineGun
0.1462889313697815,22.3963892807514,9.957480961993362,20.00011651140422,45.2883377888613,25.511304591130227,20.000372656946784,0.15165264904499054,swap,,3,0,0,,0.05,0.05,machineGun
0.10923994332551956,21.88898747497201,9.989405157978748,19.999969287287005,45.33020911014897,25.5016650240733,20.000361982037255,0.11355611681938171,swap,,4,0,0,,0.06666667014360428,0.06666667014360428,machineGun
0.07726947963237762,21.252725147777227,10.021346278793706,19.9996624682887,45.37192524857665,25.49309464168945,20.000225392640374,0.0808022990822792,swap,,5,0,0,,0.08333333333333333,0.08333333333333333,machineGun
0.050184573978185654,20.467323906819626,10.053285095735841,19.999951374989,45.41107961984434,25.48474395552793,20.000082820636063,0.053177736699581146,swap,,6,0,0,,0.10000000149011612,0.10000000149011612,machineGun
0.02776448056101799,19.517724731066398,10.085211268832158,19.9999788869633,45.4444730508622,25.477277146787646,20.00037792895529,0.0303635373711586,swap,,7,0,0,,0.11666666666666667,0.11666666666666667,machineGun
0.009688938036561012,18.403418801672846,10.117141390973229,19.999869272931242,45.46469803135258,25.47000585494226,20.000436320060686,0.012007866986095905,swap,,8,0,0,,0.13333334028720856,0.13333334028720856,machineGun
0.006347740534693003,17.079921530910365,10.140136391920327,19.999966474318008,45.460513459444435,25.46391194840057,20.000123957402995,0.0036602956242859364,swap,,9,0,0,,0.15,0.15,machineGun
3.332000986233652e-08,13.250951138434633,10.163112576625876,19.99962002146035,37.25281123517404,25.45800504968509,11.835085160051255,1.749587318045087e-05,swap,,10,0,0,,0.1666666716337204,0.1666666716337204,machineGun
3.332000986233652e-08,10.901671541182791,10.186111602782631,19.99979206629044,30.19533057571905,25.435340401315127,5.080689382893934,1.5884945696598152e-06,swap,,11,0,0,,0.18333333333333332,0.18333333333333332,machineGun
5.960464477539063e-08,9.909921996721033,10.209109222652241,19.999978677361813,24.896166240110297,25.412861804326397,2.694606055090212,8.483198712383455e-07,swap,,12,0,0,,0.20000000298023224,0.20000000298023224,machineGun
6.143906006172983e-08,9.791987850095243,10.232094802884705,19.999976312285543,20.707365800486727,25.37968692388061,5.862715719212464,7.08393088189041e-07,swap,,13,0,0,,0.21666666666666667,0.21666666666666667,machineGun
0,9.983451821926353,10.255090386732737,19.99978500689635,17.367608133097253,25.346582131457456,9.148494386722932,1.0293672403349774e-06,swap,,14,0,0,,0.23333333432674408,0.23333333432674408,machineGun
1.341104507446289e-07,10.234998476925664,10.25895237764194,19.999645877286387,14.731970014066398,25.312883331628786,11.898591021492456,1.1980384897469776e-06,swap,,15,0,0,,0.25,0.25,machineGun
3.332000986233652e-08,10.4348702661783,10.26285790669151,19.999963943640832,12.698094704254842,25.27925421726449,14.13470933797542,1.3879694051865954e-06,swap,,16,0,0,,0.2666666805744171,0.2666666805744171,machineGun
1.4901161193847656e-08,10.562202745567163,10.266751134282353,20.000067457541288,11.18356361642583,25.243666230602035,15.91727658421439,1.523784931123373e-06,swap,,17,0,0,,0.2833333333333333,0.2833333333333333,machineGun
2.9802322387695312e-08,10.61908015602584,10.270657445630025,19.99983329579569,10.113236580104742,25.20815710200538,17.313617161060968,1.4667617733721272e-06,swap,,18,0,0,,0.30000001192092896,0.30000001192092896,machineGun
6.664001972467304e-08,10.613509566990944,10.274621462838498,19.999910104719966,9.410247256227445,25.173141968187128,18.38506714991108,1.5691566659370437e-06,swap,,19,0,0,,0.31666666666666665,0.31666666666666665,machineGun
5.960464477539063e-08,10.555986598231296,10.278590893377975,19.99979175739654,9.004771367912431,25.138129651865764,19.186008635261235,1.5184568837867118e-06,swap,,20,0,0,,0.3333333432674408,0.3333333432674408,machineGun
3.332000986233652e-08,10.46160881609002,10.28255240448352,20.000018751931584,8.85419497063452,25.10315074197205,19.744073465555,2.4991784357553115e-06,swap,,21,0,0,,0.35,0.35,machineGun
1.2644053981603065e-07,10.33079322027321,10.286570298807696,19.999930225506574,8.931452225909823,25.068234158387803,20.000194553921773,6.626059075642843e-06,swap,,22,0,0,,0.36666667461395264,0.36666667461395264,machineGun
2.4620757699267415e-07,10.152985270040325,10.290597966195941,19.999871021399414,9.161336436376633,25.0351645652803,20.000430018629206,2.7121161110699177e-05,swap,,23,0,0,,0.38333333333333336,0.38333333333333336,machineGun
2.5506679435238766e-07,9.970340503200541,10.294619772312641,19.9998809696023,9.411297040158855,25.0020296060367,20.00032983312017,6.068086440791376e-05,swap,,24,0,0,,0.4000000059604645,0.4000000059604645,machineGun
3.588674815091508e-07,9.834919350863538,10.280663782708306,19.99990058443989,9.671538260708772,24.968938714208434,20.000254140327463,0.0007623835117556155,swap,,25,0,0,,0.4166666666666667,0.4166666666666667,machineGun
2.585254890163924e-07,9.883444723158345,10.266772235071423,19.999959463095948,9.931725923885839,24.93593120662788,20.00031135332119,0.0027914063539355993,swap,,26,0,0,,0.4333333373069763,0.4333333373069763,machineGun
2.4575624024691933e-07,9.929107953018177,10.252961027318097,19.99991298464258,10.181847499227025,24.907062885415545,20.00013937047068,0.004489532206207514,swap,,27,0,0,,0.45,0.45,machineGun
3.332000986233652e-08,9.971146523136335,10.239230042246476,20.00014561297189,10.412029533230308,24.878181300545737,20.000330983183346,0.005868079140782356,swap,,28,0,0,,0.46666666865348816,0.46666666865348816,machineGun
1.2013700256829907e-07,10.017608480441172,10.218230083179877,19.999902551218256,10.598820797291516,24.849295112443407,20.000294512965876,0.006996481213718653,swap,,29,0,0,,0.48333333333333334,0.48333333333333334,machineGun
1.2377833513710357e-07,10.060247190500183,10.197305224952276,19.99981095500758,10.75116538697102,24.820433894422358,20.00040667828424,0.007853073999285698,swap,,30,0,0,,0.5,0.5,machineGun
3.332000986233652e-08,10.099449986256829,10.176519775289307,20.000021807871747,10.87715919221808,24.794164436571016,20.00032599245035,0.008443659171462059,swap,,31,0,0,,0.5166666666666667,0.5166666666666667,machineGun
5.960464477539063e-08,10.135492421005036,10.155843305911734,19.99981474300994,10.968496799899853,24.76788179028502,20.000223284007966,0.008830592967569828,swap,,32,0,0,,0.5333333611488342,0.5333333611488342,machineGun
3.332000986233652e-08,10.1762807262323,10.128893332358354,19.999713242880222,11.026881997491989,24.741589628696136,20.00042575800343,0.009058824740350246,swap,,33,0,0,,0.55,0.55,machineGun
1.2377833513710357e-07,10.215020771244573,10.102129999122544,19.999801512955987,11.060421129580218,24.715264530018008,20.000222335719666,0.00916232168674469,swap,,34,0,0,,0.5666666626930237,0.5666666626930237,machineGun
2.384185791015625e-07,10.252488773368604,10.075513135457541,19.999711411512912,11.075031654894563,24.691022345054662,20.000561279074553,0.009191595017910004,swap,,35,0,0,,0.5833333333333334,0.5833333333333334,machineGun
0,10.289234450101853,10.049027526867711,19.99982438144756,11.0808393976664,24.66674294825242,20.00034148964982,0.009178981184959412,swap,,36,0,0,,0.6,0.6,machineGun
1.341104507446289e-07,10.362322130439061,9.996554843197039,20.00004589127751,11.084058448557734,24.619869248608495,20.0003409363299,0.00915038026869297,swap,,37,0,0,,0.6333333253860474,0.6333333253860474,machineGun
7.450580596923828e-08,10.456842090642857,9.928839280338174,19.99977542070361,11.093473611183226,24.57536773593515,20.000444162747062,0.009118457324802876,swap,,38,0,0,,0.6666666865348816,0.6666666865348816,machineGun
4.214684778958144e-08,10.569831652337342,9.847920237268914,19.999800052365057,11.115096708471942,24.527251089461963,19.93126809804053,0.009092897176742554,swap,,39,0,0,,0.699999988079071,0.699999988079071,machineGun
1.4901161193847656e-08,10.69677256314473,9.759042999209642,19.999843413784664,11.110489625048913,24.477556387995257,19.859644895738732,0.009137510322034359,swap,,40,0,0,,0.7333333492279053,0.7333333492279053,machineGun
1.1920928955078125e-07,10.827479289295182,9.669545538947967,19.99977355942835,11.11872219120985,24.444839852111325,19.784377976157256,0.00915894377976656,swap,,41,0,0,,0.7666666507720947,0.7666666507720947,machineGun
6.664001972467304e-08,10.958411950692865,9.581960595416746,19.99974844310911,11.11843046574054,24.412352224282866,19.713166171188437,0.009205416776239872,swap,,42,0,0,,0.800000011920929,0.800000011920929,machineGun
2.9802322387695312e-08,11.090014931369813,9.496532364960434,19.999887922690593,11.0924849654725,24.39872517026431,19.66813737584457,0.009312490932643414,swap,,43,0,0,,0.8333333134651184,0.8333333134651184,machineGun
1.2013700256829907e-07,11.22134190261812,9.410961084394094,19.99982325661763,11.06670668250761,24.38537934487593,19.62210783582178,0.009424805641174316,swap,,44,0,0,,0.8666666746139526,0.8666666746139526,machineGun
2.9802322387695312e-08,11.35229137207937,9.325080091986386,19.99999257496762,11.041564492386275,24.393744100058456,19.58565869789906,0.00954159814864397,swap,,45,0,0,,0.8999999761581421,0.8999999761581421,machineGun
3.332000986233652e-08,11.48172605658745,9.237837879307586,19.99992156418875,10.989612099139531,24.40847115720266,19.575074665931844,0.009720510803163052,swap,,46,0,0,,0.9333333373069763,0.9333333373069763,machineGun
1.3075715799004684e-07,11.608535936588005,9.149839138543443,19.999997188245498,10.938165729682646,24.438570817229127,19.574252236547295,0.009904470294713974,swap,,47,0,0,,0.9666666388511658,0.9666666388511658,machineGun
1.2377833513710357e-07,11.733400248947795,9.061988395142492,20.000111411369133,10.899386037763263,24.48546608917818,19.57402709087085,0.010065675713121891,swap,,48,0,0,,1,1,machineGun
1.4901161193847656e-08,11.85154554535304,8.974246616097636,19.999852079865022,10.837080944733405,24.535491992900656,19.596021605218347,0.01028011180460453,swap,,49,0,0,,1.0333333015441895,1.0333333015441895,machineGun
1.341104507446289e-07,11.969688275736141,8.887451207865645,19.999846176770465,10.774950081383382,24.593449103718605,19.625083741488808,0.010495585389435291,swap,,50,0,0,,1.0666667222976685,1.0666667222976685,machineGun
0,12.080714660230063,8.799323949101,20.000015818141726,10.68255541376805,24.653040331770676,19.68172207266616,0.010782578960061073,swap,,51,0,0,,1.100000023841858,1.100000023841858,machineGun
2.9802322387695312e-08,12.185484088442156,8.711880980502622,19.999933390342854,10.634557146058423,24.738894311332363,19.72319983597899,0.010971452109515667,swap,,52,0,0,,1.1333333253860474,1.1333333253860474,machineGun
4.214684778958144e-08,12.278183298461112,8.628434522136784,19.999962637954894,10.565195284749294,24.827175045061065,19.789229882568538,0.011211353354156017,swap,,53,0,0,,1.1666666269302368,1.1666666269302368,machineGun
0,12.370528057094893,8.545171089954097,19.999980990181914,10.497638516236588,24.91996721798172,19.861301761567674,0.011441280134022236,swap,,54,0,0,,1.2000000476837158,1.2000000476837158,machineGun
2.9802322387695312e-08,12.447656585220168,8.46886759302895,19.999761310609127,10.428899231189652,25.013293316211637,19.940153851774735,0.011668754741549492,swap,,55,0,0,,1.2333333492279053,1.2333333492279053,machineGun
0,12.525601835112449,8.39261385203063,19.99995371820267,10.373214498641099,25.108891457869127,20.000473085280703,0.011892437003552914,swap,,56,0,0,,1.2666666507720947,1.2666666507720947,machineGun
3.332000986233652e-08,12.577264454164593,8.327111121360854,19.99968325870705,10.328253515109191,25.120259263863264,20.000310783125055,0.011998942121863365,swap,,57,0,0,,1.2999999523162842,1.2999999523162842,machineGun
1.2377833513710357e-07,12.628777964432496,8.261618655456486,19.999753959544393,10.27951807259753,25.134993356885886,20.00031422957495,0.012125278823077679,swap,,58,0,0,,1.3333333730697632,1.3333333730697632,machineGun
5.372690026206328e-08,12.643845548862172,8.226009109274722,19.999798785879705,10.25613883719116,25.15807370963527,20.00048883969662,0.012171383015811443,swap,,59,0,0,,1.3666666746139526,1.3666666746139526,machineGun
1.341104507446289e-07,12.657541630654766,8.190492867483051,19.999864836075414,10.14380726210078,25.143719698908093,20.0004439504483,0.012494117952883244,swap,,60,0,0,,1.399999976158142,1.399999976158142,machineGun
1.497548112183722e-07,12.673447999096492,8.1550747407389,19.999731932519445,10.167079913754765,25.207860398279095,20.00042952670276,0.012443535961210728,swap,,61,0,0,,1.4333332777023315,1.4333332777023315,machineGun
2.4211522031691857e-07,12.648043928251493,8.150591885676254,20.000023903132107,10.199073101747098,25.27214884966221,20.00041933398945,0.01235489547252655,swap,,62,0,0,,1.4666666984558105,1.4666666984558105,machineGun
2.4620757699267415e-07,12.621261941041695,8.146603730457965,19.999691262336484,10.158342739141567,25.321743036260276,20.00025280828331,0.01252831146121025,swap,,63,0,0,,1.5,1.5,machineGun
2.4073563054116676e-07,12.595469476812672,8.143114565754866,19.99973025322588,10.1670688795593,25.371350341364476,20.00044637568851,0.012518617324531078,swap,,64,0,0,,1.5333333015441895,1.5333333015441895,machineGun
3.772672698687529e-07,12.517642190150486,8.176909210439256,19.99996418964539,10.150935546558177,25.429823024924307,20.000296590370436,0.012653079815208912,swap,,65,0,0,,1.5666667222976685,1.5666667222976685,machineGun
3.877166534493881e-07,12.41916759308968,8.229374669585978,19.99982044314343,10.19388670268343,25.48832411451679,20.00039092261306,0.012551581487059593,swap,,66,0,0,,1.600000023841858,1.600000023841858,machineGun
5.333283752406714e-07,12.307023968330522,8.297740836197304,19.999948827781825,10.2270034687297,25.53611384934523,20.000301317831635,0.012485590763390064,swap,,67,0,0,,1.6333333253860474,1.6333333253860474,machineGun
5.223914172347577e-07,12.184104806973172,8.378423566097217,19.999803653827115,10.242251028413989,25.56430633259948,20.000282753017366,0.01245826669037342,swap,,68,0,0,,1.6666666269302368,1.6666666269302368,machineGun
5.206884452491067e-07,12.05426633644492,8.468184667574379,19.999959830971466,10.274793224414038,25.591207452923758,20.000085501835173,0.012364032678306103,swap,,69,0,0,,1.7000000476837158,1.7000000476837158,machineGun
3.8743019104003906e-07,11.904781388508828,8.57902925238158,19.999833964451874,10.334045168255873,25.624853716334734,20.000371041193265,0.012178953737020493,swap,,70,0,0,,1.7333333492279053,1.7333333492279053,machineGun
6.145713200567116e-07,11.754642840710137,8.691818650878055,19.999926372730094,10.348944663544023,25.624772310425286,20.000349982509473,0.012119324877858162,swap,,71,0,0,,1.7666666507720947,1.7666666507720947,machineGun
7.640387593710329e-07,11.604802664951716,8.806492835048221,19.99988284670577,10.39096301490477,25.631059300481798,20.00060273989351,0.01197150070220232,swap,,72,0,0,,1.7999999523162842,1.7999999523162842,machineGun
6.322027275018627e-07,11.454922424924245,8.92296117380507,19.999997203656932,10.435874220966546,25.629882382939574,20.00016094056988,0.011805117130279541,swap,,73,0,0,,1.8333333730697632,1.8333333730697632,machineGun
6.238943797143293e-07,11.305293526847255,9.041185311565709,20.000273869840186,10.486127918207991,25.624088112357953,20.00036931377392,0.011614969931542873,swap,,74,0,0,,1.8666666746139526,1.8666666746139526,machineGun
4.998001372769068e-07,11.155539938628598,9.16109805815362,19.999897059743198,10.541732778569745,25.601557349972158,20.00048022876121,0.011391967535018921,swap,,75,0,0,,1.899999976158142,1.899999976158142,machineGun
2.980232238769531e-07,11.005381690412698,9.282593991913393,19.99989476918845,10.551566711119465,25.579972653193906,20.000409277018473,0.011331395246088505,swap,,76,0,0,,1.9333332777023315,1.9333332777023315,machineGun
5.101335887047753e-07,10.850590186511146,9.41290125047167,19.999730417193053,10.623314576716384,25.576060927354007,20.000476289982185,0.011086391285061836,swap,,77,0,0,,1.9666666984558105,1.9666666984558105,machineGun
4.1429515817981155e-07,10.698180338359506,9.543757030303292,19.99974862093917,10.685655112639651,25.548265740776742,20.00029434218892,0.010862072929739952,swap,,78,0,0,,2,2,machineGun
2.3888378564151935e-07,10.549057534764119,9.672458045516128,19.99978493217108,10.667106921291849,25.521630612103692,20.000263606696826,0.010910721495747566,swap,,79,0,0,,2.0333333015441895,2.0333333015441895,machineGun
4.995779363525799e-07,10.416685393786782,9.787343983339955,20.000038472236504,10.704732993437208,25.50482568475564,20.0003486605931,0.010798322036862373,swap,,80,0,0,,2.066666603088379,2.066666603088379,machineGun
3.9000070728434366e-07,10.33564695606754,9.86171782899952,19.999925264828182,10.821065304958847,25.542309748548522,20.00028249839551,0.01046439167112112,swap,,81,0,0,,2.0999999046325684,2.0999999046325684,machineGun
6.143906006172983e-08,35.825233007961835,34.27095317213038,7.878512044966033,18.08384395615361,33.569841719110265,19.08694248086113,2.9802322387695312e-08,firing,,0,0,0,,0,0,machineGun
1.4032432318344945e-06,33.98158682207722,34.26142265204564,4.646296691066421,16.84463381417003,33.651070489588314,20.00016487159825,1.341104507446289e-07,firing,,1,0,0,,0.018085715844953602,0.03333333507180214,machineGun
5.431631507235579e-06,32.1083404470503,34.15241272494147,2.181402644618395,16.41659070265001,33.83304628412058,20.000363206494857,6.664001972467304e-08,firing,,2,0,0,,0.036171431689907205,0.06666667014360428,machineGun
6.94740992912557e-06,30.01973311468968,33.77711260711445,6.46049068608256,15.19727740879361,32.57162964176784,20.00045872900905,0.0006404361338354647,firing,,3,0,0,,0.054257145513624656,0.10000000149011612,machineGun
6.8348754211911e-06,29.739043747941466,33.405112305299475,6.5987321727811015,13.522952115659743,30.57699043505069,20.00023601508268,0.005335400812327862,firing,,4,0,0,,0.07234286337981441,0.13333334028720856,machineGun
1.0056506653199904e-05,29.47368442656376,33.709840883112044,7.762741578702461,12.720830975656694,30.217654957828522,20.000276678304107,0.00945737399160862,firing,,5,0,0,,0.09042857720353185,0.1666666716337204,machineGun
1.7749034668668173e-05,29.25793278260881,34.79876512171514,9.74796260171397,13.00175458971844,31.30370306075644,20.000456347326555,0.012568964622914791,firing,support contact >10mm,6,0,0,,0.10851429102724931,0.20000000298023224,machineGun
2.5664108761702664e-05,29.10970158847126,36.13954052894038,11.531251479492504,13.584452420682572,32.396877939843755,20.000226276271622,0.014986422844231129,firing,support contact >10mm,7,0,0,,0.12660000485096676,0.2333333343267441,machineGun
3.224221654818393e-05,28.998577111889876,37.22455774081292,12.74567633457377,14.2350131862433,33.36016499162266,20.0003558405345,0.017188554629683495,firing,support contact >10mm,8,0,0,,0.14468572675962882,0.2666666805744171,machineGun
3.697421198012307e-05,28.88123307343266,37.79890840724777,13.427434324762432,14.833632746327941,34.15171235409034,20.000448982746015,0.019446849822998047,firing,support contact >10mm,9,0,0,,0.16277144058334625,0.30000001192092896,machineGun
4.024897498311475e-05,28.75739230500279,37.864317466095024,13.678028538093313,14.981707245404952,34.40355686591248,20.000280569769743,0.022105423733592033,firing,support contact >10mm,10,0,0,,0.1808571544070637,0.3333333432674408,machineGun
4.293090751161799e-05,28.636262181635015,37.65239742868381,13.763036641249116,14.796521748524679,34.28201636907367,20.00032130439532,0.02485291101038456,firing,support contact >10mm,11,0,0,,0.19894286823078117,0.36666667461395264,machineGun
4.545549745671451e-05,28.5276705199127,37.40653513181517,13.849309684129013,14.604519352683093,34.14337772011655,20.000396564340054,0.02727268636226654,firing,support contact >10mm,12,0,0,,0.21702858205449863,0.4000000059604645,machineGun
4.675105810747482e-05,28.416355243149564,37.199972129272965,13.910207731937108,14.560065960480756,34.1447053963945,20.000396909645573,0.029440637677907944,firing,support contact >10mm,13,0,0,,0.23511429587821606,0.4333333373069763,machineGun
4.727247869595885e-05,28.322857453363262,36.992564950614984,13.855375183193107,14.664515084248267,34.28743590278236,20.000213865000593,0.03142884001135826,firing,support contact >10mm,14,0,0,,0.2532000097019335,0.4666666686534882,machineGun
4.7323614126071334e-05,28.26749035892297,36.7414160657749,13.679720815197244,14.808287001984068,34.460792767628824,20.000347974453916,0.03324003145098686,firing,support contact >10mm,15,0,0,,0.27128572352565095,0.5,machineGun
4.679486664826982e-05,28.208979762734906,36.43268657446418,13.50249755797227,14.907272878364026,34.57602258438288,20.00010674564125,0.03484324365854263,firing,support contact >10mm,16,0,0,,0.28937145351925764,0.5333333611488342,machineGun
4.639144754037261e-05,28.170497566364844,36.0776302386584,13.344197780314973,14.95990633273477,34.6354986497629,20.000390363211466,0.0360720194876194,firing,support contact >10mm,17,0,0,,0.30745715117308586,0.5666666626930237,machineGun
4.616129444912076e-05,28.179433156347464,35.71570365195481,13.150850619803325,14.97271463174423,34.65044268394212,20.000308756088323,0.036742955446243286,firing,support contact >10mm,18,0,0,,0.3255428811666925,0.6000000238418579,machineGun
4.616772275767289e-05,28.184448024985947,35.39872117000777,12.933671311285458,14.935386343383932,34.612140244032446,20.000208616508452,0.037306878715753555,firing,support contact >10mm,19,0,0,,0.3436285788205208,0.6333333253860474,machineGun
4.602605622494593e-05,28.192174298741033,35.14803410942359,12.654751479372791,14.851382814021594,34.52598637586882,20.00031217798682,0.037914931774139404,firing,support contact >10mm,20,0,0,,0.3617143088141274,0.6666666865348816,machineGun
4.615543730324134e-05,28.210655619408545,34.956677525166995,12.354065967139816,14.734387733152937,34.4071245967103,20.000264926759083,0.03838010132312775,firing,support contact >10mm,21,0,0,,0.37980000646795564,0.699999988079071,machineGun
4.6182565711205825e-05,28.228976019683675,34.82539306538953,12.133064526392463,14.572234375364854,34.24211896687157,20.000246816199876,0.038630302995443344,firing,support contact >10mm,22,0,0,,0.39788573646156233,0.7333333492279053,machineGun
4.646781599149108e-05,28.26236576037469,34.73629731093622,12.02793472678828,14.408254119011517,34.077242802112615,20.000160164762246,0.038578327745199203,firing,support contact >10mm,23,0,0,,0.41597143411539056,0.7666666507720947,machineGun
4.681376594817266e-05,28.304504908273696,34.62134500983388,12.018000099240542,14.260529685206864,33.93034929750672,20.000299402824925,0.03849397227168083,firing,support contact >10mm,24,0,0,,0.43405716410899725,0.800000011920929,machineGun
4.694780727731995e-05,28.35105128061627,34.443019826385814,12.04819302604105,14.156561368728076,33.828757987290196,20.000426080154934,0.038602933287620544,firing,support contact >10mm,25,0,0,,0.4521428617628255,0.8333333134651184,machineGun
4.705718674813397e-05,28.39476170085067,34.27075728957667,12.089787264745668,14.067920714964997,33.742689650399555,20.000352559611255,0.038634296506643295,firing,support contact >10mm,26,0,0,,0.4702285917564321,0.8666666746139526,machineGun
4.750861262436956e-05,28.42360837493272,34.19596538699072,12.128090440719264,13.992116055585546,33.668522556650075,20.00035074852186,0.03842408210039139,firing,support contact >10mm,27,0,0,,0.48831428941026034,0.8999999761581421,machineGun
4.778286529472098e-05,28.44170863687477,34.20677428357126,12.13574950329111,13.917488718795594,33.59431812730704,20.000388262107887,0.038041405379772186,firing,support contact >10mm,28,0,0,,0.506400019403867,0.9333333373069764,machineGun
4.795333734364249e-05,28.461733157855853,34.21762503438328,12.131468260275277,13.904725476994235,33.58339281721699,20.000308776624674,0.03797423094511032,firing,support contact >10mm,29,0,0,,0.5244857170576953,0.9666666388511659,machineGun
4.80916969536338e-05,28.47089178122899,34.228429945217904,12.140889603573457,13.893030136489557,33.572450169672244,20.000390755219552,0.03786077722907066,firing,support contact >10mm,30,0,0,,0.5425714470513019,1,machineGun
4.814852582057938e-05,28.475509217395818,34.2392592816145,12.152109423048062,13.881919034556688,33.56151030984829,20.000391844590432,0.037822600454092026,firing,support contact >10mm,31,0,0,,0.5606571447051302,1.0333333015441895,machineGun
4.8116384277818725e-05,28.482068986610166,34.25008920162663,12.159958389762139,13.880708112871593,33.56102083334426,20.000303082391568,0.037806056439876556,firing,support contact >10mm,32,0,0,,0.5787429070385153,1.0666667222976685,machineGun
4.8272882850142196e-05,28.48862325889998,34.2609306221404,12.167884880415729,13.879507366519093,33.560547213278305,20.000269419813495,0.03778970241546631,firing,support contact >10mm,33,0,0,,0.5968286046923434,1.1000000238418577,machineGun
4.8375055484939367e-05,28.495196828275414,34.27172720284964,12.175624270917861,13.878289331424908,33.5600973305946,20.000449691144862,0.037773314863443375,firing,support contact >10mm,34,0,0,,0.6149143023461717,1.1333333253860474,machineGun
4.8235167923849076e-05,28.499642737110854,34.2726057581355,12.178307153183782,13.87735802278648,33.55960214656214,20.0002136091068,0.03779205307364464,firing,support contact >10mm,35,0,0,,0.633,1.1666666269302368,machineGun
4.590531261783326e-06,42.570652435372715,34.27095317213038,19.99998142071295,30.718484782444513,33.569841719110265,20.000150360936196,0.00010405483044451103,firing-ads,,0,0,0,,0,0,machineGun
4.389612513477914e-06,42.60403443819264,34.26142265204564,19.99983250205054,30.922720615365712,33.651070489588314,20.000220827828816,0.00010043662769021466,firing-ads,,1,0,0,,0.018085715844953602,0.03333333507180214,machineGun
4.259764864400495e-06,42.592441568814095,34.15241272494147,19.999669555711872,31.14233955149321,33.83304628412058,20.000467533787955,9.733210754347965e-05,firing-ads,,2,0,0,,0.036171431689907205,0.06666667014360428,machineGun
7.1978597588895354e-06,42.21299121254762,33.77711260711445,19.999811521877074,30.837473294812533,32.57162964176784,20.00037896593918,9.412792132934555e-05,firing-ads,,3,0,0,,0.054257145513624656,0.10000000149011612,machineGun
1.754577533574775e-05,41.78301947268053,33.405112305299475,20.000000721018164,30.300008850276203,30.57699043505069,20.000205039857704,9.094985580304638e-05,firing-ads,,4,0,0,,0.07234286337981441,0.13333334028720856,machineGun
1.9666083971969783e-05,42.12327555194533,33.709840883112044,20.00001057149245,30.47614975136198,30.217654957828522,20.000267392301726,8.867288852343336e-05,firing-ads,,5,0,0,,0.09042857720353185,0.1666666716337204,machineGun
1.2296794920985121e-05,43.12064920563101,34.79876512171514,19.999997587572363,31.25243411539477,31.30370306075644,20.000314089771678,8.548107871320099e-05,firing-ads,,6,0,0,,0.10851429102724931,0.20000000298023224,machineGun
7.869608452892862e-06,44.03593652388666,36.13954052894038,19.999873709508563,31.955163636731303,32.396877939843755,20.000246967320958,8.100784907583147e-05,firing-ads,,7,0,0,,0.12660000485096676,0.2333333343267441,machineGun
5.310356755217072e-06,44.566380575545296,37.22455774081292,19.999993356389393,32.52961728065808,33.36016499162266,20.000453161527187,7.651787018403411e-05,firing-ads,,8,0,0,,0.14468572675962882,0.2666666805744171,machineGun
4.082625764567638e-06,44.728726882567635,37.79890840724777,20.000021223648833,32.9497980047018,34.15171235409034,20.000276535008474,7.328668289119378e-05,firing-ads,,9,0,0,,0.16277144058334625,0.30000001192092896,machineGun
4.451714175957022e-06,44.62508764193118,37.864317466095024,19.999987453260466,33.06016525591346,34.40355686591248,20.000182682304946,7.144894334487617e-05,firing-ads,,10,0,0,,0.1808571544070637,0.3333333432674408,machineGun
5.347992555471137e-06,44.43917575824185,37.65239742868381,19.999888610774608,32.97667692128304,34.28201636907367,20.00028746117204,7.064766396069899e-05,firing-ads,,11,0,0,,0.19894286823078117,0.36666667461395264,machineGun
6.3284251154982485e-06,44.28068396777252,37.40653513181517,19.9997944923875,32.90413489867029,34.14337772011655,20.000367049967657,6.997409218456596e-05,firing-ads,,12,0,0,,0.21702858205449863,0.4000000059604645,machineGun
6.836731699877419e-06,44.121218322512775,37.199972129272965,19.9999679833964,32.914339395331496,34.1447053963945,20.000387687714507,6.946354551473632e-05,firing-ads,,13,0,0,,0.23511429587821606,0.4333333373069763,machineGun
6.074508291931124e-06,43.92411528206078,36.992564950614984,19.99979199261331,32.97273985190811,34.28743590278236,20.000174990581876,6.896381819387898e-05,firing-ads,,14,0,0,,0.2532000097019335,0.4666666686534882,machineGun
5.223007065069396e-06,43.70553186219749,36.7414160657749,19.99978927627259,32.99723684466615,34.460792767628824,20.000287875997216,6.870845390949398e-05,firing-ads,,15,0,0,,0.27128572352565095,0.5,machineGun
4.681468908529496e-06,43.5031190698037,36.43268657446418,19.99979321845168,32.962422637142325,34.57602258438288,20.000293587339442,6.89116568537429e-05,firing-ads,,16,0,0,,0.28937145351925764,0.5333333611488342,machineGun
4.514254214882385e-06,43.3472797407973,36.0776302386584,19.999903752844812,32.87365228694127,34.6354986497629,20.00042111746064,6.938621663721278e-05,firing-ads,,17,0,0,,0.30745715117308586,0.5666666626930237,machineGun
4.257203272572951e-06,43.22058558391714,35.71570365195481,19.99994720521208,32.75601630567636,34.65044268394212,20.00018425777403,7.018647011136636e-05,firing-ads,,18,0,0,,0.3255428811666925,0.6000000238418579,machineGun
4.311055818106979e-06,43.074200762092474,35.39872117000777,19.999803281617552,32.62729881679236,34.612140244032446,20.000133312205364,7.089284918038175e-05,firing-ads,,19,0,0,,0.3436285788205208,0.6333333253860474,machineGun
4.640469342120923e-06,42.894137184596545,35.14803410942359,20.000012268848486,32.4848659424736,34.52598637586882,20.0003224416922,7.12062610546127e-05,firing-ads,,20,0,0,,0.3617143088141274,0.6666666865348816,machineGun
4.551256097329315e-06,42.71083101402419,34.956677525166995,19.999918266893843,32.361469718272915,34.4071245967103,20.000232628033555,7.146751158870757e-05,firing-ads,,21,0,0,,0.37980000646795564,0.699999988079071,machineGun
4.5441515794664156e-06,42.57801215017611,34.82539306538953,19.99979410075,32.27570660330755,34.24211896687157,20.000250906630875,7.16787253622897e-05,firing-ads,,22,0,0,,0.39788573646156233,0.7333333492279053,machineGun
4.561295099847484e-06,42.52853288318087,34.73629731093622,19.9998938701536,32.22278480007047,34.077242802112615,20.000348619912792,7.189753523562104e-05,firing-ads,,23,0,0,,0.41597143411539056,0.7666666507720947,machineGun
4.543290287983837e-06,42.54063604708274,34.62134500983388,19.999892002311874,32.184267269137024,33.93034929750672,20.000273937458,7.227339665405452e-05,firing-ads,,24,0,0,,0.43405716410899725,0.800000011920929,machineGun
4.347016329120379e-06,42.57431831742158,34.443019826385814,19.999803247021305,32.129327816158856,33.828757987290196,20.000369240986494,7.272000220837072e-05,firing-ads,,25,0,0,,0.4521428617628255,0.8333333134651184,machineGun
3.870668024319457e-06,42.60835457990963,34.27075728957667,19.999918746511895,32.09178793617379,33.742689650399555,20.000247560155866,7.316207484109327e-05,firing-ads,,26,0,0,,0.4702285917564321,0.8666666746139526,machineGun
3.820449819613714e-06,42.63735970595277,34.19596538699072,20.00000604725712,32.09715036856213,33.668522556650075,20.000361915646582,7.35573994461447e-05,firing-ads,,27,0,0,,0.48831428941026034,0.8999999761581421,machineGun
3.841785655822605e-06,42.65052900170591,34.20677428357126,19.99999187485401,32.13535221760551,33.59431812730704,20.00027388231022,7.367090438492596e-05,firing-ads,,28,0,0,,0.506400019403867,0.9333333373069764,machineGun
3.944517629861366e-06,42.662915723384444,34.21762503438328,19.999748825560854,32.131021965383184,33.58339281721699,20.000265863338424,7.357414142461494e-05,firing-ads,,29,0,0,,0.5244857170576953,0.9666666388511659,machineGun
3.8385028346965555e-06,42.67463696475724,34.228429945217904,19.99980952287754,32.139441026546706,33.572450169672244,20.00035520686763,7.357639697147533e-05,firing-ads,,30,0,0,,0.5425714470513019,1,machineGun
3.823309725703439e-06,42.68563746510081,34.2392592816145,20.000011679644555,32.1392572508773,33.56151030984829,20.00015871626835,7.357680442510173e-05,firing-ads,,31,0,0,,0.5606571447051302,1.0333333015441895,machineGun
3.8116202176752267e-06,42.69669069519875,34.25008920162663,19.99981322143155,32.13684636875802,33.56102083334426,20.000337808126158,7.368633669102564e-05,firing-ads,,32,0,0,,0.5787429070385153,1.0666667222976685,machineGun
3.692136715471861e-06,42.707720769631536,34.2609306221404,19.99987004995888,32.1344152830518,33.560547213278305,20.000376290233273,7.36052097636275e-05,firing-ads,,33,0,0,,0.5968286046923434,1.1000000238418577,machineGun
3.5950208712165477e-06,42.718748347660835,34.27172720284964,19.999849506327337,32.132003296147964,33.5600973305946,20.000420529490054,7.363608165178448e-05,firing-ads,,34,0,0,,0.6149143023461717,1.1333333253860474,machineGun
3.5896800909540616e-06,42.72409444852383,34.2726057581355,20.00006292347641,32.12549406781898,33.55960214656214,20.000231503377407,7.357747381320223e-05,firing-ads,,35,0,0,,0.633,1.1666666269302368,machineGun
1.1164938769070432e-05,41.92486181358921,41.92486181358921,0.0,28.184404049005032,25.63178366407373,20.000231657767724,0,reload,,0,0,0,,0,0,pistol
1.0530826330068521e-05,42.04112782211356,42.04112782211356,0.0,28.386391845482642,25.594788669245403,20.000350694228917,0,reload,,1,0,0,,0.01677852425761015,0.03333333507180213,pistol
1.0416551049274858e-05,42.06043536636759,42.06043536636759,0.0,28.52130125770041,25.56165922030497,20.000558697087577,0,reload,,2,0,0,,0.0335570485152203,0.06666667014360426,pistol
9.928418876370415e-06,41.96829189236209,41.96829189236209,0.0,28.610940223549996,25.563538612538956,20.000181005715483,0,reload,,3,0,0,,0.05033557089768435,0.10000000149011612,pistol
9.908661922963802e-06,41.87462043429247,41.87462043429247,0.0,28.74861015100915,25.56553859577415,20.000293504635653,0,reload,,4,0,0,,0.0671140970304406,0.13333334028720853,pistol
9.676859008322936e-06,41.740829924648146,41.740829924648146,0.0,28.89973619052576,25.612397798913513,20.000246706374757,0,reload,,5,0,0,,0.08389261941290466,0.1666666716337204,pistol
9.43921895668609e-06,41.567514041256786,41.567514041256786,0.0,29.197113349005587,25.67090491624268,20.000445778668176,0,reload,,6,0,0,,0.1,0.19866666793823243,pistol
9.562784725858364e-06,41.56141848050607,41.560315306640774,0.0,29.209620355470612,25.673357779388514,20.00029220551631,1.1175870895385742e-08,reload,,7,0,0,,0.1006711417953687,0.20000000298023224,pistol
8.95538141776342e-06,42.0316961291066,41.32978215156793,0.70195833644051,29.67211606051961,25.724130397729247,20.000166304782898,6.664001972467304e-08,reload,,8,0,0,,0.11744966417783273,0.23333333432674408,pistol
8.414393960265443e-06,43.58971062771425,41.052142386850825,2.540747188948571,30.25168959598509,25.74439406945795,20.0003592800474,5.986600370988526e-08,reload,,9,0,0,,0.1342281940608812,0.26666668057441706,pistol
7.674954758840613e-06,45.845839647233426,40.750346492886145,5.11264764389821,30.849391131093874,25.72495170265644,20.00031779818007,7.450580596923828e-08,reload,,10,0,0,,0.15,0.29800000190734866,pistol
7.909577107056975e-06,46.01217865465518,40.73107686224711,5.2992041341345795,30.88866732889373,25.7237338789915,20.000459983317974,1.2867090504187217e-07,reload,,11,0,0,,0.15100671644334526,0.30000001192092896,pistol
7.765786904201377e-06,49.1139935358632,40.409477992511924,8.759725721261406,31.728987671296867,25.666332363280613,20.00047032826199,6.064333035737945e-08,reload,,12,0,0,,0.1677852388258093,0.3333333432674408,pistol
8.500122930854559e-06,52.68018059079365,40.09288251093423,12.70600247101344,32.79488574874308,25.590825303553327,20.00043727131416,1.2065571297625866e-07,reload,,13,0,0,,0.18456376120827334,0.3666666746139526,pistol
9.886246516543906e-06,56.52453937302355,39.81820730502263,16.915916657710632,33.85726548199847,25.523885736813,20.000383844372127,3.332000986233652e-08,reload,,14,0,0,,0.2013422835907374,0.4000000059604645,pistol
1.2058218999300152e-05,59.29431716429651,39.61052939732214,19.999820292801594,34.77894681076298,25.49876514036487,20.00028402606939,1.7393556106526376e-07,reload,,15,0,0,,0.21812080597320144,0.4333333373069763,pistol
1.4640332665294409e-05,59.06720847159517,39.47706292526253,19.99981761183245,35.50004792831598,25.5435195534696,20.00053356936378,3.860127151256165e-07,reload,,16,0,0,,0.23489932835566546,0.46666666865348816,pistol
1.7229906006832607e-05,58.85879766308785,39.39783131632628,19.999787990253015,36.102364821233124,25.66776553850627,20.000299449289017,1.017768113342754e-06,reload,,17,0,0,,0.25167785073812954,0.5000000000000001,pistol
1.9709314074134454e-05,58.604597019431615,39.32549904680269,19.999851172653052,36.64220723971365,25.849112553740397,20.00021675461877,1.948583303601481e-06,reload,,18,0,0,,0.2684563881217624,0.5333333611488341,pistol
2.1692720110877417e-05,58.241522418792215,39.18716172017821,19.999933260025898,37.11424046634636,26.032559946541465,20.000297811272,2.9141606319171842e-06,reload,,19,0,0,,0.2852348955030576,0.5666666626930237,pistol
2.275852966704406e-05,57.719370473032065,38.86424471929118,19.999864974723888,37.48534307272355,26.13331589908447,20.00031719055484,3.991349331045058e-06,reload,,20,0,0,,0.3,0.5960000038146973,pistol
2.2927328245714307e-05,57.648861398143985,38.82028866868965,19.999793370196734,37.531226133640004,26.147019864465186,20.000293782710674,4.0849859033187386e-06,reload,,21,0,0,,0.3020134328866905,0.6000000238418579,pistol
2.364827560086269e-05,57.0484127772106,38.455142586382486,19.99985872124448,37.85147226242478,26.131675755600106,20.00010517111101,5.239417987468187e-06,reload,,22,0,0,,0.3187919402679857,0.6333333253860474,pistol
2.3753687855787575e-05,56.31275111648172,37.830546377584696,19.99962947053038,38.021638084008536,25.95280334588172,20.000414609675573,5.97812550040544e-06,reload,,23,0,0,,0.3355704776516186,0.6666666865348816,pistol
2.352678893657867e-05,55.72853179836151,37.22028941742565,19.99983060899396,38.007254290672556,25.65999165858426,20.000520659350645,6.015756753185997e-06,reload,,24,0,0,old,0.35000000000000003,0.6953333377838136,pistol
2.3616754333488643e-05,55.639033860424085,37.12100018400207,19.99992394926272,38.00187018544442,25.61257812904409,20.000297541325192,6.024129561410518e-06,reload,,25,6.600539114952556e-05,0,old,0.3523489850329138,0.699999988079071,pistol
2.364144347666297e-05,55.11596835740731,36.4606717276626,19.999967342071685,37.81297677563191,25.146681655060124,20.000269447129675,5.981159574730555e-06,reload,,26,0.00427837679301812,0,old,0.36912752241654667,0.7333333492279052,pistol
2.466717160132248e-05,54.82258100051926,35.99494250193092,19.999916151084047,37.484492308622734,24.61089560178435,20.000481032385665,5.96073004999198e-06,reload,,27,0.014730250162805337,0,old,0.38590602979784183,0.7666666507720947,pistol
2.5549195925123058e-05,54.80264796980768,35.82842714963719,19.999791368738148,37.148508505775595,24.07265636048796,20.000437069525752,5.931078703724779e-06,reload,,28,0.030968209246574115,0,old,0.4026845671814748,0.800000011920929,pistol
2.6898671421804465e-05,55.03672837951311,35.97063590588437,19.999679353556978,36.84841193766904,23.58600801691265,20.0003907855248,5.886246526642935e-06,reload,,29,0.052538743421237676,0,old,0.41946307456276993,0.8333333134651184,pistol
2.789413156278897e-05,55.39486251358383,36.30154223933838,19.999892131254082,36.70552807077485,23.180999901349363,20.000354782490394,5.733540092478506e-06,reload,,30,0.0789884761963267,0,old,0.4362416119464029,0.8666666746139526,pistol
2.849826887540985e-05,55.63826439317123,36.5761364160653,19.99980849564697,36.76016031051499,22.8544572493262,20.000380680880575,5.904170393478125e-06,reload,,31,0.10986386042863634,0,old,0.45302011932769803,0.8999999761581421,pistol
2.8485241273301654e-05,55.509099923501964,36.45248250991842,19.999694195016342,36.96761022736692,22.574421627260357,20.000477022678336,6.398777713911841e-06,reload,,32,0.1447115529044656,0,old,0.4697986567113309,0.9333333373069763,pistol
2.8117879992350936e-05,54.74175190097232,35.62642275297402,19.999865228317383,37.241975183706536,22.298944575236963,20.00030942979613,7.463894235115731e-06,reload,,33,0.18307797644719073,0,old,0.4865771640926261,0.9666666388511658,pistol
2.7848609533975832e-05,53.24140124896111,33.94555487934624,19.999879321602307,37.471908481414644,21.988613853869563,20.000456682453944,9.084140401682816e-06,reload,,34,0.2245098146331808,0,old,0.5033557014762591,1.0000000000000002,pistol
2.8022037440678105e-05,51.09066848361769,31.536602959194756,19.9997598685276,37.60200835264123,21.62543951744425,20.00038501455308,1.0932641998806503e-05,reload,,35,0.26855346673909064,0,old,0.5201342088575541,1.0333333015441892,pistol
2.8579372155945748e-05,48.66964567710295,28.85795631094254,19.99973456614404,37.61191472731288,21.22273568425258,20.000410308174118,1.2050845725752879e-05,reload,,36,0.3147557209200282,0,old,0.5369127762435248,1.0666667222976682,pistol
2.9269158403621987e-05,46.5437048113422,26.570803927814005,19.999672000454073,37.54564037396945,20.820758078254574,20.00034877335313,1.1459289453341626e-05,reload,,37,0.36266279348522057,0,old,0.55369128362482,1.100000023841858,pistol
3.0168315788614564e-05,45.34636197761045,25.40170695668946,19.99988456331212,37.48394299740219,20.48100431884407,20.000140151863143,8.607948075223248e-06,reload,,38,0.4118213942010971,0,old,0.5704697910061152,1.1333333253860474,pistol
3.080892201978713e-05,45.24993180464073,25.828381622032126,19.999953003436605,37.50255072977061,20.26222324973646,20.00036886006661,4.709238510258729e-06,reload,,39,0.46177807119168607,0,old,0.5872482983874103,1.1666666269302368,pistol
3.107047450612299e-05,31.066965935554148,27.99363576133691,19.999715093428968,37.736722895917936,20.29188390267003,20.000364400283097,3.434659811318852e-05,reload,,40,0.512079552548339,0,old,0.604026865773381,1.2000000476837158,pistol
3.1327967008110136e-05,31.98759688299757,31.646423205916726,19.99986675430911,37.99531812434369,20.34431628237419,20.00031079966711,2.839684020727873e-05,reload,,41,0.5622720252604028,0,old,0.6208053731546762,1.2333333492279053,pistol
3.133976133540273e-05,33.20735718129956,36.10866415520707,19.999729248399674,38.495957444385134,20.657101630889144,20.00026553589082,2.4754304831731133e-05,reload,,42,0.6119022169975933,0,old,0.6375838805359714,1.2666666507720947,pistol
3.095267675234936e-05,34.465271352959256,40.46571269346306,19.999864792207187,39.17326964262779,21.116849226091695,20.000343812459096,2.2632137188338675e-05,reload,,43,0.6605166758839391,0,old,0.6543623879172665,1.2999999523162842,pistol
3.061597817577422e-05,35.386071181895296,43.775631944221644,19.999901043527135,39.94808595267754,21.669532291019628,20.000266154013598,2.096981552313082e-05,reload,,44,0.7076621154805904,0,old,0.6711409553032373,1.3333333730697632,pistol
2.9965982321300544e-05,34.98552232631466,45.090896939189996,19.999923488306994,40.70412298761913,22.188398576793738,20.000303869345874,1.9934997908421792e-05,reload,,45,0.7528847453506035,0,old,0.6879194626845324,1.3666666746139526,pistol
2.8864915293524973e-05,32.56795106328121,44.0746364306288,19.999672744058188,41.47770605274923,22.741612447456546,20.000342233149347,1.9612545656855218e-05,reload,,46,0.7957312851201866,0,old,0.7046979700658276,1.399999976158142,pistol
2.788668280118145e-05,28.75940520812572,41.487022519705945,19.999719116587514,41.99703670249819,23.06733470476058,20.000261972386966,2.0976252926629968e-05,reload,,47,0.8357482829133678,0,old,0.7214764774471227,1.4333332777023318,pistol
2.6674581022234634e-05,24.76326955502236,38.8746402697821,19.9998226901673,42.21249707721133,23.123421012807796,20.0004104040683,2.4133305487339385e-05,reload,,48,0.8724824118142992,0,old,0.7382550448330933,1.4666666984558103,pistol
2.567798765085172e-05,21.933636382460016,37.46455636554245,19.999815270425984,42.04631096040292,22.845061717006445,20.0002888302229,3.055351771763526e-05,reload,,49,0.9054799558533401,0,old,0.7550335522143885,1.5,pistol
2.4919161660363898e-05,21.596331914673,38.508275094472666,19.999793565072643,41.488462213051804,22.222993065046325,20.000286496231507,4.578444713843055e-05,reload,,50,0.9342876006663938,0,old,0.7718120595956837,1.5333333015441895,pistol
2.4584445782238618e-05,32.86432027247736,42.06530504478611,19.999847207939407,40.5983149834658,21.31294572126783,20.00022377411789,9.462601155973971e-06,reload,,51,0.9584519719522626,0,old,0.7885906269816544,1.5666667222976685,pistol
2.499643960618414e-05,34.557137980687415,44.78261068752806,19.999729660470415,39.483503354566125,20.21720916215544,20.000390427368654,8.600693945481908e-06,reload,,52,0.9775194436469832,0,old,0.8053691343629495,1.600000023841858,pistol
2.5790739528019913e-05,35.367069766787715,45.88590159906853,19.999981771213992,38.28580499900673,19.060481582463343,20.00026918527976,8.372503543796483e-06,reload,,53,0.9910366588661301,0,old,0.8221476417442447,1.6333333253860474,pistol
2.7006759410141967e-05,35.32359129603709,45.63153763081634,19.999856951974042,37.130066263352724,17.95247248588589,20.000391616693122,8.663266271469183e-06,reload,,54,0.9985501657337323,0,old,0.8389261491255399,1.6666666269302368,pistol
2.8019081582897343e-05,34.97921172522506,44.97643128108694,19.999757631031926,36.46606564618486,17.308607192257043,20.000135840433167,9.070928172150161e-06,reload,,55,1,0,,0.8500000000000001,1.6886666774749757,pistol
2.8520920750452206e-05,34.81566979335439,44.638647091525435,19.99992509582925,36.123793590078456,16.977215492988943,20.000257923841794,9.334361493529286e-06,reload,,56,1,0,,0.8557047165115106,1.7000000476837158,pistol
3.0281769795692526e-05,34.050302420557685,43.35765522810388,19.99970583966634,35.3374230104911,16.180840131260677,20.000133338983773,9.919025615090504e-06,reload,,57,1,0,,0.8724832238928057,1.7333333492279053,pistol
3.211813964298926e-05,32.86311086387039,41.750820083188465,19.99981262684054,34.784878551201096,15.576747314906774,20.00034575672564,1.029091072268784e-05,reload,,58,1,0,,0.8892617312741009,1.7666666507720947,pistol
3.399671913939528e-05,30.938266880689756,39.51508097066521,19.999753138029316,34.432220014516794,15.140540355149037,20.000280945424283,1.0879898582061287e-05,reload,,59,1,0,,0.9060402386553961,1.7999999523162842,pistol
3.6219142202753574e-05,28.39101347857947,36.817749782134236,19.99993156448212,34.1954286656011,14.810770682876043,20.00023125949604,1.173917371488642e-05,reload,,60,1,0,,0.9228188060413668,1.8333333730697632,pistol
3.880839722114615e-05,25.477724423901137,33.95513618197982,19.999809108103555,33.97011973117418,14.50658845329109,20.000347829357306,1.2843695003539324e-05,reload,,61,1,0,,0.9395973134226618,1.8666666746139526,pistol
4.179261304670945e-05,22.541592765925422,31.266791978569863,19.999798661197463,33.661863143442076,14.149499171043026,20.000291414183803,1.4124319932307117e-05,reload,,62,1,0,,0.956375820803957,1.899999976158142,pistol
4.5021180994808674e-05,19.933771470494076,29.02378499137097,19.99953542717167,33.230448752840935,13.702350838476208,20.000195336104944,1.5479869034606963e-05,reload,,63,1,0,,0.9731543281852522,1.9333332777023315,pistol
4.8144265747396275e-05,17.939286775888277,27.34665687232703,19.99977826788096,32.708035224507725,13.186669824007605,20.000300399488737,1.6793001123005524e-05,reload,,64,1,0,,0.9899328955712229,1.9666666984558105,pistol
5.077466630609706e-05,16.650062869170867,26.180171994333516,19.999853263373932,32.16935700700899,12.678988087708724,20.000299746247666,1.796163633116521e-05,reload,,65,1,0,,1.0067114029525182,2.0000000000000004,pistol
5.232446710579097e-05,15.847055742282873,25.24203857428684,19.999774471639384,31.75048004634493,12.2930832120495,20.000237376255534,1.8591304979054257e-05,reload,,66,1,0,,1.0234899103338133,2.03333330154419,pistol
5.2382907597348094e-05,15.27976337795327,24.37186681901291,19.999961249486066,31.557394852849573,12.13449471815772,20.00028283527621,1.8875278328778222e-05,reload,,67,1,0,,1.0402684177151083,2.0666666030883785,pistol
5.128009070176631e-05,15.053297871258808,23.60267798697405,19.999919081973697,31.646816499548436,12.272638879921494,20.000351895718435,1.9192995750927366e-05,reload,,68,1,0,,1.0570469250964034,2.099999904632568,pistol
4.931532748742029e-05,15.101501848817794,22.973271706274744,19.99988538681677,32.009648335668146,12.71389308948013,20.000303325322424,1.9578385035856627e-05,reload,,69,1,0,,1.0738255524870497,2.1333334445953365,pistol
4.702751539298333e-05,15.397551674110643,22.503555127517888,19.99978968758175,32.579547170565505,13.405342966433444,20.000337018707775,2.0898000002489425e-05,reload,,70,1,0,,1.0906040598683449,2.1666667461395264,pistol
4.506686673266813e-05,15.679091476296088,22.115660043784057,19.999806065861048,33.27051950813814,14.263527477100563,20.000350666869625,2.3400179998134263e-05,reload,,71,1,0,,1.10738256724964,2.200000047683716,pistol
4.3721644033212215e-05,16.05705268274049,21.958721366802408,19.999992219471498,34.02305236861339,15.220470859804884,20.00035949672396,2.7639307518256828e-05,reload,,72,1,0,,1.1241610746309352,2.2333333492279053,pistol
4.330107549321838e-05,15.960035461331808,21.76731518540979,19.999836180814487,34.83450404474462,16.26738066396161,20.000231719295357,3.351722625666298e-05,reload,,73,1,0,,1.1409395820122303,2.2666666507720947,pistol
4.344137050793506e-05,15.614183471591017,21.643906832213087,19.999802177013482,35.33503583774952,16.914811357992818,20.00027977875676,3.727311559487134e-05,reload,,74,1,0,fresh,1.1500000000000001,2.284666681289673,pistol
4.359948434284888e-05,15.336377384173943,21.562828681647172,19.99988828636956,35.76151518960923,17.481218524237587,20.00029419408357,4.082879240741022e-05,reload,,75,0.9997541523490171,0,fresh,1.1577180893935255,2.299999952316284,pistol
4.417995660332963e-05,14.185934855048927,21.362055614795967,19.999720907248474,36.89117420954406,19.00987711128611,20.00037396311791,4.9950180255109444e-05,reload,,76,0.9975561778114215,0,fresh,1.1744965967748207,2.3333332538604736,pistol
4.408030508784577e-05,12.62458620678239,21.233826456329908,19.999653814145805,38.278347957667705,20.995104182269362,20.00026591628417,6.085970744607039e-05,reload,,77,0.9931550874677048,0,fresh,1.1912751041561158,2.366666555404663,pistol
4.248924960847944e-05,10.965282883991105,21.342606643957097,19.999882041382744,39.899467556185634,23.452788942089427,20.000064587327977,7.217582606244832e-05,reload,,78,0.9866431237434882,0,fresh,1.208053731546762,2.4000000953674316,pistol
3.826782267424278e-05,9.272991952338613,21.46527968854809,19.9998031611383,41.58159691879864,26.189652404898258,20.000392098264374,8.434192568529397e-05,reload,,79,0.9781126766740728,0,fresh,1.2248322389280573,2.433333396911621,pistol
3.281170938862488e-05,8.068683523316858,21.80045394215843,19.999888630961678,43.07828284919402,28.82814872150879,20.000302031906546,9.381300333188847e-05,reload,,80,0.9676560034527715,0,fresh,1.2416107463093524,2.4666666984558105,pistol
2.7379901439417154e-05,7.36318924332348,22.1596703386563,19.99986212736067,44.07894209560683,30.941627149654497,20.000371316379752,0.00010060130443889648,reload,,81,0.9553654004109442,0,fresh,1.2583892536906476,2.5,pistol
2.304082408954855e-05,7.212034958590492,22.59761436810521,19.999868930660973,44.33659181386506,32.18100197284219,20.00025271958491,0.00010441414633532986,reload,,82,0.941333163879951,0,fresh,1.2751677610719427,2.5333333015441895,pistol
1.9973720554844476e-05,7.290167962207632,23.10336593550047,19.999920017546494,43.80599302648421,32.3920577401617,20.000369796203106,0.00013102068623993546,reload,,83,0.9256515901911517,0,fresh,1.291946268453238,2.566666603088379,pistol
1.9140499716741033e-05,8.144044354002368,23.496692148341822,19.999867970906084,42.46528714673018,31.649118684502923,20.00032744516807,0.00013102726370561868,reload,,84,0.9084129756759064,0,fresh,1.308724775834533,2.5999999046325684,pistol
1.879230148915667e-05,8.823514526350216,23.625913750466697,19.99979306629928,40.72270817640087,30.21169013126331,20.000329977887535,0.0001296007540076971,reload,,85,0.8897094778702758,0,fresh,1.3255034032251793,2.633333444595337,pistol
1.8982751498697326e-05,9.539619367645379,23.189230115109805,19.99967330739459,38.87098030237775,28.45259855756166,20.000344173984722,0.0001263591111637652,reload,,86,0.8696336612097743,0,fresh,1.3422819106064745,2.6666667461395264,pistol
1.977979081857484e-05,10.503056209557894,22.81385682874159,19.999870117303708,37.151420136880915,26.695355394628063,20.000195112720192,0.00012153088755439967,reload,,87,0.8482776933770619,0,fresh,1.3590604179877697,2.700000047683716,pistol
2.121193210768979e-05,11.566954484962254,21.951199886186707,19.99989087779065,35.6559210411907,25.13168690256002,20.000337334738596,0.00011526315211085603,reload,,88,0.8257338707034986,0,fresh,1.3758389253690648,2.7333333492279053,pistol
2.3299260647036135e-05,12.666664313688354,20.94408885789966,19.99980946753009,34.325293208955785,23.76124810088557,20.0002986525159,0.0001071743608918041,reload,,89,0.8020944895204443,0,fresh,1.39261743275036,2.7666666507720947,pistol
2.6299667297280394e-05,13.61900183305627,19.945755297373275,19.999794340888258,33.03245408606628,22.44550979939804,20.000277256437894,9.711238089948893e-05,reload,,90,0.7774518461592583,0,fresh,1.4093959401316551,2.799999952316284,pistol
3.0912095098756254e-05,14.309094519581413,19.091006905272835,19.999996817792574,31.682877565791408,21.021717501893825,20.000216879978247,8.453157352050766e-05,reload,,91,0.7518982369513015,0,fresh,1.4261744475129503,2.833333253860474,pistol
3.8612277421634644e-05,14.679806591087239,18.480486348173066,19.999900218137448,30.249912159131625,19.38554772106061,20.000264593526804,6.925019260961562e-05,reload,,92,0.7255259582279335,0,fresh,1.4429529548942455,2.8666665554046635,pistol
5.0690876378212124e-05,14.767467346897012,18.169910227435363,19.999644229440335,28.801360535101907,17.55885906272422,20.000428347681506,5.291384513839148e-05,reload,,93,0.6984271101179871,0,fresh,1.4597315822848917,2.900000095367432,pistol
6.745345308445394e-05,14.61589379287871,18.16392464409644,19.999912884076448,27.46634363942391,15.69332604620644,20.000132798570306,3.626144825830124e-05,reload,,94,0.670694377152681,0,fresh,1.4765100896661867,2.9333333969116206,pistol
8.641376189189032e-05,14.262259441224584,18.41391124852978,19.9997300219869,26.369558206013703,14.008547038379918,20.00020949694107,2.1897310944041237e-05,reload,,95,0.6424198643261989,0,fresh,1.4932885970474818,2.96666669845581,pistol
0.00010354629921494052,13.66258121897886,18.826731132937773,19.99982357323615,25.5946484480583,12.713644428857783,20.000369151345687,1.0420003491162788e-05,reload,,96,0.6136958679699005,0,fresh,1.510067104428777,3,pistol
0.00011419988004490733,12.646597140294556,19.2829280831029,19.999793567605728,25.138905392956126,11.906014430340038,20.000428837973416,2.1501380160771077e-06,reload,,97,0.5846146844151461,0,fresh,1.5268456118100722,3.0333333015441895,pistol
0.00011696358706103638,10.472377444493922,19.671216591283812,17.066211333556,24.977538226459995,11.569027079138486,20.000454165346945,3.0719530030864917e-08,reload,,98,0.5552686099932951,0,fresh,1.5436241191913673,3.066666603088379,pistol
0.0001110239390982315,8.954466431820858,19.905697837280687,13.61450328927716,25.087694042650796,11.633686317663257,20.00025638451618,1.4901161193847656e-08,reload,,99,0.5257499410357078,0,fresh,1.5604026265726625,3.0999999046325684,pistol
9.856399992713705e-05,8.607065958041133,19.946149376483806,11.444982073696545,25.488594420643,12.056943520360175,20.00040698135975,3.725290298461914e-09,reload,,100,0.49615076209811493,0,fresh,1.5771812539633088,3.133333444595337,pistol
8.200249430956319e-05,9.998437488667886,19.79290517593501,11.093089757520403,26.210456581617564,12.827561402209717,20.00026658117593,1.1973200741977053e-07,reload,,101,0.46656379347903254,0,fresh,1.593959761344604,3.1666667461395264,pistol
6.455409311456606e-05,13.575505724362475,19.4794744950164,12.937929663633021,27.250394732727155,13.89875862755719,20.00036188800859,1.862645149230957e-08,reload,,102,0.43708111997844845,0,fresh,1.610738268725899,3.200000047683716,pistol
4.838182212552056e-05,18.832393739524576,19.056251749178088,16.414750937356438,28.499349718875322,15.13487179269093,20.000302034914387,3.725290298461914e-09,reload,,103,0.40779503792772376,0,fresh,1.6275167761071943,3.2333333492279053,pistol
3.471914533292875e-05,24.64849088909229,18.562340818959882,19.999756120317127,29.570194776451878,16.102649910826393,20.000331894374202,4.6673292786181264e-07,reload,,104,0.3787978436582178,0,fresh,1.6442952834884894,3.2666666507720947,pistol
2.3196284018922597e-05,27.68368192528901,18.00661935762348,19.999852299330488,30.812563985805443,17.16638976732551,20.000292924663277,2.253378852401511e-06,reload,,105,0.3501818335012905,0,fresh,1.6610737908697846,3.299999952316284,pistol
1.4146445209917147e-05,30.40429824198734,17.383212322541564,19.999950039119586,31.448379712912317,17.502536900732736,20.000157007313746,3.905442554241745e-06,reload,,106,0.3220393037883017,0,fresh,1.6778522982510797,3.3333332538604736,pistol
6.9162297222646885e-06,32.80144324817401,16.761680381247203,19.999921969305092,31.57018719746254,17.230561693248045,20.00038214509519,5.221214451012202e-06,reload,,107,0.2944625508506111,0,fresh,1.694630805632375,3.366666555404663,pistol
8.97323388926452e-07,17.390641784982893,16.402628008935654,19.99979268529135,31.22096316666086,16.42111242270133,20.000351112688513,5.592501111095771e-05,reload,,108,0.26754368105552007,0,fresh,1.7114094330230212,3.4000000953674316,pistol
1.2377833513710357e-07,19.265534652939074,16.749670548502696,19.999959425068464,28.066974393754286,15.30238216295113,16.736262063482684,5.387463897932321e-05,reload,,109,0.24137537635965256,0,fresh,1.7281879404043163,3.433333396911621,pistol
4.214684778958144e-08,21.69433595838741,18.122439478055732,20.000221258322686,24.86079675077295,14.207263695069647,13.566544515617899,4.6033685066504404e-05,reload,,110,0.21604973809331873,0,fresh,1.7449664477856115,3.4666666984558105,pistol
3.725290298461914e-08,24.504315912985096,20.40645809299406,20.00011984460944,22.51080106619316,13.510466143406836,11.196452700529875,3.6891775380354375e-05,reload,,111,0.19165906258787824,0,fresh,1.7617449551669067,3.5,pistol
1.1175870895385742e-08,27.261019670033093,23.178448906215696,19.99987728110661,21.547804434953,13.511529577312016,9.918680540720636,3.080445821979083e-05,reload,,112,0.1682956461746915,0,fresh,1.7785234625482018,3.5333333015441895,pistol
1.862645149230957e-08,29.830450432319324,26.078610174121486,19.999823755447967,22.004843315866438,14.364278318871943,9.543124482933178,3.0249440897023305e-05,reload,,113,0.14605178518511863,0,fresh,1.795301969929497,3.566666603088379,pistol
3.003425064207477e-08,32.30035925216315,29.00603389503512,19.999908323193985,23.411428549343515,15.99506767911252,9.50049870279249,3.386248499737121e-05,reload,,114,0.12501977595051916,0,fresh,1.8120804773107921,3.5999999046325684,pistol
1.1934018573356298e-07,34.93021865928043,32.04862667033467,19.99986432966863,25.23899195549813,18.065799462300927,9.437041896022672,4.145599086768925e-05,reload,,115,0.10529177858154859,0,fresh,1.8288591047014384,3.633333444595337,pistol
1.2310378849633707e-07,37.87505785931143,35.272881085964414,19.999940738765666,26.722363791463923,20.028274077587806,8.978750805879839,5.160774526302703e-05,reload,,116,0.08696037216921437,0,fresh,1.8456376120827336,3.6666667461395264,pistol
6.543825037397255e-08,41.01438220583662,38.56592704092016,19.99975297342539,27.15297838575827,21.161135677137366,8.03666522924624,6.134065915830433e-05,reload,,117,0.07011770716608867,0,fresh,1.8624161194640287,3.700000047683716,pistol
3.032166517868973e-08,43.978248654413555,41.63636314959064,19.999882654646882,26.034300100680042,20.794123795651274,6.752427435825929,6.849414057796821e-05,reload,,118,0.05485607990353214,0,fresh,1.8791946268453237,3.7333333492279053,pistol
5.960464477539063e-08,51.69021433157625,44.16494082873148,19.99987619803217,23.102405017279413,18.418481771820023,5.581504395342652,3.7013717246736633e-07,reload,,119,0.04126778671290354,0,fresh,1.8959731342266188,3.7666666507720947,pistol
1.2289224571304658e-07,57.32418795527512,45.936747520047376,20.0000563869852,18.460433283752586,13.909492437702045,5.181342843304284,3.8671760194119997e-07,reload,,120,0.029445123925563643,0,fresh,1.912751641607914,3.799999952316284,pistol
6.143906006172983e-08,62.37305441507689,46.932852444926084,19.999928464098556,12.725475533079795,7.639651084039101,5.841967090162227,1.1449678822827991e-06,reload,Left wrist bend amplified by IK,121,0.019480387872872096,0,fresh,1.9295301489892092,3.8333332538604736,pistol
3.0719530030864917e-08,64.4956338753465,47.33197429269681,19.999960572446557,7.4372384400348155,0.479255810014223,7.068657355809122,3.04655873151205e-06,reload,Left wrist bend amplified by IK,122,0.011465874886189109,0,fresh,1.9463086563705043,3.866666555404663,pistol
3.0719530030864917e-08,64.6281807528678,47.43170709462293,19.999794084998957,6.1257817256265765,6.388647449083546,8.294332503980744,5.442413112177746e-06,reload,Left wrist bend amplified by IK,123,0.005493846106538691,0,fresh,1.9630872837611506,3.9000000953674316,pistol
3.725290298461914e-08,64.60375376000508,47.57953925674624,19.999680216523334,8.313161598902848,11.64572340441848,9.249992866158241,7.05228057995555e-06,reload,Left wrist bend amplified by IK,124,0.0016566838454387112,0,fresh,1.9798657911424458,3.933333396911621,pistol
3.725290298461914e-09,65.21984440129714,48.03590127043793,19.99998484107453,9.38684549755449,14.363678824752782,9.896660122839071,6.873397978779394e-06,reload,Left wrist bend amplified by IK,125,4.6634304582404695e-05,0,fresh,1.996644298523741,3.9666666984558105,pistol
3.332000986233652e-08,65.51706364915421,48.2122141119397,19.999813738916277,9.07707859097068,14.316586480881645,9.977527183757125,6.386294899130007e-06,reload,Left wrist bend amplified by IK,126,0,0,fresh,2,3.9733333587646484,pistol
2.9802322387695312e-08,66.66178681735532,48.92742428664467,19.999875948057753,7.865992666224506,14.218628792894359,10.302565344977955,4.782601081387838e-06,reload,Left wrist bend amplified by IK,127,0,0,fresh,2.0134228059050363,4.000000000000001,pistol
1.2644053981603065e-07,68.80247984351261,50.20860992463306,19.999832562678684,3.7825677831023854,11.664009392343985,10.574052347059423,2.2465476376964943e-06,reload,Left wrist bend amplified by IK,128,0,0,fresh,2.0302013132863315,4.03333330154419,pistol
1.1175870895385742e-08,71.20913900442072,51.685781607686586,19.999983125153165,3.077875870379854,8.401361815132098,10.896520183474959,7.242408628371777e-07,reload,Left wrist bend amplified by IK,129,0,0,fresh,2.0469798206676266,4.06666660308838,pistol
3.725290298461914e-08,73.10952192433979,53.11193668820686,19.999679092966723,10.27857869458768,8.449600972553645,11.100541943031565,3.609701195728121e-07,reload,Left wrist bend amplified by IK,130,0,0,fresh,2.063758328048922,4.099999904632569,pistol
1.4901161193847656e-08,73.32417110808797,54.264886111935596,19.99995112992989,17.89342082628513,12.73672202402686,11.611813122569227,2.6318227241972636e-07,reload,Left wrist bend amplified by IK,131,0,0,fresh,2.0805368354302165,4.133333206176757,pistol
1.1944189282075968e-07,59.59088334799839,55.03833117020779,19.999736567438827,24.858405434454404,17.750658224823248,12.31634621633776,5.485483416123316e-05,reload,,132,0,0,fresh,2.0973153428115117,4.166666507720946,pistol
3.332000986233652e-08,59.76077526817462,55.105342365035746,19.999866035344855,25.77460991695045,18.374653783455955,12.471839863045725,5.390620935941115e-05,reload,,133,0,0,,2.1,4.1720000267028805,pistol
1.6763806343078613e-08,60.62201318196848,55.45663996480385,20.000088662055717,30.62037159262465,21.80775473358784,13.296508105117061,4.947606794303283e-05,reload,,134,0,0,,2.114093850192807,4.199999809265136,pistol
3.332000986233652e-08,61.3191442964677,55.63309677472886,19.999711598112928,35.18578933282048,24.463036159601725,14.57898245458246,4.5146894990466535e-05,reload,,135,0,0,,2.130872357574102,4.233333110809325,pistol
3.1828893298779803e-08,61.75015422333766,55.70003279715543,19.999924171808004,38.626454112836264,25.785863956875662,16.051472700380636,4.113482646062039e-05,reload,,136,0,0,,2.1476511049740994,4.266666889190673,pistol
0,70.84468115914379,55.72881251356315,19.999921358279234,40.79816139184288,26.066076550335165,17.34336600413981,3.273383697433019e-07,reload,Left wrist bend amplified by IK,137,0,0,,2.1644296123553945,4.300000190734862,pistol
0,71.96497360909578,55.68567060672623,19.999748456498395,41.527768373441894,25.640628503250447,18.050625889858534,2.8361179715830076e-07,reload,Left wrist bend amplified by IK,138,0,0,,2.1812081197366897,4.333333492279053,pistol
1.1175870895385742e-08,72.82620583946215,55.44140007850258,19.99986058319393,41.2496629839984,24.79530939222576,18.45907352315963,1.4452014340804453e-07,reload,Left wrist bend amplified by IK,139,0,0,,2.197986627117985,4.366666793823242,pistol
3.332000986233652e-08,73.13669398211393,54.823316684089406,19.999783853127457,40.38814496069068,23.761676193430784,18.932850046365125,6.838723720647977e-08,reload,Left wrist bend amplified by IK,140,0,0,,2.21476513449928,4.400000095367432,pistol
3.003425064207477e-08,72.58027094415698,53.680291121978335,19.999886808464034,39.15981359006599,22.925929787950853,19.540306589769344,1.2287812012345967e-07,reload,Left wrist bend amplified by IK,141,0,0,,2.231543641880575,4.433333396911621,pistol
1.212866607147589e-07,69.10399263135247,51.95482509740739,17.75904185724439,37.18876463420674,22.232970818636026,20.00024510141947,5.960464477539063e-08,reload,Left wrist bend amplified by IK,142,0,0,,2.2483221492618704,4.4666666984558105,pistol
4.835421236748516e-07,63.21398470021615,49.69413713074339,13.803902433314105,34.67952059575053,21.58463316601927,20.000265532926086,4.214684778958144e-08,reload,,143,0,0,,2.2651006566431655,4.5,pistol
5.339525159797631e-07,56.87192129761811,47.086055083407835,9.907181428991153,32.30313971174691,21.015807928847458,20.00036109830035,1.3333209381016786e-07,reload,,144,0,0,,2.2818791640244607,4.5333333015441895,pistol
7.890583333391987e-07,51.64847115449234,45.56450549766249,6.132332520303888,30.29201682378746,20.571105774688895,20.000406150235634,6.931943374866023e-08,reload,,145,0,0,,2.298657671405756,4.566666603088379,pistol
9.54866777647112e-07,47.352691528283,44.37367344042622,2.994907564039714,28.73390566428115,20.291266605496446,20.000285506780045,1.2223054568494263e-07,reload,,146,0,0,,2.315436178787051,4.599999904632568,pistol
1.3615617717732675e-06,44.2185377517273,43.369732472677704,0.8487212521895745,28.291792009074776,20.268105411449003,20.000412384352376,3.166496753692627e-08,reload,,147,0,0,,2.332214686168346,4.633333206176758,pistol
1.8680613038668525e-06,42.588441659211064,42.58557870293537,0.0,27.87299405457002,20.307165014477413,20.00014763727592,1.210719347000122e-08,reload,,148,0,0,,2.3489931935496413,4.666666507720947,pistol
1.973729013116099e-06,42.55090914249259,42.5509221335339,0.0,27.866777513362955,20.318618821001863,20.000228370114733,6.244724204407248e-08,reload,,149,0,0,,2.3499999999999996,4.668666696548462,pistol
2.79062783192785e-06,42.00821460627881,42.00821460627881,0.0,27.822670665798036,20.58494461870157,20.000311631290444,0,reload,,150,0,0,,2.3657717009309365,4.699999809265137,pistol
3.8823172872071154e-06,41.61292344764587,41.61292344764587,0.0,27.752463331875216,21.04213367055072,20.000344556905752,0,reload,,151,0,0,,2.3825502083122316,4.733333110809326,pistol
5.210550625633914e-06,41.37288372794392,41.37288372794392,0.0,27.681499246920684,21.696311263045327,20.000203669547847,0,reload,,152,0,0,,2.399328955712229,4.766666889190674,pistol
6.332204520731466e-06,41.267578522988074,41.267578522988074,0.0,27.625417182637413,22.47588746945692,20.00031316533072,0,reload,,153,0,0,,2.416107463093524,4.800000190734863,pistol
7.486083632102236e-06,41.32386003658537,41.32386003658537,0.0,27.60112545202411,23.307461218419014,20.000436282799313,0,reload,,154,0,0,,2.4328859704748194,4.833333492279053,pistol
8.649611118016765e-06,41.3807300938242,41.3807300938242,0.0,27.64841600576044,24.109914992741164,20.000234500029894,0,reload,,155,0,0,,2.4496644778561145,4.866666793823242,pistol
9.452226549910847e-06,41.54769377710917,41.54769377710917,0.0,27.78015344206034,24.8247477410889,20.00025574746997,0,reload,,156,0,0,,2.4664429852374097,4.900000095367432,pistol
1.0633795682224445e-05,41.742185232709176,41.742185232709176,0.0,27.971165003516315,25.433128253473836,20.000344347548378,0,reload,,157,0,0,,2.483221492618705,4.933333396911621,pistol
1.1175002327945549e-05,41.92487799499321,41.92487799499321,0.0,28.184307311333203,25.631318652308785,20.000248145491213,0,reload,,158,0,0,,2.5,4.9666666984558105,pistol
1.3075715799004684e-07,50.13901863921946,45.58795302520419,19.999843241851895,22.065609081793966,32.263269770952576,10.220784672477897,7.254223601194099e-05,ads,,0,0,0,,0,0,pistol
2.9802322387695312e-08,51.06555626583962,45.676589323964336,19.999727797818586,27.727895896399662,32.300497263049024,5.23074996914153,7.742049638181925e-05,ads,,1,0,0,,0.016666666666666666,0.016666666666666666,pistol
3.332000986233652e-08,52.005664688252594,45.76543162480171,19.999710698826714,33.34056622983429,32.337897082442794,4.15278091062841,8.296613668790087e-05,ads,,2,0,0,,0.03333333507180214,0.03333333507180214,pistol
2.2351741790771484e-08,52.96156468700239,45.85309495919063,19.99978215915091,38.90722807100524,32.38426293949234,8.412884149700961,8.907648589229211e-05,ads,,3,0,0,,0.05,0.05,pistol
6.006850128414953e-08,65.52047445994513,45.94114333175514,19.999915542130218,44.441158177809484,32.4307641791146,13.64119291901611,4.9231737648369744e-05,ads,Left wrist bend amplified by IK,4,0,0,,0.06666667014360428,0.06666667014360428,pistol
1.4901161193847656e-08,65.55180191058527,46.02443166473127,19.99979692938963,49.961074364905315,32.48626407631318,19.02795814616303,7.951012230478227e-05,ads,Left wrist bend amplified by IK,5,0,0,,0.08333333333333333,0.08333333333333333,pistol
7.018255473667523e-06,55.976340239543624,46.107996251318355,19.999874884600903,51.18223600391537,32.54203698554464,20.00028654109732,0.00011309809633530676,ads,,6,0,0,,0.10000000149011612,0.10000000149011612,pistol
1.9235885702073574e-05,57.02435877267429,46.17938748123103,19.999936406654932,51.37755911622463,32.595399312057225,20.00035902198196,0.0001236449897987768,ads,,7,0,0,,0.11666666666666667,0.11666666666666667,pistol
3.5262415622128174e-05,58.102306253148804,46.250876933446484,19.999863729311976,51.51762167727613,32.6490216483563,20.000144887042882,0.00013559445505961776,ads,,8,0,0,,0.13333334028720856,0.13333334028720856,pistol
4.647609966923483e-05,58.715675595915414,46.27276843246099,19.999811354292966,51.5818454469532,32.684263591913485,20.000319923012206,0.00014312345592770725,ads,,9,0,0,,0.14285714285714285,0.14285714285714285,pistol
4.647688547265716e-05,58.726798574725656,46.28916522899235,20.000045947881453,51.614857394253804,32.710698721722345,20.00044116607084,0.00014302920317277312,ads,,10,0,0,,0.15,0.15,pistol
4.6043642214499414e-05,58.75283814506861,46.32759365768282,19.99983445101025,51.69182811894143,32.772440612347815,20.000482733224867,0.000142684206366539,ads,,11,0,0,,0.1666666716337204,0.1666666716337204,pistol
4.5648543164134026e-05,58.76553409181614,46.36067999609875,19.999615169569836,51.76899366980255,32.834221270598746,20.000260835304093,0.0001421969645889476,ads,,12,0,0,,0.18333333333333332,0.18333333333333332,pistol
4.5376309572020546e-05,58.778286505879194,46.39402431883169,19.999824273759003,51.84609747147617,32.89605729325546,20.00037642600439,0.00014169410860631615,ads,,13,0,0,,0.20000000298023224,0.20000000298023224,pistol
4.517583511187695e-05,58.839526133151075,46.477877589932724,20.00000010318915,51.8959934622108,32.930860967931615,20.00033551925112,0.00014121837739367038,ads,,14,0,0,,0.21666666666666667,0.21666666666666667,pistol
4.51289743068628e-05,58.9007847265663,46.56195747873428,19.999702911501704,51.945842928166,32.96572060753487,20.000107054880214,0.00014069827739149332,ads,,15,0,0,,0.23333333432674408,0.23333333432674408,pistol
4.5010245230514556e-05,59.00925616984381,46.68902760170732,19.99985660239838,51.98103419895245,32.98139111758421,20.000254361042042,0.00014031406317371875,ads,,16,0,0,,0.25,0.25,pistol
4.494775566854514e-05,59.11771991951651,46.816170601817745,19.999935006857488,52.01622390341418,32.9972371427178,20.000385964123026,0.00013982185919303447,ads,,17,0,0,,0.2666666805744171,0.2666666805744171,pistol
4.46586636826396e-05,59.2354084244506,46.950366560318685,19.999776754321324,52.0539574025954,33.01380102128326,20.000384731565415,0.00013955174654256552,ads,,18,0,0,,0.2833333333333333,0.2833333333333333,pistol
4.448365143616684e-05,59.35313667102393,47.08465459947628,19.999993893154404,52.09173581602126,33.03065359853845,20.000340307181524,0.0001393319107592106,ads,,19,0,0,,0.30000001192092896,0.30000001192092896,pistol
4.4156720832688734e-05,59.45988879011037,47.207422550490925,19.99998719996968,52.137605662818245,33.0558010598528,20.000396514718897,0.0001389604149153456,ads,,20,0,0,,0.31666666666666665,0.31666666666666665,pistol
4.4036234612576663e-05,59.566630181095256,47.33030576089275,19.99998360227393,52.183473580714775,33.08118787632128,20.000429364801814,0.00013843919441569597,ads,,21,0,0,,0.3333333432674408,0.3333333432674408,pistol
4.3670541344909e-05,59.648100566243954,47.428592281629875,20.00000558727216,52.24402076519466,33.12461143119929,20.0003583365734,0.00013812858378514647,ads,,22,0,0,,0.35,0.35,pistol
4.3534244468901306e-05,59.729598135642846,47.52695882385021,19.99988592992714,52.30458879565947,33.16822065863351,20.000260555661868,0.00013777716958429664,ads,,23,0,0,,0.36666667461395264,0.36666667461395264,pistol
4.3017535062972456e-05,59.79560479583403,47.600259440634126,20.00001023138562,52.37600948973459,33.229099560313216,20.000376597639878,0.00013728677004110068,ads,,24,0,0,,0.38333333333333336,0.38333333333333336,pistol
4.2738862248370424e-05,59.86173044402051,47.67367714681503,19.999858838442293,52.44744552404627,33.29006672744829,20.000327432128692,0.00013687978207599372,ads,,25,0,0,,0.4000000059604645,0.4000000059604645,pistol
4.2483403376536444e-05,59.90058100602655,47.72743613275077,19.999874715394377,52.519699845793994,33.35726654142329,20.000304309315645,0.00013665641017723829,ads,,26,0,0,,0.4166666666666667,0.4166666666666667,pistol
4.2228770325891674e-05,59.939538162895055,47.78135448785344,19.999855550129716,52.59193445508978,33.42447232314609,20.000497806098537,0.0001363966875942424,ads,,27,0,0,,0.4333333373069763,0.4333333373069763,pistol
4.193325366941281e-05,59.97070012264451,47.817191302618326,19.999750236370197,52.64847585122364,33.477002566483314,20.000448013310997,0.00013623184349853545,ads,,28,0,0,,0.45,0.45,pistol
4.164003985351883e-05,60.002083595392435,47.853129211542544,20.00005442565935,52.70500071564158,33.5295725726313,20.000274385352547,0.0001361208560410887,ads,,29,0,0,,0.46666666865348816,0.46666666865348816,pistol
4.1767911170609295e-05,60.001126523559726,47.84690790691527,19.99999380222481,52.698947346083045,33.52506560575226,20.000453415432826,0.00013614349882118404,ads,,30,0,0,,0.48333333333333334,0.48333333333333334,pistol
4.179626557743177e-05,60.000256929434975,47.840661498489006,19.999905581328836,52.692833702827485,33.520547097370084,20.00017678215333,0.00013619617675431073,ads,,31,0,0,,0.5,0.5,pistol
4.1828203393379226e-05,59.99016543681213,47.83442440479961,19.999754042034535,52.68667462627145,33.516023422729816,20.00046984578536,0.0001360684254905209,ads,,32,0,0,,0.5166666666666667,0.5166666666666667,pistol
4.1836021409835666e-05,59.98011227180325,47.82819916064715,19.999884940332432,52.68053539822767,33.51150903558773,20.000303966500702,0.00013595189375337213,ads,,33,0,0,,0.5333333611488342,0.5333333611488342,pistol
4.1902385419234633e-05,59.97001060345599,47.82196937283634,19.99994862365225,52.67434441179427,33.50699878352816,20.000271102361364,0.00013580979430116713,ads,,34,0,0,,0.55,0.55,pistol
4.188915409031324e-05,59.959948269339506,47.815738571915745,19.999686617234875,52.668148482168846,33.502480997909856,20.000281298508522,0.00013563148968387395,ads,,35,0,0,,0.5666666626930237,0.5666666626930237,pistol
4.1934392356779426e-05,59.935019979379625,47.78443553707251,19.99984820867724,52.662296312458395,33.49798781131857,20.000454382506067,0.00013560224033426493,ads,,36,0,0,,0.5833333333333334,0.5833333333333334,pistol
4.210272527416237e-05,59.910208280123,47.753105113124356,19.999860350231245,52.65648919907238,33.49344979483959,20.0005144497398,0.0001354977284790948,ads,,37,0,0,,0.6000000238418579,0.6000000238418579,pistol
4.2204013880109414e-05,59.87487938213331,47.69864861234525,19.9998143841011,52.604716028374334,33.448689942312484,20.000465337968567,0.00013554262113757432,ads,,38,0,0,,0.6166666666666667,0.6166666666666667,pistol
4.246403477736749e-05,59.83945168003237,47.64419523311454,19.99978657307501,52.552979797302385,33.40396826735006,20.000336453797875,0.00013566817506216466,ads,,39,0,0,,0.6333333253860474,0.6333333253860474,pistol
4.295894905226305e-05,59.771937511339615,47.55089335293689,19.999876546982097,52.473417559825556,33.3366865652093,20.000250651565242,0.00013563490938395262,ads,,40,0,0,,0.65,0.65,pistol
4.335363337304443e-05,59.70436850197638,47.4577240849702,19.999953454945334,52.393888870429265,33.269528394762666,20.000234106263402,0.0001356760913040489,ads,,41,0,0,,0.6666666865348816,0.6666666865348816,pistol
4.391231050249189e-05,59.616618396946215,47.34357713105877,19.99980963277601,52.26323269020927,33.154743138033965,20.000304787545414,0.00013606190623249859,ads,,42,0,0,,0.6833333333333333,0.6833333333333333,pistol
4.464224184630439e-05,59.529046837968544,47.22970153424244,19.999962051893817,52.13258731423254,33.04018948872947,20.00029986755711,0.00013635559298563749,ads,,43,0,0,,0.699999988079071,0.699999988079071,pistol
4.536459891824052e-05,59.45206819813237,47.116885796007935,20.000103953019714,51.951844479216966,32.87919511509705,20.000399180684404,0.00013695715460926294,ads,,44,0,0,,0.7166666666666667,0.7166666666666667,pistol
4.634781362256035e-05,59.37530928537533,47.004636823882485,19.999872355585943,51.77130748499989,32.7186738791188,20.000348041833508,0.00013752892846241593,ads,,45,0,0,,0.7333333492279053,0.7333333492279053,pistol
4.741610973724164e-05,59.27759897141569,46.87494987668389,19.999780604024238,51.589678558503486,32.563245964385814,20.00032193933501,0.00013814307749271393,ads,,46,0,0,,0.75,0.75,pistol
4.823032577405684e-05,59.180082823397726,46.745829657006055,19.999695380310815,51.408263882023526,32.408531671102914,20.00022355228046,0.00013881176710128784,ads,,47,0,0,,0.7666666507720947,0.7666666507720947,pistol
4.880717096966691e-05,59.0338095317409,46.56767268421885,19.99998116134107,51.286515124084644,32.319151163006936,20.000393973946792,0.00013925904931966215,ads,,48,0,0,,0.7833333333333333,0.7833333333333333,pistol
4.9497979489387944e-05,58.8875431760848,46.38979460312987,20.000019961207347,51.16500217029813,32.230572012253724,20.0003128276892,0.00013978710921946913,ads,,49,0,0,,0.800000011920929,0.800000011920929,pistol
5.008404332329519e-05,58.73808290238906,46.200787118828124,20.000087799530423,51.09230840318974,32.19178045611792,20.000399820389802,0.00013997593487147242,ads,,50,0,0,,0.8166666666666667,0.8166666666666667,pistol
5.0296890549361706e-05,58.58841009370766,46.01188802992302,19.999955339118856,51.01976863529935,32.15362858528709,20.000441443274646,0.00014020873641129583,ads,,51,0,0,,0.8333333134651184,0.8333333134651184,pistol
5.073025749879889e-05,58.467654875953166,45.87983204622665,19.99986418181183,50.947829395116486,32.109835515546195,20.000467294778403,0.0001409988763043657,ads,,52,0,0,,0.85,0.85,pistol
5.103778312331997e-05,58.34712806536405,45.747990029973465,19.999858108258508,50.87592262383177,32.06635898667039,20.000234940993618,0.00014181398728396744,ads,,53,0,0,,0.8666666746139526,0.8666666746139526,pistol
5.128228076500818e-05,58.285187735294805,45.661928089029175,19.999465071835175,50.80363792054819,32.015842044270144,20.00043581999732,0.0001422804780304432,ads,,54,0,0,,0.8833333333333333,0.8833333333333333,pistol
5.163587411516346e-05,58.22333151696566,45.57621998463851,19.99992517357281,50.731367033966265,31.965488393941033,20.000165497450087,0.00014289964747149497,ads,,55,0,0,,0.8999999761581421,0.8999999761581421,pistol
5.176036211196333e-05,58.16536720816884,45.49443478110497,19.999723853539475,50.6730090748871,31.930164611402454,20.000329011968315,0.00014349808043334633,ads,,56,0,0,,0.9166666666666666,0.9166666666666666,pistol
5.19456370966509e-05,58.10740910163522,45.412832595388835,19.999910959087252,50.61466291426517,31.89501781534346,20.000238523900656,0.00014416126941796392,ads,,57,0,0,,0.9333333373069763,0.9333333373069763,pistol
5.203477849136107e-05,58.05391248660702,45.34210267437232,19.99985462814273,50.55690538769819,31.860024920511076,20.000371675201603,0.0001447495596949011,ads,,58,0,0,,0.95,0.95,pistol
5.231758041190915e-05,58.00050062958001,45.27146857147477,19.999835931140034,50.499186035698976,31.825196107433403,20.000406014512173,0.00014524800644721836,ads,,59,0,0,,0.9666666388511658,0.9666666388511658,pistol
5.25195719092153e-05,57.95558918048983,45.22321529821165,19.999881667605887,50.4420082603181,31.784356605904094,20.0002689024013,0.00014574606029782444,ads,,60,0,0,,0.9833333333333333,0.9833333333333333,pistol
5.271904592518695e-05,57.91078821407238,45.17509895733956,20.000003936023383,50.384830426307836,31.74364961632396,20.00028257959916,0.00014619118883274496,ads,,61,0,0,,1,1,pistol
5.289124237606302e-05,57.87825487108312,45.13498720497547,19.999918046268775,50.34178307781596,31.712250204453106,20.000386640286845,0.00014657054271083325,ads,,62,0,0,,1.0166666666666666,1.0166666666666666,pistol
5.2977960876887664e-05,57.84569426282764,45.09493517060672,19.999828749510375,50.29875425477632,31.680915130165555,20.000302664926615,0.0001470844872528687,ads,,63,0,0,,1.0333333015441895,1.0333333015441895,pistol
5.3181243856670335e-05,57.81623551957131,45.063034127476115,19.999938238246944,50.274270452678806,31.659697096157213,20.00035952292947,0.00014725295477546751,ads,,64,0,0,,1.05,1.05,pistol
5.328776023816317e-05,57.786831945845734,45.031293968534584,19.999874200080775,50.24979807369495,31.638479573876158,20.000540194188613,0.00014746616943739355,ads,,65,0,0,,1.0666667222976685,1.0666667222976685,pistol
5.3367301006801426e-05,57.78098799531281,45.02218926830859,19.999916362872852,50.22457789226092,31.617290888377706,20.00034285348651,0.00014764316438231617,ads,,66,0,0,,1.0833333333333333,1.0833333333333333,pistol
5.351242725737393e-05,57.77509802292685,45.01310213227,20.000108402955615,50.199375487411196,31.596095606462683,20.000259205578043,0.00014789773558732122,ads,,67,0,0,,1.100000023841858,1.100000023841858,pistol
5.3328523790696636e-05,57.772267194276324,45.00405048562435,19.999839263661737,50.21646825143459,31.612796302324323,20.000193579795475,0.00014811042638029903,ads,,68,0,0,,1.1166666666666667,1.1166666666666667,pistol
5.313188739819452e-05,57.76942457163993,44.99494820317048,19.999943677671354,50.233557431356815,31.629511604488556,20.000303606038916,0.00014835211914032698,ads,,69,0,0,,1.1333333253860474,1.1333333253860474,pistol
5.305420563672669e-05,57.76061025754675,44.98591674807308,20.00004442011752,50.250620967081296,31.64623552065714,20.00014012833922,0.00014894039486534894,ads,,70,0,0,,1.15,1.15,pistol
5.292195055517368e-05,57.75183774309094,44.976894850465996,19.999752500916884,50.26769627398558,31.66294768418093,20.000477211974157,0.00014952674973756075,ads,,71,0,0,,1.1666666269302368,1.1666666269302368,pistol
5.27861193404533e-05,57.78147573256801,45.00715784960597,19.999914747677693,50.28521347664435,31.679663614722646,20.00058106398729,0.00014920486137270927,ads,,72,0,0,,1.1833333333333333,1.1833333333333333,pistol
5.255771611700766e-05,57.811141323139225,45.03743210929325,19.999905655623778,50.30271994670488,31.696386040412786,20.000467041123564,0.00014891341561451554,ads,,73,0,0,,1.2000000476837158,1.2000000476837158,pistol
5.2441249863477424e-05,57.8337728355939,45.067738076799195,20.000049179161767,50.340629462294096,31.726703513838345,20.000346769582478,0.00014896970242261887,ads,,74,0,0,,1.2166666666666666,1.2166666666666666,pistol
5.222985055297613e-05,57.856464802815616,45.0980079796787,19.999948272240765,50.37855668038862,31.75704121565851,20.000372861698747,0.0001489756250521168,ads,,75,0,0,,1.2333333492279053,1.2333333492279053,pistol
5.1785624236799777e-05,57.908113957460984,45.154905117571126,19.999877067993218,50.4548147918712,31.822762263590203,20.00040914754841,0.00014879462833050638,ads,,76,0,0,,1.25,1.25,pistol
5.134332968736999e-05,57.95995152463664,45.211939016701294,19.999741248323208,50.53106078464403,31.88859465231126,20.000280861009394,0.0001486110413679853,ads,,77,0,0,,1.2666666507720947,1.2666666507720947,pistol
5.071125997346826e-05,58.002744771858055,45.2861736127447,19.99985369985199,50.644549068813895,31.98658675355071,20.0004907036727,0.0001483435626141727,ads,,78,0,0,,1.2833333333333334,1.2833333333333334,pistol
5.02320981468074e-05,58.04567902517318,45.360806522387854,19.999946271056533,50.758122728644125,32.08483778076781,20.00036080873626,0.00014804342936258763,ads,,79,0,0,,1.2999999523162842,1.2999999523162842,pistol
4.9751350161386654e-05,58.12049199111251,45.47414711326494,19.999890026859287,50.87256785994396,32.173805992067415,20.000329916195188,0.00014745115186087787,ads,,80,0,0,,1.3166666666666667,1.3166666666666667,pistol
4.911785799777135e-05,58.19549832775442,45.58795302520419,19.999782649410808,50.98720659291569,32.263269770952576,20.00013760843183,0.00014683119661640376,ads,,81,0,0,,1.3333333730697632,1.3333333730697632,pistol
1.2377833513710357e-07,50.13899683649525,45.58795302520419,19.999883823984415,22.065642857670785,32.263269770952576,10.220608756993592,7.251169881783426e-05,hip-idle,,0,0,0,,0,0,pistol
1.2013700256829907e-07,50.23782764365394,45.76543162480171,19.999561086500158,22.057799259596468,32.337897082442794,10.29519766251964,7.210891635622829e-05,hip-idle,,1,0,0,,0.03333333507180214,0.03333333507180214,pistol
1.4901161193847656e-08,50.33290454109549,45.94114333175514,19.999935006379054,22.050036778203324,32.4307641791146,10.389360838334374,7.184923742897809e-05,hip-idle,,2,0,0,,0.06666667014360428,0.06666667014360428,pistol
2.9802322387695312e-08,50.43680203567089,46.107996251318355,20.000008606612514,22.051156669290116,32.54203698554464,10.494597348756686,7.163626287365332e-05,hip-idle,,3,0,0,,0.10000000149011612,0.10000000149011612,pistol
3.725290298461914e-08,50.51837373618776,46.250876933446484,19.99986755977598,22.051051182436435,32.6490216483563,10.59870334646874,7.14266425347887e-05,hip-idle,,4,0,0,,0.13333334028720856,0.13333334028720856,pistol
3.0719530030864917e-08,50.549577042726455,46.32759365768282,19.99997104406036,22.053701112034016,32.772440612347815,10.719471231766672,7.123821706045419e-05,hip-idle,,5,0,0,,0.1666666716337204,0.1666666716337204,pistol
6.365778659755961e-08,50.549909205190126,46.39402431883169,20.00005557978071,22.058263665145873,32.89605729325546,10.839562386603088,7.09809610270895e-05,hip-idle,,6,0,0,,0.20000000298023224,0.20000000298023224,pistol
2.9802322387695312e-08,50.64430250413561,46.56195747873428,19.999664706927785,22.062577900252606,32.96572060753487,10.906839476241286,7.057967741275206e-05,hip-idle,,7,0,0,,0.23333333432674408,0.23333333432674408,pistol
1.2377833513710357e-07,50.8201524260585,46.816170601817745,19.999893979525982,22.061519928375155,32.9972371427178,10.943918676863252,7.013324648141861e-05,hip-idle,,8,0,0,,0.2666666805744171,0.2666666805744171,pistol
1.341104507446289e-07,51.018216213924454,47.08465459947628,20.000012519895265,22.05462710916129,33.03065359853845,10.990937908275813,6.966020009713247e-05,hip-idle,,9,0,0,,0.30000001192092896,0.30000001192092896,pistol
5.960464477539063e-08,51.194148103963705,47.33030576089275,20.00005077066292,22.038541544458326,33.08118787632128,11.066987962370943,6.915457925060764e-05,hip-idle,,10,0,0,,0.3333333432674408,0.3333333432674408,pistol
1.2013700256829907e-07,51.32710202267216,47.52695882385021,19.999976176562672,22.03249664051441,33.16822065863351,11.170179797574125,6.884011963848025e-05,hip-idle,,11,0,0,,0.36666667461395264,0.36666667461395264,pistol
6.664001972467304e-08,51.431914407150764,47.67367714681503,19.999926521817983,22.01517887819883,33.29006672744829,11.318653883839632,6.854216189822182e-05,hip-idle,,12,0,0,,0.4000000059604645,0.4000000059604645,pistol
1.2489448408814496e-07,51.495402305393824,47.78135448785344,19.999881084230722,21.997869901423826,33.42447232314609,11.477319136554055,6.833513180026785e-05,hip-idle,,13,0,0,,0.4333333373069763,0.4333333373069763,pistol
2.2351741790771484e-08,51.552159811166895,47.853129211542544,19.99983100011306,21.98059441629338,33.5295725726313,11.605863224661467,6.836259126430377e-05,hip-idle,,14,0,0,,0.46666666865348816,0.46666666865348816,pistol
1.1944189282075968e-07,51.543859884000376,47.840661498489006,19.999923434009702,21.963343900089093,33.520547097370084,11.61440365691805,6.847723125247285e-05,hip-idle,,15,0,0,,0.5,0.5,pistol
1.2377833513710357e-07,51.527740702132846,47.82819916064715,20.000018101793057,21.964780229401036,33.51150903558773,11.603813406332709,6.827678589615971e-05,hip-idle,,16,0,0,,0.5333333611488342,0.5333333611488342,pistol
3.332000986233652e-08,51.51162883807311,47.815738571915745,19.999634471958792,21.96622658808136,33.502480997909856,11.593103892392062,6.800139090046287e-05,hip-idle,,17,0,0,,0.5666666626930237,0.5666666626930237,pistol
3.0719530030864917e-08,51.47087451432812,47.753105113124356,19.99995334111817,21.961001428818992,33.49344979483959,11.590094852297138,6.806874444009736e-05,hip-idle,,18,0,0,,0.6000000238418579,0.6000000238418579,pistol
3.725290298461914e-08,51.40638700692141,47.64419523311454,19.999851742290325,21.95581101863038,33.40396826735006,11.501471725077458,6.83631660649553e-05,hip-idle,,19,0,0,,0.6333333253860474,0.6333333253860474,pistol
7.450580596923828e-09,51.29130055438217,47.4577240849702,19.99995110280501,21.970255107688047,33.269528394762666,11.342847198198655,6.872698577353731e-05,hip-idle,,20,0,0,,0.6666666865348816,0.6666666865348816,pistol
9.685754776000977e-08,51.143455899064364,47.22970153424244,19.9999472114663,22.022224914224335,33.04018948872947,11.04846904258629,6.906942871864885e-05,hip-idle,,21,0,0,,0.699999988079071,0.699999988079071,pistol
6.143906006172983e-08,51.028441221106526,47.004636823882485,19.999953963815248,22.074225944959625,32.7186738791188,10.662134903261311,6.938100705156103e-05,hip-idle,,22,0,0,,0.7333333492279053,0.7333333492279053,pistol
7.450580596923828e-09,50.87707767570466,46.745829657006055,19.999856245456748,22.120758617907203,32.408531671102914,10.293605136393227,6.978966848691925e-05,hip-idle,,23,0,0,,0.7666666507720947,0.7666666507720947,pistol
2.9802322387695312e-08,50.632486869501925,46.38979460312987,20.00005531570554,22.15667531574953,32.230572012253724,10.074772108902845,7.032858411548659e-05,hip-idle,,24,0,0,,0.800000011920929,0.800000011920929,pistol
3.332000986233652e-08,50.38836947160048,46.01188802992302,19.999873777286734,22.165262393981198,32.15362858528709,9.990323812462895,7.115260814316571e-05,hip-idle,,25,0,0,,0.8333333134651184,0.8333333134651184,pistol
1.2310378849633707e-07,50.18560497240552,45.747990029973465,19.999839528156812,22.17051920981131,32.06635898667039,9.902807628596252,7.147990982048213e-05,hip-idle,,26,0,0,,0.8666666746139526,0.8666666746139526,pistol
3.725290298461914e-08,50.09710464830823,45.57621998463851,19.999799002420804,22.1761118007633,31.965488393941033,9.804147919925267,7.177102088462561e-05,hip-idle,,27,0,0,,0.8999999761581421,0.8999999761581421,pistol
1.2287812012345967e-07,50.01162681731296,45.412832595388835,19.999919789158902,22.142590717809377,31.89501781534346,9.77721477514852,7.217234815470874e-05,hip-idle,,28,0,0,,0.9333333373069763,0.9333333373069763,pistol
3.725290298461914e-08,49.929762137305296,45.27146857147477,19.999777249793674,22.120941765797284,31.825196107433403,9.740457895207951,7.257061952259392e-05,hip-idle,,29,0,0,,0.9666666388511658,0.9666666388511658,pistol
1.2377833513710357e-07,49.86329717187151,45.17509895733956,20.000006291568404,22.112689302332495,31.74364961632396,9.678388783538958,7.249497139127925e-05,hip-idle,,30,0,0,,1,1,pistol
7.028863535651908e-08,49.81438006643351,45.09493517060672,19.999869726945548,22.108378171118744,31.680915130165555,9.629152196767418,7.243409345392138e-05,hip-idle,,31,0,0,,1.0333333015441895,1.0333333015441895,pistol
1.1920928955078125e-07,49.768849726225916,45.031293968534584,19.999894423613608,22.107522969188153,31.638479573876158,9.591433595984887,7.232213101815432e-05,hip-idle,,32,0,0,,1.0666667222976685,1.0666667222976685,pistol
1.2287812012345967e-07,49.76605445796219,45.01310213227,20.000088415164885,22.10093055288935,31.596095606462683,9.56055419825126,7.228319736896083e-05,hip-idle,,33,0,0,,1.100000023841858,1.100000023841858,pistol
8.024520781191313e-08,49.77235839147831,44.99494820317048,19.999832318232496,22.094321400041842,31.629511604488556,9.600374766493994,7.242147694341838e-05,hip-idle,,34,0,0,,1.1333333253860474,1.1333333253860474,pistol
1.2287812012345967e-07,49.762610236442846,44.976894850465996,19.999879539225688,22.087640005809824,31.66294768418093,9.640505961010422,7.281345460796729e-05,hip-idle,,35,0,0,,1.1666666269302368,1.1666666269302368,pistol
3.725290298461914e-08,49.822706829595255,45.03743210929325,19.999752630101074,22.074162617390797,31.696386040412786,9.685538458824176,7.26542784832418e-05,hip-idle,,36,0,0,,1.2000000476837158,1.2000000476837158,pistol
1.212866607147589e-07,49.86651552471065,45.0980079796787,19.99984856808268,22.060638888401208,31.75704121565851,9.752968974604942,7.286814070539549e-05,hip-idle,,37,0,0,,1.2333333492279053,1.2333333492279053,pistol
7.450580596923828e-09,49.95621099034985,45.211939016701294,19.999911910356545,22.049216082054162,31.88859465231126,9.885711583375668,7.304445898626e-05,hip-idle,,38,0,0,,1.2666666507720947,1.2666666507720947,pistol
3.0719530030864917e-08,50.017645868268175,45.360806522387854,19.99993791622501,22.05997680406789,32.08483778076781,10.061423141033723,7.294167153304443e-05,hip-idle,,39,0,0,,1.2999999523162842,1.2999999523162842,pistol
1.2377833513710357e-07,50.13899683649525,45.58795302520419,19.999883823984415,22.065642857670785,32.263269770952576,10.220608756993592,7.251169881783426e-05,hip-idle,,40,0,0,,1.3333333730697632,1.3333333730697632,pistol
6.143906006172983e-08,49.585795146002766,45.58796556334076,19.999749284695667,25.101318483336158,32.26323241125322,7.3552209621169125,6.558699533343315e-05,running,,0,0,0,,0,0,pistol
1.3328003944934608e-07,49.17056515451696,45.487555307115514,19.999821395185315,26.6492797907359,34.073280713660246,7.583956670639233,6.182222568895668e-05,running,,1,0,0,,0.016666666666666666,0.016666666666666666,pistol
6.006850128414953e-08,48.74693186290296,45.385277938832104,19.999857439138907,28.13600069807373,35.883540416907984,7.874058660402362,5.7978624681709334e-05,running,,2,0,0,,0.03333333507180214,0.03333333507180214,pistol
7.450580596923828e-08,49.889635614452686,47.262629932859454,19.99985026291004,29.10324354833836,38.91555364034717,9.81439121597611,5.3136438509682193e-05,running,,3,0,0,,0.05,0.05,pistol
6.365778659755961e-08,51.02306694574557,49.144542479631944,19.999853435791117,30.00680141748296,42.01557660240245,12.046000863971123,4.812900806427933e-05,running,,4,0,0,,0.06666667014360428,0.06666667014360428,pistol
2.2351741790771484e-08,53.00106447574644,51.852469069875795,19.999799357465744,30.181061249206767,44.9492322285041,14.909442058739332,4.472158252610825e-05,running,,5,0,0,,0.08333333333333333,0.08333333333333333,pistol
1.3514129193481494e-07,54.97414162309198,54.565253506412475,19.99970399303601,30.316102405471266,47.94640596627268,17.881388034910902,4.065515531692654e-05,running,,6,0,0,,0.10000000149011612,0.10000000149011612,pistol
7.920075972833729e-08,67.32243746239088,56.04222116295847,13.090680923791659,29.704726152468268,48.860355934554576,19.39179983733363,1.2013700256829907e-07,running,,7,0,0,,0.11666666666666667,0.11666666666666667,pistol
2.518252131267218e-06,67.45517209646108,57.516408933048915,11.853577912589705,29.97017037519754,49.767685987211145,20.000364553288417,7.450580596923828e-09,running,,8,0,0,,0.13333334028720856,0.13333334028720856,pistol
1.2506327493611025e-06,68.50934672986229,56.600874412169354,13.198399496125626,28.285327005665856,48.1677946375976,20.000220161216063,7.450580596923828e-09,running,,9,0,0,,0.15,0.15,pistol
2.0981025272703846e-07,56.87239066754599,55.67693474036596,19.999786519504653,26.681751817865415,46.629725463196785,20.00034359447886,4.007281313533895e-05,running,,10,0,0,,0.1666666716337204,0.1666666716337204,pistol
1.1944189282075968e-07,55.905272180828995,53.72381256889918,19.999964329518445,25.00621439447617,44.79802019761209,19.799052829596473,4.524615724221803e-05,running,,11,0,0,,0.18333333333333332,0.18333333333333332,pistol
6.365778659755961e-08,54.937891466175486,51.77588284789681,19.999905271433065,23.36681545886505,43.092409228216844,19.729865494412582,5.036422226112336e-05,running,,12,0,0,,0.20000000298023224,0.20000000298023224,pistol
2.1754165118181845e-06,54.3710535979918,50.58976635276069,20.000123554375026,22.610150227480688,42.59427049547381,20.000325950292655,5.535618765861727e-05,running,,13,0,0,,0.21666666666666667,0.21666666666666667,pistol
5.1083006837870926e-06,53.77646062515181,49.403577950191874,19.999697663417656,22.168746356821007,42.14028691876202,20.000311188330954,6.0517151723615825e-05,running,,14,0,0,,0.23333333432674408,0.23333333432674408,pistol
8.367108421225566e-06,53.4367883911762,48.76458129975617,19.999912877819323,22.2748905359122,42.240009359926376,20.00020006041404,6.546243093907833e-05,running,,15,0,0,,0.25,0.25,pistol
1.160088686447125e-05,53.088809242474625,48.128237502534944,19.999824813436437,22.390130779782268,42.35197774594221,20.000363627273746,7.041614298941568e-05,running,,16,0,0,,0.2666666805744171,0.2666666805744171,pistol
1.3353188478504308e-05,52.97335411137148,47.8678405355755,19.999930914569717,22.326491303018376,42.274373819514004,20.000442215337586,7.405798533000052e-05,running,,17,0,0,,0.2833333333333333,0.2833333333333333,pistol
1.5119710042199586e-05,52.85644462668971,47.60659696320663,19.999938539641057,22.269110087199774,42.20364142243196,20.000268676689036,7.789618393871933e-05,running,,18,0,0,,0.30000001192092896,0.30000001192092896,pistol
1.5086557141330559e-05,53.34426010093831,48.14844303423347,19.999971753669623,22.081750078934867,41.99240226646686,20.000256361834488,7.91866477811709e-05,running,,19,0,0,,0.31666666666666665,0.31666666666666665,pistol
1.5080978300829884e-05,53.834068690429774,48.69017536703108,19.99988391935665,21.89663208120476,41.78027679139268,20.000457365707717,8.05514064268209e-05,running,,20,0,0,,0.3333333432674408,0.3333333432674408,pistol
1.3795130143989809e-05,54.388732216992885,49.70625019328841,19.99986705580603,21.34573554016178,41.228053821968516,20.000256162031537,7.789448136463761e-05,running,,21,0,0,,0.35,0.35,pistol
1.247621730726678e-05,54.9454084284412,50.73027557206628,19.99974390491667,20.80672167296356,40.68868575485986,20.000193192753862,7.511014700867236e-05,running,,22,0,0,,0.36666667461395264,0.36666667461395264,pistol
8.282368071377277e-06,54.37300341965919,50.25019326811379,19.999865866640125,19.758827004461057,39.609274337227326,20.000211321618075,7.464204827556387e-05,running,,23,0,0,,0.38333333333333336,0.38333333333333336,pistol
3.8395364754251204e-06,53.78085779805282,49.766921248346556,19.999803602433904,18.726684300070932,38.531575303155826,20.000388802764395,7.390649989247322e-05,running,,24,0,0,,0.4000000059604645,0.4000000059604645,pistol
7.450580596923828e-09,52.22633311860365,48.02642096077117,19.99988674599124,18.395433932420335,37.043639415177104,18.97121258529282,7.495292084058747e-05,running,,25,0,0,,0.4166666666666667,0.4166666666666667,pistol
6.664001972467304e-08,50.634635076043864,46.279535971273255,20.000029044462785,19.739846903992937,35.55446927348971,16.29926036960099,7.566600834252313e-05,running,,26,0,0,,0.4333333373069763,0.4333333373069763,pistol
6.143906006172983e-08,49.428745993959595,44.90824848264812,20.000114365470434,21.193536091430293,34.21978158955766,13.680579334136734,7.534425822086632e-05,running,,27,0,0,,0.45,0.45,pistol
6.006850128414953e-08,48.20457295140699,43.5435366636254,19.999959076957122,22.641085034162767,32.87877101034073,11.150968690751014,7.468179683201015e-05,running,,28,0,0,,0.46666666865348816,0.46666666865348816,pistol
6.006850128414953e-08,48.90534265562686,44.564327579957244,19.99984826280157,23.885230821698784,32.53318259676688,9.185792614604221,7.019891927484423e-05,running,,29,0,0,,0.48333333333333334,0.48333333333333334,pistol
6.143906006172983e-08,49.585795146002766,45.58796556334076,19.999749284695667,25.101318483336158,32.26323241125322,7.3552209621169125,6.558699533343315e-05,running,,30,0,0,,0.5,0.5,pistol
6.143906006172983e-08,49.585795146002766,45.58796556334076,19.999749284695667,25.101318483336158,32.26323241125322,7.3552209621169125,6.558699533343315e-05,sprint,,0,0,0,,0,0,pistol
1.212866607147589e-07,49.89064793382427,45.487555307115514,19.999831543973485,23.639561325963257,34.073280713660246,10.545611468341404,6.792449130443856e-05,sprint,,1,0,0,,0.016666666666666666,0.016666666666666666,pistol
1.2013700256829907e-07,50.1786411347871,45.385277938832104,19.999936454873502,21.976653798836942,35.883540416907984,13.98883511834575,6.96773495292291e-05,sprint,,2,0,0,,0.03333333507180214,0.03333333507180214,pistol
1.4901161193847656e-08,52.05308992764183,47.262629932859454,19.99984381738836,19.64894822632805,38.91555364034717,19.28760497819528,6.857843254692852e-05,sprint,,3,0,0,,0.05,0.05,pistol
1.6437339581898414e-05,53.92901990766207,49.144542479631944,19.99985737951044,22.027481586916785,42.01557660240245,20.00020105999456,6.561006011907011e-05,sprint,,4,0,0,,0.06666667014360428,0.06666667014360428,pistol
3.4342465369263664e-05,71.78844954721346,51.852469069875795,19.999926254941105,24.976980771769412,44.9492322285041,20.000201747594726,3.3320009151793784e-07,sprint,Left wrist bend amplified by IK,5,0,0,,0.08333333333333333,0.08333333333333333,pistol
4.787399302585982e-05,74.44306019935519,54.565253506412475,19.999604246014947,28.018171181342392,47.94640596627268,20.00023770959017,2.0267771105864085e-07,sprint,Left wrist bend amplified by IK,6,0,0,,0.10000000149011612,0.10000000149011612,pistol
5.8011912187794223e-05,75.78223017237407,56.04222116295847,19.999959519005877,29.06059756719527,48.860355934554576,20.00028929246053,1.3011879218538525e-07,sprint,Left wrist bend amplified by IK,7,0,0,,0.11666666666666667,0.11666666666666667,pistol
6.640417268499732e-05,77.09210712212793,57.516408933048915,19.99972450007014,30.163594513772974,49.767685987211145,20.000320161259165,1.0133885552932043e-07,sprint,Left wrist bend amplified by IK,8,0,0,,0.13333334028720856,0.13333334028720856,pistol
7.830598769942299e-05,75.94391393786324,56.600874412169354,20.00003061465269,28.907705434230326,48.1677946375976,20.000274973969713,1.2489448408814496e-07,sprint,Left wrist bend amplified by IK,9,0,0,,0.15,0.15,pistol
8.133420487865806e-05,75.67653875051109,56.38837481178225,19.999664481949033,28.63913359066783,47.80713378940731,20.000393884773953,2.413114259525173e-07,sprint,Left wrist bend amplified by IK,10,0,0,,0.15384615384615385,0.15384615384615385,pistol
8.801890362519771e-05,74.91032919326939,55.67693474036596,19.99986370267937,27.51626031134972,46.629725463196785,20.00033360107066,3.668985470994812e-07,sprint,Left wrist bend amplified by IK,11,0,0,,0.1666666716337204,0.1666666716337204,pistol
9.873405360849574e-05,72.81940062607164,53.72381256889918,19.999865513803435,25.759395248756338,44.79802019761209,20.00043307858089,3.279102145370416e-07,sprint,Left wrist bend amplified by IK,12,0,0,,0.18333333333333332,0.18333333333333332,pistol
0.00011001978418789804,70.72517314864844,51.77588284789681,19.999845253658325,24.095331864680247,43.092409228216844,20.00041309108803,8.684002636982768e-07,sprint,Left wrist bend amplified by IK,13,0,0,,0.20000000298023224,0.20000000298023224,pistol
0.00011892982001882046,59.88940292600256,50.58976635276069,20.000022605664824,23.620081244676513,42.59427049547381,20.00023054534152,9.494266123510897e-05,sprint,,14,0,0,,0.21666666666666667,0.21666666666666667,pistol
0.00012835497909691185,59.098335136773855,49.403577950191874,19.99965677823499,23.169525394147588,42.14028691876202,20.00037513567873,0.00010588174336589873,sprint,,15,0,0,,0.23333333432674408,0.23333333432674408,pistol
0.0001338976580882445,58.58638888372733,48.76458129975617,19.99989924572645,23.309997120852934,42.240009359926376,20.000285507683444,0.00011216559505555779,sprint,,16,0,0,,0.25,0.25,pistol
0.000139376861625351,58.067078820705824,48.128237502534944,19.99997362923775,23.45424352823695,42.35197774594221,20.000292312764607,0.00011833205644506961,sprint,,17,0,0,,0.2666666805744171,0.2666666805744171,pistol
0.00014287608792074025,57.89363828336057,47.8678405355755,20.00008671795372,23.440823754062702,42.274373819514004,20.00034175678678,0.00012357022205833346,sprint,,18,0,0,,0.2833333333333333,0.2833333333333333,pistol
0.00014659461157862097,57.70867440994337,47.60659696320663,19.999904432839237,23.42552946591957,42.20364142243196,20.000166973608064,0.00012893327220808715,sprint,,19,0,0,,0.30000001192092896,0.30000001192092896,pistol
0.00014726723020430654,58.2608370003404,48.14844303423347,19.999689912521422,23.267633087222187,41.99240226646686,20.00014771022473,0.0001298843271797523,sprint,,20,0,0,,0.31666666666666665,0.31666666666666665,pistol
0.00014796265168115497,58.80278765686976,48.69017536703108,19.999854363456986,23.098879623858416,41.78027679139268,20.000386852971136,0.00013074777962174267,sprint,,21,0,0,,0.3333333432674408,0.3333333432674408,pistol
0.00014633672253694385,59.50750510628602,49.70625019328841,19.99993965492743,22.609111279230273,41.228053821968516,20.00030018172386,0.0001233272341778502,sprint,,22,0,0,,0.35,0.35,pistol
0.0001442697539459914,60.2010902785196,50.73027557206628,19.99990325839386,22.120239035768165,40.68868575485986,20.000222518479777,0.00011599624849623069,sprint,,23,0,0,,0.36666667461395264,0.36666667461395264,pistol
0.00014046471915207803,59.68334838892528,50.25019326811379,19.999666847826944,21.086036843092476,39.609274337227326,20.000253333013234,0.0001154004639829509,sprint,,24,0,0,,0.38333333333333336,0.38333333333333336,pistol
0.0001354458654532209,59.13127629213011,49.766921248346556,19.999946420328854,20.04654285461453,38.531575303155826,20.00007163887516,0.00011425717821111903,sprint,,25,0,0,,0.4000000059604645,0.4000000059604645,pistol
0.0001284993631998077,57.52091565907489,48.02642096077117,19.999949999981258,18.5889516648556,37.043639415177104,20.00012352609053,0.00011813121091108769,sprint,,26,0,0,,0.4166666666666667,0.4166666666666667,pistol
0.00011969739716732875,55.86834500690931,46.279535971273255,19.999926826642163,17.13353827643112,35.55446927348971,20.000372359579043,0.00012107063230359927,sprint,,27,0,0,,0.4333333373069763,0.4333333373069763,pistol
0.00010811463289428502,54.61850551477914,44.90824848264812,19.99998846165775,15.822672402476515,34.21978158955766,20.000257770555454,0.00012290134327486157,sprint,,28,0,0,,0.45,0.45,pistol
9.55269715632312e-05,53.35067638687098,43.5435366636254,19.99996706199247,14.508161646324664,32.87877101034073,20.000226934991527,0.0001242553407792002,sprint,,29,0,0,,0.46666666865348816,0.46666666865348816,pistol
8.245190838351846e-05,54.18300544781631,44.564327579957244,19.999940762338877,14.117817037102247,32.53318259676688,20.000296880000025,0.00011737781460396945,sprint,,30,0,0,,0.48333333333333334,0.48333333333333334,pistol
6.975642463658005e-05,54.998427538442094,45.58796556334076,19.999680954794805,13.737487985438655,32.26323241125322,20.00027502974957,0.00011078485840698704,sprint,,31,0,0,,0.5,0.5,pistol
6.528273661388084e-05,54.6143304112992,45.487555307115514,19.99990218359586,15.07375423997449,34.073280713660246,20.000485723091856,0.00010444469808135182,sprint,,32,0,0,,0.5166666666666667,0.01666666666666672,pistol
6.217130430741236e-05,54.22384024883927,45.385277938832104,19.9997734291961,16.530950583589863,35.883540416907984,20.00017969439061,9.812902135308832e-05,sprint,,33,0,0,,0.5333333350718021,0.03333333507180214,pistol
6.143705104477704e-05,65.96861670529184,47.262629932859454,19.999747932128265,19.283684734715347,38.91555364034717,20.000322452696995,1.8858654584619217e-06,sprint,Left wrist bend amplified by IK,34,0,0,,0.55,0.050000000000000044,pistol
6.082951222197153e-05,67.91129218408742,49.144542479631944,19.99992385428805,22.211710255249717,42.01557660240245,20.000318609518537,7.992636028575362e-07,sprint,Left wrist bend amplified by IK,35,0,0,,0.5666666701436043,0.06666667014360428,pistol
6.084612323320471e-05,70.64178321905607,51.852469069875795,19.999902187326168,25.065923093319434,44.9492322285041,20.00030690476534,3.6286698446019727e-07,sprint,Left wrist bend amplified by IK,36,0,0,,0.5833333333333334,0.08333333333333337,pistol
6.0123231378383934e-05,73.35112409990595,54.565253506412475,19.999628662468577,28.016800199292568,47.94640596627268,20.00034761196757,2.5734181008374435e-07,sprint,Left wrist bend amplified by IK,37,0,0,,0.6000000014901161,0.10000000149011612,pistol
6.25024622422643e-05,74.77373147369092,56.04222116295847,19.999742696736334,28.923938373926976,48.860355934554576,20.000211514401432,1.564621925354004e-07,sprint,Left wrist bend amplified by IK,38,0,0,,0.6166666666666667,0.1166666666666667,pistol
6.467422645073384e-05,76.19277035174305,57.516408933048915,19.999842541826563,29.82923175390986,49.767685987211145,20.000339232352374,2.4755667027420714e-07,sprint,Left wrist bend amplified by IK,39,0,0,,0.6333333402872086,0.13333334028720856,pistol
7.100914808688685e-05,75.22435366371668,56.600874412169354,20.000106579623466,28.249008590652235,48.1677946375976,20.000192815588623,1.5269147013441398e-07,sprint,Left wrist bend amplified by IK,40,0,0,,0.65,0.15000000000000002,pistol
7.736802217550576e-05,74.26162745628919,55.67693474036596,19.999801429479366,26.7343816964921,46.629725463196785,20.000312868176753,2.1709206521336455e-07,sprint,Left wrist bend amplified by IK,41,0,0,,0.6666666716337204,0.1666666716337204,pistol
8.485326543450356e-05,72.21175785758005,53.72381256889918,19.999886047196146,24.939830532268324,44.79802019761209,20.00032179372717,4.400890816214087e-07,sprint,Left wrist bend amplified by IK,42,0,0,,0.6833333333333333,0.18333333333333335,pistol
9.313237387686968e-05,70.16425758012504,51.77588284789681,19.999801720233624,23.2729269690445,43.092409228216844,20.000260425619015,1.259126065633609e-06,sprint,Left wrist bend amplified by IK,43,0,0,,0.7000000029802322,0.20000000298023224,pistol
9.98367540887557e-05,59.30898076826471,50.58976635276069,19.999941388546198,22.82199457602706,42.59427049547381,20.000186018590284,8.915011130739003e-05,sprint,,44,0,0,,0.7166666666666667,0.21666666666666667,pistol
0.0001070608850568533,58.536406941209684,49.403577950191874,19.99964608042901,22.416699514884435,42.14028691876202,20.00043202576633,9.913140092976391e-05,sprint,,45,0,0,,0.7333333343267441,0.23333333432674408,pistol
0.00011114904191344976,58.04645651295669,48.76458129975617,19.99996646211166,22.58813926757095,42.240009359926376,20.000310155524197,0.00010509313142392784,sprint,,46,0,0,,0.75,0.25,pistol
0.00011559542326722294,57.55478098214159,48.128237502534944,19.999938662935076,22.77734975910002,42.35197774594221,20.00035705448441,0.00011111552885267884,sprint,,47,0,0,,0.7666666805744171,0.2666666805744171,pistol
0.00011827570415334776,57.40545346045082,47.8678405355755,19.999924938744503,22.79955938157896,42.274373819514004,20.000261102597943,0.0001161730833700858,sprint,,48,0,0,,0.7833333333333333,0.2833333333333333,pistol
0.00012155542935943231,57.24975103716998,47.60659696320663,19.99992301319742,22.83483213791419,42.20364142243196,20.000316384166087,0.000121404453238938,sprint,,49,0,0,,0.800000011920929,0.30000001192092896,pistol
0.0001222038990817964,57.82575184007343,48.14844303423347,19.99979059465144,22.72797189054813,41.99240226646686,20.000264040078033,0.00012267229612916708,sprint,,50,0,0,,0.8166666666666667,0.31666666666666665,pistol
0.0001232507493114099,58.39589813469632,48.69017536703108,19.999785364078015,22.624136960010595,41.78027679139268,20.000374109879075,0.0001241254503838718,sprint,,51,0,0,,0.8333333432674408,0.3333333432674408,pistol
0.00012250700092408806,59.1312846978138,49.70625019328841,19.999927492231883,22.18808847478258,41.228053821968516,20.000288522173918,0.00011779689521063119,sprint,,52,0,0,,0.85,0.35,pistol
0.00012160294136265293,59.855391669979355,50.73027557206628,19.999812554629113,21.7687815602817,40.68868575485986,20.00026949098243,0.00011159194400534034,sprint,,53,0,0,,0.8666666746139526,0.36666667461395264,pistol
0.00011889015877386555,59.37180942356364,50.25019326811379,19.999829568349938,20.821269806212847,39.609274337227326,20.000178783361157,0.00011180157889612019,sprint,,54,0,0,,0.8833333333333333,0.3833333333333333,pistol
0.00011539833940332755,58.85512384102712,49.766921248346556,19.99994763704721,19.889266037157874,38.531575303155826,20.000513786123374,0.00011135417298646644,sprint,,55,0,0,,0.9000000059604645,0.4000000059604645,pistol
0.00011019739758921787,57.28881316518714,48.02642096077117,20.000011887948084,18.573247388823585,37.043639415177104,20.000241024158253,0.0001158964223577641,sprint,,56,0,0,,0.9166666666666666,0.41666666666666663,pistol
0.00010331095836590976,55.68256948886283,46.279535971273255,19.99987641790458,17.290698966774766,35.55446927348971,20.000291175038026,0.00011964757140958682,sprint,,57,0,0,,0.9333333373069763,0.4333333373069763,pistol
9.450234210817143e-05,54.4848829422087,44.90824848264812,19.99995551964396,16.18206960007258,34.21978158955766,20.000297510255642,0.0001221710699610412,sprint,,58,0,0,,0.95,0.44999999999999996,pistol
8.480598626192659e-05,53.27344310276265,43.5435366636254,19.99975313723894,15.111511894474425,32.87877101034073,20.000243069963023,0.0001242638099938631,sprint,,59,0,0,,0.9666666686534882,0.46666666865348816,pistol
7.583324622828513e-05,54.154993674569084,44.564327579957244,19.999732492717925,14.945291487636316,32.53318259676688,20.000340568903482,0.00011800401262007654,sprint,,60,0,0,,0.9833333333333333,0.4833333333333333,pistol
6.686587585136294e-05,55.02348144344038,45.58796556334076,19.99972714290822,14.811093569543813,32.26323241125322,20.000304205396784,0.00011201624147361144,sprint,,61,0,0,,1,0,pistol
0,,,,9.305878440441596,21.201925664528773,20.000308117022076,0,knife,,0,,,,0,0,pistol
0,,,,11.359473156172475,20.85587945694821,20.000330397553835,0,knife,,1,,,,0.012500000651925802,0.03333333507180214,pistol
0,,,,12.063272430750319,20.874512480442128,20.000372511564372,0,knife,,2,,,,0.016666666666666666,0.04444444444444445,pistol
0,,,,13.66757398733658,21.14459090549372,20.000467333673274,0,knife,,3,,,,0.025000001303851604,0.06666667014360428,pistol
0,,,,15.406685394197046,21.714022568306117,20.00045116377539,0,knife,,4,,,,0.03333333333333333,0.0888888888888889,pistol
0,,,,16.34246321164722,22.10418330717913,20.000303621473403,0,knife,,5,,,,0.037500000558793545,0.10000000149011612,pistol
0,,,,19.306674082336684,23.385319179303504,20.000451154178702,0,knife,,6,,,,0.05000000260770321,0.13333334028720856,pistol
0,,,,22.059134470917435,24.670728460902936,20.00016837307064,0,knife,,7,,,,0.06250000186264515,0.1666666716337204,pistol
0,,,,22.754597120157996,25.106175748726287,20.000339849772743,0,knife,,8,,,,0.06666666666666667,0.1777777777777778,pistol
0,,,,24.162394354152855,25.994778698953937,20.000438855444553,0,knife,,9,,,,0.07500000111758709,0.20000000298023224,pistol
0,,,,25.808495090043472,26.631778427821178,20.000278803277016,0,knife,,10,,,,0.08333333333333333,0.2222222222222222,pistol
0,,,,26.64829498239894,26.96052974236083,20.000237694797352,0,knife,,11,,,,0.08750000037252903,0.23333333432674408,pistol
0,,,,29.545896708181573,25.556118163133288,20.000498503361243,0,knife,,12,,,,0.1,0.26666666666666666,pistol
0,,,,31.05439078617426,20.61228221564052,20.000452066855665,0,knife,,13,,,,0.11250000447034836,0.30000001192092896,pistol
0,,,,31.070946635796698,18.50282161430621,20.000315303573746,0,knife,,14,,,,0.11666666666666667,0.3111111111111111,pistol
0,,,,30.845599248938534,14.951190004980704,20.000448627778088,0,knife,,15,,,,0.1250000037252903,0.3333333432674408,pistol
0,,,,29.68358760434557,12.64948950877396,20.00040449449313,0,knife,,16,,,,0.13333333333333333,0.3555555555555556,pistol
0,,,,28.5876512992015,11.828858190098629,20.000163022558027,0,knife,,17,,,,0.13750000298023224,0.36666667461395264,pistol
0,,,,25.09663662879306,10.295512236821681,20.000420306343614,0,knife,,18,,,,0.15,0.4,pistol
0,,,,23.747096814970607,9.39707688454101,20.000294443864092,0,knife,,19,,,,0.16666666666666666,0.4222222222222222,pistol
0,,,,23.043420271804855,8.955915798345659,20.000438664451185,0,knife,,20,,,,0.17500000298023222,0.4333333373069763,pistol
0,,,,22.936745547295473,8.757017914399954,20.000369666498045,0,knife,,21,,,,0.18333333333333332,0.4444444444444444,pistol
0,,,,22.73645614974283,8.359123253200442,20.000081264601107,0,knife,,22,,,,0.2000000014901161,0.46666666865348816,pistol
0,,,,22.616949310373077,8.448676339210866,20.000299838291234,0,knife,,23,,,,0.21666666666666667,0.48888888888888893,pistol
0,,,,22.577746836928235,8.511885741140915,20.000199523193096,0,knife,,24,,,,0.22499999999999998,0.5,pistol
0,,,,22.43650488393405,8.645721001546947,20.000366994869303,0,knife,,25,,,,0.23333333333333334,0.5111111111111112,pistol
0,,,,22.256797021097537,9.027513222424346,20.00032445189483,0,knife,,26,,,,0.25000002086162565,0.5333333611488342,pistol
0,,,,22.43254987318421,9.285693909906804,20.000282438540097,0,knife,,27,,,,0.26666666666666666,0.5555555555555556,pistol
0,,,,22.557135122886727,9.45137435681945,20.000377383090456,0,knife,,28,,,,0.27499999701976774,0.5666666626930237,pistol
0,,,,22.846948977685827,9.452773915311226,20.000659045132895,0,knife,,29,,,,0.2833333333333333,0.5777777777777777,pistol
0,,,,23.38802048289042,9.466883823828798,20.000458735338587,0,knife,,30,,,,0.3000000178813934,0.6000000238418579,pistol
0,,,,24.237278826857136,9.380011148191715,20.000320312245773,0,knife,,31,,,,0.31666666666666665,0.6222222222222222,pistol
0,,,,24.629929520534606,9.342009272211584,20.000304076261838,0,knife,,32,,,,0.3249999940395355,0.6333333253860474,pistol
0,,,,25.176457687340083,9.294251430074212,20.00039350919104,0,knife,,33,,,,0.3333333333333333,0.6444444444444444,pistol
0,,,,26.203024701310635,9.290747405949727,20.000400066453192,0,knife,,34,,,,0.35000001490116117,0.6666666865348816,pistol
0,,,,26.045339501663467,8.636762590235778,20.000358497160967,0,knife,,35,,,,0.36666666666666664,0.6888888888888889,pistol
0,,,,25.947955947157077,8.308587416449297,20.000237215718553,0,knife,,36,,,,0.37499999105930326,0.699999988079071,pistol
0,,,,24.788598407802294,6.873011106275366,20.000184171735658,0,knife,,37,,,,0.38333333333333336,0.7111111111111112,pistol
0,,,,22.37106092375621,4.003022588186567,20.000403870943977,0,knife,,38,,,,0.4,0.7333333333333334,pistol
0,,,,18.91512129218776,0.3476542971049935,20.00031299626753,0,knife,,39,,,,0.4166666666666667,0.7555555555555555,pistol
0,,,,17.15790146802907,1.8172225200464358,20.000373195752196,0,knife,,40,,,,0.424999988079071,0.7666666507720947,pistol
0,,,,15.890646086419341,3.180704801789142,20.000371697973815,0,knife,,41,,,,0.43333333333333335,0.7777777777777779,pistol
0,,,,13.359907822745916,5.949621036707027,20.000353699942455,0,knife,,42,,,,0.4500000089406967,0.800000011920929,pistol
0,,,,11.369954591243678,8.233442970718485,20.00035464425839,0,knife,,43,,,,0.4666666666666667,0.8222222222222222,pistol
0,,,,10.39528858777739,9.378195815916404,20.00030544022577,0,knife,,44,,,,0.4749999850988388,0.8333333134651184,pistol
0,,,,9.639519596299689,10.347775706916952,20.000255051266475,0,knife,,45,,,,0.48333333333333334,0.8444444444444444,pistol
0,,,,8.232778331832822,12.290682521976272,20.00032415722093,0,knife,,46,,,,0.5000000059604645,0.8666666746139526,pistol
0,,,,7.32348184071026,14.026745079141469,20.00020908180366,0,knife,,47,,,,0.5166666666666667,0.8888888888888891,pistol
0,,,,6.988529743376666,14.895512875669944,20.000359570959038,0,knife,,48,,,,0.5249999821186065,0.8999999761581421,pistol
0,,,,6.8844945190892295,15.73067279959392,20.00017934494519,0,knife,,49,,,,0.5333333333333333,0.9111111111111112,pistol
0,,,,7.049526757635383,17.40259329346188,20.000214072095734,0,knife,,50,,,,0.5500000029802322,0.9333333373069763,pistol
0,,,,7.858704507029445,19.126564958153665,20.000240834250967,0,knife,,51,,,,0.5666666666666667,0.9555555555555555,pistol
0,,,,8.406420072497799,19.98883337729523,20.00020033527162,0,knife,,52,,,,0.5749999791383743,0.9666666388511658,pistol
0,,,,8.693800343428675,20.3930332361154,20.000423228306396,0,knife,,53,,,,0.5833333333333334,0.9777777777777779,pistol
0,,,,9.305878440441596,21.201925664528773,20.000308117022076,0,knife,,54,,,,0.6,1,pistol
0.2635301947593689,41.963625742525124,45.58795302520419,19.999799105464806,28.802368182839512,32.263269770952576,20.000172830207777,0.2101905792951584,swap,,0,0,0,,0,0,pistol
0.20745259523391724,42.197152886445174,45.676589323964336,19.999709762465493,28.460066908196282,32.300497263049024,20.000442394029747,0.14964279532432556,swap,,1,0,0,,0.016666666666666666,0.016666666666666666,pistol
0.15642957389354706,42.41897090822397,45.76543162480171,19.999747492938287,28.066264016674513,32.337897082442794,20.000481157997605,0.09384702891111374,swap,,2,0,0,,0.03333333507180214,0.03333333507180214,pistol
0.11043974757194519,42.6404706614447,45.85309495919063,19.999727380458918,27.63237518569992,32.38426293949234,20.000448960446505,0.04275225102901459,swap,,3,0,0,,0.05,0.05,pistol
0.06943667680025101,43.98234748118896,45.94114333175514,19.999749446132462,27.14711894942896,32.4307641791146,20.000338709323948,5.930541010457091e-05,swap,,4,0,0,,0.06666667014360428,0.06666667014360428,pistol
0.03333710879087448,48.482413282210004,46.02443166473127,19.999836056606476,26.609960740354154,32.48626407631318,20.000294059181062,1.5502524547628127e-05,swap,,5,0,0,,0.08333333333333333,0.08333333333333333,pistol
0.002032372634857893,51.29798176784575,46.107996251318355,19.999893235474644,26.02393766400734,32.54203698554464,20.000290437550653,2.651883005455602e-05,swap,,6,0,0,,0.10000000149011612,0.10000000149011612,pistol
0.00019480199262034148,52.92099791573178,46.17938748123103,19.99984244977056,27.190360403478746,32.595399312057225,20.000346399447135,2.9927457944722846e-05,swap,,7,0,0,,0.11666666666666667,0.11666666666666667,pistol
0.00014765068772248924,54.113359177744385,46.250876933446484,20.000035702939304,27.872461272168096,32.6490216483563,20.000108181317707,2.9537044611060992e-05,swap,,8,0,0,,0.13333334028720856,0.13333334028720856,pistol
0.00011555859964573756,55.08817526492827,46.28916522899235,19.999931208985963,27.883067248048235,32.710698721722345,20.000490905548332,2.7667889298754744e-05,swap,,9,0,0,,0.15,0.15,pistol
9.098443842958659e-05,56.00669660145299,46.32759365768282,19.999857726864356,27.61170840060001,32.772440612347815,20.00032636508947,2.41514226217987e-05,swap,,10,0,0,,0.1666666716337204,0.1666666716337204,pistol
7.079637725837529e-05,56.93213628292959,46.36067999609875,19.999634241542047,27.149030391645866,32.834221270598746,20.000261727424423,1.9705032173078507e-05,swap,,11,0,0,,0.18333333333333332,0.18333333333333332,pistol
5.337066249921918e-05,57.92594582019459,46.39402431883169,19.999844998244885,26.532950635262125,32.89605729325546,20.000308524613416,1.4796782124903984e-05,swap,,12,0,0,,0.20000000298023224,0.20000000298023224,pistol
3.835867391899228e-05,59.03423069835948,46.477877589932724,19.999961156848673,25.775215469293315,32.930860967931615,20.000317941902438,1.0435066542413551e-05,swap,,13,0,0,,0.21666666666666667,0.21666666666666667,pistol
2.5370880393893458e-05,60.20815697812469,46.56195747873428,19.999670205624167,24.896928855678233,32.96572060753487,20.000108493301124,6.917301561770728e-06,swap,,14,0,0,,0.23333333432674408,0.23333333432674408,pistol
1.4179034224071074e-05,61.45346950656732,46.68902760170732,19.999916174878464,23.903342567281445,32.98139111758421,20.000093783843806,4.6269019549072254e-06,swap,,15,0,0,,0.25,0.25,pistol
4.356653334980365e-06,62.6514422913443,46.816170601817745,19.99999686535931,22.81716291142428,32.9972371427178,20.000167823673042,3.1847462196310516e-06,swap,Left wrist bend amplified by IK,16,0,0,,0.2666666805744171,0.2666666805744171,pistol
3.725290298461914e-08,63.74421861417941,46.950366560318685,19.999870663068666,21.992515883758227,33.01380102128326,18.94438337559845,2.4426344680250622e-06,swap,Left wrist bend amplified by IK,17,0,0,,0.2833333333333333,0.2833333333333333,pistol
1.2644053981603065e-07,64.68094400179828,47.08465459947628,20.000117548729182,21.684211946561405,33.03065359853845,17.114599787178634,1.9864007754222257e-06,swap,Left wrist bend amplified by IK,18,0,0,,0.30000001192092896,0.30000001192092896,pistol
1.3348812899494078e-07,65.44410985855593,47.207422550490925,19.99998207556749,21.55486183035174,33.0558010598528,15.656243062550624,1.8684039559957455e-06,swap,Left wrist bend amplified by IK,19,0,0,,0.31666666666666665,0.31666666666666665,pistol
4.214684778958144e-08,66.04892986195944,47.33030576089275,19.999966526865013,21.534848815967678,33.08118787632128,14.510888077745717,1.7293734799750382e-06,swap,Left wrist bend amplified by IK,20,0,0,,0.3333333432674408,0.3333333432674408,pistol
1.365714012990793e-07,49.97629533724069,47.428592281629875,19.999895893664643,21.577772317843447,33.12461143119929,13.6404694725405,8.246937795775011e-05,swap,,21,0,0,,0.35,0.35,pistol
7.450580596923828e-09,50.31205605337987,47.52695882385021,19.99994117491422,21.645948021770113,33.16822065863351,12.990915893654428,8.023410191526636e-05,swap,,22,0,0,,0.36666667461395264,0.36666667461395264,pistol
1.2377833513710357e-07,50.58854269470539,47.600259440634126,19.99988395981249,21.714836095345035,33.229099560313216,12.53401848909155,7.804563938407227e-05,swap,,23,0,0,,0.38333333333333336,0.38333333333333336,pistol
1.4901161193847656e-08,50.825142986969546,47.67367714681503,19.99979147782528,21.777985194488917,33.29006672744829,12.219651201564423,7.607165025547147e-05,swap,,24,0,0,,0.4000000059604645,0.4000000059604645,pistol
0,51.00610768948495,47.72743613275077,19.999778196214056,21.83060599303697,33.35726654142329,12.015044229551009,7.430223922710866e-05,swap,,25,0,0,,0.4166666666666667,0.4166666666666667,pistol
0,51.15794864085794,47.78135448785344,19.999929012835846,21.871490809313364,33.42447232314609,11.893646065403074,7.280481804627925e-05,swap,,26,0,0,,0.4333333373069763,0.4333333373069763,pistol
1.2013700256829907e-07,51.281525916290995,47.817191302618326,20.000011884757377,21.901353675615198,33.477002566483314,11.81665579578672,7.16259382897988e-05,swap,,27,0,0,,0.45,0.45,pistol
3.0719530030864917e-08,51.38418785352358,47.853129211542544,19.99997905197867,21.921568823619666,33.5295725726313,11.783517103629276,7.068872218951583e-05,swap,,28,0,0,,0.46666666865348816,0.46666666865348816,pistol
3.332000986233652e-08,51.43657838541437,47.84690790691527,20.00004014804985,21.933955467438114,33.52506560575226,11.720534020372254,6.999783363426104e-05,swap,,29,0,0,,0.48333333333333334,0.48333333333333334,pistol
1.212866607147589e-07,51.47423265390272,47.840661498489006,19.99985885231965,21.940221594204775,33.520547097370084,11.679654675537018,6.946820940356702e-05,swap,,30,0,0,,0.5,0.5,pistol
3.0719530030864917e-08,51.495753128486285,47.83442440479961,19.99975955867527,21.950984253497936,33.516023422729816,11.645423334377886,6.889632641104981e-05,swap,,31,0,0,,0.5166666666666667,0.5166666666666667,pistol
1.212866607147589e-07,51.507365188800804,47.82819916064715,20.000058150934255,21.958219324776493,33.51150903558773,11.621453823355251,6.860621942905709e-05,swap,,32,0,0,,0.5333333611488342,0.5333333611488342,pistol
2.9802322387695312e-08,51.51109423686708,47.82196937283634,19.999688738799403,21.96271422526928,33.50699878352816,11.60574605456879,6.824993761256337e-05,swap,,33,0,0,,0.55,0.55,pistol
3.332000986233652e-08,51.5090591895423,47.815738571915745,19.999800384667864,21.96540370355517,33.502480997909856,11.595269257855103,6.809667684137821e-05,swap,,34,0,0,,0.5666666626930237,0.5666666626930237,pistol
1.4901161193847656e-08,51.49094333718973,47.78443553707251,19.99976458085759,21.963510081508872,33.49798781131857,11.591675046788028,6.806749297538772e-05,swap,,35,0,0,,0.5833333333333334,0.5833333333333334,pistol
5.372690026206328e-08,51.470892773324884,47.753110865943626,19.999931720402394,21.961020000828004,33.493453520942644,11.590152536585776,6.80631201248616e-05,swap,,36,0,0,,0.6,0.6,pistol
3.725290298461914e-08,51.40638700692141,47.64419523311454,19.999851742290325,21.95581101863038,33.40396826735006,11.501471725077458,6.83631660649553e-05,swap,,37,0,0,,0.6333333253860474,0.6333333253860474,pistol
7.450580596923828e-09,51.29130055438217,47.4577240849702,19.99995110280501,21.970255107688047,33.269528394762666,11.342847198198655,6.872698577353731e-05,swap,,38,0,0,,0.6666666865348816,0.6666666865348816,pistol
9.685754776000977e-08,51.143455899064364,47.22970153424244,19.9999472114663,22.022224914224335,33.04018948872947,11.04846904258629,6.906942871864885e-05,swap,,39,0,0,,0.699999988079071,0.699999988079071,pistol
6.143906006172983e-08,51.028441221106526,47.004636823882485,19.999953963815248,22.074225944959625,32.7186738791188,10.662134903261311,6.938100705156103e-05,swap,,40,0,0,,0.7333333492279053,0.7333333492279053,pistol
7.450580596923828e-09,50.87707767570466,46.745829657006055,19.999856245456748,22.120758617907203,32.408531671102914,10.293605136393227,6.978966848691925e-05,swap,,41,0,0,,0.7666666507720947,0.7666666507720947,pistol
2.9802322387695312e-08,50.632486869501925,46.38979460312987,20.00005531570554,22.15667531574953,32.230572012253724,10.074772108902845,7.032858411548659e-05,swap,,42,0,0,,0.800000011920929,0.800000011920929,pistol
3.332000986233652e-08,50.38836947160048,46.01188802992302,19.999873777286734,22.165262393981198,32.15362858528709,9.990323812462895,7.115260814316571e-05,swap,,43,0,0,,0.8333333134651184,0.8333333134651184,pistol
1.2310378849633707e-07,50.18560497240552,45.747990029973465,19.999839528156812,22.17051920981131,32.06635898667039,9.902807628596252,7.147990982048213e-05,swap,,44,0,0,,0.8666666746139526,0.8666666746139526,pistol
3.725290298461914e-08,50.09710464830823,45.57621998463851,19.999799002420804,22.1761118007633,31.965488393941033,9.804147919925267,7.177102088462561e-05,swap,,45,0,0,,0.8999999761581421,0.8999999761581421,pistol
1.2287812012345967e-07,50.01162681731296,45.412832595388835,19.999919789158902,22.142590717809377,31.89501781534346,9.77721477514852,7.217234815470874e-05,swap,,46,0,0,,0.9333333373069763,0.9333333373069763,pistol
3.725290298461914e-08,49.929762137305296,45.27146857147477,19.999777249793674,22.120941765797284,31.825196107433403,9.740457895207951,7.257061952259392e-05,swap,,47,0,0,,0.9666666388511658,0.9666666388511658,pistol
1.2377833513710357e-07,49.86329717187151,45.17509895733956,20.000006291568404,22.112689302332495,31.74364961632396,9.678388783538958,7.249497139127925e-05,swap,,48,0,0,,1,1,pistol
7.028863535651908e-08,49.81438006643351,45.09493517060672,19.999869726945548,22.108378171118744,31.680915130165555,9.629152196767418,7.243409345392138e-05,swap,,49,0,0,,1.0333333015441895,1.0333333015441895,pistol
1.1920928955078125e-07,49.768849726225916,45.031293968534584,19.999894423613608,22.107522969188153,31.638479573876158,9.591433595984887,7.232213101815432e-05,swap,,50,0,0,,1.0666667222976685,1.0666667222976685,pistol
1.2287812012345967e-07,49.76605445796219,45.01310213227,20.000088415164885,22.10093055288935,31.596095606462683,9.56055419825126,7.228319736896083e-05,swap,,51,0,0,,1.100000023841858,1.100000023841858,pistol
8.024520781191313e-08,49.77235839147831,44.99494820317048,19.999832318232496,22.094321400041842,31.629511604488556,9.600374766493994,7.242147694341838e-05,swap,,52,0,0,,1.1333333253860474,1.1333333253860474,pistol
1.2287812012345967e-07,49.762610236442846,44.976894850465996,19.999879539225688,22.087640005809824,31.66294768418093,9.640505961010422,7.281345460796729e-05,swap,,53,0,0,,1.1666666269302368,1.1666666269302368,pistol
3.725290298461914e-08,49.822706829595255,45.03743210929325,19.999752630101074,22.074162617390797,31.696386040412786,9.685538458824176,7.26542784832418e-05,swap,,54,0,0,,1.2000000476837158,1.2000000476837158,pistol
1.212866607147589e-07,49.86651552471065,45.0980079796787,19.99984856808268,22.060638888401208,31.75704121565851,9.752968974604942,7.286814070539549e-05,swap,,55,0,0,,1.2333333492279053,1.2333333492279053,pistol
7.450580596923828e-09,49.95621099034985,45.211939016701294,19.999911910356545,22.049216082054162,31.88859465231126,9.885711583375668,7.304445898626e-05,swap,,56,0,0,,1.2666666507720947,1.2666666507720947,pistol
3.0719530030864917e-08,50.017645868268175,45.360806522387854,19.99993791622501,22.05997680406789,32.08483778076781,10.061423141033723,7.294167153304443e-05,swap,,57,0,0,,1.2999999523162842,1.2999999523162842,pistol
1.2377833513710357e-07,50.13899683649525,45.58795302520419,19.999883823984415,22.065642857670785,32.263269770952576,10.220608756993592,7.251169881783426e-05,swap,,58,0,0,,1.3333333730697632,1.3333333730697632,pistol
8.199325748137198e-06,49.320433675297025,35.33211177332951,19.999775584750623,44.41545781776525,32.818201803387126,20.000354206099114,0.0001104632974602282,firing,,0,0,0,,0,0,pistol
6.086321718612453e-06,49.315231191754975,35.45532892568203,20.00002647444348,44.447414075020255,32.92890872110039,20.000361770739694,0.00010388520604465157,firing,,1,0,0,,0.018085715844953602,0.03333333507180214,pistol
4.470156000024872e-06,49.24937337918831,35.51669126784901,20.00022305293804,44.314965670649805,32.98024401886087,20.000312279274688,9.641142241889611e-05,firing,,2,0,0,,0.036171431689907205,0.06666667014360428,pistol
3.0301155220513465e-06,49.19222687827369,35.587795092090765,19.99996609288827,44.19665996457931,32.9435557034986,20.000368436855766,8.999253623187542e-05,firing,,3,0,0,,0.054257145513624656,0.10000000149011612,pistol
1.1337619980622549e-06,49.35359381680756,35.94826069944114,19.99987163673433,44.78801103467877,32.92090715231061,20.00035304954365,8.846635319059715e-05,firing,,4,0,0,,0.07234286337981441,0.13333334028720856,pistol
1.2489448408814496e-07,49.67657834777799,36.60243988227093,20.00001109240496,44.93702295820572,33.1622652818666,18.60739905522494,8.914612408261746e-05,firing,,5,0,0,,0.09042857720353185,0.1666666716337204,pistol
0,49.28621515263902,36.24620917673982,19.99987694409862,43.771407675226065,33.234781277131304,18.17697728286762,8.132221410050988e-05,firing,,6,0,0,,0.10851429102724931,0.20000000298023224,pistol
2.723327270359732e-06,49.444461930925144,36.17732584838411,19.999868698713424,39.687541004538254,31.915837592971585,20.00038493210021,5.312190478434786e-05,firing,,7,0,0,,0.12660000485096676,0.2333333343267441,pistol
1.5226158211589791e-05,54.14483632994523,41.82156946187356,19.999787896829798,33.0121287771495,30.875130608840063,20.000264369324572,2.392829628661275e-05,firing,,8,0,0,,0.14468572675962882,0.2666666805744171,pistol
2.434403904771898e-05,57.76116507745519,45.7425244241343,19.99977226701951,30.10155201918693,31.290866411881197,20.000312552176247,1.679333763604518e-05,firing,,9,0,0,,0.16277144058334625,0.30000001192092896,pistol
1.8630153135745786e-05,48.73619509982141,45.458339462791294,19.99992773820209,30.384971588781674,31.59632771781422,20.00042021454563,4.893269942840561e-05,firing,,10,0,0,,0.1808571544070637,0.3333333432674408,pistol
1.3004095308133401e-05,57.60002562334798,45.03864074055597,19.999765089114447,31.06820357347429,32.56695400357423,20.000375138090632,1.8240731151308864e-05,firing,,11,0,0,,0.19894286823078117,0.36666667461395264,pistol
1.111136134568369e-05,57.82937917396018,45.28946228051508,19.999912270948673,30.820891653808253,32.81580688437574,20.00021703568098,1.7517486412543803e-05,firing,,12,0,0,,0.21702858205449863,0.4000000059604645,pistol
8.923643690650351e-06,57.99112642997069,45.23326009467025,19.999790259493555,30.44707958012315,31.449657721134493,20.000218168979487,2.030317045864649e-05,firing,,13,0,0,,0.23511429587821606,0.4333333373069763,pistol
6.031860266375588e-06,57.50475163578795,44.82494082078202,19.999942026751484,30.61532357435231,29.79945441648631,20.000266383662947,2.4532597308279946e-05,firing,,14,0,0,,0.2532000097019335,0.4666666686534882,pistol
4.718117907032138e-06,57.02898792182424,44.52864347790405,19.999976980592027,30.698242974799676,28.98769428666692,20.000356234025745,2.6250010705552995e-05,firing,,15,0,0,,0.27128572352565095,0.5,pistol
4.0786740100884344e-06,56.61761282099785,44.26716896670478,19.999910790331963,30.391466407649055,28.40943959390751,20.00032664639741,2.5720577468746342e-05,firing,,16,0,0,,0.28937145351925764,0.5333333611488342,pistol
3.0882454211678123e-06,56.107100056058165,43.85071390158751,19.999749960456818,30.192633123161073,27.229780701712876,20.00037403087317,2.6299452656530775e-05,firing,,17,0,0,,0.30745715117308586,0.5666666626930237,pistol
1.981350123969605e-06,55.58279990106068,43.41121844851816,19.999853903783933,30.31998187699666,25.5177477349631,20.00041111412969,2.802819653879851e-05,firing,,18,0,0,,0.3255428811666925,0.6000000238418579,pistol
1.1151007583976025e-06,55.14443652786283,43.06708351299897,19.99983567005604,30.5175778973549,24.066307958096804,20.00043700145177,2.9707594876526855e-05,firing,,19,0,0,,0.3436285788205208,0.6333333253860474,pistol
2.6749555104288447e-07,54.665062176126455,42.66379300770929,19.999708551827453,30.61307131787986,23.34623642688669,20.000327344758084,3.065689088543877e-05,firing,,20,0,0,,0.3617143088141274,0.6666666865348816,pistol
1.2013700256829907e-07,54.01389222772951,42.05311436706959,20.0000664772739,30.246502531914278,23.30727578711596,19.151552690597658,3.097407898167148e-05,firing,,21,0,0,,0.37980000646795564,0.699999988079071,pistol
6.705522537231445e-08,53.13836367113214,41.18506665194925,19.999686583876265,29.77008669149602,23.89392705408869,17.630061126599905,3.0992712709121406e-05,firing,,22,0,0,,0.39788573646156233,0.7333333492279053,pistol
2.9802322387695312e-08,52.09682576328402,40.12794729778249,20.00004656785159,29.426290688228086,25.04117669566283,15.916818862754457,3.0374580092029646e-05,firing,,23,0,0,,0.41597143411539056,0.7666666507720947,pistol
6.365778659755961e-08,51.21938435711281,39.248566453309174,19.999810486855637,29.180656178649336,26.416132045927668,14.36771009994383,2.9640608772751875e-05,firing,,24,0,0,,0.43405716410899725,0.800000011920929,pistol
6.006850128414953e-08,50.27383861153729,38.367800511800425,19.999798338818064,28.96729697378866,27.677303450596487,13.225612984244998,2.9474304028553888e-05,firing,,25,0,0,,0.4521428617628255,0.8333333134651184,pistol
6.006850128414953e-08,49.71343248483592,37.86390387943499,19.999920169118102,28.760770542064883,28.73489499001627,12.648204317603554,2.8590451620402746e-05,firing,,26,0,0,,0.4702285917564321,0.8666666746139526,pistol
1.2287812012345967e-07,49.23880779799313,37.40877888944263,19.999929461839994,28.574248379032305,29.641284597820725,12.632539770323518,2.7896565370610915e-05,firing,,27,0,0,,0.48831428941026034,0.8999999761581421,pistol
1.4901161193847656e-08,48.79455574024948,36.93088893909749,19.99999724231391,28.425682126096156,30.397407547302834,12.898041589695277,2.698405660339631e-05,firing,,28,0,0,,0.506400019403867,0.9333333373069764,pistol
6.143906006172983e-08,48.40934181877263,36.508424894823676,19.99979190539092,28.298714216506355,30.95893305326712,13.131911501903064,2.610385672596749e-05,firing,,29,0,0,,0.5244857170576953,0.9666666388511659,pistol
2.9802322387695312e-08,48.14739773329902,36.23467161464125,19.99960990425146,28.187818571033894,31.32232647083173,13.153883741680497,2.548849988670554e-05,firing,,30,0,0,,0.5425714470513019,1,pistol
6.006850128414953e-08,48.02709361680466,36.12248009361401,19.999899909016236,28.11983337952842,31.5331068451271,13.046616099281575,2.5184795958921313e-05,firing,,31,0,0,,0.5606571447051302,1.0333333015441895,pistol
2.2351741790771484e-08,47.9661871664813,36.065715937926136,19.999846901109482,28.11040924231321,31.68921826973299,13.013649245616591,2.4872217181837186e-05,firing,,32,0,0,,0.5787429070385153,1.0666667222976685,pistol
7.450580596923828e-09,47.83552787117478,35.9243891523189,19.99988930074529,28.141782082026477,31.936927303976727,13.12793629588821,2.457555638102349e-05,firing,,33,0,0,,0.5968286046923434,1.1000000238418577,pistol
6.006850128414953e-08,47.580701948109855,35.659947105486246,19.999807437077166,28.196626744477197,32.33932913660319,13.286314197943948,2.4593440684839152e-05,firing,,34,0,0,,0.6149143023461717,1.1333333253860474,pistol
1.365714012990793e-07,47.25442826148997,35.33211274258427,19.99990074028934,28.237974046676847,32.818201803387126,13.40968150525013,2.4874572773114778e-05,firing,,35,0,0,,0.633,1.1666666269302368,pistol
0.00019285075541120023,49.97333025551124,35.33211177332951,19.9998774060154,49.94253239119983,32.818201803387126,20.00019323712772,0.00048573658568784595,firing-ads,,0,0,0,,0,0,pistol
0.00018395720690023154,50.09781114882952,35.45532892568203,19.999836892378976,50.20198376915086,32.92890872110039,20.00041656863693,0.00047171354526653886,firing-ads,,1,0,0,,0.018085715844953602,0.03333333507180214,pistol
0.0001764102780725807,50.12675609906051,35.51669126784901,20.000156069307252,50.34222423722014,32.98024401886087,20.000393561090235,0.0004564195987768471,firing-ads,,2,0,0,,0.036171431689907205,0.06666667014360428,pistol
0.0001698862761259079,50.15918913430842,35.587795092090765,19.999758286855577,50.43722513081656,32.9435557034986,20.00045168231198,0.0004442294011823833,firing-ads,,3,0,0,,0.054257145513624656,0.10000000149011612,pistol
0.00016158472863025963,50.524951212802556,35.94826069944114,19.999872748770954,50.87407771983292,32.92090715231061,20.000402440510793,0.000439689087215811,firing-ads,,4,0,0,,0.07234286337981441,0.13333334028720856,pistol
0.00015022682782728225,51.1624658511855,36.60243988227093,19.999964577685684,51.71218710055428,33.1622652818666,20.000333283364963,0.00043311240733601153,firing-ads,,5,0,0,,0.09042857720353185,0.1666666716337204,pistol
0.0001456972531741485,50.76854385474194,36.24620917673982,19.99987677614611,51.59948333200162,33.234781277131304,20.00036977439298,0.00042025308357551694,firing-ads,,6,0,0,,0.10851429102724931,0.20000000298023224,pistol
0.00016438227612525225,50.16256762195983,36.17732584838411,20.000036409339966,48.07504823627125,31.915837592971585,20.00029555657914,0.00038936801138333976,firing-ads,,7,0,0,,0.12660000485096676,0.2333333343267441,pistol
0.00019931029237341136,41.592514809829886,41.82156946187356,19.999872843685075,42.37129226575942,30.875130608840063,20.000256460953118,0.00014295657456386834,firing-ads,,8,0,0,,0.14468572675962882,0.2666666805744171,pistol
0.0002088046312564984,44.40631370779818,45.7425244241343,19.999710060212877,39.897430509929386,31.290866411881197,20.00050698000532,0.00011285178334219381,firing-ads,,9,0,0,,0.16277144058334625,0.30000001192092896,pistol
0.00019189408340025693,45.953095478848546,45.458339462791294,19.999893508391697,40.71428128987471,31.59632771781422,20.00050571081074,0.00010626162111293525,firing-ads,,10,0,0,,0.1808571544070637,0.3333333432674408,pistol
0.00016937368491198868,46.44458658144178,45.03864074055597,19.99973937036632,42.257466092889715,32.56695400357423,20.000497314163127,0.00010362096509197727,firing-ads,,11,0,0,,0.19894286823078117,0.36666667461395264,pistol
0.00015900805010460317,46.66452320455995,45.28946228051508,19.999831875104697,42.497746693069466,32.81580688437574,20.000369607765478,0.00010308472701581195,firing-ads,,12,0,0,,0.21702858205449863,0.4000000059604645,pistol
0.00015726304263807833,47.504397660089296,45.23326009467025,19.999807612244005,41.964242795151534,31.449657721134493,20.000230124279184,0.00010680728883016855,firing-ads,,13,0,0,,0.23511429587821606,0.4333333373069763,pistol
0.00015629749395884573,48.561308702390534,44.82494082078202,19.99985151115457,41.71221160420521,29.79945441648631,20.000319082584735,0.00011434774205554277,firing-ads,,14,0,0,,0.2532000097019335,0.4666666686534882,pistol
0.00015655178867746145,48.93191856163122,44.52864347790405,19.99990015883105,41.62782460459717,28.98769428666692,20.00032272477526,0.00012159223115304485,firing-ads,,15,0,0,,0.27128572352565095,0.5,pistol
0.00015952589455991983,48.64622925809283,44.26716896670478,19.999604156512465,41.257067335202564,28.40943959390751,20.00036467870548,0.00012816250091418624,firing-ads,,16,0,0,,0.28937145351925764,0.5333333611488342,pistol
0.0001648061297601089,48.40421825539804,43.85071390158751,19.99974402956814,40.58301653273961,27.229780701712876,20.000423407453336,0.00013560678053181618,firing-ads,,17,0,0,,0.30745715117308586,0.5666666626930237,pistol
0.00017150341591332108,57.39729501816696,43.41121844851816,19.999826457280037,39.725748064396186,25.5177477349631,20.00038779247468,0.00034258607774972916,firing-ads,,18,0,0,,0.3255428811666925,0.6000000238418579,pistol
0.00017688858497422189,57.146457364347185,43.06708351299897,19.99972765567439,38.981625578648234,24.066307958096804,20.000242437448808,0.00034941162448376417,firing-ads,,19,0,0,,0.3436285788205208,0.6333333253860474,pistol
0.0001784543856047094,56.78966443049217,42.66379300770929,19.99969629901722,38.65518327692706,23.34623642688669,20.00026701021613,0.0003520848695188761,firing-ads,,20,0,0,,0.3617143088141274,0.6666666865348816,pistol
0.00017546670278534293,56.22696004804923,42.05311436706959,19.999958046489304,38.91419126894295,23.30727578711596,20.000508329123445,0.0003526215150486678,firing-ads,,21,0,0,,0.37980000646795564,0.699999988079071,pistol
0.000167726946529001,55.41606137200912,41.18506665194925,19.999695198958744,39.88444708372349,23.89392705408869,20.00022442718793,0.00035124775604344904,firing-ads,,22,0,0,,0.39788573646156233,0.7333333492279053,pistol
0.00015586284280288965,54.40724219395614,40.12794729778249,19.9999673058481,41.453717010894586,25.04117669566283,20.000347700349433,0.00034691026667132974,firing-ads,,23,0,0,,0.41597143411539056,0.7666666507720947,pistol
0.00014367600670084357,53.55425629953798,39.248566453309174,19.99987231285754,43.194454846518056,26.416132045927668,20.0003212803921,0.0003406381874810904,firing-ads,,24,0,0,,0.43405716410899725,0.800000011920929,pistol
0.00013319549907464534,52.60968076962057,38.367800511800425,19.999942315700896,44.71256159110236,27.677303450596487,20.00041014749608,0.0003359344555065036,firing-ads,,25,0,0,,0.4521428617628255,0.8333333134651184,pistol
0.00012531306128948927,52.08744180189877,37.86390387943499,20.000071299998694,45.86692370625318,28.73489499001627,20.000378279891642,0.0003257596108596772,firing-ads,,26,0,0,,0.4702285917564321,0.8666666746139526,pistol
0.00011947403982048854,51.59264181529986,37.40877888944263,19.99983871876887,46.70775958554661,29.641284597820725,20.000202331521624,0.00031938336906023324,firing-ads,,27,0,0,,0.48831428941026034,0.8999999761581421,pistol
0.00011554058437468484,51.08888865136047,36.93088893909749,19.99998432405365,47.32053917757583,30.397407547302834,20.00039297608013,0.00031558811315335333,firing-ads,,28,0,0,,0.506400019403867,0.9333333373069764,pistol
0.00011256974539719522,50.66308763285717,36.508424894823676,19.999834125807887,47.76806358684754,30.95893305326712,20.00023250109624,0.0003106551885139197,firing-ads,,29,0,0,,0.5244857170576953,0.9666666388511659,pistol
0.00011019980593118817,50.38839999411042,36.23467161464125,19.99979028664877,48.109494533361,31.32232647083173,20.000187881885875,0.000306824134895578,firing-ads,,30,0,0,,0.5425714470513019,1,pistol
0.00010889104305533692,50.26658851641948,36.12248009361401,19.99993835833544,48.357261366526394,31.5331068451271,20.000194993433873,0.0003047845675610006,firing-ads,,31,0,0,,0.5606571447051302,1.0333333015441895,pistol
0.00010820086026797071,50.19440649768558,36.065715937926136,19.999807238836866,48.52697245599871,31.68921826973299,20.00037975038759,0.00030309712747111917,firing-ads,,32,0,0,,0.5787429070385153,1.0666667222976685,pistol
0.00010721218131948262,50.04146416948026,35.9243891523189,19.999745951786192,48.73950724086855,31.936927303976727,20.000093847149532,0.0003016544505953789,firing-ads,,33,0,0,,0.5968286046923434,1.1000000238418577,pistol
0.00010527094127610326,49.77857568255346,35.659947105486246,19.999708113980525,49.102351502152246,32.33932913660319,20.000296305512478,0.0003001552540808916,firing-ads,,34,0,0,,0.6149143023461717,1.1333333253860474,pistol
0.0001024615194182843,49.46677674196129,35.33211274258427,19.99980021394173,49.564324168955,32.818201803387126,20.000284759182613,0.0002989796921610832,firing-ads,,35,0,0,,0.633,1.1666666269302368,pistol
4.7882978833513334e-05,32.56752816623327,32.56752816623327,0.0,14.873364015195612,33.569812169985646,20.000349248368718,0,reload,,0,1,0,,0,0,shotgun
5.5223026720341295e-05,27.227004876087623,27.227004876087623,0.0,12.822239385886855,31.585820213235344,20.000290826827474,0,reload,,1,1,0,,0.025252526934436262,0.03333333507180214,shotgun
7.256982644321397e-05,23.268841849778113,23.268841849778113,0.0,10.387622551722423,29.23052586120432,20.000256483783897,0,reload,,2,1,0,,0.050505053868872524,0.06666667014360428,shotgun
9.898004645947367e-05,21.427270084603727,21.427270084603727,0.0,8.027482061390014,26.86115484341558,20.00012121231186,0,reload,,3,1,0,,0.07575757798111912,0.10000000149011612,shotgun
9.734956984175369e-05,21.580671727898025,21.580671727898025,0.0,5.972288790528408,24.575058334184313,20.000282187536442,0,reload,,4,1,0,,0.1,0.13199999809265137,shotgun
9.716699423734099e-05,21.595970549796544,21.595970549796544,0.0,5.886790930411708,24.47955929121105,20.00029240701271,0,reload,,5,1,0,,0.10101010773774505,0.13333334028720856,shotgun
8.878752851160243e-05,22.47687360462296,22.47687360462296,0.0,3.1567658398939997,21.404907816140607,20.00019618056304,0,reload,,6,1,0,,0.12626263184999165,0.1666666716337204,shotgun
7.493948214687407e-05,23.624619588369843,23.624619588369843,0.0,0.6939781097999642,18.574230365130095,20.00038716545596,0,reload,,7,1,0,,0.15,0.19799999713897704,shotgun
7.396619184873998e-05,23.731648350439922,23.709217067252315,0.0,0.5397747626936211,18.393607047407105,20.000291610415303,2.9802322387695312e-08,reload,,8,1,0,,0.15151515596223825,0.20000000298023224,shotgun
5.1261173211969435e-05,33.857147702289126,25.33341887829949,13.906545909470461,1.870362831197525,15.487003230192785,20.00015598905517,2.2351741790771484e-08,reload,,9,1,0,,0.17676768007448485,0.23333333432674408,shotgun
2.9748285669484176e-05,39.84090241164089,26.7720870463338,19.99989905580463,3.810849058863687,13.064068173060736,20.00031656657993,8.280006113636773e-06,reload,,10,1,0,,0.2020202154754901,0.2666666805744171,shotgun
1.51855338117457e-05,42.63116549692229,30.765093137492403,19.99987639318729,5.458127335413179,11.19798107836391,20.000321015521237,1.2430476090230513e-05,reload,,11,1,0,,0.2272727395877367,0.30000001192092896,shotgun
7.238284069899237e-06,24.753006733876667,37.19108160620541,19.999790686484147,7.449292146037893,9.811866588143952,20.000360286881815,0.00010951331933028996,reload,,12,1,0,,0.2525252636999833,0.3333333432674408,shotgun
1.1920928955078125e-07,27.571576552360256,39.46359802613106,19.999649141634876,9.464098696203433,8.844030373517262,19.95920235690434,0.0001318349241046235,reload,,13,1,0,,0.2777777878122299,0.36666667461395264,shotgun
4.214684778958144e-08,21.758313362122813,31.991463316095246,19.999758475507335,9.02249381011992,8.25587350210333,18.58740548756031,8.861097012413666e-05,reload,,14,1,0,shell,0.3,0.39599999427795407,shotgun
2.9802322387695312e-08,20.9507842872868,30.984690114485645,19.999787126706337,8.98937697205498,8.184020023845427,18.45075929611511,8.415734919253737e-05,reload,,15,0.9998198180805052,0,shell,0.3030303119244765,0.4000000059604645,shotgun
4.214684778958144e-08,13.449382704713226,21.650917326809108,19.999842626911963,8.024773940163376,8.572378333937996,18.130632815019165,5.439853703137487e-05,reload,,16,0.9849852986838309,0,shell,0.3282828360367231,0.4333333373069763,shotgun
4.470348358154297e-08,8.16039256479562,12.905774209998429,20.000018824141705,7.700756714359915,9.896511989755615,18.807803020094916,4.074992466485128e-05,reload,,17,0.9549048365616412,0,shell,0.35000000000000003,0.4619999933242799,shotgun
4.214684778958144e-08,7.86089894131992,11.479780876468363,20.000007948726374,7.747511701106466,10.155882078459435,18.974316580464862,3.941819886676967e-05,reload,,18,0.9486439034545164,0,shell,0.3535353601489697,0.46666666865348816,shotgun
1.5891234852460911e-06,12.418867143579666,0.6954298234077151,20.000010612963973,8.516095591119454,11.729356392295772,20.000513356811133,3.218570782337338e-05,reload,,19,0.8940532627866498,0,shell,0.3787878842612163,0.5,shotgun
1.1984609955106862e-05,23.375183492815065,12.76692337797337,19.99980112620148,9.078429046350575,12.518494588318472,20.00014629326482,3.001567347382661e-05,reload,,20,0.824470939132,0,shell,0.4040404309509802,0.5333333611488342,shotgun
3.052575630135834e-05,34.969851394833135,24.457339818415413,19.999670698589938,9.806639626242744,12.734848680902978,20.000326637700077,2.9844497476005927e-05,reload,,21,0.7431547667116087,0,shell,0.4292929324857095,0.5666666626930237,shotgun
5.485752990352921e-05,45.44378832544513,34.218054821315164,19.99999963059199,10.266404411143846,12.880766128330867,20.000306943041814,2.7377891456126235e-05,reload,,22,0.6533620889933904,0,shell,0.4545454791754734,0.6000000238418579,shotgun
8.305397932417691e-05,53.086853010045026,40.88930086631262,19.999836809267663,10.598959788289937,13.054718625231473,20.00027421160467,2.2304415324470028e-05,reload,,23,0.5583508536114072,0,shell,0.47979798071020274,0.6333333253860474,shotgun
0.00012747915752697736,57.227273549008814,44.117801740142276,19.99988615026293,10.996194579016299,13.123007039170941,20.000336436640016,1.7437097994843498e-05,reload,,24,0.46137835505616576,0,shell,0.5050505273999666,0.6666666865348816,shotgun
0.00018922609160654247,57.69244281120057,44.04883598963327,20.000003785854464,11.412597364409041,12.682518575403959,20.000284563340387,1.4914804523868952e-05,reload,,25,0.36570256663874534,0,shell,0.5303030289346959,0.699999988079071,shotgun
0.0002821708912961185,25.33168849363789,41.97910910397079,19.999655564206854,11.862586169068077,11.625764659726697,20.00008405676172,0.00011682023614412174,reload,,26,0.2745807804730246,0,shell,0.5555555756244598,0.7333333492279053,shotgun
0.0004213426436763257,21.65285434102275,39.328339349932854,19.999738798757136,12.381631896083048,10.315017335991286,20.00043787222136,6.787409347452922e-06,reload,,27,0.19127094894632246,0,shell,0.5808080771591891,0.7666666507720947,shotgun
0.000595810473896563,18.82679484209238,37.082306764190676,20.000034341386854,12.93372083720067,9.286679277013594,20.000480237539342,0.0003198510385118425,reload,,28,0.11903040839666701,0,shell,0.606060623848953,0.800000011920929,shotgun
0.0007546929991804063,15.734772701705594,33.792068146976206,19.999884017761968,13.61786857188848,8.528691972540372,20.00038774775787,0.00028554382151924074,reload,,29,0.061117043686838124,0,shell,0.6313131253836823,0.8333333134651184,shotgun
0,9.832859869259408,28.234937289968876,19.99983929940964,14.89663799399769,7.427640745793369,20.00029068438776,0.0020405843388289213,reload,,30,0.02078828197979299,0,shell,0.6565656720734462,0.8666666746139526,shotgun
0,21.739659138784752,24.434486331958418,19.999782803542836,16.75485704042774,5.712745033543758,20.000395724986713,0.02357782982289791,reload,support contact >10mm,31,0.0013018940129920775,0,shell,0.6818181736081755,0.8999999761581421,shotgun
0,15.878651822708163,25.171836777779127,19.999759638055775,18.482715182300353,4.34798025910225,20.00039213159314,0.02242881804704666,reload,support contact >10mm,32,0,0,shell,0.7070707202979394,0.9333333373069763,shotgun
0,16.230098177130632,27.803308006797568,19.9996998570827,19.153435914489712,4.436077875510576,20.000090771983402,0.025860754773020744,reload,support contact >10mm,33,0,0,shell,0.7323232218326687,0.9666666388511658,shotgun
0,19.316168111018175,29.07233128715731,19.99991238552838,18.93221421103534,5.0918107835411295,20.00026577657379,0.03496779128909111,reload,support contact >10mm,34,0,0,shell,0.7575757685224326,1,shotgun
0,28.124973167637428,30.662518449181484,19.999857024048577,18.482378540410497,5.908552820022409,20.00024977665534,0.031063023954629898,reload,support contact >10mm,35,0.03502253863095941,0,,0.7828282700571619,1.0333333015441895,shotgun
0,40.864806140008056,30.14637097385562,19.999694369770904,18.08972581105113,6.367797018175402,20.00020640418063,5.464664354803972e-06,reload,,36,0.22060587354554145,0,,0.8080808619019604,1.0666667222976685,shotgun
0,49.96461592000467,32.93924814827564,19.99989367253561,17.50620238503697,6.485141652550644,20.000425301961112,8.796735073701711e-07,reload,,37,0.4924248421254749,0,,0.8333333634366897,1.100000023841858,shotgun
0,50.82871360072743,33.86731616603665,19.999935619616416,17.230593374194132,6.771419870064008,20.00029235165616,1.959973815246485e-06,reload,,38,0.6782563931324266,0,,0.8500000000000001,1.1219999837875367,shotgun
0,50.69033987401756,34.27734562892298,19.999679866429705,17.089875415275955,6.922156542146842,20.000244506963565,1.1076648434027447e-06,reload,,39,0.7664617895256346,0,,0.858585864971419,1.1333333253860474,shotgun
0,46.13525624029842,34.017276625691196,19.999554840946587,17.145198929259177,6.926716855463401,20.00029261210477,1.9599417555582477e-07,reload,,40,0.9586986515647357,0,,0.8838383665061483,1.1666666269302368,shotgun
0,42.371990357306196,32.54324219605421,19.999857554550353,17.689937512859295,6.789560041990224,20.000391123954476,4.4808908228333166e-07,reload,,41,0.9983952425235453,1,shell,0.9090909583509468,1.2000000476837158,shotgun
0,44.551523799248585,33.86655385085141,19.99996231350294,18.580162351559025,6.405069655514485,20.000289150531707,3.674277024856565e-07,reload,,42,0.978101968954322,1,shell,0.9343434598856761,1.2333333492279053,shotgun
0,48.581029557738205,37.459452152024,20.000006405365447,19.62702171848587,6.46105187255971,20.00038361694709,2.5680196813482326e-07,reload,,43,0.9370836902363276,1,shell,0.9595959614204055,1.2666666507720947,shotgun
0,52.83816028844163,40.996789101422216,19.999828566729924,20.86589269881041,6.603056540605371,20.000069761780534,7.27119015664357e-07,reload,,44,0.8785980280260121,1,shell,0.9848484629551347,1.2999999523162842,shotgun
0,54.346404532165415,41.27540172462131,19.999720773502528,22.319650767003964,6.935058595509099,20.000179292461585,2.0387924450915307e-06,reload,,45,0.8059023224747432,1,shell,1.0101010547999332,1.3333333730697632,shotgun
0,59.80933843381713,47.02273914844903,19.99993131310543,23.167038713786333,7.210260981838881,20.000233745079047,4.583513600664446e-06,reload,,46,0.7222547249062958,1,shell,1.0353535563346625,1.3666666746139526,shotgun
0,56.18216080655176,42.8115441755322,19.999942465978172,23.485019479185798,6.728448465443195,20.00034739057804,1.7276121070608497e-05,reload,,47,0.6309126204650484,1,shell,1.0606060578693919,1.399999976158142,shotgun
0,42.259490818368285,29.43393766719382,19.99984812386757,22.707720054381284,5.5694017573969825,20.00033587147426,6.210433639353141e-05,reload,,48,0.5351336308074494,1,shell,1.0858585594041212,1.4333332777023318,shotgun
0,12.316346282037841,25.074058280039267,19.999840226886246,21.880531947778294,5.372647779259973,20.000360090484655,0.00014279171591624618,reload,,49,0.43817503261459934,1,shell,1.1111111512489196,1.4666666984558105,shotgun
0,24.67529160257159,33.635167832417196,19.999910115098725,21.388837705122288,5.490891140312662,20.000402356735435,0.0001247023610631004,reload,,50,0.34329515075154793,1,shell,1.136363652783649,1.5,shotgun
0,25.249830197591436,32.83948696606496,19.99998056269588,21.363791256671764,5.676697599178939,20.0003481460331,9.747798321768641e-05,reload,,51,0.29407103963316883,1,shell,1.1500000000000001,1.517999978065491,shotgun
0,25.802238000888238,32.185186659517804,19.999952674606785,21.3456708347444,5.837097771091049,20.000332676169137,6.828689220128581e-05,reload,,52,0.25375126029166706,1,shell,1.1616161543183783,1.5333333015441895,shotgun
0,14.83782440164296,19.846214703755102,19.999774672305286,21.9712172426203,7.051581162272825,20.00019448617195,3.3980202260863734e-06,reload,,53,0.1728007126404375,1,shell,1.1868687461631766,1.5666667222976682,shotgun
0,7.477664142240885,11.18464548810541,20.000022410294733,24.43823036258981,10.782322820030961,20.000221678896878,8.35455721244216e-05,reload,,54,0.10370171816471041,1,shell,1.212121247697906,1.600000023841858,shotgun
0,5.626156505137983,12.933453875128775,19.99978904616548,27.367393717678,15.084145693393257,20.000384686885464,0.000228952121688053,reload,,55,0.049711591711675385,1,shell,1.2373737492326353,1.6333333253860474,shotgun
0,9.606957697607852,9.035674571811057,19.999818998516023,28.06634806094542,16.996489594058467,20.000190164818985,0.00015129327948670834,reload,,56,0.014087954937780922,1,shell,1.2626262507673647,1.6666666269302368,shotgun
0,15.71677921278464,11.407816647069732,19.99995690554198,25.594077385046464,15.89682946410817,20.000352231611263,2.5141187506960705e-05,reload,,57,8.842198373582022e-05,1,shell,1.287878842612163,1.7000000476837158,shotgun
0,8.903889665803865,14.387789364346373,19.999725330586124,21.391421652479785,13.933325422714537,20.00040010406967,0.01949969120323658,reload,support contact >10mm,58,0,1,shell,1.3131313441468924,1.7333333492279053,shotgun
0,5.717269220700577,15.638148160556687,19.999835743486464,17.11781589969258,13.079796098000557,20.0003875062286,0.04517235606908798,reload,support contact >10mm,59,0,1,shell,1.3383838456816217,1.7666666507720947,shotgun
0,3.130008662164666,15.784271000506145,19.999798670725525,14.965653832148963,12.927019867065868,20.000281611470115,0.06962642073631287,reload,support contact >10mm,60,0,1,shell,1.363636347216351,1.7999999523162842,shotgun
0,3.849986704957145,17.253288470231066,19.999895091259482,13.053131205448647,12.775210694358233,20.000352674704384,0.05327510088682175,reload,support contact >10mm,61,0.06720268924293278,1,,1.3888889390611496,1.8333333730697632,shotgun
0,6.1281335978325195,16.57860340941742,19.99989816860366,12.210568000058796,12.396466632784412,20.00026963136311,2.1039937564637512e-05,reload,,62,0.28114461982848293,1,,1.4141414405958788,1.8666666746139526,shotgun
0,9.544345325972749,14.598576931621501,19.99963059882195,11.84866981235251,12.153893989303423,20.00035198071829,9.566122571413871e-06,reload,,63,0.5611583301253944,1,,1.4393939421306081,1.899999976158142,shotgun
0,14.066659402468867,13.838369741291075,19.999745084197983,10.517609240270605,12.03393550651616,20.000384658343773,2.8606955311261117e-06,reload,,64,0.8232257559523747,1,,1.4646464436653375,1.9333332777023315,shotgun
0,20.204685089339222,15.591509957795145,20.000015007145784,7.579438767166332,12.627312335705694,20.00020650307405,0.025068175047636032,reload,,65,0.9833291232166476,1,,1.489899035510136,1.9666666984558105,shotgun
0,28.04745505030009,19.820690480554166,18.787178898830675,5.228886547353412,15.798102459381756,20.000150768999195,0.035879068076610565,reload,,66,0.9955892855769887,2,shell,1.5151515370448652,2,shotgun
0,31.996290562577574,25.682711958581468,10.324623508655021,6.249582662443662,19.88447964156025,20.000284840262573,0.03067120723426342,reload,,67,0.970024934192396,2,shell,1.5404040385795945,2.0333333015441895,shotgun
0,36.533665318554085,29.611927255877553,9.14980104367885,7.506284180181655,22.523892258045827,20.000106523523858,0.02180061861872673,reload,,68,0.9245174040605381,2,shell,1.5656565401143239,2.066666603088379,shotgun
0,41.1789899760534,29.144347779180816,14.612323212946903,7.5249369751713004,23.10056350499368,20.000226231070126,0.009667101316154003,reload,,69,0.862324316837865,2,shell,1.5909090416490532,2.0999999046325684,shotgun
0,45.749386264434825,26.836889901889958,19.99992269564735,6.240248557801647,22.646831727415158,20.00020458072128,6.51925802230835e-09,reload,,70,0.786702713041043,2,shell,1.6161617238039208,2.133333444595337,shotgun
0,42.75949945231802,24.680646906322718,19.999832694674737,4.944580511225648,21.784704061763833,20.00023848418777,1.2473118715661258e-07,reload,,71,0.7009113155125212,2,shell,1.6414142253386501,2.1666667461395264,shotgun
0,39.73239711630747,21.432508351983135,19.999688896847903,4.106051935705794,21.37441681035398,20.000126315339433,9.830249609876773e-07,reload,,72,0.608207249162878,2,shell,1.6666667268733795,2.200000047683716,shotgun
0,38.43176532497636,20.099148245293392,19.99987189358963,4.183663943488481,21.93076554461367,20.0003404725291,2.4680209662619745e-06,reload,,73,0.5118481356485638,2,shell,1.6919192284081088,2.2333333492279053,shotgun
0,36.49685943517884,17.90191608481504,19.999869285247936,4.948106575504171,22.96100234920505,20.000225026738594,4.028718649351504e-06,reload,,74,0.41509159662602935,2,shell,1.717171729942838,2.2666666507720947,shotgun
0,33.204595015460555,14.661732520538466,19.999816933841377,5.826260113108046,23.76503607295818,20.000279395093692,5.623742254101671e-06,reload,,75,0.3211952537517201,2,shell,1.7424242314775673,2.299999952316284,shotgun
0,30.39604350725081,12.094150749778702,19.999939759183672,6.244965546484987,23.899325535791238,20.000197279623393,2.7061510081693996e-06,reload,,76,0.23341672868208707,2,shell,1.7676767330122967,2.3333332538604736,shotgun
0,30.272528850976396,12.204596219073135,19.999860619182016,6.164946716453131,23.670366143566525,20.000394418402315,1.2749857205562876e-06,reload,,77,0.15501364307357957,2,shell,1.792929234547026,2.366666555404663,shotgun
0,19.238660162837608,13.696983009116531,19.999964666456993,6.047565767171508,23.498895796402074,20.000272891766883,2.2528865883941762e-05,reload,,78,0.08924320110490436,2,shell,1.8181819167018936,2.4000000953674316,shotgun
0,15.314784810128144,11.720415030696861,19.999673390394626,6.679975214594763,23.507362443732667,20.000312481276026,7.99131448729895e-05,reload,,79,0.039363984697381116,2,shell,1.843434418236623,2.433333396911621,shotgun
0,8.086973105075252,9.981530827760713,19.999997632451,7.644260924680126,24.12754626471195,20.00033846932538,1.921720649988856e-05,reload,,80,0.008633096020678965,2,shell,1.8686869197713523,2.4666666984558105,shotgun
0,8.529080349021676,14.809346157198162,19.999727894901884,8.949818620749523,25.676301951719704,20.000212948612333,7.882276258897036e-05,reload,,81,0,2,shell,1.8939394213060816,2.5,shotgun
0,15.437080400801106,21.177075189333497,19.999845930397452,10.854039098553704,27.980017780382774,20.000346700747713,8.373146556550637e-05,reload,,82,0,2,shell,1.919191922840811,2.5333333015441895,shotgun
0,21.981612097750162,26.51391413216821,19.999838770321094,13.190256153630461,30.614620842454272,20.000086690283226,6.008510536048561e-05,reload,,83,0,2,shell,1.94444442437554,2.566666603088379,shotgun
0,26.925138204590382,29.999306406251925,19.999870040340085,15.421564071897873,33.02807438245136,20.000204425683542,3.124039722024463e-05,reload,,84,0.0004915424893657902,2,,1.9696969259102695,2.5999999046325684,shotgun
2.7122176106786355e-05,30.485350404618515,32.092439099442245,19.999956731605764,19.073663577946636,34.91187074774479,20.000344586129014,0.00017524053691886365,reload,,85,0.10802821067559742,2,,1.9949496080651372,2.633333444595337,shotgun
2.4705388568690978e-05,30.95179073900202,32.41170434907136,19.99993520638476,19.57129582627035,35.17239687646744,20.00045624112462,0.00020718648738693446,reload,,86,0.14781423045885916,2,,2,2.6399999618530274,shotgun
1.7207583368872292e-05,32.70980928084077,33.7501606641786,19.999965287980046,21.529421988170647,36.21443335854802,20.00032903251428,5.78702638449613e-05,reload,,87,0.34549005479962985,2,,2.0202021095998663,2.6666667461395264,shotgun
1.3402963304542936e-05,32.9981955535533,34.53570078941608,19.999905380434683,22.581768076523666,36.544868323231675,20.000366642143415,0.0001685860042925924,reload,,88,0.628859114872563,2,,2.0454546111345957,2.700000047683716,shotgun
1.2061733286827803e-05,32.39077347634957,34.60430020415917,19.99946317343951,23.159334920799175,36.74908768047272,20.000486811802446,0.0001263886078959331,reload,,89,0.8741173267131113,2,,2.070707112669325,2.7333333492279053,shotgun
1.1705751603585668e-05,31.741901925501907,34.15277213080327,19.999854275939324,23.59278982312993,37.037677234668394,20.000376855170032,8.422435348620638e-05,reload,,90,0.9972466261399894,2,,2.0959596142040544,2.7666666507720947,shotgun
1.1764521332224831e-05,31.671866382041927,34.04586511342322,19.99982505070544,23.63252409809687,37.077228125530795,20.00034914421016,8.278834138764068e-05,reload,,91,1,2,,2.1,2.7719999599456786,shotgun
1.2064052498317324e-05,31.123932392122686,33.48378760193202,19.999847831016723,23.841947125608005,37.287749748874475,20.000187606566662,8.652068208903074e-05,reload,,92,1,2,,2.1212121157387838,2.799999952316284,shotgun
1.2928068827022798e-05,29.89055543507893,32.75139936780491,19.99984440397271,23.69953302504141,37.300096371274996,20.0002721944713,0.00010552482126513496,reload,,93,1,2,,2.146464617273513,2.8333332538604736,shotgun
1.4778256627323572e-05,28.719770191632026,32.292764931444246,19.999786062609846,22.949499621149865,37.13474025488912,20.000286459316804,0.00013092743756715208,reload,,94,1,2,,2.1717171188082425,2.8666665554046635,shotgun
1.8216265743831173e-05,29.104125110590957,31.84652541758728,19.99967627588106,21.459217900529964,36.9171855408751,20.000281172215047,0.00013461089110933244,reload,,95,1,2,,2.19696980096311,2.900000095367431,shotgun
2.301372296642512e-05,31.987478577761742,31.48498453240187,19.99957861631133,19.705547273085436,36.59039372606491,20.00020490606082,9.592831338522956e-05,reload,,96,1,2,,2.222222302497839,2.933333396911621,shotgun
2.8771592042176053e-05,34.51145750543167,31.169242890129123,19.999602281432736,18.180648978645177,36.18102186818592,20.00034549484001,5.1153008826076984e-05,reload,,97,1,2,,2.2474748040325685,2.9666666984558105,shotgun
3.423254383960739e-05,36.484624564771806,30.91016294600419,19.999746002005068,17.145093441420666,35.74117750367573,20.000396763644343,1.7532312995172106e-05,reload,,98,1,2,,2.272727305567298,3,shotgun
3.926782665075734e-05,37.69439399331593,30.74561708049145,19.08721379755542,16.52049849157867,35.32621840972426,20.00018223612693,1.4901161193847656e-08,reload,,99,1,2,,2.297979807102027,3.0333333015441895,shotgun
4.2966901673935354e-05,32.263431611657126,30.7142982788265,5.651615199899005,16.16564433335888,34.957856936487296,20.000400650910954,1.3514129193481494e-07,reload,,100,1,2,,2.3232323086367566,3.066666603088379,shotgun
4.452267603483051e-05,30.833766470258045,30.829219546772418,0.0,15.883547710439322,34.62036122031249,20.000365396317818,6.006850128414953e-08,reload,,101,1,2,,2.348484810171486,3.0999999046325684,shotgun
4.462040669750422e-05,30.84435445699146,30.844287042458415,0.0,15.868136589995414,34.602959597741446,20.000482765960875,2.2351741790771484e-08,reload,,102,1,2,,2.3499999999999996,3.1019999551773063,shotgun
4.511950828600675e-05,31.08001184822044,31.08001184822044,0.0,15.626547677663295,34.330151317474865,20.00028174236271,0,reload,,103,1,2,,2.3737374923263532,3.1333334445953365,shotgun
4.600144529831596e-05,31.35761300695035,31.35761300695035,0.0,15.350857145107147,34.04365132998177,20.000301142518552,0,reload,,104,1,2,,2.3989899938610826,3.166666746139526,shotgun
4.666879976866767e-05,31.646168474775727,31.646168474775727,0.0,15.119828559979979,33.802060504510074,20.0003558146607,0,reload,,105,1,2,,2.424242495395812,3.200000047683716,shotgun
4.718424315797165e-05,31.92175463177513,31.92175463177513,0.0,14.950634502982055,33.636688773411926,20.00024951111261,0,reload,,106,1,2,,2.4494949969305413,3.2333333492279053,shotgun
4.757138594868593e-05,32.194752351542725,32.194752351542725,0.0,14.873550483491558,33.565455891546755,20.000172487507022,0,reload,,107,1,2,,2.4747474984652706,3.2666666507720947,shotgun
4.7793902922421694e-05,32.56750185622975,32.56750185622975,0.0,14.873346270679827,33.56979089026413,20.000238964857,0,reload,,108,1,2,,2.5,3.299999952316284,shotgun
2.5506679435238766e-07,10.146898009578038,9.86171782899952,19.99981862599699,10.87622856832669,25.542309748548522,20.000407064815423,0.1027977392077446,ads,support contact >10mm,0,1,2,,0,0,shotgun
3.677506174426526e-05,10.113441174357634,9.89363668229572,19.9999582631325,5.903212788058467,25.531599210674184,20.000478599471396,0.05792732536792755,ads,support contact >10mm,1,1,2,,0.016666666666666666,0.016666666666666666,shotgun
7.466110400855541e-05,10.079185610759069,9.925533713202858,19.99997137971512,5.561442204368067,25.52112866070838,20.00039788107165,0.013062753714621067,ads,support contact >10mm,2,1,2,,0.03333333507180214,0.03333333507180214,shotgun
0.00010318647400708869,11.263934534100642,9.957480961993362,19.99994129858362,5.7789600838000705,25.511304591130227,20.000279140059394,2.107816499119508e-06,ads,,3,1,2,,0.05,0.05,shotgun
0.00012543000048026443,13.042295492921593,9.989405157978748,19.99963313097326,5.929188731477293,25.5016650240733,20.000338202198908,5.1265410547784995e-06,ads,,4,1,2,,0.06666667014360428,0.06666667014360428,shotgun
0.00014344351075123996,14.472272685350454,10.021346278793706,19.999844207473863,5.855072487165507,25.49309464168945,20.00035734561025,8.31586294225417e-06,ads,,5,1,2,,0.08333333333333333,0.08333333333333333,shotgun
0.00016005325596779585,15.630743442349383,10.053285095735841,20.000123354393594,5.577093251795729,25.48474395552793,20.00015755028198,1.153765606431989e-05,ads,,6,1,2,,0.10000000149011612,0.10000000149011612,shotgun
0.0001832118578022346,16.579323794317045,10.085211268832158,19.999961145974137,6.151198635066525,25.477277146787646,20.000327275037417,1.4875043234496843e-05,ads,,7,1,2,,0.11666666666666667,0.11666666666666667,shotgun
0.0002518346591386944,17.343074175347933,10.117141390973229,19.999841754103752,8.996402940864364,25.47000585494226,20.000470942569933,1.835210423450917e-05,ads,,8,1,2,,0.13333334028720856,0.13333334028720856,shotgun
0.000336891389451921,17.696403648633193,10.130259845275509,19.99994200553004,7.885110900240749,25.466510340915917,20.000082962139157,2.064519139821641e-05,ads,,9,1,2,,0.14285714285714285,0.14285714285714285,shotgun
0.00033674947917461395,17.69755104476157,10.140136391920327,19.999746606052632,7.871273883093369,25.46391194840057,20.000281389111393,2.0670457161031663e-05,ads,,10,1,2,,0.15,0.15,shotgun
0.0003367154859006405,17.700214851087857,10.163112576625876,19.99974308387376,7.839175070373597,25.45800504968509,20.000490760824935,2.0641458831960335e-05,ads,,11,1,2,,0.1666666716337204,0.1666666716337204,shotgun
0.00033712858567014337,17.7011424381512,10.186111602782631,19.999917229616212,7.79739145531379,25.435340401315127,20.00029740149845,2.0641675291699357e-05,ads,,12,1,2,,0.18333333333333332,0.18333333333333332,shotgun
0.0003375659871380776,17.70216747164011,10.209109222652241,19.999952064615243,7.755665261953588,25.412861804326397,20.00045802899519,2.072310417133849e-05,ads,,13,1,2,,0.20000000298023224,0.20000000298023224,shotgun
0.0003382772847544402,17.703141930099385,10.232094802884705,19.99982576747738,7.70774508885444,25.37968692388061,20.00037372226531,2.0588144252542406e-05,ads,,14,1,2,,0.21666666666666667,0.21666666666666667,shotgun
0.000338961835950613,17.704221767343654,10.255090386732737,19.99969090623262,7.659849571076058,25.346582131457456,20.000406391169058,2.0615505491150543e-05,ads,,15,1,2,,0.23333333432674408,0.23333333432674408,shotgun
0.00033952691592276096,17.71666978272422,10.25895237764194,19.99975503656951,7.615348010930422,25.312883331628786,20.000336515597628,2.0642530216719024e-05,ads,,16,1,2,,0.25,0.25,shotgun
0.00034016824793070555,17.729104289371662,10.26285790669151,19.999857257749674,7.570865813205776,25.27925421726449,20.0002094796239,2.0669687728513964e-05,ads,,17,1,2,,0.2666666805744171,0.2666666805744171,shotgun
0.0003408084739930928,17.741584927941965,10.266751134282353,19.999853441192425,7.529853079390339,25.243666230602035,20.000247600924197,2.061632403638214e-05,ads,,18,1,2,,0.2833333333333333,0.2833333333333333,shotgun
0.00034159416100010276,17.75403595765828,10.270657445630025,19.999692337394915,7.4888496038068535,25.20815710200538,20.000322178646556,2.064392356260214e-05,ads,,19,1,2,,0.30000001192092896,0.30000001192092896,shotgun
0.000342197366990149,17.76690880698779,10.274621462838498,20.000016490087102,7.450393106109312,25.173141968187128,20.000482320115157,2.05617725441698e-05,ads,,20,1,2,,0.31666666666666665,0.31666666666666665,shotgun
0.0003428597701713443,17.779868282829508,10.278590893377975,19.99983232395698,7.411951989689134,25.138129651865764,20.0004707724204,2.056300945696421e-05,ads,,21,1,2,,0.3333333432674408,0.3333333432674408,shotgun
0.00034347560722380877,17.793856102618104,10.28255240448352,19.999737183580546,7.376748567952514,25.10315074197205,20.0003853976256,2.0537348973448388e-05,ads,,22,1,2,,0.35,0.35,shotgun
0.0003437732229940593,17.807792058204154,10.286570298807696,19.999944212895105,7.341553007150369,25.068234158387803,20.000269535472924,2.0508095985860564e-05,ads,,23,1,2,,0.36666667461395264,0.36666667461395264,shotgun
0.00034428099752403796,17.821609167025564,10.290597966195941,19.99986515268192,7.307773985276696,25.0351645652803,20.000240743844024,2.0481436877162196e-05,ads,,24,1,2,,0.38333333333333336,0.38333333333333336,shotgun
0.00034485539072193205,17.835372878690528,10.294619772312641,19.99986853900899,7.274001668564201,25.0020296060367,20.00033064883105,2.0400999346747994e-05,ads,,25,1,2,,0.4000000059604645,0.4000000059604645,shotgun
0.00034538356703706086,17.86179146970994,10.280663782708306,20.00001468047356,7.23708873419592,24.968938714208434,20.00025473364528,2.050789407803677e-05,ads,,26,1,2,,0.4166666666666667,0.4166666666666667,shotgun
0.00034569756826385856,17.888219279908174,10.266772235071423,19.999854655489507,7.200172109017769,24.93593120662788,20.000341187471776,2.042814958258532e-05,ads,,27,1,2,,0.4333333373069763,0.4333333373069763,shotgun
0.00034617725759744644,17.914638901227775,10.252961027318097,19.999989737542162,7.173595368227742,24.907062885415545,20.000116863212664,2.0348858015495352e-05,ads,,28,1,2,,0.45,0.45,shotgun
0.00034675560891628265,17.941112441795184,10.239230042246476,20.000044742850356,7.147017986825629,24.878181300545737,20.000050106237502,2.0321394913480617e-05,ads,,29,1,2,,0.46666666865348816,0.46666666865348816,shotgun
0.00034711597254499793,17.972852313219814,10.218230083179877,19.99989193128832,7.116267180911536,24.849295112443407,20.000262055928925,2.032329939538613e-05,ads,,30,1,2,,0.48333333333333334,0.48333333333333334,shotgun
0.0003478364960756153,18.004535653439127,10.197305224952276,19.999967049900025,7.085517542298808,24.820433894422358,20.000307170395377,2.0267518266336992e-05,ads,,31,1,2,,0.5,0.5,shotgun
0.00034805506584234536,18.03689045782866,10.176519775289307,19.99984599255107,7.061774749286503,24.794164436571016,20.000246097717216,2.0296494767535478e-05,ads,,32,1,2,,0.5166666666666667,0.5166666666666667,shotgun
0.000348559144185856,18.069315707952907,10.155843305911734,19.99985225053825,7.038066810472079,24.76788179028502,20.00030154866014,2.0216291886754334e-05,ads,,33,1,2,,0.5333333611488342,0.5333333611488342,shotgun
0.0003489225055091083,18.106555476824013,10.128893332358354,19.999813631833987,7.014051405438782,24.741589628696136,20.000295311418135,2.005517490033526e-05,ads,,34,1,2,,0.55,0.55,shotgun
0.00034922052873298526,18.14385532506419,10.102129999122544,19.999874601667774,6.990063796462274,24.715264530018008,20.000258873985008,2.0082166884094477e-05,ads,,35,1,2,,0.5666666626930237,0.5666666626930237,shotgun
0.00034963342477567494,18.1817628997414,10.075513135457541,19.99982135848382,6.97119970979127,24.691022345054662,20.000680886469762,2.0136425519012846e-05,ads,,36,1,2,,0.5833333333333334,0.5833333333333334,shotgun
0.0003500074672047049,18.219664206094166,10.049009404892677,19.99992677976971,6.952357414089339,24.66674297462417,20.000323892262614,2.000270615098998e-05,ads,,37,1,2,,0.6000000238418579,0.6000000238418579,shotgun
0.0003503535408526659,18.257496397689028,10.022702422023201,20.000063711714716,6.936311386520789,24.643271059532008,20.000315399815005,1.9920840713893995e-05,ads,,38,1,2,,0.6166666666666667,0.6166666666666667,shotgun
0.0003506197826936841,18.295319025422764,9.996554843197039,19.99985777522807,6.920296303832029,24.619869248608495,20.000293277367827,1.989367046917323e-05,ads,,39,1,2,,0.6333333253860474,0.6333333253860474,shotgun
0.00035087380092591047,18.343100025452287,9.9625534819503,19.999821860027172,6.906854064751664,24.5976192086807,20.00043159550847,1.9785959011642262e-05,ads,,40,1,2,,0.65,0.65,shotgun
0.00035129388561472297,18.390858433779908,9.928839280338174,19.99979933355205,6.893474052883016,24.57536773593515,20.000152963650947,1.9870569303748198e-05,ads,,41,1,2,,0.6666666865348816,0.6666666865348816,shotgun
0.00035134947393089533,18.44618896774603,9.88817835955973,19.999884833360948,6.880288010788006,24.55129315118146,20.000509039044356,1.9679828255902976e-05,ads,,42,1,2,,0.6833333333333333,0.6833333333333333,shotgun
0.00035162156564183533,18.50167944542164,9.847920237268914,19.99989140871833,6.867165496559955,24.527251089461963,20.000313221587522,1.9629667804110795e-05,ads,,43,1,2,,0.699999988079071,0.699999988079071,shotgun
0.0003519388847053051,18.564625856781355,9.803270849324104,19.99987594654478,6.857572256146958,24.50242171498896,20.000510840874774,1.952313687070273e-05,ads,,44,1,2,,0.7166666666666667,0.7166666666666667,shotgun
0.000352119910530746,18.627760275645894,9.759042999209642,19.999662939954,6.848074004604681,24.477556387995257,20.00039557046623,1.9520386558724567e-05,ads,,45,1,2,,0.7333333492279053,0.7333333492279053,shotgun
0.0003522718616295606,18.692886487405154,9.714045090741335,19.999623523274526,6.847671539760214,24.46120576307836,19.99999714495913,1.938941204571165e-05,ads,,46,1,2,,0.75,0.75,shotgun
0.00035251493682153523,18.758129828157735,9.669545538947967,19.999836465763167,6.847340296688252,24.444839852111325,20.00039746121477,1.9337023331900127e-05,ads,,47,1,2,,0.7666666507720947,0.7666666507720947,shotgun
0.00035246278275735676,18.823734793549892,9.625503221277766,19.999876965854988,6.848997000927995,24.428567276076365,20.000170157002366,1.925506876432337e-05,ads,,48,1,2,,0.7833333333333333,0.7833333333333333,shotgun
0.00035256502451375127,18.889552110306802,9.581960595416746,19.99983831293791,6.850748301252967,24.412352224282866,20.00017573003086,1.9284589143353514e-05,ads,,49,1,2,,0.800000011920929,0.800000011920929,shotgun
0.0003524495114106685,18.956319127539142,9.538971018949011,19.999891325411763,6.862882614160628,24.40550254720731,20.000112950063095,1.9096578398603015e-05,ads,,50,1,2,,0.8166666666666667,0.8166666666666667,shotgun
0.000352510396623984,19.023235392825992,9.496532364960434,19.99989506356708,6.875079163190481,24.39872517026431,20.000232440688677,1.9097127733402885e-05,ads,,51,1,2,,0.8333333134651184,0.8333333134651184,shotgun
0.00035233053495176136,19.087312382837506,9.453475508617826,19.999952834985372,6.8870627424737245,24.39200563903758,20.000301946832693,1.8961371097248048e-05,ads,,52,1,2,,0.85,0.85,shotgun
0.00035233801463618875,19.151499189976047,9.410961084394094,19.9998456676991,6.899084165784985,24.38537934487593,20.000271899162723,1.8772101611830294e-05,ads,,53,1,2,,0.8666666746139526,0.8666666746139526,shotgun
0.00035195506643503904,19.21282494339485,9.367759387230262,19.999912502857647,6.924623747944591,24.389498949765496,20.000257304219815,1.8856864699046127e-05,ads,,54,1,2,,0.8833333333333333,0.8833333333333333,shotgun
0.0003516684228088707,19.27423024823744,9.325080091986386,19.999964919781974,6.950229344092528,24.393744100058456,20.00023167669546,1.8803588318405673e-05,ads,,55,1,2,,0.8999999761581421,0.8999999761581421,shotgun
0.0003514853015076369,19.33061340600915,9.281245795600801,19.999605876334677,6.978080797982273,24.401029427453764,20.000420072929586,1.8750470189843327e-05,ads,,56,1,2,,0.9166666666666666,0.9166666666666666,shotgun
0.00035107313306070864,19.387082647865313,9.237837879307586,19.99978143171078,7.005988563146339,24.40847115720266,20.00023392018614,1.8533288312028162e-05,ads,,57,1,2,,0.9333333373069763,0.9333333373069763,shotgun
0.0003506275825202465,19.438286710686707,9.19366553638711,19.999797537671004,7.041409488744293,24.423373504823598,20.000383969811544,1.8455237295711413e-05,ads,,58,1,2,,0.95,0.95,shotgun
0.0003502718755044043,19.489591703725953,9.149839138543443,19.99962231659503,7.076912976930263,24.438570817229127,20.000261171424658,1.8536577044869773e-05,ads,,59,1,2,,0.9666666388511658,0.9666666388511658,shotgun
0.0003494649427011609,19.53770655120249,9.105768175159236,19.999940542086797,7.122261668223732,24.46184341907915,20.000149624400773,1.8428510884405114e-05,ads,,60,1,2,,0.9833333333333333,0.9833333333333333,shotgun
0.00034889360540546477,19.58583901664393,9.061988395142492,20.00026687778279,7.167705193364985,24.48546608917818,20.000268375526037,1.845850420068018e-05,ads,,61,1,2,,1,1,shotgun
0.00034837002749554813,19.625800802283187,9.01800469265018,19.99979510102467,7.2145035685652275,24.510324080624358,20.000383932175804,1.8241571524413303e-05,ads,,62,1,2,,1.0166666666666666,1.0166666666666666,shotgun
0.0003476882993709296,19.66591205623337,8.974246616097636,19.999723725685005,7.261385290102522,24.535491992900656,20.00042478477663,1.829665052355267e-05,ads,,63,1,2,,1.0333333015441895,1.0333333015441895,shotgun
0.00034700639662332833,19.705937867246856,8.930729594382655,19.999898665226397,7.315244251400114,24.56431728582666,20.000268089488966,1.8243878002977e-05,ads,,64,1,2,,1.05,1.05,shotgun
0.0003463270841166377,19.74610675674469,8.887451207865645,19.999774241010222,7.369131787896324,24.593449103718605,20.000066484418436,1.8161068510380574e-05,ads,,65,1,2,,1.0666667222976685,1.0666667222976685,shotgun
0.0003459280706010759,19.776880523280973,8.843308506915697,19.9998382663012,7.419662269870742,24.6231306628426,20.000424195167533,1.810565845516976e-05,ads,,66,1,2,,1.0833333333333333,1.0833333333333333,shotgun
0.000345262058544904,19.80776785296172,8.799323949101,19.999968616326136,7.470258203786159,24.653040331770676,20.000197634755025,1.8109754819306545e-05,ads,,67,1,2,,1.100000023841858,1.100000023841858,shotgun
0.0003441941807977855,19.83253171713777,8.755556181475908,19.99969336783056,7.532469610280135,24.695857082088025,20.000223242761944,1.808228080335539e-05,ads,,68,1,2,,1.1166666666666667,1.1166666666666667,shotgun
0.0003433687088545412,19.857400993375965,8.711880980502622,19.999934106071738,7.594730026920543,24.738894311332363,20.000355787696257,1.8112919860868715e-05,ads,,69,1,2,,1.1333333253860474,1.1333333253860474,shotgun
0.0003426607290748507,19.873251588737702,8.670126588829715,19.999853574764696,7.656172609051842,24.78291683206661,20.00022510779141,1.8052798623102717e-05,ads,,70,1,2,,1.15,1.15,shotgun
0.0003418557171244174,19.889173974743777,8.628434522136784,19.99974631177684,7.717636517288726,24.827175045061065,20.00043260174637,1.8027214537141845e-05,ads,,71,1,2,,1.1666666269302368,1.1666666269302368,shotgun
0.0003410304489079863,19.904759892496543,8.58677417838348,19.999750341274513,7.782990088810439,24.873431220458453,20.000257666972765,1.800377322069835e-05,ads,,72,1,2,,1.1833333333333333,1.1833333333333333,shotgun
0.00034012660034932196,19.92033522284168,8.545171089954097,19.999964396986275,7.848384834259627,24.91996721798172,20.000436611761,1.786836401151959e-05,ads,,73,1,2,,1.2000000476837158,1.2000000476837158,shotgun
0.0003393887309357524,19.92706305556384,8.507021707612656,19.999934725678024,7.913998752958967,24.966532848284412,20.000303197795677,1.802793485694565e-05,ads,,74,1,2,,1.2166666666666666,1.2166666666666666,shotgun
0.00033868607715703547,19.933739506612604,8.46886759302895,19.999698388595885,7.979670631538285,25.013293316211637,20.000240897976575,1.7866474081529304e-05,ads,,75,1,2,,1.2333333492279053,1.2333333492279053,shotgun
0.0003378965484444052,19.941121025092052,8.430734085489954,19.99978312280367,8.044818508855602,25.060924512055873,20.00027737767508,1.797350705601275e-05,ads,,76,1,2,,1.25,1.25,shotgun
0.0003367096360307187,19.948518650728538,8.39261385203063,19.99990278031863,8.110015305459749,25.108891457869127,20.000366820649944,1.7948215827345848e-05,ads,,77,1,2,,1.2666666507720947,1.2666666507720947,shotgun
0.0003373424697201699,19.938926600196442,8.359857695041923,19.99983346185363,8.159847159076572,25.114362279925956,20.000413258630665,1.7952406778931618e-05,ads,,78,1,2,,1.2833333333333334,1.2833333333333334,shotgun
0.0003375242813490331,19.92934040149147,8.327111121360854,19.999742147906577,8.21008775836621,25.120259263863264,20.00028649113596,1.7843829482444562e-05,ads,,79,1,2,,1.2999999523162842,1.2999999523162842,shotgun
0.00033796043135225773,19.919639010850016,8.29436380535105,19.99963326594611,8.258408307016659,25.127516578450535,20.000152000236188,1.7840120563050732e-05,ads,,80,1,2,,1.3166666666666667,1.3166666666666667,shotgun
0.00033834148780442774,19.910019826236066,8.261618655456486,19.99981938076144,8.307070867265656,25.134993356885886,20.00029812834649,1.7870166630018502e-05,ads,,81,1,2,,1.3333333730697632,1.3333333730697632,shotgun
0.00033865266595967114,19.891143410056483,8.24380321795099,19.999756435963906,8.351321702985626,25.146470854318622,20.000338624025833,1.7892414689413272e-05,ads,,82,1,2,,1.35,1.35,shotgun
0.0003389515622984618,19.87230696414474,8.226009109274722,19.999852012536355,8.395725291554111,25.15807370963527,20.000433808124892,1.7896611097967252e-05,ads,,83,1,2,,1.3666666746139526,1.3666666746139526,shotgun
0.00034005031920969486,19.85195413616734,8.208243415885994,19.999802787584553,8.412479538363222,25.15087039496069,20.000427392031074,1.792296825442463e-05,ads,,84,1,2,,1.3833333333333333,1.3833333333333333,shotgun
0.0003412044025026262,19.8316117987319,8.190492867483051,19.999875775130924,8.42939184626066,25.143719698908093,20.000367590093433,1.7844431567937136e-05,ads,,85,1,2,,1.399999976158142,1.399999976158142,shotgun
0.0003409531491342932,19.813713236891278,8.172776494385943,19.999830785572662,8.481734093154786,25.175720577256744,20.000324367344387,1.79535254574148e-05,ads,,86,1,2,,1.4166666666666667,1.4166666666666667,shotgun
0.00034085242077708244,19.795788104841197,8.1550747407389,19.999748965653037,8.534113638374151,25.207860398279095,20.00030733738586,1.7868804206955247e-05,ads,,87,1,2,,1.4333332777023315,1.4333332777023315,shotgun
0.00034049880923703313,19.764408672286237,8.152773283982818,20.000037007464872,8.58568246417553,25.23996534359226,20.000407476580367,1.789763518900145e-05,ads,,88,1,2,,1.45,1.45,shotgun
0.0003401832072995603,19.732949239398565,8.150591885676254,19.99998797396581,8.637261612803842,25.27214884966221,20.000345615565273,1.7895903511089273e-05,ads,,89,1,2,,1.4666666984558105,1.4666666984558105,shotgun
0.0003404433373361826,19.699910821836934,8.14854372802185,19.99999837153571,8.666679559513346,25.29696075660292,20.000294348404612,1.800597965484485e-05,ads,,90,1,2,,1.4833333333333334,1.4833333333333334,shotgun
0.0003407009644433856,19.666830663917416,8.146603730457965,19.99975504820328,8.696108791678357,25.321743036260276,20.00009328708519,1.7976526578422636e-05,ads,,91,1,2,,1.5,1.5,shotgun
0.000340480066370219,19.635156417959788,8.144807167576792,19.999969764650576,8.72926650004148,25.346567197666218,20.000486021541253,1.8141528926207684e-05,ads,,92,1,2,,1.5166666666666666,1.5166666666666666,shotgun
0.0003403206937946379,19.603494447167815,8.143114565754866,19.999900837609495,8.7624280692539,25.371350341364476,20.000385381160974,1.8086788259097375e-05,ads,,93,1,2,,1.5333333015441895,1.5333333015441895,shotgun
0.0003403372538741678,19.550929797975748,8.159799995901238,19.9997575824548,8.78072872792257,25.40057235263185,20.00022087297568,1.805748433980625e-05,ads,,94,1,2,,1.55,1.55,shotgun
0.00034025200875476,19.498418702730884,8.176909210439256,19.999846990601622,8.799067697800531,25.429823024924307,20.000150087729246,1.819287172111217e-05,ads,,95,1,2,,1.5666667222976685,1.5666667222976685,shotgun
0.0003399751440156251,19.4406554257845,8.202871561839272,19.999982415580558,8.824176139011762,25.459068799015764,20.000350991393837,1.827364212658722e-05,ads,,96,1,2,,1.5833333333333333,1.5833333333333333,shotgun
0.00033938902197405696,19.38295803238673,8.229374669585978,19.999646645765523,8.849276579282902,25.48832411451679,20.0002603005907,1.835246257542167e-05,ads,,97,1,2,,1.600000023841858,1.600000023841858,shotgun
0.0003390176279935986,19.32450973354747,8.26329907676609,20.00005241060183,8.85889563537618,25.512212866043438,20.00028165597602,1.840547520259861e-05,ads,,98,1,2,,1.6166666666666667,1.6166666666666667,shotgun
0.00033870976767502725,19.26617872620201,8.297740836197304,20.000018556476686,8.86855926620461,25.53611384934523,20.000238469902506,1.8380182154942304e-05,ads,,99,1,2,,1.6333333253860474,1.6333333253860474,shotgun
0.0003386454773135483,19.206595136661083,8.337832167874412,19.999943556595593,8.867031182764938,25.550194214177147,20.000343269517995,1.8569044186733663e-05,ads,,100,1,2,,1.65,1.65,shotgun
0.00033877696841955185,19.147131421447238,8.378423566097217,19.999984937833645,8.865551889684586,25.56430633259948,20.000297084867185,1.8594977518660016e-05,ads,,101,1,2,,1.6666666269302368,1.6666666269302368,shotgun
0.0003387264150660485,19.08760011397152,8.423075804383343,19.999866171554764,8.862292772299229,25.577665286828765,20.00036697060631,1.870071173470933e-05,ads,,102,1,2,,1.6833333333333333,1.6833333333333333,shotgun
0.00033832990447990596,19.028224556732646,8.468184667574379,19.999869397270995,8.859137582569948,25.591207452923758,20.000232194972664,1.8725844711298123e-05,ads,,103,1,2,,1.7000000476837158,1.7000000476837158,shotgun
0.00033811540924943984,18.966793664378624,8.523345765927417,19.999827502449413,8.857637580081715,25.607952680228554,20.000453643690896,1.89174861588981e-05,ads,,104,1,2,,1.7166666666666666,1.7166666666666666,shotgun
0.0003376918029971421,18.905516049558127,8.57902925238158,19.9999393191901,8.856280794980881,25.624853716334734,20.00025441411511,1.8831295165000483e-05,ads,,105,1,2,,1.7333333492279053,1.7333333492279053,shotgun
0.00033780408557504416,18.84344341939898,8.635181443568518,19.999818247847646,8.82987985511003,25.62471457263461,20.00012684366242,1.8966567949973978e-05,ads,,106,1,2,,1.75,1.75,shotgun
0.00033806130522862077,18.781552876015567,8.691818650878055,19.99966210756102,8.803592073035585,25.624772310425286,20.000274232680407,1.9018834791495465e-05,ads,,107,1,2,,1.7666666507720947,1.7666666507720947,shotgun
0.0003378029214218259,18.720453887935577,8.748911683314482,19.999742442140096,8.78554043282443,25.62783342579854,20.00019839293361,1.907247497001663e-05,ads,,108,1,2,,1.7833333333333334,1.7833333333333334,shotgun
0.00033772268216125667,18.65962744520372,8.806492835048221,20.00002418172628,8.767587427501885,25.631059300481798,20.000483419484038,1.9180703020538203e-05,ads,,109,1,2,,1.7999999523162842,1.7999999523162842,shotgun
0.00033749136491678655,18.598825876753455,8.864513369408781,19.999946600870963,8.745453511938221,25.6303928179378,20.00003961412559,1.920449903991539e-05,ads,,110,1,2,,1.8166666666666667,1.8166666666666667,shotgun
0.00033752023591659963,18.538214548579834,8.92296117380507,19.99976293190395,8.723408845459137,25.629882382939574,20.00007066710071,1.9283543224446476e-05,ads,,111,1,2,,1.8333333730697632,1.8333333730697632,shotgun
0.0003375415108166635,18.478239772633046,8.98186627254031,19.99998886517729,8.698287557050216,25.626884135539314,20.000329344080914,1.944767609529663e-05,ads,,112,1,2,,1.85,1.85,shotgun
0.0003373821673449129,18.41841016400171,9.041185311565709,19.999828463927592,8.673257016756322,25.624088112357953,20.000255867133788,1.950015030161012e-05,ads,,113,1,2,,1.8666666746139526,1.8666666746139526,shotgun
0.00033747890847735107,18.358726021547774,9.10096151664491,19.999884495319396,8.639682671466543,25.61265652579848,20.00010627278397,1.9635253920569085e-05,ads,,114,1,2,,1.8833333333333333,1.8833333333333333,shotgun
0.0003373052750248462,18.299326547331308,9.16109805815362,19.999772038229455,8.60620662035966,25.601557349972158,20.00035306450087,1.96321325347526e-05,ads,,115,1,2,,1.899999976158142,1.899999976158142,shotgun
0.000337690522428602,18.239115850034523,9.221635261028888,20.00001636991681,8.569108264186609,25.59065747402246,20.000342790350153,1.9792531020357274e-05,ads,,116,1,2,,1.9166666666666667,1.9166666666666667,shotgun
0.0003378311521373689,18.179083712082317,9.282593991913393,19.999951197939396,8.532100105342096,25.579972653193906,20.000299585147598,1.982053800020367e-05,ads,,117,1,2,,1.9333332777023315,1.9333332777023315,shotgun
0.0003377338871359825,18.123669794764854,9.347566510259384,19.99976583820123,8.503503609101347,25.57789395803704,20.000466121856412,1.992744000745006e-05,ads,,118,1,2,,1.95,1.95,shotgun
0.00033745498512871563,18.068552147302533,9.41290125047167,19.999966938812143,8.475041740438769,25.576060927354007,20.00036861520754,2.0034636690979823e-05,ads,,119,1,2,,1.9666666984558105,1.9666666984558105,shotgun
0.0003372954670339823,18.016770327926153,9.47817879363132,19.999835291913442,8.433362447133286,25.561979446586466,20.000288751664783,2.0086024960619397e-05,ads,,120,1,2,,1.9833333333333334,1.9833333333333334,shotgun
0.00033730914583429694,17.965223628796696,9.543757030303292,19.999716750214592,8.391855010914584,25.548265740776742,20.00019998365544,2.0165507521596737e-05,ads,,121,1,2,,2,2,shotgun
0.00033786168205551803,17.91390528788778,9.607961847789081,19.99992448897276,8.343599259516083,25.53481471071114,20.00054238595175,2.024626883212477e-05,ads,,122,1,2,,2.0166666666666666,2.0166666666666666,shotgun
0.0003381029819138348,17.86274753964661,9.672458045516128,19.99963534069845,8.29553414430406,25.521630612103692,20.00019623554583,2.0246625354047865e-05,ads,,123,1,2,,2.0333333015441895,2.0333333015441895,shotgun
0.00033800877281464636,17.817295822111237,9.729791950063213,19.999891404226997,8.251765660298407,25.513038474806258,20.000301797603534,2.0379049601615407e-05,ads,,124,1,2,,2.05,2.05,shotgun
0.0003379335394129157,17.771995971682788,9.787343983339955,19.9999275170074,8.208259605454977,25.50482568475564,20.000378014049147,2.0296411094022915e-05,ads,,125,1,2,,2.066666603088379,2.066666603088379,shotgun
0.0003373725339770317,17.74603633479466,9.822616278531292,20.000061397116504,8.21423968917202,25.51456423271964,20.000164427672352,2.046009285550099e-05,ads,,126,1,2,,2.0833333333333335,2.0833333333333335,shotgun
0.000336313562002033,17.733062978870947,9.86171782899952,19.999902227712152,8.229314680596248,25.542309748548522,20.0002618478725,2.061975646938663e-05,ads,,127,1,2,,2.0999999046325684,2.0999999046325684,shotgun
2.6697625798988156e-07,10.146896947856202,9.86171782899952,19.99983582373941,10.876187163002653,25.542309748548522,20.000325129902883,0.10279767960309982,hip-idle,support contact >10mm,0,1,2,,0,0,shotgun
4.87201873511367e-07,10.08369261450233,9.925533713202858,19.99995010075823,10.880940850782263,25.52112866070838,20.00040052250566,0.1027909368276596,hip-idle,support contact >10mm,1,1,2,,0.03333333507180214,0.03333333507180214,shotgun
2.6656007889869215e-07,10.02042359410498,9.989405157978748,19.999784591689302,10.89439090752639,25.5016650240733,20.000438740695632,0.10275308787822723,hip-idle,support contact >10mm,2,1,2,,0.06666667014360428,0.06666667014360428,shotgun
3.8857473327880143e-07,9.957169323251124,10.053285095735841,19.99998097116315,10.909289569850403,25.48474395552793,20.000360439800684,0.10271362215280533,hip-idle,support contact >10mm,3,1,2,,0.10000000149011612,0.10000000149011612,shotgun
2.682209014892578e-07,9.89385511894028,10.117141390973229,19.99993883972868,10.93121109588266,25.47000585494226,20.000371503407727,0.10265510529279709,hip-idle,support contact >10mm,4,1,2,,0.13333334028720856,0.13333334028720856,shotgun
4.0425837255497754e-07,9.84757650229895,10.163112576625876,19.999872383154802,10.95966401935964,25.45800504968509,20.000546529229375,0.10257706046104431,hip-idle,support contact >10mm,5,1,2,,0.1666666716337204,0.1666666716337204,shotgun
2.5463114639023843e-07,9.801425624206185,10.209109222652241,20.00001346162184,10.969340948420916,25.412861804326397,20.00046552406582,0.10251442342996597,hip-idle,support contact >10mm,6,1,2,,0.20000000298023224,0.20000000298023224,shotgun
1.6924465739975858e-07,9.755339490962259,10.255090386732737,19.999696913221083,10.970642107390779,25.346582131457456,20.00037147957429,0.10245373100042343,hip-idle,support contact >10mm,7,1,2,,0.23333333432674408,0.23333333432674408,shotgun
2.731428025981586e-07,9.746013798404151,10.26285790669151,20.00003882633382,10.977881424747487,25.27925421726449,20.000321744585563,0.10237526148557663,hip-idle,support contact >10mm,8,1,2,,0.2666666805744171,0.2666666805744171,shotgun
1.5557269250621175e-07,9.73666133140268,10.270657445630025,19.99980570916759,10.984101009072285,25.20815710200538,20.00037155823018,0.10229668021202087,hip-idle,support contact >10mm,9,1,2,,0.30000001192092896,0.30000001192092896,shotgun
2.5463114639023843e-07,9.72730800182868,10.278590893377975,19.999835619337073,10.978432251248016,25.138129651865764,20.000598705843792,0.1022585928440094,hip-idle,support contact >10mm,10,1,2,,0.3333333432674408,0.3333333432674408,shotgun
3.7013717246736633e-07,9.717925050477763,10.286570298807696,19.999776412960955,11.029391716379113,25.068234158387803,20.000243814189126,0.10206065326929092,hip-idle,support contact >10mm,11,1,2,,0.36666667461395264,0.36666667461395264,shotgun
1.519626238177807e-07,9.708520430939695,10.294619772312641,19.99994350226339,11.05500493466729,25.0020296060367,20.000419087617814,0.10194654762744904,hip-idle,support contact >10mm,12,1,2,,0.4000000059604645,0.4000000059604645,shotgun
1.3075715799004684e-07,9.734243877061356,10.266772235071423,19.999838491585365,11.08194236586895,24.93593120662788,20.000310665678292,0.10183127224445343,hip-idle,support contact >10mm,13,1,2,,0.4333333373069763,0.4333333373069763,shotgun
1.497548112183722e-07,9.759996907481952,10.239230042246476,19.999853330933963,11.11064247484706,24.878181300545737,20.000018614830683,0.10171623528003693,hip-idle,support contact >10mm,14,1,2,,0.46666666865348816,0.46666666865348816,shotgun
3.332000986233652e-08,9.800376791709633,10.197305224952276,19.999724927965314,11.105514665555647,24.820433894422358,20.000411523678572,0.10169588029384613,hip-idle,support contact >10mm,15,1,2,,0.5,0.5,shotgun
1.2731557319511921e-07,9.840870719644329,10.155843305911734,19.999865315686844,11.121757785885865,24.76788179028502,20.000295367737216,0.10162089765071869,hip-idle,support contact >10mm,16,1,2,,0.5333333611488342,0.5333333611488342,shotgun
6.143906006172983e-08,9.894238377517917,10.102129999122544,19.999820907635648,11.134075551845093,24.715264530018008,20.00039021678254,0.10155800729990005,hip-idle,support contact >10mm,17,1,2,,0.5666666626930237,0.5666666626930237,shotgun
1.2287812012345967e-07,9.947796332021346,10.049009404892677,19.999922667221494,11.1429625848231,24.66674297462417,20.000413624656428,0.10151085257530212,hip-idle,support contact >10mm,18,1,2,,0.6000000238418579,0.6000000238418579,shotgun
5.960464477539063e-08,10.001551265452493,9.996554843197039,19.99988610286668,11.14652420712864,24.619869248608495,20.000277967095652,0.10147429257631302,hip-idle,support contact >10mm,19,1,2,,0.6333333253860474,0.6333333253860474,shotgun
2.9802322387695312e-08,10.07202624620239,9.928839280338174,19.99977442963535,11.160867315420429,24.57536773593515,19.97820948812699,0.10142979025840759,hip-idle,support contact >10mm,20,1,2,,0.6666666865348816,0.6666666865348816,shotgun
4.214684778958144e-08,10.157896980558982,9.847920237268914,20.000035163120586,11.18506234531112,24.527251089461963,19.897167783378023,0.1013900563120842,hip-idle,support contact >10mm,21,1,2,,0.699999988079071,0.699999988079071,shotgun
1.341104507446289e-07,10.254446827292751,9.759042999209642,20.00000596667798,11.180408983309839,24.477556387995257,19.825354611861716,0.10141637921333313,hip-idle,support contact >10mm,22,1,2,,0.7333333492279053,0.7333333492279053,shotgun
2.9802322387695312e-08,10.354337647979499,9.669545538947967,19.999692287724248,11.188562206325374,24.444839852111325,19.74996620521112,0.101418137550354,hip-idle,support contact >10mm,23,1,2,,0.7666666507720947,0.7666666507720947,shotgun
1.2644053981603065e-07,10.454818351329315,9.581960595416746,19.99979106081636,11.188220191864199,24.412352224282866,19.678661599080453,0.1014430895447731,hip-idle,support contact >10mm,24,1,2,,0.800000011920929,0.800000011920929,shotgun
6.143906006172983e-08,10.555931378196712,9.496532364960434,19.999982615592874,11.162233152958384,24.39872517026431,19.633446844566635,0.10152708739042282,hip-idle,support contact >10mm,25,1,2,,0.8333333134651184,0.8333333134651184,shotgun
3.332000986233652e-08,10.658929975970041,9.410961084394094,19.99996335759809,11.136405807104715,24.38537934487593,19.587426563120935,0.10161536186933517,hip-idle,support contact >10mm,26,1,2,,0.8666666746139526,0.8666666746139526,shotgun
1.4901161193847656e-08,10.763660086769653,9.325080091986386,20.00003504289881,11.111181327933265,24.393744100058456,19.550662312299412,0.10170755535364151,hip-idle,support contact >10mm,27,1,2,,0.8999999761581421,0.8999999761581421,shotgun
5.372690026206328e-08,10.870150360909019,9.237837879307586,19.99991260473692,11.059241895064124,24.40847115720266,19.5398506110574,0.1018625795841217,hip-idle,support contact >10mm,28,1,2,,0.9333333373069763,0.9333333373069763,shotgun
6.143906006172983e-08,10.977163944350213,9.149839138543443,19.999990606145982,11.00764180047446,24.438570817229127,19.538674474764797,0.10202240198850632,hip-idle,support contact >10mm,29,1,2,,0.9666666388511658,0.9666666388511658,shotgun
9.42432194506182e-08,11.084177965816247,9.061988395142492,20.000082877703903,10.968817486141257,24.48546608917818,19.53812335018162,0.10215935111045837,hip-idle,support contact >10mm,30,1,2,,1,1,shotgun
1.1920928955078125e-07,11.188899350685578,8.974246616097636,19.999646603894924,10.906481222973618,24.535491992900656,19.559737778904736,0.10235155373811722,hip-idle,support contact >10mm,31,1,2,,1.0333333015441895,1.0333333015441895,shotgun
1.4901161193847656e-08,11.293693588812499,8.887451207865645,19.99988060614624,10.844226926269354,24.593449103718605,19.58848724782806,0.10254574567079544,hip-idle,support contact >10mm,32,1,2,,1.0666667222976685,1.0666667222976685,shotgun
1.2377833513710357e-07,11.396248764619727,8.799323949101,20.00011462230095,10.75178623869881,24.653040331770676,19.64479291039554,0.1028127372264862,hip-idle,support contact >10mm,33,1,2,,1.100000023841858,1.100000023841858,shotgun
1.497548112183722e-07,11.495512925818828,8.711880980502622,19.999834100437877,10.703714749931516,24.738894311332363,19.685830948705963,0.10298150032758713,hip-idle,support contact >10mm,34,1,2,,1.1333333253860474,1.1333333253860474,shotgun
3.332000986233652e-08,11.586732485352323,8.628434522136784,19.99962306943884,10.634287887778127,24.827175045061065,19.751315549465318,0.1032034382224083,hip-idle,support contact >10mm,35,1,2,,1.1666666269302368,1.1666666269302368,shotgun
3.332000986233652e-08,11.677760048956523,8.545171089954097,20.000013907732196,10.566655644908886,24.91996721798172,19.822928409826236,0.10341812670230865,hip-idle,support contact >10mm,36,1,2,,1.2000000476837158,1.2000000476837158,shotgun
4.214684778958144e-08,11.757302000462309,8.46886759302895,19.99981918751748,10.4978583211269,25.013293316211637,19.901427405763723,0.10363277792930603,hip-idle,support contact >10mm,37,1,2,,1.2333333492279053,1.2333333492279053,shotgun
1.2377833513710357e-07,11.837208901286646,8.39261385203063,19.999906826535298,10.438676977821965,25.108891457869127,19.971465388153035,0.10384026914834976,hip-idle,support contact >10mm,38,1,2,,1.2666666507720947,1.2666666507720947,shotgun
1.341104507446289e-07,11.898031380220834,8.327111121360854,19.999654482316064,10.395294108033081,25.120259263863264,19.9660578623661,0.10396268963813782,hip-idle,support contact >10mm,39,1,2,,1.2999999523162842,1.2999999523162842,shotgun
1.2013700256829907e-07,11.958823325862092,8.261618655456486,19.999876627972508,10.341916202599005,25.134993356885886,19.97854109063813,0.10410577058792114,hip-idle,support contact >10mm,40,1,2,,1.3333333730697632,1.3333333730697632,shotgun
1.2287812012345967e-07,11.985203839426996,8.226009109274722,19.999952225159518,10.314027933670468,25.15807370963527,19.990466990856323,0.10417342931032181,hip-idle,support contact >10mm,41,1,2,,1.3666666746139526,1.3666666746139526,shotgun
1.2731557319511921e-07,12.011053129928078,8.190492867483051,19.99989404816063,10.197764801556803,25.143719698908093,20.000453487312175,0.10452200472354889,hip-idle,support contact >10mm,42,1,2,,1.399999976158142,1.399999976158142,shotgun
1.2377833513710357e-07,12.037829560137313,8.1550747407389,19.9999874793976,10.22064990396774,25.207860398279095,20.000316364514095,0.10448938608169556,hip-idle,support contact >10mm,43,1,2,,1.4333332777023315,1.4333332777023315,shotgun
2.5463114639023843e-07,12.027369482586112,8.150591885676254,20.00005917947005,10.252280608778209,25.27214884966221,20.000344842444864,0.10441617667675018,hip-idle,support contact >10mm,44,1,2,,1.4666666984558105,1.4666666984558105,shotgun
1.497548112183722e-07,12.016512729468158,8.146603730457965,19.999796188012837,10.211026511108294,25.321743036260276,20.000260027650366,0.10461007058620453,hip-idle,support contact >10mm,45,1,2,,1.5,1.5,shotgun
2.6697625798988156e-07,12.006047392437326,8.143114565754866,19.999795327851256,10.219417131442924,25.371350341364476,20.000353010551372,0.10461574792861938,hip-idle,support contact >10mm,46,1,2,,1.5333333015441895,1.5333333015441895,shotgun
5.01574049849296e-07,11.95084906506809,8.176909210439256,19.999857775466054,10.202843594691842,25.429823024924307,20.000138203166788,0.10476525127887726,hip-idle,support contact >10mm,47,1,2,,1.5666667222976685,1.5666667222976685,shotgun
4.998001372769068e-07,11.876577029130525,8.229374669585978,19.99983332656292,10.245593298141017,25.48832411451679,20.000288708452743,0.10468112677335739,hip-idle,support contact >10mm,48,1,2,,1.600000023841858,1.600000023841858,shotgun
3.772672698687529e-07,11.788369772751139,8.297740836197304,19.999770680368812,10.278553361358075,25.53611384934523,20.000367543204487,0.10463190823793411,hip-idle,support contact >10mm,49,1,2,,1.6333333253860474,1.6333333253860474,shotgun
4.998001372769068e-07,11.689571029514555,8.378423566097217,19.999714999669937,10.293761170056348,25.56430633259948,20.00028312359477,0.10462350398302078,hip-idle,support contact >10mm,50,1,2,,1.6666666269302368,1.6666666269302368,shotgun
5.092622927804769e-07,11.583807232796595,8.468184667574379,19.999945078597193,10.326323138492677,25.591207452923758,20.000180409047243,0.10454670339822769,hip-idle,support contact >10mm,51,1,2,,1.7000000476837158,1.7000000476837158,shotgun
5.092622927804769e-07,11.45853480550483,8.57902925238158,19.99981645047537,10.38563521304813,25.624853716334734,20.000240526945177,0.10437663644552231,hip-idle,support contact >10mm,52,1,2,,1.7333333492279053,1.7333333492279053,shotgun
7.539457556049456e-07,11.333485901722511,8.691818650878055,19.999976901239208,10.400665697068778,25.624772310425286,20.000296746789132,0.10433545708656311,hip-idle,support contact >10mm,53,1,2,,1.7666666507720947,1.7666666507720947,shotgun
4.995779363525799e-07,11.208872776595454,8.806492835048221,19.99988370043542,10.442939915971845,25.631059300481798,20.000508226196096,0.10420382767915726,hip-idle,support contact >10mm,54,1,2,,1.7999999523162842,1.7999999523162842,shotgun
6.14390614828153e-07,11.084534881407649,8.92296117380507,19.999828354284325,10.488122417265995,25.629882382939574,20.00006984983669,0.10405392944812775,hip-idle,support contact >10mm,55,1,2,,1.8333333730697632,1.8333333730697632,shotgun
5.092622927804769e-07,10.96063426168129,9.041185311565709,20.00007326533255,10.538709138411711,25.624088112357953,20.00046195078625,0.10387960076332092,hip-idle,support contact >10mm,56,1,2,,1.8666666746139526,1.8666666746139526,shotgun
4.917383193969727e-07,10.837117051682808,9.16109805815362,19.999894498974854,10.594839073496518,25.601557349972158,20.00041859164878,0.10367266088724136,hip-idle,support contact >10mm,57,1,2,,1.899999976158142,1.899999976158142,shotgun
4.998001372769068e-07,10.713992034586722,9.282593991913393,20.000065908090086,10.604888279970854,25.579972653193906,20.0002602360684,0.10363029688596725,hip-idle,support contact >10mm,58,1,2,,1.9333332777023315,1.9333332777023315,shotgun
3.772672698687529e-07,10.583983955670998,9.41290125047167,19.99986145972929,10.677088614150348,25.576060927354007,20.00039874163197,0.10339610278606415,hip-idle,support contact >10mm,59,1,2,,1.9666666984558105,1.9666666984558105,shotgun
4.917383193969727e-07,10.454971570232216,9.543757030303292,19.99981002596756,10.73995819187218,25.548265740776742,20.000214307262066,0.10318311303853989,hip-idle,support contact >10mm,60,1,2,,2,2,shotgun
3.223614157832344e-07,10.329579633154852,9.672458045516128,19.999840896145923,10.721596677456914,25.521630612103692,20.0002250812928,0.10324347764253616,hip-idle,support contact >10mm,61,1,2,,2.0333333015441895,2.0333333015441895,shotgun
3.686343745812337e-07,10.218953560309451,9.787343983339955,19.999927256258516,10.75961276609974,25.50482568475564,20.00044210551004,0.10313635319471359,hip-idle,support contact >10mm,62,1,2,,2.066666603088379,2.066666603088379,shotgun
2.6697625798988156e-07,10.146896947856202,9.86171782899952,19.99983582373941,10.876187163002653,25.542309748548522,20.000325129902883,0.10279767960309982,hip-idle,support contact >10mm,63,1,2,,2.0999999046325684,2.0999999046325684,shotgun
1.6049041562382627e-07,11.892211598615242,8.523218869573236,19.99992978063016,4.014594196397769,18.240270784954237,20.000336652404,0.13120222091674805,running,support contact >10mm,0,1,2,,0,0,shotgun
1.9992005206859176e-07,13.395370723190412,7.081126649742205,20.00001720002829,4.548300179791835,19.242739660271997,20.000328689926643,0.13584530353546143,running,support contact >10mm,1,1,2,,0.016666666666666666,0.016666666666666666,shotgun
8.429369557916289e-08,14.898121642245767,5.663276893232157,19.999847599859685,5.28300025256361,20.245147567170726,20.00040665149781,0.14049287140369415,running,support contact >10mm,2,1,2,,0.03333333507180214,0.03333333507180214,shotgun
5.960464477539063e-08,15.638527567800878,6.075468193616444,19.999945302364782,6.304704690363138,20.85741296379609,20.000391148538032,0.1456674486398697,running,support contact >10mm,3,1,2,,0.05,0.05,shotgun
6.664001972467304e-08,16.39870759184799,6.971726670243472,19.99991660051413,7.306795713599411,21.46377173487768,20.000339145484713,0.15085385739803314,running,support contact >10mm,4,1,2,,0.06666667014360428,0.06666667014360428,shotgun
1.365714012990793e-07,17.088507847701884,7.584340784247418,19.999849626972527,6.8671540909945525,20.566230140451434,20.00019163914799,0.15069888532161713,running,support contact >10mm,5,1,2,,0.08333333333333333,0.08333333333333333,shotgun
2.4027400513659813e-07,17.780138834801054,8.3272959603936,19.999904566448198,6.512830548575178,19.699762926455602,20.000179319143633,0.1505407989025116,running,support contact >10mm,6,1,2,,0.10000000149011612,0.10000000149011612,shotgun
0,17.944787837409617,9.77392117908919,19.999976324165626,4.9947753247022195,18.516702627952753,20.00031229048262,0.1443309485912323,running,support contact >10mm,7,1,2,,0.11666666666666667,0.11666666666666667,shotgun
5.960464477539063e-08,18.170122995914607,11.23202787712806,19.999878720301602,3.921523360987152,17.372286203055676,20.00048576577909,0.13824975490570068,running,support contact >10mm,8,1,2,,0.13333334028720856,0.13333334028720856,shotgun
4.470348358154297e-08,17.201806085002588,12.130256629661549,19.999985312535312,3.7402099817390715,16.478775201617243,20.000261220877224,0.13303112983703613,running,support contact >10mm,9,1,2,,0.15,0.15,shotgun
5.960464477539063e-08,16.306423805962837,13.128544337875063,19.999870383936766,4.316700191835707,15.716436326167218,20.00014003320462,0.12785743176937103,running,support contact >10mm,10,1,2,,0.1666666716337204,0.1666666716337204,shotgun
6.143906006172983e-08,15.091999146717042,13.286553170310903,20.00000923747531,4.703717078907696,14.709292081149515,19.144530629410614,0.1236703097820282,running,support contact >10mm,11,1,2,,0.18333333333333332,0.18333333333333332,shotgun
1.365714012990793e-07,13.872225680107825,13.5913789077168,19.999798945791827,5.258331126694903,13.72875018170706,18.269820215114592,0.11953819543123245,running,support contact >10mm,12,1,2,,0.20000000298023224,0.20000000298023224,shotgun
1.2013700256829907e-07,12.629661826790267,14.033475559492189,19.99979708960277,6.21984315875818,12.781116039819565,17.527808654905545,0.11448415368795395,running,support contact >10mm,13,1,2,,0.21666666666666667,0.21666666666666667,shotgun
2.9802322387695312e-08,11.388941999798833,14.60030934741767,19.99998165687872,7.411394933076902,11.87424815580321,16.864573189267645,0.10956462472677231,running,support contact >10mm,14,1,2,,0.23333333432674408,0.23333333432674408,shotgun
1.2013700256829907e-07,10.577343942672048,14.833835143827926,19.999671786417153,8.875555440305108,11.06549345111326,16.672710722926716,0.10473309457302094,running,support contact >10mm,15,1,2,,0.25,0.25,shotgun
1.365714012990793e-07,9.75784788585981,15.13079151331211,19.999850599032722,10.615237747780808,10.263117435562174,16.76371812868999,0.10001856833696365,running,support contact >10mm,16,1,2,,0.2666666805744171,0.2666666805744171,shotgun
1.1920928955078125e-07,9.69174401401837,14.279517211910147,19.999894235346474,12.028746921708029,10.098759012822464,17.634010672816864,0.09678760170936584,running,support contact >10mm,17,1,2,,0.2833333333333333,0.2833333333333333,shotgun
0,9.681823904850866,13.455678530222817,19.999669544351978,13.815713595978792,9.935403497915985,18.84449276127735,0.09360430389642715,running,support contact >10mm,18,1,2,,0.30000001192092896,0.30000001192092896,shotgun
1.2287812012345967e-07,10.278355961021692,11.806560668448073,19.999873749651737,15.958161171271419,9.465143103335242,19.958409016976425,0.09108639508485794,running,support contact >10mm,19,1,2,,0.31666666666666665,0.31666666666666665,shotgun
0.001635655527934432,11.032561485225042,10.209601872456956,19.99987588954668,17.369495885743206,9.001449689276658,20.00050223004799,0.08865953981876373,running,support contact >10mm,20,1,2,,0.3333333432674408,0.3333333432674408,shotgun
0.000984214129857719,12.25645768905636,8.29493442431307,19.99976455402812,18.071657270848053,8.421019301232858,20.000338003950333,0.0881723016500473,running,support contact >10mm,21,1,2,,0.35,0.35,shotgun
0.0025715648662298918,13.575225692644949,6.532382874568177,19.99972851826413,18.794963101699338,7.91503623838316,20.000437208534205,0.08771674335002899,running,support contact >10mm,22,1,2,,0.36666667461395264,0.36666667461395264,shotgun
1.1920928955078125e-07,14.686204659918292,5.311582153350006,19.999990067914975,16.762617595134895,8.35278486493924,19.574714470709125,0.09221811592578888,running,support contact >10mm,23,1,2,,0.38333333333333336,0.38333333333333336,shotgun
2.9802322387695312e-08,15.808332271327112,4.338710956479736,20.000020682409065,12.891047127796561,8.90225155245154,17.95490048224936,0.0968446284532547,running,support contact >10mm,24,1,2,,0.4000000059604645,0.4000000059604645,shotgun
8.429369557916289e-08,16.034198921324364,4.0069232342677195,19.99994786243535,9.296056558317643,10.026463400573155,17.401881252209595,0.103861965239048,running,support contact >10mm,25,1,2,,0.4166666666666667,0.4166666666666667,shotgun
0,16.248511650091146,3.7498534850791785,19.999599824195034,6.905841813454308,11.353652768157433,17.663538339809424,0.11117511987686157,running,support contact >10mm,26,1,2,,0.4333333373069763,0.4333333373069763,shotgun
5.960464477539063e-08,15.710540174200462,4.311161031093668,19.999813058252208,5.562332256296557,13.094029515223598,18.6322020846664,0.117942675948143,running,support contact >10mm,27,1,2,,0.45,0.45,shotgun
1.1920928955078125e-07,15.161925812953186,4.9252561904100105,19.999861800630814,5.123725098036147,14.926328111587866,19.813356967707637,0.12487386912107468,running,support contact >10mm,28,1,2,,0.46666666865348816,0.46666666865348816,shotgun
8.429369557916289e-08,13.528186922277975,6.710932156799042,19.99981231279448,4.334741759433421,16.558678160931617,20.00039479971122,0.12797938287258148,running,support contact >10mm,29,1,2,,0.48333333333333334,0.48333333333333334,shotgun
1.6049041562382627e-07,11.892211598615242,8.523218869573236,19.99992978063016,4.014594196397769,18.240270784954237,20.000336652404,0.13120222091674805,running,support contact >10mm,30,1,2,,0.5,0.5,shotgun
1.6049041562382627e-07,11.892211598615242,8.523218869573236,19.99992978063016,4.014594196397769,18.240270784954237,20.000336652404,0.13120222091674805,sprint,support contact >10mm,0,1,2,,0,0,shotgun
3.998401041371835e-07,13.552839304458352,7.081126649742205,19.99998358767994,4.285320060061288,19.242739660271997,20.000160214554402,0.126371830701828,sprint,support contact >10mm,1,1,2,,0.016666666666666666,0.016666666666666666,shotgun
8.616943318884296e-07,15.221306781635358,5.663276893232157,19.999675618157404,4.727412587401198,20.245147567170726,20.0003714855134,0.12079703062772751,sprint,support contact >10mm,2,1,2,,0.03333333507180214,0.03333333507180214,shotgun
1.7202937669935636e-06,16.444084717306552,6.075468193616444,19.999803315862806,5.45951658740755,20.85741296379609,20.000244812965473,0.11507461220026016,sprint,support contact >10mm,3,1,2,,0.05,0.05,shotgun
2.9821687803632813e-06,17.87738846833858,6.971726670243472,19.999761241874687,6.209591359937192,21.46377173487768,20.00039560731063,0.10871205478906631,sprint,support contact >10mm,4,1,2,,0.06666667014360428,0.06666667014360428,shotgun
5.0485696192481555e-06,19.249593707876606,7.584340784247418,19.999770081137555,5.479430520031871,20.566230140451434,20.000173844290355,0.09629085659980774,sprint,support contact >10mm,5,1,2,,0.08333333333333333,0.08333333333333333,shotgun
8.09921675681835e-06,20.745672283236267,8.3272959603936,19.999808492242945,4.877498447740304,19.699762926455602,20.000215836835864,0.0832308754324913,sprint,support contact >10mm,6,1,2,,0.10000000149011612,0.10000000149011612,shotgun
1.6105970644275658e-05,21.94398659485018,9.77392117908919,19.999852316734287,3.8113998727294063,18.516702627952753,20.000315673712656,0.06361394375562668,sprint,support contact >10mm,7,1,2,,0.11666666666666667,0.11666666666666667,shotgun
2.9774608265142888e-05,23.30380377102715,11.23202787712806,19.999968084655137,3.4583168109866933,17.372286203055676,20.000460222181506,0.04366820678114891,sprint,support contact >10mm,8,1,2,,0.13333334028720856,0.13333334028720856,shotgun
4.637975143850781e-05,23.427278560352047,12.130256629661549,20.00002452684513,3.6004634384839913,16.478775201617243,20.000337186299156,0.024012910202145576,sprint,support contact >10mm,9,1,2,,0.15,0.15,shotgun
5.1143364544259384e-05,23.480670877925547,12.352547088171796,19.999754376803804,3.727998625463413,16.290494357723013,20.000355785801236,0.019421454519033432,sprint,support contact >10mm,10,1,2,,0.15384615384615385,0.15384615384615385,shotgun
5.717862950405106e-05,23.00411048680052,13.128544337875063,19.999676170356025,4.378339219612169,15.716436326167218,20.000122670342268,0.014912312850356102,sprint,support contact >10mm,11,1,2,,0.1666666716337204,0.1666666716337204,shotgun
6.57341952319257e-05,21.826208422979043,13.286553170310903,19.999738255171824,5.558027328966702,14.709292081149515,20.000244766271308,0.010312985628843307,sprint,support contact >10mm,12,1,2,,0.18333333333333332,0.18333333333333332,shotgun
7.670784543734044e-05,20.675661734284443,13.5913789077168,19.999744713862068,6.758577732737558,13.72875018170706,20.000281358468314,0.005952497012913227,sprint,,13,1,2,,0.20000000298023224,0.20000000298023224,shotgun
9.69394386629574e-05,19.509156254648932,14.033475559492189,19.999980843455848,7.992316698708602,12.781116039819565,20.000433299408254,0.0010863591451197863,sprint,,14,1,2,,0.21666666666666667,0.21666666666666667,shotgun
0.0001284697646042332,20.27778817863697,14.60030934741767,19.999693743222274,9.24074430561226,11.87424815580321,20.000348036035515,4.288273885322269e-06,sprint,,15,1,2,,0.23333333432674408,0.23333333432674408,shotgun
0.00019468933169264346,20.578502683885183,14.833835143827926,19.99976013279332,10.170943709434473,11.06549345111326,20.00029282551201,1.6578850363657693e-06,sprint,,16,1,2,,0.25,0.25,shotgun
0.0002757326001301408,20.492729880380573,15.13079151331211,19.99988330768512,11.092983518964706,10.263117435562174,20.000220152335416,2.858016387108364e-06,sprint,,17,1,2,,0.2666666805744171,0.2666666805744171,shotgun
0.0003154454752802849,20.256923622501105,14.279517211910147,19.999977698727793,11.164463809694338,10.098759012822464,20.000352898116052,3.696254452734138e-06,sprint,,18,1,2,,0.2833333333333333,0.2833333333333333,shotgun
0.00036851162440143526,19.895748049175452,13.455678530222817,19.999815482793267,11.248770387863797,9.935403497915985,20.00031180478887,4.857564817939419e-06,sprint,,19,1,2,,0.30000001192092896,0.30000001192092896,shotgun
0.00043189682764932513,19.32160808936281,11.806560668448073,19.999952229695957,11.772317099885244,9.465143103335242,20.000355084981326,5.8502300817053765e-06,sprint,,20,1,2,,0.31666666666666665,0.31666666666666665,shotgun
0.0005275227013044059,18.673943564231315,10.209601872456956,20.0000241329822,12.31402794949533,9.001449689276658,20.000392021069235,7.236605142679764e-06,sprint,,21,1,2,,0.3333333432674408,0.3333333432674408,shotgun
0.0005826635169796646,17.95414426814886,8.29493442431307,19.999848421831437,13.199896005178166,8.421019301232858,20.00041016556635,8.419884579780046e-06,sprint,,22,1,2,,0.35,0.35,shotgun
0.0006607811083085835,17.259333886726218,6.532382874568177,19.99976923526737,14.098169438064673,7.91503623838316,20.00030284550514,9.997246706916485e-06,sprint,,23,1,2,,0.36666667461395264,0.36666667461395264,shotgun
0.0004212907806504518,16.768151046368448,5.311582153350006,20.000079718860825,12.866920463897452,8.35278486493924,20.000382125225027,7.688771802349947e-06,sprint,,24,1,2,,0.38333333333333336,0.38333333333333336,shotgun
0.00030995465931482613,16.393279250002212,4.338710956479736,19.99984348376324,11.737416713783785,8.90225155245154,20.000368132543837,2.3108934783522272e-06,sprint,,25,1,2,,0.4000000059604645,0.4000000059604645,shotgun
0.00017039378872141242,16.539877276306125,4.0069232342677195,19.9999318693297,10.090465197085106,10.026463400573155,20.000407911335415,0.0005117894615978003,sprint,,26,1,2,,0.4166666666666667,0.4166666666666667,shotgun
9.120331378653646e-05,17.05635022168291,3.7498534850791785,19.999753448102286,8.657091211810226,11.353652768157433,20.00026273198714,0.008087544701993465,sprint,,27,1,2,,0.4333333373069763,0.4333333373069763,shotgun
6.127604137873277e-05,16.95484107008196,4.311161031093668,19.999804378831847,7.206016735280598,13.094029515223598,20.00037661489628,0.015349183231592178,sprint,support contact >10mm,28,1,2,,0.45,0.45,shotgun
4.5024207793176174e-05,16.832410550743937,4.9252561904100105,19.999811395902366,6.115176398303684,14.926328111587866,20.00023144447174,0.02292560786008835,sprint,support contact >10mm,29,1,2,,0.46666666865348816,0.46666666865348816,shotgun
4.1767762013478205e-05,16.075824767518217,6.710932156799042,19.99965075252427,5.528210151355639,16.558678160931617,20.00054266273925,0.02730974555015564,sprint,support contact >10mm,30,1,2,,0.48333333333333334,0.48333333333333334,shotgun
3.915123670594767e-05,15.304398150239141,8.523218869573236,19.999954412236203,5.389321782531086,18.240270784954237,20.00051592435342,0.03182167187333107,sprint,support contact >10mm,31,1,2,,0.5,0.5,shotgun
3.434837708482519e-05,16.357495183139278,7.081126649742205,19.999962358792533,5.499514910982363,19.242739660271997,20.000291516156338,0.03749341145157814,sprint,support contact >10mm,32,1,2,,0.5166666666666667,0.01666666666666672,shotgun
3.0398090530070476e-05,17.43203528998286,5.663276893232157,19.999883111379884,5.7875288507229685,20.245147567170726,20.000377086276455,0.04321165755391121,sprint,support contact >10mm,33,1,2,,0.5333333350718021,0.03333333507180214,shotgun
2.6388370315544307e-05,18.998326879109758,6.075468193616444,19.999948018834377,6.382392086063138,20.85741296379609,20.000270350057722,0.049581944942474365,sprint,support contact >10mm,34,1,2,,0.55,0.050000000000000044,shotgun
2.32159327424597e-05,20.532798104480243,6.971726670243472,19.999651548891165,7.021697509334027,21.46377173487768,20.00035011791798,0.05601441115140915,sprint,support contact >10mm,35,1,2,,0.5666666701436043,0.06666667014360428,shotgun
2.151432454411406e-05,21.570849014348983,7.584340784247418,19.999711558992566,6.25855540003059,20.566230140451434,20.000330073667374,0.05703895911574364,sprint,support contact >10mm,36,1,2,,0.5833333333333334,0.08333333333333337,shotgun
1.9662960767163895e-05,22.597056741478138,8.3272959603936,19.999834810470084,5.607350615664931,19.699762926455602,20.000175271994113,0.05800553783774376,sprint,support contact >10mm,37,1,2,,0.6000000014901161,0.10000000149011612,shotgun
2.3140135454013944e-05,23.28394874658576,9.77392117908919,19.99995077445716,4.48432686784836,18.516702627952753,20.00033968410069,0.052991561591625214,sprint,support contact >10mm,38,1,2,,0.6166666666666667,0.1166666666666667,shotgun
2.7772837711381726e-05,23.93692766408785,11.23202787712806,20.000045876976525,3.875015551113958,17.372286203055676,20.00049169002638,0.04804452136158943,sprint,support contact >10mm,39,1,2,,0.6333333402872086,0.13333334028720856,shotgun
2.9140637707314454e-05,23.169002653424933,12.130256629661549,19.999903928187678,3.722989762413135,16.478775201617243,20.000484670229923,0.043749403208494186,sprint,support contact >10mm,40,1,2,,0.65,0.15000000000000002,shotgun
3.140288026770577e-05,22.459969984441383,13.128544337875063,19.99991055134084,4.29505552078032,15.716436326167218,20.000115803049255,0.039373114705085754,sprint,support contact >10mm,41,1,2,,0.6666666716337204,0.1666666716337204,shotgun
3.364745498402044e-05,21.188212700095374,13.286553170310903,19.99987269619198,5.410384159156401,14.709292081149515,20.0002467430039,0.036006975919008255,sprint,support contact >10mm,42,1,2,,0.6833333333333333,0.18333333333333335,shotgun
3.672575985547155e-05,19.948051546967044,13.5913789077168,19.99983221985353,6.558607711676608,13.72875018170706,20.000255451076313,0.03259316831827164,sprint,support contact >10mm,43,1,2,,0.7000000029802322,0.20000000298023224,shotgun
4.385923966765404e-05,18.703986596986073,14.033475559492189,19.99993147202367,7.746781552852755,12.781116039819565,20.00046938987758,0.02833440899848938,sprint,support contact >10mm,44,1,2,,0.7166666666666667,0.21666666666666667,shotgun
5.487688031280413e-05,17.49605033311461,14.60030934741767,19.999866885023046,8.957964988974782,11.87424815580321,20.0003231692714,0.02411777526140213,sprint,support contact >10mm,45,1,2,,0.7333333343267441,0.23333333432674408,shotgun
7.822787301847711e-05,16.638148130609203,14.833835143827926,19.99979495392755,9.900128479277196,11.06549345111326,20.00019232238608,0.01993345096707344,sprint,support contact >10mm,46,1,2,,0.75,0.25,shotgun
0.00012202595098642632,15.788954362370808,15.13079151331211,19.999603534868207,10.855793540038821,10.263117435562174,20.00035950392846,0.01577625796198845,sprint,support contact >10mm,47,1,2,,0.7666666805744171,0.2666666805744171,shotgun
0.0001801273028831929,15.388212375943338,14.279517211910147,19.99972886308881,10.96727979188288,10.098759012822464,20.0004167911016,0.012986819259822369,sprint,support contact >10mm,48,1,2,,0.7833333333333333,0.2833333333333333,shotgun
0.0002593875105958432,14.992951054563626,13.455678530222817,19.999699446357337,11.09015166000055,9.935403497915985,20.000340813949833,0.010164259932935238,sprint,support contact >10mm,49,1,2,,0.800000011920929,0.30000001192092896,shotgun
0.0003032022505067289,14.82041785274089,11.806560668448073,19.99965064794642,11.636721296765925,9.465143103335242,20.000638987926973,0.007886124774813652,sprint,,50,1,2,,0.8166666666666667,0.31666666666666665,shotgun
0.0003716422070283443,14.717132282712495,10.209601872456956,20.00000287919403,12.204724989426659,9.001449689276658,20.0004424084666,0.005622019525617361,sprint,,51,1,2,,0.8333333432674408,0.3333333432674408,shotgun
0.0004033141885884106,14.901602725083618,8.29493442431307,19.999830843484165,13.09648215277023,8.421019301232858,20.000343370171727,0.004691231995820999,sprint,,52,1,2,,0.85,0.35,shotgun
0.00045212582335807383,15.149185438173214,6.532382874568177,19.999800265267584,14.006103819055287,7.91503623838316,20.000335592549,0.003700078232213855,sprint,,53,1,2,,0.8666666746139526,0.36666667461395264,shotgun
0.00028673739871010184,15.521782830527643,5.311582153350006,19.99983361957961,12.781991717903686,8.35278486493924,20.000401759904285,0.006635330617427826,sprint,,54,1,2,,0.8833333333333333,0.3833333333333333,shotgun
0.00021217409812379628,15.875155591118943,4.338710956479736,19.999826317803958,11.67101649309158,8.90225155245154,20.000425796112754,0.009602842852473259,sprint,,55,1,2,,0.9000000059604645,0.4000000059604645,shotgun
9.442222653888166e-05,16.383889949816513,4.0069232342677195,19.99984304501547,10.060234446095656,10.026463400573155,20.000403330056646,0.014347213320434093,sprint,support contact >10mm,56,1,2,,0.9166666666666666,0.41666666666666663,shotgun
5.6980854424182326e-05,16.891091227165774,3.7498534850791785,19.99971953169294,8.666410053330544,11.353652768157433,20.000385413333277,0.01939406804740429,sprint,support contact >10mm,57,1,2,,0.9333333373069763,0.4333333373069763,shotgun
4.235505548422225e-05,16.761895114023798,4.311161031093668,19.99978377657805,7.246429607092272,13.094029515223598,20.000360779373164,0.023934995755553246,sprint,support contact >10mm,58,1,2,,0.95,0.44999999999999996,shotgun
3.418449705350213e-05,16.629043414990804,4.9252561904100105,19.999738971874176,6.172726479489106,14.926328111587866,20.000324408496397,0.028656767681241035,sprint,support contact >10mm,59,1,2,,0.9666666686534882,0.46666666865348816,shotgun
3.479563747532666e-05,15.825307058786876,6.710932156799042,19.999834165778207,5.573980259084321,16.558678160931617,20.000411705165874,0.030108856037259102,sprint,support contact >10mm,60,1,2,,0.9833333333333333,0.4833333333333333,shotgun
3.529215246089734e-05,15.035080884122882,8.523218869573236,19.99988988571998,5.416778870977179,18.240270784954237,20.00043435401529,0.031652722507715225,sprint,support contact >10mm,61,1,2,,1,0,shotgun
0,,,,9.305878440441596,21.201925664528773,20.000308117022076,0,knife,,0,,,,0,0,shotgun
0,,,,11.359473156172475,20.85587945694821,20.000330397553835,0,knife,,1,,,,0.012500000651925802,0.03333333507180214,shotgun
0,,,,12.063272430750319,20.874512480442128,20.000372511564372,0,knife,,2,,,,0.016666666666666666,0.04444444444444445,shotgun
0,,,,13.66757398733658,21.14459090549372,20.000467333673274,0,knife,,3,,,,0.025000001303851604,0.06666667014360428,shotgun
0,,,,15.406685394197046,21.714022568306117,20.00045116377539,0,knife,,4,,,,0.03333333333333333,0.0888888888888889,shotgun
0,,,,16.34246321164722,22.10418330717913,20.000303621473403,0,knife,,5,,,,0.037500000558793545,0.10000000149011612,shotgun
0,,,,19.306674082336684,23.385319179303504,20.000451154178702,0,knife,,6,,,,0.05000000260770321,0.13333334028720856,shotgun
0,,,,22.059134470917435,24.670728460902936,20.00016837307064,0,knife,,7,,,,0.06250000186264515,0.1666666716337204,shotgun
0,,,,22.754597120157996,25.106175748726287,20.000339849772743,0,knife,,8,,,,0.06666666666666667,0.1777777777777778,shotgun
0,,,,24.162394354152855,25.994778698953937,20.000438855444553,0,knife,,9,,,,0.07500000111758709,0.20000000298023224,shotgun
0,,,,25.808495090043472,26.631778427821178,20.000278803277016,0,knife,,10,,,,0.08333333333333333,0.2222222222222222,shotgun
0,,,,26.64829498239894,26.96052974236083,20.000237694797352,0,knife,,11,,,,0.08750000037252903,0.23333333432674408,shotgun
0,,,,29.545896708181573,25.556118163133288,20.000498503361243,0,knife,,12,,,,0.1,0.26666666666666666,shotgun
0,,,,31.05439078617426,20.61228221564052,20.000452066855665,0,knife,,13,,,,0.11250000447034836,0.30000001192092896,shotgun
0,,,,31.070946635796698,18.50282161430621,20.000315303573746,0,knife,,14,,,,0.11666666666666667,0.3111111111111111,shotgun
0,,,,30.845599248938534,14.951190004980704,20.000448627778088,0,knife,,15,,,,0.1250000037252903,0.3333333432674408,shotgun
0,,,,29.68358760434557,12.64948950877396,20.00040449449313,0,knife,,16,,,,0.13333333333333333,0.3555555555555556,shotgun
0,,,,28.5876512992015,11.828858190098629,20.000163022558027,0,knife,,17,,,,0.13750000298023224,0.36666667461395264,shotgun
0,,,,25.09663662879306,10.295512236821681,20.000420306343614,0,knife,,18,,,,0.15,0.4,shotgun
0,,,,23.747096814970607,9.39707688454101,20.000294443864092,0,knife,,19,,,,0.16666666666666666,0.4222222222222222,shotgun
0,,,,23.043420271804855,8.955915798345659,20.000438664451185,0,knife,,20,,,,0.17500000298023222,0.4333333373069763,shotgun
0,,,,22.936745547295473,8.757017914399954,20.000369666498045,0,knife,,21,,,,0.18333333333333332,0.4444444444444444,shotgun
0,,,,22.73645614974283,8.359123253200442,20.000081264601107,0,knife,,22,,,,0.2000000014901161,0.46666666865348816,shotgun
0,,,,22.616949310373077,8.448676339210866,20.000299838291234,0,knife,,23,,,,0.21666666666666667,0.48888888888888893,shotgun
0,,,,22.577746836928235,8.511885741140915,20.000199523193096,0,knife,,24,,,,0.22499999999999998,0.5,shotgun
0,,,,22.43650488393405,8.645721001546947,20.000366994869303,0,knife,,25,,,,0.23333333333333334,0.5111111111111112,shotgun
0,,,,22.256797021097537,9.027513222424346,20.00032445189483,0,knife,,26,,,,0.25000002086162565,0.5333333611488342,shotgun
0,,,,22.43254987318421,9.285693909906804,20.000282438540097,0,knife,,27,,,,0.26666666666666666,0.5555555555555556,shotgun
0,,,,22.557135122886727,9.45137435681945,20.000377383090456,0,knife,,28,,,,0.27499999701976774,0.5666666626930237,shotgun
0,,,,22.846948977685827,9.452773915311226,20.000659045132895,0,knife,,29,,,,0.2833333333333333,0.5777777777777777,shotgun
0,,,,23.38802048289042,9.466883823828798,20.000458735338587,0,knife,,30,,,,0.3000000178813934,0.6000000238418579,shotgun
0,,,,24.237278826857136,9.380011148191715,20.000320312245773,0,knife,,31,,,,0.31666666666666665,0.6222222222222222,shotgun
0,,,,24.629929520534606,9.342009272211584,20.000304076261838,0,knife,,32,,,,0.3249999940395355,0.6333333253860474,shotgun
0,,,,25.176457687340083,9.294251430074212,20.00039350919104,0,knife,,33,,,,0.3333333333333333,0.6444444444444444,shotgun
0,,,,26.203024701310635,9.290747405949727,20.000400066453192,0,knife,,34,,,,0.35000001490116117,0.6666666865348816,shotgun
0,,,,26.045339501663467,8.636762590235778,20.000358497160967,0,knife,,35,,,,0.36666666666666664,0.6888888888888889,shotgun
0,,,,25.947955947157077,8.308587416449297,20.000237215718553,0,knife,,36,,,,0.37499999105930326,0.699999988079071,shotgun
0,,,,24.788598407802294,6.873011106275366,20.000184171735658,0,knife,,37,,,,0.38333333333333336,0.7111111111111112,shotgun
0,,,,22.37106092375621,4.003022588186567,20.000403870943977,0,knife,,38,,,,0.4,0.7333333333333334,shotgun
0,,,,18.91512129218776,0.3476542971049935,20.00031299626753,0,knife,,39,,,,0.4166666666666667,0.7555555555555555,shotgun
0,,,,17.15790146802907,1.8172225200464358,20.000373195752196,0,knife,,40,,,,0.424999988079071,0.7666666507720947,shotgun
0,,,,15.890646086419341,3.180704801789142,20.000371697973815,0,knife,,41,,,,0.43333333333333335,0.7777777777777779,shotgun
0,,,,13.359907822745916,5.949621036707027,20.000353699942455,0,knife,,42,,,,0.4500000089406967,0.800000011920929,shotgun
0,,,,11.369954591243678,8.233442970718485,20.00035464425839,0,knife,,43,,,,0.4666666666666667,0.8222222222222222,shotgun
0,,,,10.39528858777739,9.378195815916404,20.00030544022577,0,knife,,44,,,,0.4749999850988388,0.8333333134651184,shotgun
0,,,,9.639519596299689,10.347775706916952,20.000255051266475,0,knife,,45,,,,0.48333333333333334,0.8444444444444444,shotgun
0,,,,8.232778331832822,12.290682521976272,20.00032415722093,0,knife,,46,,,,0.5000000059604645,0.8666666746139526,shotgun
0,,,,7.32348184071026,14.026745079141469,20.00020908180366,0,knife,,47,,,,0.5166666666666667,0.8888888888888891,shotgun
0,,,,6.988529743376666,14.895512875669944,20.000359570959038,0,knife,,48,,,,0.5249999821186065,0.8999999761581421,shotgun
0,,,,6.8844945190892295,15.73067279959392,20.00017934494519,0,knife,,49,,,,0.5333333333333333,0.9111111111111112,shotgun
0,,,,7.049526757635383,17.40259329346188,20.000214072095734,0,knife,,50,,,,0.5500000029802322,0.9333333373069763,shotgun
0,,,,7.858704507029445,19.126564958153665,20.000240834250967,0,knife,,51,,,,0.5666666666666667,0.9555555555555555,shotgun
0,,,,8.406420072497799,19.98883337729523,20.00020033527162,0,knife,,52,,,,0.5749999791383743,0.9666666388511658,shotgun
0,,,,8.693800343428675,20.3930332361154,20.000423228306396,0,knife,,53,,,,0.5833333333333334,0.9777777777777779,shotgun
0,,,,9.305878440441596,21.201925664528773,20.000308117022076,0,knife,,54,,,,0.6,1,shotgun
0.2888122797012329,22.206270117714357,9.86171782899952,19.999764787188578,45.1534763875941,25.542309748548522,20.00035701264451,0.3808267414569855,swap,,0,1,2,,0,0,shotgun
0.2359943985939026,21.867523852980355,9.89363668229572,19.999940766462355,45.19486295541102,25.531599210674184,20.00056363034232,0.32797443866729736,swap,,1,1,2,,0.016666666666666666,0.016666666666666666,shotgun
0.18848271667957306,21.45186271162714,9.925533713202858,19.999910990614836,45.2369535896887,25.52112866070838,20.000466526784972,0.2808822989463806,swap,,2,1,2,,0.03333333507180214,0.03333333507180214,shotgun
0.1462486833333969,20.950332216074333,9.957480961993362,19.999986636258512,45.27928134436301,25.511304591130227,20.000131336848803,0.2394123077392578,swap,,3,1,2,,0.05,0.05,shotgun
0.10920168459415436,20.355127289641295,9.989405157978748,19.99962258055687,45.322162921921326,25.5016650240733,20.00016767009344,0.2034064084291458,swap,,4,1,2,,0.06666667014360428,0.06666667014360428,shotgun
0.07723280787467957,19.66147978933344,10.021346278793706,20.00002531912577,45.365014260668985,25.49309464168945,20.000315717002415,0.17262308299541473,swap,,5,1,2,,0.08333333333333333,0.08333333333333333,shotgun
0.050149545073509216,18.87080869584868,10.053285095735841,20.000082240174823,45.40557324639671,25.48474395552793,20.00020554086315,0.14678442478179932,swap,,6,1,2,,0.10000000149011612,0.10000000149011612,shotgun
0.02773081697523594,17.992957754883715,10.085211268832158,20.000015334915172,45.440650760353456,25.477277146787646,20.000347911933478,0.12552782893180847,swap,,7,1,2,,0.11666666666666667,0.11666666666666667,shotgun
0.009656580165028572,17.04862204251712,10.117141390973229,19.999837672278503,45.463060044805495,25.47000585494226,20.00026271478897,0.1084788516163826,swap,,8,1,2,,0.13333334028720856,0.13333334028720856,shotgun
0.006383923348039389,16.066093166877835,10.140136391920327,19.999817413929364,45.46169883819785,25.46391194840057,20.000245205011893,0.09520034492015839,swap,,9,1,2,,0.15,0.15,shotgun
1.4901161193847656e-08,15.08824501709935,10.163112576625876,19.999703684954913,37.26942498565527,25.45800504968509,11.846566478539723,0.08526381850242615,swap,,10,1,2,,0.1666666716337204,0.1666666716337204,shotgun
1.341104507446289e-07,14.155129402125088,10.186111602782631,19.999780297859548,30.216194655312737,25.435340401315127,5.084378151997257,0.07824690639972687,swap,,11,1,2,,0.18333333333333332,0.18333333333333332,shotgun
0,13.299756067027639,10.209109222652241,20.00012753913876,24.920469498364046,25.412861804326397,2.657687263629776,0.07368462532758713,swap,,12,1,2,,0.20000000298023224,0.20000000298023224,shotgun
2.9802322387695312e-08,12.545034344665492,10.232094802884705,19.999598005576452,20.735051890916417,25.37968692388061,5.8290491183738355,0.07115645706653595,swap,,13,1,2,,0.21666666666666667,0.21666666666666667,shotgun
0,11.901798270421356,10.255090386732737,19.99965799134378,17.398996633552734,25.346582131457456,9.11716530060692,0.07027026265859604,swap,,14,1,2,,0.23333333432674408,0.23333333432674408,shotgun
4.214684778958144e-08,11.377801489033747,10.25895237764194,19.999783884748894,14.767519513357815,25.312883331628786,11.867862069101982,0.07065824419260025,swap,,15,1,2,,0.25,0.25,shotgun
2.9802322387695312e-08,10.959422313152105,10.26285790669151,19.999677685538202,12.737931647147036,25.27925421726449,14.104745916172389,0.07200995832681656,swap,,16,1,2,,0.2666666805744171,0.2666666805744171,shotgun
1.2013700256829907e-07,10.63290375605163,10.266751134282353,19.99984385368477,11.227973874360414,25.243666230602035,15.887101366375578,0.07404901087284088,swap,,17,1,2,,0.2833333333333333,0.2833333333333333,shotgun
1.2013700256829907e-07,10.382819149877307,10.270657445630025,19.999807261610588,10.162003456073581,25.20815710200538,17.283548677972473,0.07654011249542236,swap,,18,1,2,,0.30000001192092896,0.30000001192092896,shotgun
2.9802322387695312e-08,10.193936895185546,10.274621462838498,19.99986497337429,9.462978583548951,25.173141968187128,18.354610770027218,0.07930708676576614,swap,,19,1,2,,0.31666666666666665,0.31666666666666665,shotgun
1.4901161193847656e-08,10.053331679593114,10.278590893377975,19.999843198132858,9.060810761342228,25.138129651865764,19.15513751338716,0.08217520266771317,swap,,20,1,2,,0.3333333432674408,0.3333333432674408,shotgun
2.9802322387695312e-08,9.949596844286246,10.28255240448352,19.999922626501256,8.91300859641022,25.10315074197205,19.71281585665489,0.08493839204311371,swap,,21,1,2,,0.35,0.35,shotgun
6.664001972467304e-08,9.873723082645453,10.286570298807696,19.999991573349934,8.977508468274545,25.068234158387803,20.000311777214417,0.0875852033495903,swap,,22,1,2,,0.36666667461395264,0.36666667461395264,shotgun
2.4575624024691933e-07,9.818536036392919,10.290597966195941,19.999816758539065,9.209399663912402,25.0351645652803,20.000306796334595,0.09008698165416718,swap,,23,1,2,,0.38333333333333336,0.38333333333333336,shotgun
2.4755667027420714e-07,9.778530331914608,10.294619772312641,20.00012281731306,9.461428814048363,25.0020296060367,20.000457066078077,0.09235551208257675,swap,,24,1,2,,0.4000000059604645,0.4000000059604645,shotgun
2.4620757699267415e-07,9.765915939938797,10.280663782708306,20.00004238489852,9.723572328299934,24.968938714208434,20.00028170120961,0.09435992687940598,swap,,25,1,2,,0.4166666666666667,0.4166666666666667,shotgun
1.341104507446289e-07,9.761729589238367,10.266772235071423,19.999825307505926,9.985545173391074,24.93593120662788,20.000383044241378,0.09608668088912964,swap,,26,1,2,,0.4333333373069763,0.4333333373069763,shotgun
1.2287812012345967e-07,9.763483483861297,10.252961027318097,19.999965728997445,10.237332024878341,24.907062885415545,20.000171114100795,0.09753353148698807,swap,,27,1,2,,0.45,0.45,shotgun
1.2013700256829907e-07,9.769309734103823,10.239230042246476,19.999899428153128,10.468987180892455,24.878181300545737,20.000233230188545,0.09870877861976624,swap,,28,1,2,,0.46666666865348816,0.46666666865348816,shotgun
1.4600097131278744e-07,9.785087252816275,10.218230083179877,19.999824067796528,10.657135782573045,24.849295112443407,20.00045343747021,0.09967601299285889,swap,,29,1,2,,0.48333333333333334,0.48333333333333334,shotgun
1.341104507446289e-07,9.802706873379526,10.197305224952276,19.999940914033342,10.810509964235514,24.820433894422358,20.000455671685078,0.10041017085313797,swap,,30,1,2,,0.5,0.5,shotgun
1.4901161193847656e-07,9.821594270975488,10.176519775289307,20.000035641710564,10.937381266644135,24.794164436571016,20.00022622753966,0.10091130435466766,swap,,31,1,2,,0.5166666666666667,0.5166666666666667,shotgun
1.4901161193847656e-08,9.841218235974917,10.155843305911734,19.999754192586717,11.029479164115816,24.76788179028502,20.00036062885653,0.10123739391565323,swap,,32,1,2,,0.5333333611488342,0.5333333611488342,shotgun
9.064022776783531e-08,9.86758824324451,10.128893332358354,19.999805124536255,11.088244971399002,24.741589628696136,20.000464089003383,0.10142738372087479,swap,,33,1,2,,0.55,0.55,shotgun
1.4901161193847656e-07,9.894247091785656,10.102129999122544,19.999898869432155,11.122195280187487,24.715264530018008,20.0003533286236,0.10151004046201706,swap,,34,1,2,,0.5666666626930237,0.5666666626930237,shotgun
2.9802322387695312e-08,9.920956053814018,10.075513135457541,19.99979877117072,11.136978678005997,24.691022345054662,20.00052188178311,0.10152827203273773,swap,,35,1,2,,0.5833333333333334,0.5833333333333334,shotgun
3.332000986233652e-08,9.947792552163962,10.049027526867711,19.99978804725891,11.142986537966081,24.66674294825242,20.000447286038003,0.10151085257530212,swap,,36,1,2,,0.6,0.6,shotgun
5.960464477539063e-08,10.001551265452493,9.996554843197039,19.99988610286668,11.14652420712864,24.619869248608495,20.000277967095652,0.10147429257631302,swap,,37,1,2,,0.6333333253860474,0.6333333253860474,shotgun
2.9802322387695312e-08,10.07202624620239,9.928839280338174,19.99977442963535,11.160867315420429,24.57536773593515,19.97820948812699,0.10142979025840759,swap,,38,1,2,,0.6666666865348816,0.6666666865348816,shotgun
4.214684778958144e-08,10.157896980558982,9.847920237268914,20.000035163120586,11.18506234531112,24.527251089461963,19.897167783378023,0.1013900563120842,swap,,39,1,2,,0.699999988079071,0.699999988079071,shotgun
1.341104507446289e-07,10.254446827292751,9.759042999209642,20.00000596667798,11.180408983309839,24.477556387995257,19.825354611861716,0.10141637921333313,swap,,40,1,2,,0.7333333492279053,0.7333333492279053,shotgun
2.9802322387695312e-08,10.354337647979499,9.669545538947967,19.999692287724248,11.188562206325374,24.444839852111325,19.74996620521112,0.101418137550354,swap,,41,1,2,,0.7666666507720947,0.7666666507720947,shotgun
1.2644053981603065e-07,10.454818351329315,9.581960595416746,19.99979106081636,11.188220191864199,24.412352224282866,19.678661599080453,0.1014430895447731,swap,,42,1,2,,0.800000011920929,0.800000011920929,shotgun
6.143906006172983e-08,10.555931378196712,9.496532364960434,19.999982615592874,11.162233152958384,24.39872517026431,19.633446844566635,0.10152708739042282,swap,,43,1,2,,0.8333333134651184,0.8333333134651184,shotgun
3.332000986233652e-08,10.658929975970041,9.410961084394094,19.99996335759809,11.136405807104715,24.38537934487593,19.587426563120935,0.10161536186933517,swap,,44,1,2,,0.8666666746139526,0.8666666746139526,shotgun
1.4901161193847656e-08,10.763660086769653,9.325080091986386,20.00003504289881,11.111181327933265,24.393744100058456,19.550662312299412,0.10170755535364151,swap,,45,1,2,,0.8999999761581421,0.8999999761581421,shotgun
5.372690026206328e-08,10.870150360909019,9.237837879307586,19.99991260473692,11.059241895064124,24.40847115720266,19.5398506110574,0.1018625795841217,swap,,46,1,2,,0.9333333373069763,0.9333333373069763,shotgun
6.143906006172983e-08,10.977163944350213,9.149839138543443,19.999990606145982,11.00764180047446,24.438570817229127,19.538674474764797,0.10202240198850632,swap,,47,1,2,,0.9666666388511658,0.9666666388511658,shotgun
9.42432194506182e-08,11.084177965816247,9.061988395142492,20.000082877703903,10.968817486141257,24.48546608917818,19.53812335018162,0.10215935111045837,swap,,48,1,2,,1,1,shotgun
1.1920928955078125e-07,11.188899350685578,8.974246616097636,19.999646603894924,10.906481222973618,24.535491992900656,19.559737778904736,0.10235155373811722,swap,,49,1,2,,1.0333333015441895,1.0333333015441895,shotgun
1.4901161193847656e-08,11.293693588812499,8.887451207865645,19.99988060614624,10.844226926269354,24.593449103718605,19.58848724782806,0.10254574567079544,swap,,50,1,2,,1.0666667222976685,1.0666667222976685,shotgun
1.2377833513710357e-07,11.396248764619727,8.799323949101,20.00011462230095,10.75178623869881,24.653040331770676,19.64479291039554,0.1028127372264862,swap,,51,1,2,,1.100000023841858,1.100000023841858,shotgun
1.497548112183722e-07,11.495512925818828,8.711880980502622,19.999834100437877,10.703714749931516,24.738894311332363,19.685830948705963,0.10298150032758713,swap,,52,1,2,,1.1333333253860474,1.1333333253860474,shotgun
3.332000986233652e-08,11.586732485352323,8.628434522136784,19.99962306943884,10.634287887778127,24.827175045061065,19.751315549465318,0.1032034382224083,swap,,53,1,2,,1.1666666269302368,1.1666666269302368,shotgun
3.332000986233652e-08,11.677760048956523,8.545171089954097,20.000013907732196,10.566655644908886,24.91996721798172,19.822928409826236,0.10341812670230865,swap,,54,1,2,,1.2000000476837158,1.2000000476837158,shotgun
4.214684778958144e-08,11.757302000462309,8.46886759302895,19.99981918751748,10.4978583211269,25.013293316211637,19.901427405763723,0.10363277792930603,swap,,55,1,2,,1.2333333492279053,1.2333333492279053,shotgun
1.2377833513710357e-07,11.837208901286646,8.39261385203063,19.999906826535298,10.438676977821965,25.108891457869127,19.971465388153035,0.10384026914834976,swap,,56,1,2,,1.2666666507720947,1.2666666507720947,shotgun
1.341104507446289e-07,11.898031380220834,8.327111121360854,19.999654482316064,10.395294108033081,25.120259263863264,19.9660578623661,0.10396268963813782,swap,,57,1,2,,1.2999999523162842,1.2999999523162842,shotgun
1.2013700256829907e-07,11.958823325862092,8.261618655456486,19.999876627972508,10.341916202599005,25.134993356885886,19.97854109063813,0.10410577058792114,swap,,58,1,2,,1.3333333730697632,1.3333333730697632,shotgun
1.2287812012345967e-07,11.985203839426996,8.226009109274722,19.999952225159518,10.314027933670468,25.15807370963527,19.990466990856323,0.10417342931032181,swap,,59,1,2,,1.3666666746139526,1.3666666746139526,shotgun
1.2731557319511921e-07,12.011053129928078,8.190492867483051,19.99989404816063,10.197764801556803,25.143719698908093,20.000453487312175,0.10452200472354889,swap,,60,1,2,,1.399999976158142,1.399999976158142,shotgun
1.2377833513710357e-07,12.037829560137313,8.1550747407389,19.9999874793976,10.22064990396774,25.207860398279095,20.000316364514095,0.10448938608169556,swap,,61,1,2,,1.4333332777023315,1.4333332777023315,shotgun
2.5463114639023843e-07,12.027369482586112,8.150591885676254,20.00005917947005,10.252280608778209,25.27214884966221,20.000344842444864,0.10441617667675018,swap,,62,1,2,,1.4666666984558105,1.4666666984558105,shotgun
1.497548112183722e-07,12.016512729468158,8.146603730457965,19.999796188012837,10.211026511108294,25.321743036260276,20.000260027650366,0.10461007058620453,swap,,63,1,2,,1.5,1.5,shotgun
2.6697625798988156e-07,12.006047392437326,8.143114565754866,19.999795327851256,10.219417131442924,25.371350341364476,20.000353010551372,0.10461574792861938,swap,,64,1,2,,1.5333333015441895,1.5333333015441895,shotgun
5.01574049849296e-07,11.95084906506809,8.176909210439256,19.999857775466054,10.202843594691842,25.429823024924307,20.000138203166788,0.10476525127887726,swap,,65,1,2,,1.5666667222976685,1.5666667222976685,shotgun
4.998001372769068e-07,11.876577029130525,8.229374669585978,19.99983332656292,10.245593298141017,25.48832411451679,20.000288708452743,0.10468112677335739,swap,,66,1,2,,1.600000023841858,1.600000023841858,shotgun
3.772672698687529e-07,11.788369772751139,8.297740836197304,19.999770680368812,10.278553361358075,25.53611384934523,20.000367543204487,0.10463190823793411,swap,,67,1,2,,1.6333333253860474,1.6333333253860474,shotgun
4.998001372769068e-07,11.689571029514555,8.378423566097217,19.999714999669937,10.293761170056348,25.56430633259948,20.00028312359477,0.10462350398302078,swap,,68,1,2,,1.6666666269302368,1.6666666269302368,shotgun
5.092622927804769e-07,11.583807232796595,8.468184667574379,19.999945078597193,10.326323138492677,25.591207452923758,20.000180409047243,0.10454670339822769,swap,,69,1,2,,1.7000000476837158,1.7000000476837158,shotgun
5.092622927804769e-07,11.45853480550483,8.57902925238158,19.99981645047537,10.38563521304813,25.624853716334734,20.000240526945177,0.10437663644552231,swap,,70,1,2,,1.7333333492279053,1.7333333492279053,shotgun
7.539457556049456e-07,11.333485901722511,8.691818650878055,19.999976901239208,10.400665697068778,25.624772310425286,20.000296746789132,0.10433545708656311,swap,,71,1,2,,1.7666666507720947,1.7666666507720947,shotgun
4.995779363525799e-07,11.208872776595454,8.806492835048221,19.99988370043542,10.442939915971845,25.631059300481798,20.000508226196096,0.10420382767915726,swap,,72,1,2,,1.7999999523162842,1.7999999523162842,shotgun
6.14390614828153e-07,11.084534881407649,8.92296117380507,19.999828354284325,10.488122417265995,25.629882382939574,20.00006984983669,0.10405392944812775,swap,,73,1,2,,1.8333333730697632,1.8333333730697632,shotgun
5.092622927804769e-07,10.96063426168129,9.041185311565709,20.00007326533255,10.538709138411711,25.624088112357953,20.00046195078625,0.10387960076332092,swap,,74,1,2,,1.8666666746139526,1.8666666746139526,shotgun
4.917383193969727e-07,10.837117051682808,9.16109805815362,19.999894498974854,10.594839073496518,25.601557349972158,20.00041859164878,0.10367266088724136,swap,,75,1,2,,1.899999976158142,1.899999976158142,shotgun
4.998001372769068e-07,10.713992034586722,9.282593991913393,20.000065908090086,10.604888279970854,25.579972653193906,20.0002602360684,0.10363029688596725,swap,,76,1,2,,1.9333332777023315,1.9333332777023315,shotgun
3.772672698687529e-07,10.583983955670998,9.41290125047167,19.99986145972929,10.677088614150348,25.576060927354007,20.00039874163197,0.10339610278606415,swap,,77,1,2,,1.9666666984558105,1.9666666984558105,shotgun
4.917383193969727e-07,10.454971570232216,9.543757030303292,19.99981002596756,10.73995819187218,25.548265740776742,20.000214307262066,0.10318311303853989,swap,,78,1,2,,2,2,shotgun
3.223614157832344e-07,10.329579633154852,9.672458045516128,19.999840896145923,10.721596677456914,25.521630612103692,20.0002250812928,0.10324347764253616,swap,,79,1,2,,2.0333333015441895,2.0333333015441895,shotgun
3.686343745812337e-07,10.218953560309451,9.787343983339955,19.999927256258516,10.75961276609974,25.50482568475564,20.00044210551004,0.10313635319471359,swap,,80,1,2,,2.066666603088379,2.066666603088379,shotgun
2.6697625798988156e-07,10.146896947856202,9.86171782899952,19.99983582373941,10.876187163002653,25.542309748548522,20.000325129902883,0.10279767960309982,swap,,81,1,2,,2.0999999046325684,2.0999999046325684,shotgun
1.2013700256829907e-07,40.29266071027692,34.27095317213038,14.127702525877817,36.2234932512628,33.569841719110265,6.444802927729401,1.4901161193847656e-08,firing,,0,1,2,,0,0,shotgun
3.332000986233652e-08,38.947771710841955,34.26142265204564,11.697531996780071,35.60593987380831,33.651070489588314,6.629190992481175,1.4901161193847656e-08,firing,,1,1,2,,0.018085715844953602,0.03333333507180214,shotgun
3.332000986233652e-08,37.59798559314013,34.15241272494147,9.097493305735988,34.93847641547893,33.83304628412058,6.83198025427342,1.2013700256829907e-07,firing,,2,1,2,,0.036171431689907205,0.06666667014360428,shotgun
2.9802322387695312e-08,36.24283217993802,33.77711260711445,6.773780245543855,34.222192455327594,32.57162964176784,8.280436126657433,1.4901161193847656e-08,firing,,3,1,2,,0.054257145513624656,0.10000000149011612,shotgun
1.2287812012345967e-07,34.838734959861775,33.405112305299475,4.092439460313493,33.48123958880101,30.57699043505069,10.334138490139242,2.9802322387695312e-08,firing,,4,1,2,,0.07234286337981441,0.13333334028720856,shotgun
1.2377833513710357e-07,33.38285959827027,33.709840883112044,0.46103517490905593,32.686006162219556,30.217654957828522,10.367960058264885,1.2013700256829907e-07,firing,,5,1,2,,0.09042857720353185,0.1666666716337204,shotgun
2.9802322387695312e-08,32.17545568123364,34.79876512171514,6.653624643886694,31.74929918922186,31.30370306075644,9.212441987628367,0.0012248652055859566,firing,,6,1,2,,0.10851429102724931,0.20000000298023224,shotgun
2.9802322387695312e-08,32.04435943052098,36.13954052894038,8.331009864896362,30.696854848829755,32.396877939843755,8.97606525233191,0.0047087776474654675,firing,,7,1,2,,0.12660000485096676,0.2333333343267441,shotgun
1.2287812012345967e-07,31.93876064771746,37.22455774081292,9.49837767258579,29.62413227190934,33.36016499162266,9.496199582293237,0.008232364431023598,firing,,8,1,2,,0.14468572675962882,0.2666666805744171,shotgun
1.2377833513710357e-07,31.815321551408143,37.79890840724777,10.21240422986488,28.615435715624216,34.15171235409034,10.448281510656859,0.012066397815942764,firing,support contact >10mm,9,1,2,,0.16277144058334625,0.30000001192092896,shotgun
0,31.67516913569737,37.864317466095024,10.572435182843895,27.719294550444605,34.40355686591248,11.494905174147148,0.016554171219468117,firing,support contact >10mm,10,1,2,,0.1808571544070637,0.3333333432674408,shotgun
1.4901161193847656e-08,31.529086340955324,37.65239742868381,10.8349230902657,26.88715794525442,34.28201636907367,12.44418024002301,0.021389463916420937,firing,support contact >10mm,11,1,2,,0.19894286823078117,0.36666667461395264,shotgun
2.9802322387695312e-08,31.388994324133964,37.40653513181517,11.146548243627482,26.05540567518531,34.14337772011655,13.266886221094804,0.02616160176694393,firing,support contact >10mm,12,1,2,,0.21702858205449863,0.4000000059604645,shotgun
1.2013700256829907e-07,31.240164920479714,37.199972129272965,11.458172811245765,25.2547406129287,34.1447053963945,13.924589974075246,0.03094816394150257,firing,support contact >10mm,13,1,2,,0.23511429587821606,0.4333333373069763,shotgun
4.214684778958144e-08,31.10400135690238,36.992564950614984,11.677225916576846,24.470824891020513,34.28743590278236,14.514260671562246,0.035819534212350845,firing,support contact >10mm,14,1,2,,0.2532000097019335,0.4666666686534882,shotgun
0,31.00052420125202,36.7414160657749,11.81387680405433,23.678204813820475,34.460792767628824,15.134589405409027,0.04077614098787308,firing,support contact >10mm,15,1,2,,0.27128572352565095,0.5,shotgun
1.4901161193847656e-08,30.88892193808014,36.43268657446418,12.000277802175674,22.925587253091948,34.57602258438288,15.751554162379822,0.04578910022974014,firing,support contact >10mm,16,1,2,,0.28937145351925764,0.5333333611488342,shotgun
0,30.792173856645775,36.0776302386584,12.266188706298188,22.162335170777677,34.6354986497629,16.42503263682457,0.050691504031419754,firing,support contact >10mm,17,1,2,,0.30745715117308586,0.5666666626930237,shotgun
3.332000986233652e-08,30.73777056774045,35.71570365195481,12.541095685285047,21.319035668818067,34.65044268394212,17.216640180503,0.05524490028619766,firing,support contact >10mm,18,1,2,,0.3255428811666925,0.6000000238418579,shotgun
0,30.683037703358128,35.39872117000777,12.769669853677629,20.47945105912485,34.612140244032446,17.99901080222356,0.0596332848072052,firing,support contact >10mm,19,1,2,,0.3436285788205208,0.6333333253860474,shotgun
2.9802322387695312e-08,30.634862116284168,35.14803410942359,12.896822105719046,19.649595520872325,34.52598637586882,18.72331837432103,0.06396546959877014,firing,support contact >10mm,20,1,2,,0.3617143088141274,0.6666666865348816,shotgun
4.214684778958144e-08,30.600731001344823,34.956677525166995,12.97385214751811,18.79508795442255,34.4071245967103,19.41231953617027,0.06805526465177536,firing,support contact >10mm,21,1,2,,0.37980000646795564,0.699999988079071,shotgun
2.6193850999334245e-07,30.57098714429928,34.82539306538953,13.114051836151415,17.953594507305766,34.24211896687157,20.000384054205703,0.07183580845594406,firing,support contact >10mm,22,1,2,,0.39788573646156233,0.7333333492279053,shotgun
1.3933980653746403e-06,30.55914110589519,34.73629731093622,13.370538046593378,17.509672325167358,34.077242802112615,20.000268460457193,0.07521585375070572,firing,support contact >10mm,23,1,2,,0.41597143411539056,0.7666666507720947,shotgun
2.9971713502163766e-06,30.55787845215902,34.62134500983388,13.735158922499153,17.077915360035014,33.93034929750672,20.00027582327564,0.07845991104841232,firing,support contact >10mm,24,1,2,,0.43405716410899725,0.800000011920929,shotgun
4.615152192855021e-06,30.56144088069209,34.443019826385814,14.152217283786657,16.696449018302133,33.828757987290196,20.000316165995006,0.08178677409887314,firing,support contact >10mm,25,1,2,,0.4521428617628255,0.8333333134651184,shotgun
6.452202796936035e-06,30.565070207255207,34.27075728957667,14.565071509951112,16.347366107995356,33.742689650399555,20.000313707117645,0.08493595570325851,firing,support contact >10mm,26,1,2,,0.4702285917564321,0.8666666746139526,shotgun
8.605610673839692e-06,30.559969805959096,34.19596538699072,14.929590918797576,16.03356191992538,33.668522556650075,20.00050410436432,0.08775404840707779,firing,support contact >10mm,27,1,2,,0.48831428941026034,0.8999999761581421,shotgun
1.0735342584666796e-05,30.549547167490832,34.20677428357126,15.222464134347904,15.742890124204289,33.59431812730704,20.00032829073824,0.09030788391828537,firing,support contact >10mm,28,1,2,,0.506400019403867,0.9333333373069764,shotgun
1.3016562661505304e-05,30.54093925603749,34.21762503438328,15.490569173968735,15.529681789761035,33.58339281721699,20.00022267528223,0.09306450933218002,firing,support contact >10mm,29,1,2,,0.5244857170576953,0.9666666388511659,shotgun
1.5318335499614477e-05,30.525958181268997,34.228429945217904,15.75843289641277,15.338303053466289,33.572450169672244,20.0002532379955,0.09567814320325851,firing,support contact >10mm,30,1,2,,0.5425714470513019,1,shotgun
1.7538406609673984e-05,30.508903929923363,34.2392592816145,16.015458481396543,15.165891900793255,33.56151030984829,20.000433229942963,0.09826350957155228,firing,support contact >10mm,31,1,2,,0.5606571447051302,1.0333333015441895,shotgun
1.9862056433339603e-05,30.49495791432186,34.25008920162663,16.258337563708345,15.016826643757236,33.56102083334426,20.000321057718743,0.10076438635587692,firing,support contact >10mm,32,1,2,,0.5787429070385153,1.0666667222976685,shotgun
2.2000816898071207e-05,30.482787157820443,34.2609306221404,16.490714195976107,14.882130494492522,33.560547213278305,20.000313290679465,0.10316180437803268,firing,support contact >10mm,33,1,2,,0.5968286046923434,1.1000000238418577,shotgun
2.4231399947893806e-05,30.472221975624002,34.27172720284964,16.71187843090276,14.760538700669782,33.5600973305946,20.00040040424227,0.1054547056555748,firing,support contact >10mm,34,1,2,,0.6149143023461717,1.1333333253860474,shotgun
2.6265675842296332e-05,30.461173632941712,34.2726057581355,16.918253779844985,14.651566723960812,33.55960214656214,20.0002734883772,0.10767801851034164,firing,support contact >10mm,35,1,2,,0.633,1.1666666269302368,shotgun
0.0005231454852037132,42.695038644735966,34.27095317213038,19.999782604469104,34.751489638438585,33.569841719110265,20.00022922775551,7.685781019972637e-05,firing-ads,,0,1,2,,0,0,shotgun
0.00047124020056799054,42.73921500209696,34.26142265204564,19.999937696167784,34.9479685816978,33.651070489588314,20.000120879754082,7.472647848771885e-05,firing-ads,,1,1,2,,0.018085715844953602,0.03333333507180214,shotgun
0.0004243898729328066,42.739786458236,34.15241272494147,19.999992895908015,35.22978442684617,33.83304628412058,20.00008739561776,7.265191379701719e-05,firing-ads,,2,1,2,,0.036171431689907205,0.06666667014360428,shotgun
0.0004922110238112509,42.37480026382205,33.77711260711445,19.99994453649537,34.188913238120485,32.57162964176784,20.000405003665193,7.083553646225482e-05,firing-ads,,3,1,2,,0.054257145513624656,0.10000000149011612,shotgun
0.0005930274492129683,41.9589972159973,33.405112305299475,19.9999226829589,32.47831571748976,30.57699043505069,20.00030903958445,6.906464841449633e-05,firing-ads,,4,1,2,,0.07234286337981441,0.13333334028720856,shotgun
0.00011673238623188809,42.3082540152104,33.709840883112044,19.999898761391577,29.16873421686434,30.217654957828522,20.000147682610972,6.701727397739887e-05,firing-ads,,5,1,2,,0.09042857720353185,0.1666666716337204,shotgun
0.00013439716713037342,43.307146521608374,34.79876512171514,19.999830076079125,29.865547280469777,31.30370306075644,20.000400868623935,6.417734402930364e-05,firing-ads,,6,1,2,,0.10851429102724931,0.20000000298023224,shotgun
0.00014385211397893727,44.21764176162094,36.13954052894038,19.999989196420348,30.604931204819948,32.396877939843755,20.000234499030825,6.071657480788417e-05,firing-ads,,7,1,2,,0.12660000485096676,0.2333333343267441,shotgun
0.00014625881158281118,44.74232037585652,37.22455774081292,19.999860852614393,31.28375128062236,33.36016499162266,20.000298404469287,5.7482680858811364e-05,firing-ads,,8,1,2,,0.14468572675962882,0.2666666805744171,shotgun
0.00014178147830534726,44.903958187078246,37.79890840724777,19.99991745979266,31.85697344731195,34.15171235409034,20.0003638281553,5.5127256928244606e-05,firing-ads,,9,1,2,,0.16277144058334625,0.30000001192092896,shotgun
0.00012569650425575674,44.80695552809871,37.864317466095024,19.9998536466973,32.029699394619016,34.40355686591248,20.000352485033233,5.364239768823609e-05,firing-ads,,10,1,2,,0.1808571544070637,0.3333333432674408,shotgun
0.00010552796447882429,44.63310540469744,37.65239742868381,19.999949199909114,31.920743327866802,34.28201636907367,20.000368001765423,5.2351046178955585e-05,firing-ads,,11,1,2,,0.19894286823078117,0.36666667461395264,shotgun
8.943205466493964e-05,44.48869605966872,37.40653513181517,19.999812771620793,31.80173587621523,34.14337772011655,20.000374232018466,5.129825876792893e-05,firing-ads,,12,1,2,,0.21702858205449863,0.4000000059604645,shotgun
7.980554801179096e-05,44.34274257325186,37.199972129272965,20.000076239709504,31.790251195446118,34.1447053963945,20.000412896536684,5.012614929000847e-05,firing-ads,,13,1,2,,0.23511429587821606,0.4333333373069763,shotgun
7.41318945074454e-05,44.15862991649042,36.992564950614984,19.999825705705984,31.87741749586397,34.28743590278236,20.000162184623317,4.907011316390708e-05,firing-ads,,14,1,2,,0.2532000097019335,0.4666666686534882,shotgun
6.838025728939101e-05,43.95435201412002,36.7414160657749,19.999859558593137,31.974950429333735,34.460792767628824,20.000285809248368,4.8273857828462496e-05,firing-ads,,15,1,2,,0.27128572352565095,0.5,shotgun
6.278375076362863e-05,43.769524596273364,36.43268657446418,19.999787389133285,32.02875057293821,34.57602258438288,20.000162537204947,4.7376062866533175e-05,firing-ads,,16,1,2,,0.28937145351925764,0.5333333611488342,shotgun
5.681491893483326e-05,43.63569531187593,36.0776302386584,19.99987210188682,32.0516705375294,34.6354986497629,20.00029370643884,4.649797119782306e-05,firing-ads,,17,1,2,,0.30745715117308586,0.5666666626930237,shotgun
4.99968919029925e-05,43.53505414248506,35.71570365195481,19.999908364699337,32.051245385534244,34.65044268394212,20.000444427096987,4.562383401207626e-05,firing-ads,,18,1,2,,0.3255428811666925,0.6000000238418579,shotgun
4.3285079300403595e-05,43.41448645464496,35.39872117000777,19.999958516377507,32.01713095711059,34.612140244032446,20.000193214137933,4.477414768189192e-05,firing-ads,,19,1,2,,0.3436285788205208,0.6333333253860474,shotgun
3.678947177832015e-05,43.25738866583926,35.14803410942359,19.999886304184102,31.944553877592927,34.52598637586882,20.00023620037548,4.404292849358171e-05,firing-ads,,20,1,2,,0.3617143088141274,0.6666666865348816,shotgun
3.059910159208812e-05,43.09517630396612,34.956677525166995,19.99988847559354,31.84583743373902,34.4071245967103,20.00024221280009,4.349648952484131e-05,firing-ads,,21,1,2,,0.37980000646795564,0.699999988079071,shotgun
2.5167490093735978e-05,42.98211005954988,34.82539306538953,19.99982877190295,31.72379929640228,34.24211896687157,20.000223531594234,4.271079524187371e-05,firing-ads,,22,1,2,,0.39788573646156233,0.7333333492279053,shotgun
1.901933501358144e-05,42.953449798103826,34.73629731093622,19.99980446320009,31.605476365028245,34.077242802112615,20.00030097398845,4.19565913034603e-05,firing-ads,,23,1,2,,0.41597143411539056,0.7666666507720947,shotgun
1.3432569176075049e-05,42.990809940767065,34.62134500983388,19.99987306688339,31.502967758237844,33.93034929750672,20.000189699609983,4.1005187085829675e-05,firing-ads,,24,1,2,,0.43405716410899725,0.800000011920929,shotgun
8.933088793128263e-06,43.05584628051757,34.443019826385814,19.99987109901827,31.426046263031413,33.828757987290196,20.00026091433583,4.005156733910553e-05,firing-ads,,25,1,2,,0.4521428617628255,0.8333333134651184,shotgun
5.127819804329192e-06,43.12204318090911,34.27075728957667,19.999836774197462,31.365108055569827,33.742689650399555,20.000385851398573,3.9143873436842114e-05,firing-ads,,26,1,2,,0.4702285917564321,0.8666666746139526,shotgun
3.189727522112662e-06,43.17598517800228,34.19596538699072,19.999977119684747,31.333656657420903,33.668522556650075,20.000242303131554,3.8260121073108166e-05,firing-ads,,27,1,2,,0.48831428941026034,0.8999999761581421,shotgun
5.280476671032375e-06,43.206492778030984,34.20677428357126,19.999973860792885,31.30972189290565,33.59431812730704,20.00025724628116,3.76210555259604e-05,firing-ads,,28,1,2,,0.506400019403867,0.9333333373069764,shotgun
7.927599654067308e-06,43.23531880396813,34.21762503438328,19.99977537620391,31.32113243143701,33.58339281721699,20.000208123332065,3.680269583128393e-05,firing-ads,,29,1,2,,0.5244857170576953,0.9666666388511659,shotgun
1.0923895388259552e-05,43.26246057610777,34.228429945217904,19.99985356556139,31.33571404227811,33.572450169672244,20.00038998992114,3.607954204198904e-05,firing-ads,,30,1,2,,0.5425714470513019,1,shotgun
1.321220952377189e-05,43.287965010346745,34.2392592816145,19.99994991704125,31.349744388528272,33.56151030984829,20.000179193443092,3.5425531677901745e-05,firing-ads,,31,1,2,,0.5606571447051302,1.0333333015441895,shotgun
1.534894181531854e-05,43.313128291460814,34.25008920162663,19.999920679769804,31.368011754259275,33.56102083334426,20.000409778554047,3.488854054012336e-05,firing-ads,,32,1,2,,0.5787429070385153,1.0666667222976685,shotgun
1.7490381651441567e-05,43.337748772501364,34.2609306221404,19.999774183929006,31.386661413258835,33.560547213278305,20.000213466187056,3.420342181925662e-05,firing-ads,,33,1,2,,0.5968286046923434,1.1000000238418577,shotgun
1.9180975868948735e-05,43.36188375750696,34.27172720284964,19.999880034711516,31.405557791578207,33.5600973305946,20.00026759829884,3.370247213752009e-05,firing-ads,,34,1,2,,0.6149143023461717,1.1333333253860474,shotgun
2.089599729515612e-05,43.38025496659001,34.2726057581355,19.999860206269815,31.423583769521127,33.55960214656214,20.000196241306966,3.305779682705179e-05,firing-ads,,35,1,2,,0.633,1.1666666269302368,shotgun
4.739713403978385e-05,32.56752816623327,32.56752816623327,0.0,14.911833103412988,33.569812169985646,20.000225568568286,0,reload,,0,0,0,,0,0,sniperRifle
5.46863375348039e-05,27.227004876087623,27.227004876087623,0.0,12.858749189537402,31.585820213235344,20.000252490894457,0,reload,,1,0,0,,0.03333333555345586,0.03333333507180214,sniperRifle
7.178340456448495e-05,23.268841849778113,23.268841849778113,0.0,10.421800005483389,29.23052586120432,20.000316981666206,0,reload,,2,0,0,,0.06666667110691173,0.06666667014360428,sniperRifle
9.792497439775616e-05,21.427270084603727,21.427270084603727,0.0,8.061526276460663,26.86115484341558,20.00019929303066,0,reload,,3,0,0,,0.10000000293507724,0.10000000149011612,sniperRifle
9.640616917749867e-05,21.580671727898025,21.580671727898025,0.0,6.0110438369685895,24.575058334184313,20.000314156345883,0,reload,,4,0,0,,0.132,0.1319999980926514,sniperRifle
9.609727567294613e-05,21.590984226458,21.595970549796544,0.0,5.9257473723063345,24.47955929121105,20.000435379854014,0,reload,,5,0,0,,0.13333334221382345,0.13333334028720856,sniperRifle
8.791955042397603e-05,19.12043642737508,22.47687360462296,3.4014157310239903,3.202081501471932,21.404907816140607,20.00024366029942,1.4901161193847656e-08,reload,,6,0,0,,0.16666667404198895,0.1666666716337204,sniperRifle
7.401506445603445e-05,11.778388981448177,23.624619588369843,11.879369032733232,0.7444308702707707,18.574230365130095,20.00048536961557,1.3328003944934608e-07,reload,,7,0,0,,0.19799999999999998,0.19799999713897704,sniperRifle
7.32016414985992e-05,11.16096227060131,23.709217067252315,12.578267064409172,0.5899398232433934,18.393607047407105,20.00034457245511,5.960464477539063e-08,reload,,8,0,0,,0.20000000587015448,0.20000000298023224,sniperRifle
5.073532520327717e-05,5.474601430348818,25.33341887829949,20.000004955698415,1.8117702509528661,15.487003230192785,20.000277634401634,2.9421760700643063e-05,reload,,9,0,0,,0.23333333769832001,0.23333333432674408,sniperRifle
2.9442357117659412e-05,8.278419859894242,26.7720870463338,19.9998523149205,3.750683314493044,13.064068173060736,20.000392786810437,0.00010993135219905525,reload,,10,0,0,,0.2666666844276469,0.2666666805744171,sniperRifle
1.5114949746930506e-05,14.214356557079546,30.765093137492403,19.999868727001576,5.402002334364634,11.19798107836391,20.00026777555023,0.00018704679678194225,reload,,11,0,0,,0.30000001625581246,0.30000001192092896,sniperRifle
7.220039151434321e-06,20.65863680218842,37.19108160620541,19.999823650374474,7.406705149303593,9.811866588143952,20.000405264160566,0.00024985329946503043,reload,,12,0,0,,0.3333333480839779,0.3333333432674408,sniperRifle
2.9802322387695312e-08,39.02673076106251,39.46359802613106,19.999751011184948,9.451065834936097,8.844030373517262,19.97246724175115,0.00047367074876092374,reload,,13,0,0,,0.36666667991214347,0.3666666746139527,sniperRifle
0,16.153422290380227,31.991463316095246,19.999779776702802,9.01616536887197,8.25587350210333,18.593749410877034,0.00044312301906757057,reload,,14,0,0,,0.39599999999999996,0.39599999427795407,sniperRifle
4.214684778958144e-08,15.35896887060265,30.984690114485645,19.999765923358993,8.983795445228356,8.184020023845427,18.456434523736604,0.0004578316875267774,reload,,15,0,0,,0.40000001174030897,0.4000000059604645,sniperRifle
6.664001972467304e-08,9.442530193816681,21.650917326809108,19.999797600738596,8.02357894341532,8.572378333937996,18.131914518756247,0.0006451476947404444,reload,,16,0,0,,0.43333334356847447,0.4333333373069763,sniperRifle
0,9.442278223596958,12.905774209998429,19.99982747024475,7.70077500726146,9.896511989755615,18.80770507364497,0.0008972185896709561,reload,,17,0,0,old,0.462,0.4619999933242798,sniperRifle
2.9802322387695312e-08,10.185563419935082,11.479780876468363,19.999843459099363,7.747474172207023,10.155882078459435,18.974050700074717,0.0009462650632485747,reload,,18,0.00014927825406294197,0,old,0.46666667539664003,0.46666666865348816,sniperRifle
1.5011024743216694e-06,18.896658644548136,0.6954298234077151,19.999881929167813,8.51605706942694,11.729356392295772,20.00032091804805,0.001272779074497521,reload,,19,0.009563183573312716,0,old,0.5000000072248055,0.5,sniperRifle
1.1970929335802794e-05,30.292775365562985,12.76692337797337,19.99988615990467,9.078461027591898,12.518494588318472,20.000056250157723,0.001375936670228839,reload,,20,0.03251933085096424,0,old,0.5333333688552938,0.5333333611488342,sniperRifle
3.0563005566364154e-05,26.48226981022449,24.457339818415413,19.99983715361487,9.806657854710325,12.734848680902978,20.0002235674752,2.588072129583452e-05,reload,,21,0.0674717267157374,0,old,0.5666666708811365,0.5666666626930237,sniperRifle
5.4900545364944264e-05,35.932419709471446,34.218054821315164,19.99992217885113,10.266408017031935,12.880766128330867,20.000172353426894,1.784780943125952e-05,reload,,22,0.11287457930561019,0,old,0.6000000325116249,0.6000000238418579,sniperRifle
8.30172939458862e-05,42.434218751542666,40.88930086631262,19.99984265269605,10.598981073961795,13.054718625231473,20.000478016358205,1.2821312338928692e-05,reload,,23,0.16718181307156246,0,old,0.6333333345374675,0.6333333253860474,sniperRifle
0.00012758925731759518,45.48170214829579,44.117801740142276,19.999760629037393,10.996220441887752,13.123007039170941,20.000395333947278,1.1258219274168368e-05,reload,,24,0.2288477053699329,0,old,0.6666666961679558,0.6666666865348816,sniperRifle
0.00018932238162960857,45.12502541890415,44.04883598963327,19.99994616791439,11.41265655886971,12.682518575403959,20.000198884329237,1.1619564247666858e-05,reload,,25,0.2963261224905881,0,old,0.6999999981937985,0.699999988079071,sniperRifle
0.00028208483126945794,42.58249908764259,41.97910910397079,19.99967505639416,11.862585045069046,11.625764659726697,20.000163765435804,1.0626105904520955e-05,reload,,26,0.36807138889373325,0,old,0.7333333598242869,0.7333333492279054,sniperRifle
0.0004213009960949421,39.343683409888094,39.328339349932854,19.999895932717557,12.38158100037763,10.315017335991286,20.000240928018535,1.1928565982088912e-05,reload,,27,0.44253733482261404,0,old,0.7666666618501295,0.7666666507720946,sniperRifle
0.0005957921966910362,51.50544346310446,37.082306764190676,20.000064507074722,12.933774941521564,9.286679277013594,20.000416675696595,1.6420724932686426e-05,reload,,28,0.5181783097268107,0,old,0.8000000234806179,0.800000011920929,sniperRifle
0.0007546934648416936,47.847064773755434,33.792068146976206,19.999679095269606,13.617866317480606,8.528691972540372,20.000253856584944,2.1815627405885607e-05,reload,,29,0.593448129917441,0,old,0.8333333255064607,0.8333333134651184,sniperRifle
0,41.35499598730761,28.234937289968876,19.999723120008632,14.896661294009684,7.427640745793369,20.000413823056864,3.928915612050332e-05,reload,,30,0.6668011477189657,0,old,0.8666666871369489,0.8666666746139526,sniperRifle
0,34.5299012902405,24.434486331958418,19.999924760782854,16.754843462757087,5.712745033543758,20.000321587714073,7.690018537687138e-05,reload,,31,0.7366911876248684,0,old,0.8999999891627917,0.8999999761581421,sniperRifle
0,29.50402099749438,25.171836777779127,19.99980191925033,18.48271891278162,4.34798025910225,20.00023007621287,0.00014569965424016118,reload,,32,0.801572582719998,0,old,0.9333333507932801,0.9333333373069763,sniperRifle
0,28.51503187820055,27.803308006797568,19.999608538988387,19.153422255199455,4.436077875510576,20.00017881665426,0.0003213983145542443,reload,,33,0.8598991877946968,0,old,0.9666666528191228,0.9666666388511658,sniperRifle
0,30.531227955875185,29.07233128715731,19.99984538217893,18.93222906077655,5.0918107835411295,20.00033645850746,0.000338856247253716,reload,,34,0.9101252945797083,0,old,1.000000014449611,1,sniperRifle
0,19.276180127497813,30.662518449181484,19.999860168133683,18.482378540410497,5.908552820022409,20.00024977665534,0.0002282795903738588,reload,,35,0.9507048102767257,0,old,1.0333333164754537,1.0333333015441895,sniperRifle
0,28.866349639844973,30.14637097385562,19.999888561128955,18.089720083273676,6.367797018175402,20.000266002116057,3.582853878469905e-06,reload,,36,0.9800920047679,0,old,1.0666667377105876,1.0666667222976685,sniperRifle
0,34.965936587877046,32.93924814827564,19.999975993544634,17.50619026222061,6.485141652550644,20.000422116707696,3.844564616883872e-06,reload,,37,0.996740752380695,0,old,1.1000000397364305,1.100000023841858,sniperRifle
0,35.40043849679133,33.86731616603665,19.999981708424297,17.23060398600742,6.771419870064008,20.00036745014021,2.1794444364786614e-06,reload,,38,1,0,,1.122,1.1219999837875367,sniperRifle
0,35.579324789359625,34.27734562892298,19.999729559188015,17.08988082862342,6.922156542146842,20.000322533121626,3.1244949241227005e-06,reload,,39,1,0,,1.133333341762273,1.1333333253860474,sniperRifle
0,35.662182001132265,34.017276625691196,19.999510878905433,17.145190870790483,6.926716855463401,20.000295478611697,8.264987627626397e-06,reload,,40,1,0,,1.1666666437881157,1.1666666269302368,sniperRifle
0,35.94299226862907,32.54324219605421,19.999815333959834,17.68993463596077,6.789560041990224,20.0002466104482,8.80228981259279e-06,reload,,41,1,0,,1.2000000650232499,1.2000000476837158,sniperRifle
0,37.918030882625,33.86655385085141,19.999775783733913,18.580160659076107,6.405069655514485,20.000294449027333,1.95670854736818e-05,reload,,42,1,0,,1.2333333670490925,1.2333333492279053,sniperRifle
0,41.45567392234434,37.459452152024,19.999975652364732,19.62701958873803,6.46105187255971,20.00032418770136,6.602668145205826e-05,reload,,43,1,0,,1.266666669074935,1.2666666507720947,sniperRifle
0,44.205848851742566,40.996789101422216,19.99978237486353,20.86589269881041,6.603056540605371,20.000069761780534,0.0001683509035501629,reload,,44,1,0,,1.299999971100778,1.2999999523162842,sniperRifle
0,43.090138356318114,41.27540172462131,19.999883524572923,22.319642662453393,6.935058595509099,20.00023992697597,0.0001418853789800778,reload,,45,1,0,,1.3333333923359116,1.3333333730697632,sniperRifle
0,46.94720496903322,47.02273914844903,19.999999785836433,23.167030147762972,7.210260981838881,20.00021481110675,0.0006836774991825223,reload,,46,1,0,,1.3666666943617545,1.3666666746139526,sniperRifle
0,41.81027972672281,42.8115441755322,19.999936778750005,23.485029298040846,6.728448465443195,20.000442217538318,8.856936619849876e-05,reload,,47,1,0,,1.399999996387597,1.399999976158142,sniperRifle
0,40.69930072416392,29.43393766719382,19.999863626704993,22.707723589399944,5.5694017573969825,20.00030951132034,0.0005076918751001358,reload,,48,1,0,,1.43333329841344,1.4333332777023315,sniperRifle
0,14.667802543026811,25.074058280039267,19.99985671112075,21.880528181650217,5.372647779259973,20.000367794379,0.00017050173482857645,reload,,49,1,0,,1.4666667196485739,1.4666666984558108,sniperRifle
0,13.671460273070009,33.635167832417196,19.99991335916033,21.388855735092555,5.490891140312662,20.000329783621382,0.00012062777386745438,reload,,50,1,0,,1.5000000216744165,1.4999999999999998,sniperRifle
0,12.970970638762827,32.83948696606496,19.99992660781832,21.363791256671764,5.676697599178939,20.0003481460331,0.00014667643699795008,reload,,51,1,0,fresh,1.518,1.5179999780654907,sniperRifle
0,12.664271942952155,32.185186659517804,19.99987222210898,21.3456708347444,5.837097771091049,20.000327535756753,0.00017240385932382196,reload,,52,0.9994448206759105,0,fresh,1.533333323700259,1.5333333015441892,sniperRifle
0,0.35270073852085315,19.846214703755102,19.999581522775685,21.9712172426203,7.051581162272825,20.00019448617195,0.0002304011577507481,reload,,53,0.9945190398855092,0,fresh,1.5666667449353933,1.5666667222976685,sniperRifle
0,14.512148279755472,11.18464548810541,19.999732922784762,24.438210298420394,10.782322820030961,20.000428416747848,0.0003260672092437744,reload,,54,0.984756982568051,0,fresh,1.6000000469612359,1.600000023841858,sniperRifle
0,27.651967089738626,12.933453875128775,19.999828833045292,27.367393717678,15.084145693393257,20.000384686885464,0.0006521767936646938,reload,,55,0.9704732973405936,0,fresh,1.6333333489870785,1.6333333253860474,sniperRifle
0,19.899015983404535,9.035674571811057,19.999555706021944,28.06634806094542,16.996489594058467,20.000190164818985,0.0006227882695384324,reload,,56,0.9519826414130519,0,fresh,1.6666666510129213,1.6666666269302368,sniperRifle
0,14.12542307038067,11.407816647069732,20.000027921896486,25.594075653148774,15.89682946410817,20.00036605971348,0.0005957945249974728,reload,,57,0.9295995853626006,0,fresh,1.700000072248055,1.7000000476837158,sniperRifle
0,8.332808357175903,14.387789364346373,19.999893877218103,21.391421652479785,13.933325422714537,20.00040010406967,0.00024285366816911846,reload,,58,0.9036389474325794,0,fresh,1.7333333742738979,1.7333333492279053,sniperRifle
0,10.686736184331554,15.638148160556687,19.99985964770328,17.117792486411364,13.079796098000557,20.000422882614284,0.00024823570856824517,reload,,59,0.8744153115575217,0,fresh,1.7666666762997405,1.7666666507720947,sniperRifle
0,13.866188852483623,15.784271000506145,19.9998466080444,14.965695679705144,12.927019867065868,20.000225629308886,0.00026490227901376784,reload,,60,0.8422433349473413,0,fresh,1.7999999783255833,1.7999999523162842,sniperRifle
0,18.417919287838046,17.253288470231066,19.999849471783318,13.05310860473775,12.775210694358233,20.00037662348382,0.0002889595925807953,reload,,61,0.8074375460027826,0,fresh,1.8333333995607173,1.8333333730697632,sniperRifle
0,21.78086936581176,16.57860340941742,19.999901510962665,12.210575668688943,12.396466632784412,20.000276093365827,0.00028340768767520785,reload,,62,0.7703128518212629,0,fresh,1.8666667015865601,1.8666666746139526,sniperRifle
0,25.096909082130555,14.598576931621501,19.99982672186262,11.84863898761129,12.153893989303423,20.00028513226946,0.00023111865448299795,reload,,63,0.731183789659668,0,fresh,1.9000000036124027,1.899999976158142,sniperRifle
0,28.825354778595944,13.838369741291075,19.99971439857176,10.517643990054204,12.03393550651616,20.000339703515014,0.0001303444296354428,reload,,64,0.690365016727913,0,fresh,1.9333333056382456,1.9333332777023315,sniperRifle
0,5.923233336586628,15.591509957795145,19.999772369388026,7.57941750642783,12.627312335705694,20.00011969077785,0.051973361521959305,reload,,65,0.6481710372551902,0,fresh,1.9666667268733793,1.9666666984558105,sniperRifle
0,2.434886457312326,19.820690480554166,19.999721446549835,5.228906100989801,15.798102459381756,20.000230777045644,9.570456313667819e-06,reload,,66,0.6049168111832357,0,fresh,2.000000028899222,2,sniperRifle
0,9.69123950357524,25.682711958581468,19.999894373230568,6.249582253345926,19.88447964156025,20.000328814794972,1.2516549759311602e-05,reload,,67,0.5609168470961683,0,fresh,2.0333333309250645,2.033333301544189,sniperRifle
0,13.957401654718778,29.611927255877553,19.999849240730782,7.506270740687785,22.523892258045827,20.000292253181353,0.0023936720099300146,reload,,68,0.5164858022039023,0,fresh,2.0666666329509074,2.066666603088379,sniperRifle
0,13.895689327752581,29.144347779180816,19.999722170325512,7.524954166320936,23.10056350499368,20.000214430526853,0.007287947461009026,reload,,69,0.47193833371635263,0,fresh,2.09999993497675,2.0999999046325684,sniperRifle
0,11.30249928451805,26.836889901889958,19.999876363945553,6.240243282400601,22.646831727415158,20.000324749438782,0.0019238705281168222,reload,,70,0.4275887830918391,0,fresh,2.1333334754211752,2.133333444595337,sniperRifle
0,9.816460068241286,24.680646906322718,19.999952838957267,4.944620021522507,21.784704061763833,20.0002646575835,1.4809123058512341e-05,reload,,71,0.38375244383726204,0,fresh,2.166666777447018,2.1666667461395264,sniperRifle
0,7.8619408792808105,21.432508351983135,19.999837991747068,4.1060790321252965,21.37441681035398,20.00012594087189,1.3172274520911742e-05,reload,,72,0.3407436548677518,0,fresh,2.200000079472861,2.200000047683716,sniperRifle
0,6.706921871907408,20.099148245293392,19.999740860328746,4.183610857818541,21.93076554461367,20.00025031054412,1.1988780897809193e-05,reload,,73,0.2988770733932231,0,fresh,2.2333333814987033,2.2333333492279053,sniperRifle
0,5.39337773147995,17.90191608481504,19.99999525365082,4.948056427970932,22.96100234920505,20.00028341140581,1.0733233466453385e-05,reload,,74,0.2584673566235903,0,fresh,2.266666683524546,2.2666666507720947,sniperRifle
0,3.5590478078374903,14.661732520538466,19.999837599543458,5.826261531523205,23.76503607295818,20.0001954179437,1.0739096069301013e-05,reload,,75,0.21982916176876788,0,fresh,2.299999985550389,2.299999952316284,sniperRifle
0,3.0568344242855,12.094150749778702,19.999923028125004,6.244968020467889,23.899325535791238,20.000352537235717,1.251733920071274e-05,reload,,76,0.18327714603867218,0,fresh,2.3333332875762314,2.3333332538604736,sniperRifle
0,2.1393490823851558,12.204596219073135,19.99980649656814,6.164946716453131,23.670366143566525,20.000394418402315,1.2965243513463065e-05,reload,,77,0.1491259666432163,0,fresh,2.366666589602074,2.366666555404663,sniperRifle
0,26.895343283312613,13.696983009116531,19.999925319223557,6.047564651833427,23.498895796402074,20.000198591281148,0.0015528597868978977,reload,,78,0.11769006640820467,0,fresh,2.4000001300464997,2.4000000953674316,sniperRifle
0,28.16771640132452,11.720415030696861,19.9997595141341,6.679975312500412,23.507362443732667,20.000367940073634,0.0013958874624222517,reload,,79,0.08928455411043323,0,fresh,2.433333432072342,2.433333396911621,sniperRifle
0,28.278580853444485,9.981530827760713,19.99997633385791,7.644260924680126,24.12754626471195,20.00033846932538,0.001280617550946772,reload,,80,0.06422385202765202,0,fresh,2.466666734098185,2.4666666984558105,sniperRifle
0,27.990596289920905,14.809346157198162,19.999841858198675,8.949818620749523,25.676301951719704,20.000212948612333,0.0012692594900727272,reload,,81,0.04282261736977633,0,fresh,2.5000000361240278,2.5,sniperRifle
0,27.32671204109685,21.177075189333497,19.999985368013384,10.85403506782422,27.980017780382774,20.000238403323632,0.0011995540698990226,reload,,82,0.025395507346720803,0,fresh,2.53333333814987,2.5333333015441895,sniperRifle
0,26.949238623793466,26.51391413216821,19.999945803423927,13.19020211476274,30.614620842454272,20.00006886028858,0.0011240026215091348,reload,,83,0.012257179168400079,0,fresh,2.566666640175713,2.566666603088379,sniperRifle
0,26.487635525789088,29.999306406251925,19.999698465132923,15.421566603032268,33.02807438245136,20.000169742899217,0.0010832106927409768,reload,,84,0.0037222900447291263,0,fresh,2.599999942201556,2.5999999046325684,sniperRifle
2.7122176106786355e-05,24.961401241265193,32.092439099442245,19.999795890014745,19.073663577946636,34.91187074774479,20.000344586129014,0.0006366747547872365,reload,,85,0.00010548965511514297,0,fresh,2.633333482645981,2.633333444595337,sniperRifle
2.4798344384180382e-05,24.810665813784237,32.41170434907136,19.99987212632975,19.571392270433275,35.17239687646744,20.00046225664615,0.000602087180595845,reload,,86,0,0,fresh,2.64,2.6399999618530274,sniperRifle
1.7235459381481633e-05,24.363659903720695,33.7501606641786,19.999999660543313,21.529386282260816,36.21443335854802,20.000475119880306,0.0004962817183695734,reload,,87,0,0,fresh,2.6666667846718233,2.6666667461395264,sniperRifle
1.3402963304542936e-05,24.621703361237834,34.53570078941608,19.999852454852558,22.581768076523666,36.544868323231675,20.000366642143415,0.0004738550924230367,reload,,88,0,0,fresh,2.700000086697666,2.700000047683716,sniperRifle
1.2068661817465909e-05,24.710178733730313,34.60430020415917,19.999734570612084,23.15936068855978,36.74908768047272,20.00042281611977,0.0004827010852750391,reload,,89,0,0,fresh,2.733333388723509,2.7333333492279053,sniperRifle
1.1663002624118235e-05,24.196903021041106,34.15277213080327,19.999714889677605,23.59280572080559,37.037677234668394,20.000380132755076,0.0004916164907626808,reload,,90,0,0,fresh,2.7666666907493513,2.7666666507720947,sniperRifle
1.173153032141272e-05,24.074103177261385,34.04586511342322,19.999858326690635,23.632530361725635,37.077228125530795,20.00035273782509,0.0004926230758428574,reload,,91,0,0,,2.772,2.7719999599456786,sniperRifle
1.2064052498317324e-05,23.34663866609638,33.48378760193202,19.99995654063342,23.841947125608005,37.287749748874475,20.000187606566662,0.00048797312774695456,reload,,92,0,0,,2.799999992775194,2.799999952316284,sniperRifle
1.2958365005033556e-05,22.43643545750126,32.75139936780491,19.999766383380596,23.69950720566727,37.300096371274996,20.000408888644543,0.0004638559476006776,reload,,93,0,0,,2.833333294801037,2.8333332538604736,sniperRifle
1.464329307054868e-05,21.362922198154013,32.292764931444246,19.999638068375837,22.9496654060503,37.13474025488912,20.00029167376585,0.0004283541929908097,reload,,94,0,0,,2.86666659682688,2.866666555404663,sniperRifle
1.816735129978042e-05,18.933529159360088,31.84652541758728,20.00005015727078,21.46048560336217,36.9171855408751,20.00044365997014,0.000266438553808257,reload,,95,0,0,,2.9000001372713053,2.900000095367432,sniperRifle
2.295924241479952e-05,17.057142718160456,31.48498453240187,19.99966136788254,19.709942353483687,36.59039372606491,20.000222921089453,0.00013727716577704996,reload,,96,0,0,,2.9333334392971477,2.9333333969116215,sniperRifle
2.8758086045854725e-05,15.634588408067112,31.169242890129123,19.999684701917957,18.1915333569322,36.18102186818592,20.000441438905693,6.15008466411382e-05,reload,,97,0,0,,2.9666667413229906,2.966666698455811,sniperRifle
3.4071319532813504e-05,14.543108702884371,30.91016294600419,19.999736456461427,17.16466150707845,35.74117750367573,20.00035453985659,8.900073225959204e-06,reload,,98,0,0,,3.000000043348833,2.9999999999999996,sniperRifle
3.8893540477147326e-05,20.727285146760305,30.74561708049145,10.976867622791026,16.54886847328641,35.32621840972426,20.00023297332873,1.2731557319511921e-07,reload,,99,0,0,,3.0333333453746754,3.033333301544189,sniperRifle
4.2467003368074074e-05,27.77748782072114,30.7142982788265,3.0948670152469226,16.200636995128576,34.957856936487296,20.00025438509429,6.006850128414953e-08,reload,,100,0,0,,3.066666647400518,3.0666666030883785,sniperRifle
4.424819053383544e-05,30.81914901001328,30.829219546772418,0.0,15.921588060353317,34.62036122031249,20.000384771199837,1.1944189282075968e-07,reload,,101,0,0,,3.099999949426361,3.099999904632568,sniperRifle
4.4250147766433656e-05,30.844287042458415,30.844287042458415,0.0,15.906225991329515,34.602959597741446,20.00053649972547,0,reload,,102,0,0,,3.102,3.101999955177307,sniperRifle
4.46841077064164e-05,31.08001184822044,31.08001184822044,0.0,15.665074915543697,34.330151317474865,20.000350491753323,0,reload,,103,0,0,,3.1333334898707865,3.133333444595337,sniperRifle
4.565156632452272e-05,31.35761300695035,31.35761300695035,0.0,15.3895354411481,34.04365132998177,20.00044397286257,0,reload,,104,0,0,,3.166666791896629,3.1666667461395264,sniperRifle
4.608881863532588e-05,31.646168474775727,31.646168474775727,0.0,15.158688406384798,33.802060504510074,20.00031855413732,0,reload,,105,0,0,,3.2000000939224718,3.200000047683716,sniperRifle
4.6826429752400145e-05,31.92175463177513,31.92175463177513,0.0,14.989460963901413,33.636688773411926,20.00023053352151,0,reload,,106,0,0,,3.2333333959483146,3.2333333492279053,sniperRifle
4.7195157094392926e-05,32.194752351542725,32.194752351542725,0.0,14.912228278003926,33.565455891546755,20.000197001223363,0,reload,,107,0,0,,3.266666697974157,3.2666666507720947,sniperRifle
4.743694080389105e-05,32.56750185622975,32.56750185622975,0.0,14.91181360606163,33.56979089026413,20.00032085823355,0,reload,,108,0,0,,3.3,3.299999952316284,sniperRifle
2.563692760304548e-07,10.231965781292415,9.86171782899952,19.999873198218854,10.821053909299012,25.542309748548522,20.00047725667872,0.016524704173207283,ads,support contact >10mm,0,0,0,,0,0,sniperRifle
3.0005610824446194e-05,11.67433257392142,9.89363668229572,20.000050772451917,6.10159555905948,25.531599210674184,20.00049255722406,1.7336653854727047e-06,ads,,1,0,0,,0.016666666666666666,0.016666666666666666,sniperRifle
6.672769814031199e-05,13.447137426809388,9.925533713202858,19.999918917071085,5.535481894041238,25.52112866070838,20.000359478059202,6.34754496786627e-06,ads,,2,0,0,,0.03333333507180214,0.03333333507180214,sniperRifle
9.647329716244712e-05,14.679036580192268,9.957480961993362,19.99982932928985,5.662285656518214,25.511304591130227,20.00032211721129,9.80420554697048e-06,ads,,3,0,0,,0.05,0.05,sniperRifle
0.00011901569814654067,15.615924035289419,9.989405157978748,19.999782934107202,5.784830978141077,25.5016650240733,20.000450949771054,1.2822239114029799e-05,ads,,4,0,0,,0.06666667014360428,0.06666667014360428,sniperRifle
0.00013536271580960602,16.360799692315148,10.021346278793706,19.999931195386182,5.752439946382174,25.49309464168945,20.000387023413943,1.5282199456123635e-05,ads,,5,0,0,,0.08333333333333333,0.08333333333333333,sniperRifle
0.00014473707415163517,16.960822226493644,10.053285095735841,20.000020509728305,5.599536177053698,25.48474395552793,19.999948742138375,1.744306973705534e-05,ads,,6,0,0,,0.10000000149011612,0.10000000149011612,sniperRifle
0.0001464792003389448,17.43342942660677,10.085211268832158,19.99997070459454,5.589239935032631,25.477277146787646,20.000197667261794,1.940339461725671e-05,ads,,7,0,0,,0.11666666666666667,0.11666666666666667,sniperRifle
0.0001415295118931681,17.772037605459534,10.117141390973229,19.999854893276556,6.266501669890614,25.47000585494226,20.000386835081365,2.095137460855767e-05,ads,,8,0,0,,0.13333334028720856,0.13333334028720856,sniperRifle
0.00013719918206334114,17.897765172633772,10.130259845275509,19.99967427029615,7.072696507366652,25.466510340915917,20.000096837623722,2.1756273781647906e-05,ads,,9,0,0,,0.14285714285714285,0.14285714285714285,sniperRifle
0.00013728947669733316,17.899128389543712,10.140136391920327,19.999965275352327,7.0614029664663125,25.46391194840057,20.000375490883144,2.175675763282925e-05,ads,,10,0,0,,0.15,0.15,sniperRifle
0.00013753623352386057,17.902241299662418,10.163112576625876,19.999856918377784,7.035251259235449,25.45800504968509,20.000410948621838,2.1677189579349943e-05,ads,,11,0,0,,0.1666666716337204,0.1666666716337204,sniperRifle
0.00013787331408821046,17.90370064542345,10.186111602782631,19.999936494065455,6.998898200778847,25.435340401315127,20.00033483070112,2.1730716980528086e-05,ads,,12,0,0,,0.18333333333333332,0.18333333333333332,sniperRifle
0.0001379613677272573,17.905199114805267,10.209109222652241,19.999934636407286,6.962667636759122,25.412861804326397,20.00041251021395,2.1810419639223255e-05,ads,,13,0,0,,0.20000000298023224,0.20000000298023224,sniperRifle
0.00013821145694237202,17.906715207575527,10.232094802884705,19.999870670606,6.919614550073713,25.37968692388061,20.000258222208636,2.1677189579349943e-05,ads,,14,0,0,,0.21666666666666667,0.21666666666666667,sniperRifle
0.000138649542350322,17.908290389836576,10.255090386732737,19.99961833712597,6.876625107582584,25.346582131457456,20.000327196890694,2.178258182539139e-05,ads,,15,0,0,,0.23333333432674408,0.23333333432674408,sniperRifle
0.00013885142107028514,17.920807628443914,10.25895237764194,19.999803934859145,6.834011407493432,25.312883331628786,20.000297546830872,2.1677436961908825e-05,ads,,16,0,0,,0.25,0.25,sniperRifle
0.00013902953651268035,17.933399739430396,10.26285790669151,19.999831164093532,6.791425144790825,25.27925421726449,20.000205638183775,2.17029719351558e-05,ads,,17,0,0,,0.2666666805744171,0.2666666805744171,sniperRifle
0.00013943496742285788,17.945938628495483,10.266751134282353,19.999918766807035,6.748620530397716,25.243666230602035,20.000216820543304,2.1649731934303418e-05,ads,,18,0,0,,0.2833333333333333,0.2833333333333333,sniperRifle
0.0001396161678712815,17.958516544429834,10.270657445630025,19.999758024367516,6.705831966423284,25.20815710200538,20.000264989633813,2.159679752367083e-05,ads,,19,0,0,,0.30000001192092896,0.30000001192092896,sniperRifle
0.0001398397726006806,17.9715398888774,10.274621462838498,19.999847666536223,6.66563549273517,25.173141968187128,20.0004201557734,2.1675679818145e-05,ads,,20,0,0,,0.31666666666666665,0.31666666666666665,sniperRifle
0.00013997555652167648,17.984606311565813,10.278590893377975,19.99983095484662,6.62546493170227,25.138129651865764,20.000413637763632,2.1674968593288213e-05,ads,,21,0,0,,0.3333333432674408,0.3333333432674408,sniperRifle
0.00014037957589607686,17.998638731610647,10.28255240448352,19.999786411411673,6.581370088556966,25.10315074197205,20.000225692522225,2.1622763597406447e-05,ads,,22,0,0,,0.35,0.35,sniperRifle
0.0001405112852808088,18.01271525980488,10.286570298807696,19.999890793937947,6.537282808783304,25.068234158387803,20.000258891676857,2.1569447198999114e-05,ads,,23,0,0,,0.36666667461395264,0.36666667461395264,sniperRifle
0.00014072752674110234,18.026596260705652,10.290597966195941,20.000025282159122,6.497177064300505,25.0351645652803,20.000242029120347,2.1543033653870225e-05,ads,,24,0,0,,0.38333333333333336,0.38333333333333336,sniperRifle
0.00014087044110056013,18.04049767704862,10.294619772312641,19.999866497249606,6.457071144731826,25.0020296060367,20.00036097637354,2.1648162146448158e-05,ads,,25,0,0,,0.4000000059604645,0.4000000059604645,sniperRifle
0.00014115138037595898,18.066665482226323,10.280663782708306,20.000038260503807,6.41696695084623,24.968938714208434,20.000298826295644,2.1567617295659147e-05,ads,,26,0,0,,0.4166666666666667,0.4166666666666667,sniperRifle
0.000141308773891069,18.092771904103515,10.266772235071423,19.999780982327966,6.3768683646995905,24.93593120662788,20.000386225764363,2.1463145458255894e-05,ads,,27,0,0,,0.4333333373069763,0.4333333373069763,sniperRifle
0.00014155672397464514,18.11896546745879,10.252961027318097,20.000009920628134,6.34359501442013,24.907062885415545,20.000108472877432,2.1568466763710603e-05,ads,,28,0,0,,0.45,0.45,sniperRifle
0.00014163341256789863,18.145141705512863,10.239230042246476,19.999953481155153,6.310311342678156,24.878181300545737,20.000156636508873,2.1434998416225426e-05,ads,,29,0,0,,0.46666666865348816,0.46666666865348816,sniperRifle
0.0001417688763467595,18.1763958890281,10.218230083179877,19.999806224979135,6.279051641337277,24.849295112443407,20.000313717072753,2.1515337721211836e-05,ads,,30,0,0,,0.48333333333333334,0.48333333333333334,sniperRifle
0.00014194856339599937,18.20770322201116,10.197305224952276,19.999875372200638,6.247787484883325,24.820433894422358,20.000398875508033,2.1409172404673882e-05,ads,,31,0,0,,0.5,0.5,sniperRifle
0.00014198455028235912,18.239676134053397,10.176519775289307,19.999886899556536,6.220163524767394,24.794164436571016,20.000407002234194,2.140895048796665e-05,ads,,32,0,0,,0.5166666666666667,0.5166666666666667,sniperRifle
0.00014218538126442581,18.271663564616777,10.155843305911734,19.99976041848915,6.192548860294233,24.76788179028502,20.000263657216454,2.1274392565828748e-05,ads,,33,0,0,,0.5333333611488342,0.5333333611488342,sniperRifle
0.00014210506924428046,18.308298313952246,10.128893332358354,19.999670887193354,6.165238232680857,24.741589628696136,20.00017312923076,2.1195104636717588e-05,ads,,34,0,0,,0.55,0.55,sniperRifle
0.0001423460489604622,18.345012612994772,10.102129999122544,19.999736543870334,6.137945482472181,24.715264530018008,20.00034486877646,2.1247760741971433e-05,ads,,35,0,0,,0.5666666626930237,0.5666666626930237,sniperRifle
0.00014229975931812078,18.3823339089198,10.075513135457541,19.99967873458826,6.114013926478154,24.691022345054662,20.000481866012272,2.106145620928146e-05,ads,,36,0,0,,0.5833333333333334,0.5833333333333334,sniperRifle
0.00014239198935683817,18.419756053132485,10.049009404892677,19.999849854321067,6.090101076306047,24.66674297462417,20.00009828785787,2.1061832740087993e-05,ads,,37,0,0,,0.6000000238418579,0.6000000238418579,sniperRifle
0.00014241387543734163,18.456964929716438,10.022702422023201,19.999914289658538,6.069457646651763,24.643271059532008,20.000227848653793,2.103509359585587e-05,ads,,38,0,0,,0.6166666666666667,0.6166666666666667,sniperRifle
0.00014232334797270596,18.49427881775975,9.996554843197039,19.999889085887347,6.04883292531953,24.619869248608495,20.000375735041683,2.0982201021979563e-05,ads,,39,0,0,,0.6333333253860474,0.6333333253860474,sniperRifle
0.00014233637193683535,18.54123140631746,9.9625534819503,19.99986530864394,6.029587133514526,24.5976192086807,20.000391559993556,2.0981364286853932e-05,ads,,40,0,0,,0.65,0.65,sniperRifle
0.00014239475422073156,18.588340296081544,9.928839280338174,19.999722931883053,6.010423209242164,24.57536773593515,20.0002004453359,2.0848552594543435e-05,ads,,41,0,0,,0.6666666865348816,0.6666666865348816,sniperRifle
0.00014236060087569058,18.642788170000145,9.88817835955973,19.999940340188353,5.990514985337826,24.55129315118146,20.000426108400706,2.082154605886899e-05,ads,,42,0,0,,0.6833333333333333,0.6833333333333333,sniperRifle
0.00014236402057576925,18.697400958244206,9.847920237268914,19.999926587948284,5.9706930412722565,24.527251089461963,20.000158998403542,2.082066384900827e-05,ads,,43,0,0,,0.699999988079071,0.699999988079071,sniperRifle
0.00014216262206900865,18.75937141413814,9.803270849324104,19.999766897223797,5.954221991043968,24.50242171498896,20.00038888173327,2.0660771042457782e-05,ads,,44,0,0,,0.7166666666666667,0.7166666666666667,sniperRifle
0.00014207766798790544,18.82156596394652,9.759042999209642,19.999671549800752,5.937854156210847,24.477556387995257,20.00031902860494,2.063462852675002e-05,ads,,45,0,0,,0.7333333492279053,0.7333333492279053,sniperRifle
0.00014199003635440022,18.88561962403516,9.714045090741335,19.999675857876916,5.931708480678162,24.46120576307836,19.99992801740542,2.0501036487985402e-05,ads,,46,0,0,,0.75,0.75,sniperRifle
0.00014177711273077875,18.949908795980885,9.669545538947967,19.999743735225362,5.925681911119145,24.444839852111325,20.00034622786213,2.0394529201439582e-05,ads,,47,0,0,,0.7666666507720947,0.7666666507720947,sniperRifle
0.00014168163761496544,19.01450749737497,9.625503221277766,19.99977742375456,5.91984881545163,24.428567276076365,20.000324126167374,2.031448093475774e-05,ads,,48,0,0,,0.7833333333333333,0.7833333333333333,sniperRifle
0.00014155679673422128,19.07930477378453,9.581960595416746,19.999810404563757,5.914149150043209,24.412352224282866,20.000316070299352,2.0369127014419064e-05,ads,,49,0,0,,0.800000011920929,0.800000011920929,sniperRifle
0.0001412236742908135,19.145101143317795,9.538971018949011,19.999924320209505,5.921401476787436,24.40550254720731,20.000186424920287,2.007417060667649e-05,ads,,50,0,0,,0.8166666666666667,0.8166666666666667,sniperRifle
0.00014093435311224312,19.211071360253698,9.496532364960434,19.99987289148748,5.928800235321212,24.39872517026431,20.00028474848445,1.9993854948552325e-05,ads,,51,0,0,,0.8333333134651184,0.8333333134651184,sniperRifle
0.0001407703966833651,19.27412764254919,9.453475508617826,20.000044697325112,5.93612807187396,24.39200563903758,20.000276805714556,1.9967414118582383e-05,ads,,52,0,0,,0.85,0.85,sniperRifle
0.00014052657934371382,19.337419649472825,9.410961084394094,19.999817994007444,5.943629343547433,24.38537934487593,20.000160946780213,1.991414319491014e-05,ads,,53,0,0,,0.8666666746139526,0.8666666746139526,sniperRifle
0.00014010151789989322,19.397630831097437,9.367759387230262,19.999968262184105,5.964166059516416,24.389498949765496,20.000300284231614,1.9861243345076218e-05,ads,,54,0,0,,0.8833333333333333,0.8833333333333333,sniperRifle
0.00013988156570121646,19.458067719261514,9.325080091986386,19.999891149761687,5.984891811969097,24.393744100058456,20.000356032408963,1.98341986106243e-05,ads,,55,0,0,,0.8999999761581421,0.8999999761581421,sniperRifle
0.00013944627426099032,19.51340103311013,9.281245795600801,19.999659995940124,6.009590669377986,24.401029427453764,20.000406293364776,1.9727811377379112e-05,ads,,56,0,0,,0.9166666666666666,0.9166666666666666,sniperRifle
0.00013920252968091518,19.56887554167602,9.237837879307586,19.999790506628813,6.03447670089866,24.40847115720266,20.000276788709822,1.964783587027341e-05,ads,,57,0,0,,0.9333333373069763,0.9333333373069763,sniperRifle
0.00013889544061385095,19.6190491845241,9.19366553638711,19.9998137469263,6.067350582553578,24.423373504823598,20.00040788612482,1.9593964680097997e-05,ads,,58,0,0,,0.95,0.95,sniperRifle
0.00013845006469637156,19.66930324639316,9.149839138543443,19.99986256429961,6.10042358920004,24.438570817229127,20.000188594390718,1.954089202627074e-05,ads,,59,0,0,,0.9666666388511658,0.9666666388511658,sniperRifle
0.00013801379827782512,19.716354858575848,9.105768175159236,19.99973027546802,6.142097001490715,24.46184341907915,20.000137050568682,1.9434084606473334e-05,ads,,60,0,0,,0.9833333333333333,0.9833333333333333,sniperRifle
0.0001377040462102741,19.763511277141482,9.061988395142492,20.000175204616422,6.183990414092659,24.48546608917818,20.000244010943916,1.9407496438361704e-05,ads,,61,0,0,,1,1,sniperRifle
0.00013719384151045233,19.80240060222827,9.01800469265018,19.999791053656445,6.228676943225171,24.510324080624358,20.00035314153435,1.9327848349348642e-05,ads,,62,0,0,,1.0166666666666666,1.0166666666666666,sniperRifle
0.00013673152716364712,19.841423652795253,8.974246616097636,19.99982724317055,6.273601301655578,24.535491992900656,20.00042486718106,1.932753002620302e-05,ads,,63,0,0,,1.0333333015441895,1.0333333015441895,sniperRifle
0.0001363778137601912,19.880501808949948,8.930729594382655,19.999936741353643,6.3222271581141305,24.56431728582666,20.00010347950409,1.927441371663008e-05,ads,,64,0,0,,1.05,1.05,sniperRifle
0.00013596446660812944,19.91965081774516,8.887451207865645,20.00001109600766,6.3710370372397085,24.593449103718605,20.00024258809109,1.9140963559038937e-05,ads,,65,0,0,,1.0666667222976685,1.0666667222976685,sniperRifle
0.00013544413377530873,19.949421418004015,8.843308506915697,19.999727012740998,6.421866911499543,24.6231306628426,20.000409092159472,1.914141103043221e-05,ads,,66,0,0,,1.0833333333333333,1.0833333333333333,sniperRifle
0.00013521622167900205,19.979245593109084,8.799323949101,19.999982437751232,6.472902480024023,24.653040331770676,20.000070870691665,1.9140470612910576e-05,ads,,67,0,0,,1.100000023841858,1.100000023841858,sniperRifle
0.000134378278744407,20.002998845205752,8.755556181475908,19.99984754487375,6.535296512730669,24.695857082088025,20.000254583155,1.9060516933677718e-05,ads,,68,0,0,,1.1166666666666667,1.1166666666666667,sniperRifle
0.00013410625979304314,20.026879317821244,8.711880980502622,19.99994181577191,6.59781407864582,24.738894311332363,20.000425503845783,1.908765079861041e-05,ads,,69,0,0,,1.1333333253860474,1.1333333253860474,sniperRifle
0.00013360049342736602,20.041812259788912,8.670126588829715,19.99967943944949,6.660785928927132,24.78291683206661,20.00021055229257,1.9114333554171026e-05,ads,,70,0,0,,1.15,1.15,sniperRifle
0.00013334104733075947,20.0567558693186,8.628434522136784,19.999908586620844,6.723866849511403,24.827175045061065,20.00034699271572,1.908828016894404e-05,ads,,71,0,0,,1.1666666269302368,1.1666666269302368,sniperRifle
0.00013277039397507906,20.071350973376013,8.58677417838348,19.999873504257568,6.789287196012354,24.873431220458453,20.000315269681177,1.906191755551845e-05,ads,,72,0,0,,1.1833333333333333,1.1833333333333333,sniperRifle
0.00013218275853432715,20.08603507676502,8.545171089954097,19.99997915038629,6.854834085494167,24.91996721798172,20.000493862306378,1.90342434507329e-05,ads,,73,0,0,,1.2000000476837158,1.2000000476837158,sniperRifle
0.00013178052904549986,20.091903908972352,8.507021707612656,19.999783362287562,6.919773315793895,24.966532848284412,20.000233056822257,1.8927665223600343e-05,ads,,74,0,0,,1.2166666666666666,1.2166666666666666,sniperRifle
0.00013132418098393828,20.097723838378176,8.46886759302895,19.999937546063258,6.984835104880542,25.013293316211637,20.000444187604288,1.9009052266483195e-05,ads,,75,0,0,,1.2333333492279053,1.2333333492279053,sniperRifle
0.00013105342804919928,20.10427627144485,8.430734085489954,19.99962967067553,7.04958721355395,25.060924512055873,20.000200262071054,1.9008724848390557e-05,ads,,76,0,0,,1.25,1.25,sniperRifle
0.00013051903806626797,20.110822546463613,8.39261385203063,19.999972362671656,7.11446321964022,25.108891457869127,20.00033111593241,1.900805364130065e-05,ads,,77,0,0,,1.2666666507720947,1.2666666507720947,sniperRifle
0.00013020903861615807,20.100502762524993,8.359857695041923,19.99969859766558,7.153366677457011,25.114362279925956,20.000371917276993,1.8954948245664127e-05,ads,,78,0,0,,1.2833333333333334,1.2833333333333334,sniperRifle
0.00012992467964068055,20.090289519033405,8.327111121360854,19.999761190392285,7.192803234380182,25.120259263863264,20.000396364746297,1.892811087600421e-05,ads,,79,0,0,,1.2999999523162842,1.2999999523162842,sniperRifle
0.00012984361092094332,20.07995581413217,8.29436380535105,19.999836988439803,7.2320657987252615,25.127516578450535,20.000220022611163,1.8955941413878463e-05,ads,,80,0,0,,1.3166666666666667,1.3166666666666667,sniperRifle
0.00012943371257279068,20.069633056061143,8.261618655456486,19.999896713277472,7.271740662102127,25.134993356885886,20.000350208030486,1.8981436369358562e-05,ads,,81,0,0,,1.3333333730697632,1.3333333730697632,sniperRifle
0.00012931384844705462,20.050432972838575,8.24380321795099,19.999881699166174,7.310165597876997,25.146470854318622,20.00036477211306,1.8902021110989153e-05,ads,,82,0,0,,1.35,1.35,sniperRifle
0.00012913273531012237,20.03127698406587,8.226009109274722,19.999925135652543,7.348828447410907,25.15807370963527,20.0005880677233,1.8927772543975152e-05,ads,,83,0,0,,1.3666666746139526,1.3666666746139526,sniperRifle
0.00012918488937430084,20.01060380116369,8.208243415885994,19.999799795119745,7.371904039472674,25.15087039496069,20.000347674842644,1.8902497686212882e-05,ads,,84,0,0,,1.3833333333333333,1.3833333333333333,sniperRifle
0.00012916140258312225,19.989962869061173,8.190492867483051,19.999789465479655,7.395229048651189,25.143719698908093,20.000333473356143,1.8956105122924782e-05,ads,,85,0,0,,1.399999976158142,1.399999976158142,sniperRifle
0.00012886936019640416,19.97166260385718,8.172776494385943,19.999862618045718,7.442151288806305,25.175720577256744,20.00041612938645,1.8902857846114784e-05,ads,,86,0,0,,1.4166666666666667,1.4166666666666667,sniperRifle
0.00012880236317869276,19.953485383536577,8.1550747407389,19.999687748613674,7.48911162917857,25.207860398279095,20.00026635553725,1.89018919627415e-05,ads,,87,0,0,,1.4333332777023315,1.4333332777023315,sniperRifle
0.000128580562886782,19.92204078167068,8.152773283982818,19.999920822054438,7.5356965919821475,25.23996534359226,20.00042193107315,1.8902934243669733e-05,ads,,88,0,0,,1.45,1.45,sniperRifle
0.00012848178448621184,19.89068664224238,8.150591885676254,19.999944157775616,7.5823211741212955,25.27214884966221,20.000422722915097,1.9036275261896662e-05,ads,,89,0,0,,1.4666666984558105,1.4666666984558105,sniperRifle
0.00012833451910410076,19.85760552034441,8.14854372802185,19.999876548165684,7.621215442696358,25.29696075660292,20.00043125432754,1.903713018691633e-05,ads,,90,0,0,,1.4833333333333334,1.4833333333333334,sniperRifle
0.00012814915680792183,19.824621377454385,8.146603730457965,19.9997924120892,7.660141655108634,25.321743036260276,20.000241229858986,1.90631744771963e-05,ads,,91,0,0,,1.5,1.5,sniperRifle
0.00012822079588659108,19.792957871866864,8.144807167576792,19.999896972014174,7.694467333377766,25.346567197666218,20.00049794156623,1.9063727449974976e-05,ads,,92,0,0,,1.5166666666666666,1.5166666666666666,sniperRifle
0.00012811494525521994,19.761314138237626,8.143114565754866,19.999883018936465,7.7287949896893595,25.371350341364476,20.00034351323896,1.9224553398089483e-05,ads,,93,0,0,,1.5333333015441895,1.5333333015441895,sniperRifle
0.00012789820902980864,19.7091889119108,8.159799995901238,19.999837528940056,7.758455738532237,25.40057235263185,20.000253792556556,1.9224129573558457e-05,ads,,94,0,0,,1.55,1.55,sniperRifle
0.00012800317199435085,19.657121198356645,8.176909210439256,19.99998840535454,7.788153427800584,25.429823024924307,20.000262730203442,1.9223803974455222e-05,ads,,95,0,0,,1.5666667222976685,1.5666667222976685,sniperRifle
0.00012805653386749327,19.59998244503942,8.202871561839272,19.999980125424234,7.81332442026541,25.459068799015764,20.0003484749489,1.9357326891622506e-05,ads,,96,0,0,,1.5833333333333333,1.5833333333333333,sniperRifle
0.00012802534911315888,19.542969689072983,8.229374669585978,19.999813064678428,7.838561984059045,25.48832411451679,20.00028184258801,1.938546665769536e-05,ads,,97,0,0,,1.600000023841858,1.600000023841858,sniperRifle
0.0001280183350900188,19.48532353429406,8.26329907676609,19.999947520175148,7.85331326735767,25.512212866043438,20.00034173804937,1.9464221622911282e-05,ads,,98,0,0,,1.6166666666666667,1.6166666666666667,sniperRifle
0.00012800141121260822,19.42784984046591,8.297740836197304,19.99989690809149,7.868146718195059,25.53611384934523,20.00027392057538,1.9599830920924433e-05,ads,,99,0,0,,1.6333333253860474,1.6333333253860474,sniperRifle
0.00012819129915442318,19.36918300460187,8.337832167874412,19.99981800306234,7.873221093369279,25.550194214177147,20.000302218016717,1.946509291883558e-05,ads,,100,0,0,,1.65,1.65,sniperRifle
0.00012847538164351135,19.310672090166207,8.378423566097217,19.99992715795246,7.878410716920473,25.56430633259948,20.0003975895172,1.962459646165371e-05,ads,,101,0,0,,1.6666666269302368,1.6666666269302368,sniperRifle
0.00012846900790464133,19.252119884507998,8.423075804383343,19.999829580615916,7.879842788276428,25.577665286828765,20.00040677635258,1.9703451471286826e-05,ads,,102,0,0,,1.6833333333333333,1.6833333333333333,sniperRifle
0.00012859937851317227,19.19376938920121,8.468184667574379,19.99993846836811,7.881457473517898,25.591207452923758,20.000029030053916,1.9784980395343155e-05,ads,,103,0,0,,1.7000000476837158,1.7000000476837158,sniperRifle
0.000128701125504449,19.133537961091683,8.523345765927417,19.999987610193948,7.882195289218544,25.607952680228554,20.000411665401092,1.9865685317199677e-05,ads,,104,0,0,,1.7166666666666666,1.7166666666666666,sniperRifle
0.0001288191560888663,19.073524625552288,8.57902925238158,19.999808569285463,7.883186351968489,25.624853716334734,20.000302232914084,1.989143856917508e-05,ads,,105,0,0,,1.7333333492279053,1.7333333492279053,sniperRifle
0.0001290860236622393,19.01267325976784,8.635181443568518,19.999901147284042,7.868113423246017,25.62471457263461,20.000234887609835,1.9998615243821405e-05,ads,,106,0,0,,1.75,1.75,sniperRifle
0.00012935322592966259,18.95200706979956,8.691818650878055,19.999857785819916,7.853231133606369,25.624772310425286,20.00023712323984,2.002434484893456e-05,ads,,107,0,0,,1.7666666507720947,1.7666666507720947,sniperRifle
0.00012963027984369546,18.892199336468735,8.748911683314482,19.99988543932206,7.83746281969995,25.62783342579854,20.000328517560735,2.0264440536266193e-05,ads,,108,0,0,,1.7833333333333334,1.7833333333333334,sniperRifle
0.00012972867989446968,18.83258761150898,8.806492835048221,20.000001393193457,7.82185326600389,25.631059300481798,20.000465648481917,2.0184534150757827e-05,ads,,109,0,0,,1.7999999523162842,1.7999999523162842,sniperRifle
0.00012992417032364756,18.773057810202683,8.864513369408781,20.000070769526495,7.801190385815843,25.6303928179378,20.000214832707545,2.0290317479521036e-05,ads,,110,0,0,,1.8166666666666667,1.8166666666666667,sniperRifle
0.00013024576765019447,18.713776355450523,8.92296117380507,19.999940827923222,7.780732515778119,25.629882382939574,20.0001612375873,2.039806349785067e-05,ads,,111,0,0,,1.8333333730697632,1.8333333730697632,sniperRifle
0.00013052368012722582,18.654957917972656,8.98186627254031,20.00001183636278,7.75787894844839,25.626884135539314,20.00040721484095,2.039824721578043e-05,ads,,112,0,0,,1.85,1.85,sniperRifle
0.00013082334771752357,18.596464085173626,9.041185311565709,20.0000003144351,7.735232960833732,25.624088112357953,20.000230262826545,2.0584875528584234e-05,ads,,113,0,0,,1.8666666746139526,1.8666666746139526,sniperRifle
0.00013103062519803643,18.538056145399093,9.10096151664491,20.000019542145765,7.701382404327114,25.61265652579848,20.000181175205938,2.0611922082025558e-05,ads,,114,0,0,,1.8833333333333333,1.8833333333333333,sniperRifle
0.00013135185872670263,18.47993799737127,9.16109805815362,19.999917086389864,7.6677981791764385,25.601557349972158,20.00040204806074,2.0770856281160377e-05,ads,,115,0,0,,1.899999976158142,1.899999976158142,sniperRifle
0.00013184706040192395,18.42096973455595,9.221635261028888,19.999984220298717,7.638995008402819,25.59065747402246,20.00029580900154,2.0770679839188233e-05,ads,,116,0,0,,1.9166666666666667,1.9166666666666667,sniperRifle
0.0001320930605288595,18.36226407609787,9.282593991913393,19.999974872075924,7.610415160560498,25.579972653193906,20.000267203998938,2.095983290928416e-05,ads,,117,0,0,,1.9333332777023315,1.9333332777023315,sniperRifle
0.00013243711146060377,18.30829263096324,9.347566510259384,19.999831102215953,7.583718626904612,25.57789395803704,20.000292562471984,2.095789932354819e-05,ads,,118,0,0,,1.95,1.95,sniperRifle
0.0001327258360106498,18.254518997246155,9.41290125047167,19.99975861221673,7.557334497396591,25.576060927354007,20.00049194669357,2.1091447706567124e-05,ads,,119,0,0,,1.9666666984558105,1.9666666984558105,sniperRifle
0.00013298890553414822,18.204152544847965,9.47817879363132,19.999712075718268,7.51493029077008,25.561979446586466,20.000429931784353,2.1091354938107543e-05,ads,,120,0,0,,1.9833333333333334,1.9833333333333334,sniperRifle
0.00013340201985556632,18.153983592881467,9.543757030303292,19.999762498770593,7.47287044753134,25.548265740776742,20.000115373797563,2.1251720681902952e-05,ads,,121,0,0,,2,2,sniperRifle
0.00013369537191465497,18.103979499173885,9.607961847789081,20.00004753228983,7.4382051264711455,25.53481471071114,20.00052721829055,2.12785234907642e-05,ads,,122,0,0,,2.0166666666666666,2.0166666666666666,sniperRifle
0.0001341017778031528,18.054179930531966,9.672458045516128,19.999619317118956,7.403816327836721,25.521630612103692,20.00023832752649,2.1304780602804385e-05,ads,,123,0,0,,2.0333333015441895,2.0333333015441895,sniperRifle
0.00013444620708469301,18.009969854724776,9.729791950063213,19.99978592115633,7.367375584248158,25.513038474806258,20.000508407945645,2.135771319444757e-05,ads,,124,0,0,,2.05,2.05,sniperRifle
0.0001347039215033874,17.96594380946855,9.787343983339955,20.00006943240501,7.331331550349829,25.50482568475564,20.000469610669892,2.1518475477932952e-05,ads,,125,0,0,,2.066666603088379,2.066666603088379,sniperRifle
0.00013460735499393195,17.940623176312734,9.822616278531292,20.000081814302987,7.328842115937419,25.51456423271964,20.000296255987347,2.151765329472255e-05,ads,,126,0,0,,2.0833333333333335,2.0833333333333335,sniperRifle
0.00013468245742842555,17.928558177074766,9.86171782899952,19.99985386533395,7.338392194726542,25.542309748548522,20.000438414338998,2.167838283639867e-05,ads,,127,0,0,,2.0999999046325684,2.0999999046325684,sniperRifle
2.4620757699267415e-07,10.231960744455664,9.86171782899952,19.99989931468786,10.821054075727915,25.542309748548522,20.00038714017716,0.01652466505765915,hip-idle,support contact >10mm,0,0,0,,0,0,sniperRifle
6.056547476873675e-07,10.16768516665087,9.925533713202858,19.99987107143304,10.82563788442937,25.52112866070838,20.000426730176926,0.016517864540219307,hip-idle,support contact >10mm,1,0,0,,0.03333333507180214,0.03333333507180214,sniperRifle
3.772672698687529e-07,10.103443520742651,9.989405157978748,19.999826264516365,10.838827940035772,25.5016650240733,20.00044267118388,0.016480160877108574,hip-idle,support contact >10mm,2,0,0,,0.06666667014360428,0.06666667014360428,sniperRifle
5.031211003370117e-07,10.039384302084079,10.053285095735841,19.999916187957414,10.853494872171684,25.48474395552793,20.00019188108033,0.016441959887742996,hip-idle,support contact >10mm,3,0,0,,0.10000000149011612,0.10000000149011612,sniperRifle
2.702825838696299e-07,9.975460210722375,10.117141390973229,19.999699411703,10.875194157653763,25.47000585494226,20.00037622212078,0.016385270282626152,hip-idle,support contact >10mm,4,0,0,,0.13333334028720856,0.13333334028720856,sniperRifle
3.816559512870299e-07,9.93122017985522,10.163112576625876,19.99969285550958,10.903389322593148,25.45800504968509,20.00047076736574,0.016309663653373718,hip-idle,support contact >10mm,5,0,0,,0.1666666716337204,0.1666666716337204,sniperRifle
2.702825838696299e-07,9.886522143746237,10.209109222652241,19.999986738687017,10.91269458532302,25.412861804326397,20.000472613629935,0.01624418795108795,hip-idle,support contact >10mm,6,0,0,,0.20000000298023224,0.20000000298023224,sniperRifle
2.6656007889869215e-07,9.841843332770196,10.255090386732737,19.99986936850192,10.913576463907212,25.346582131457456,20.00036351666179,0.016180705279111862,hip-idle,support contact >10mm,7,0,0,,0.23333333432674408,0.23333333432674408,sniperRifle
2.4620757699267415e-07,9.838541189921145,10.26285790669151,19.99994857188869,10.920322383188042,25.27925421726449,20.00027452212083,0.016097910702228546,hip-idle,support contact >10mm,8,0,0,,0.2666666805744171,0.2666666805744171,sniperRifle
3.686343745812337e-07,9.83521538091011,10.270657445630025,19.999803568493487,10.926022493846935,25.20815710200538,20.000484408235003,0.01601494662463665,hip-idle,support contact >10mm,9,0,0,,0.30000001192092896,0.30000001192092896,sniperRifle
3.7133503383302013e-07,9.832075007591747,10.278590893377975,19.999860167301946,10.91992517901049,25.138129651865764,20.000456952557037,0.01597456820309162,hip-idle,support contact >10mm,10,0,0,,0.3333333432674408,0.3333333432674408,sniperRifle
2.811545414260763e-07,9.829308231845758,10.286570298807696,19.999992851086844,10.970229711996655,25.068234158387803,20.000394572464547,0.015774231404066086,hip-idle,support contact >10mm,11,0,0,,0.36666667461395264,0.36666667461395264,sniperRifle
6.664001972467304e-08,9.826522846726434,10.294619772312641,20.000013934483754,10.99529924168586,25.0020296060367,20.00040270159993,0.0156585443764925,hip-idle,support contact >10mm,12,0,0,,0.4000000059604645,0.4000000059604645,sniperRifle
1.365714012990793e-07,9.86376740115346,10.266772235071423,19.999847715611395,11.021692337590899,24.93593120662788,20.000294459010906,0.015542177483439445,hip-idle,support contact >10mm,13,0,0,,0.4333333373069763,0.4333333373069763,sniperRifle
1.341104507446289e-07,9.901110764901908,10.239230042246476,19.99982044406284,11.049924519125616,24.878181300545737,20.000326943013278,0.01542600616812706,hip-idle,support contact >10mm,14,0,0,,0.46666666865348816,0.46666666865348816,sniperRifle
2.4575624024691933e-07,9.954941546761576,10.197305224952276,19.999912767230718,11.044493773580125,24.820433894422358,20.00048279520604,0.015408351086080074,hip-idle,support contact >10mm,15,0,0,,0.5,0.5,sniperRifle
6.143906006172983e-08,10.009025434178028,10.155843305911734,19.99971181425063,11.060311445239334,24.76788179028502,20.000383253467877,0.015336666256189346,hip-idle,support contact >10mm,16,0,0,,0.5333333611488342,0.5333333611488342,sniperRifle
1.2013700256829907e-07,10.07762468872172,10.102129999122544,19.999717472093753,11.072260609054755,24.715264530018008,20.000420971016347,0.015277469530701637,hip-idle,support contact >10mm,17,0,0,,0.5666666626930237,0.5666666626930237,sniperRifle
0,10.146518078538618,10.049009404892677,19.99989143769933,11.080789634401924,24.66674297462417,20.000352831313883,0.015235590748488903,hip-idle,support contact >10mm,18,0,0,,0.6000000238418579,0.6000000238418579,sniperRifle
6.664001972467304e-08,10.215452830328507,9.996554843197039,19.999928569323732,11.084065239266497,24.619869248608495,20.000344384099122,0.015204351395368576,hip-idle,support contact >10mm,19,0,0,,0.6333333253860474,0.6333333253860474,sniperRifle
3.332000986233652e-08,10.304728190853046,9.928839280338174,19.99964668720656,11.09346808907821,24.57536773593515,20.00015774974348,0.015168115496635437,hip-idle,support contact >10mm,20,0,0,,0.6666666865348816,0.6666666865348816,sniperRifle
4.214684778958144e-08,10.411785218795114,9.847920237268914,20.000067910902448,11.115124668397783,24.527251089461963,19.931324811317268,0.01513818558305502,hip-idle,support contact >10mm,21,0,0,,0.699999988079071,0.699999988079071,sniperRifle
9.064022776783531e-08,10.53213588357776,9.759042999209642,19.999636082986918,11.110504463861348,24.477556387995257,19.859675001264808,0.01517743244767189,hip-idle,support contact >10mm,22,0,0,,0.7333333492279053,0.7333333492279053,sniperRifle
6.143906006172983e-08,10.656043663437929,9.669545538947967,19.999752045239447,11.118719301559615,24.444839852111325,19.784259076075653,0.015193182975053787,hip-idle,support contact >10mm,23,0,0,,0.7666666507720947,0.7666666507720947,sniperRifle
2.9802322387695312e-08,10.780282048005851,9.581960595416746,19.99983815983008,11.118411028236052,24.412352224282866,19.71306953766742,0.015233143232762814,hip-idle,support contact >10mm,24,0,0,,0.800000011920929,0.800000011920929,sniperRifle
5.372690026206328e-08,10.905105308764792,9.496532364960434,20.000105534573233,11.092512182903562,24.39872517026431,19.66811213778672,0.01533376332372427,hip-idle,support contact >10mm,25,0,0,,0.8333333134651184,0.8333333134651184,sniperRifle
6.143906006172983e-08,11.030207387788925,9.410961084394094,19.999933904320233,11.066723688862371,24.38537934487593,19.622270786462042,0.015439181588590145,hip-idle,support contact >10mm,26,0,0,,0.8666666746139526,0.8666666746139526,sniperRifle
6.664001972467304e-08,11.155357353362586,9.325080091986386,19.999857683516062,11.041557731391437,24.393744100058456,19.585572445268934,0.015548606403172016,hip-idle,support contact >10mm,27,0,0,,0.8999999761581421,0.8999999761581421,sniperRifle
1.4901161193847656e-08,11.279882044758422,9.237837879307586,19.999791373110096,10.98967304524494,24.40847115720266,19.575061102158063,0.015720795840024948,hip-idle,support contact >10mm,28,0,0,,0.9333333373069763,0.9333333373069763,sniperRifle
1.2644053981603065e-07,11.402491654763242,9.149839138543443,19.99972397367362,10.938167487977076,24.438570817229127,19.574203527483018,0.01589789241552353,hip-idle,support contact >10mm,29,0,0,,0.9666666388511658,0.9666666388511658,sniperRifle
7.450580596923828e-08,11.523708874587307,9.061988395142492,20.00036576605839,10.899361535142727,24.48546608917818,19.57404094586579,0.01605171337723732,hip-idle,support contact >10mm,30,0,0,,1,1,sniperRifle
1.2013700256829907e-07,11.639282851411123,8.974246616097636,19.99987366006791,10.83709115260668,24.535491992900656,19.59593465301611,0.01625947467982769,hip-idle,support contact >10mm,31,0,0,,1.0333333015441895,1.0333333015441895,sniperRifle
1.3075715799004684e-07,11.754799677609364,8.887451207865645,19.999913653042558,10.774959195465318,24.593449103718605,19.625253553355734,0.0164683498442173,hip-idle,support contact >10mm,32,0,0,,1.0666667222976685,1.0666667222976685,sniperRifle
8.940696716308594e-08,11.864445152854458,8.799323949101,20.000017539419183,10.682567310577884,24.653040331770676,19.681660542790603,0.016749773174524307,hip-idle,support contact >10mm,33,0,0,,1.100000023841858,1.100000023841858,sniperRifle
1.4901161193847656e-08,11.968636719974947,8.711880980502622,20.000008701870357,10.634571360949986,24.738894311332363,19.723278542897223,0.016932092607021332,hip-idle,support contact >10mm,34,0,0,,1.1333333253860474,1.1333333253860474,sniperRifle
1.2013700256829907e-07,12.061703251611766,8.628434522136784,19.999929878435786,10.56521424406406,24.827175045061065,19.789160220120888,0.017166119068861008,hip-idle,support contact >10mm,35,0,0,,1.1666666269302368,1.1666666269302368,sniperRifle
6.143906006172983e-08,12.154410083401514,8.545171089954097,20.000079639862882,10.497614384648239,24.91996721798172,19.8612717946216,0.01739104650914669,hip-idle,support contact >10mm,36,0,0,,1.2000000476837158,1.2000000476837158,sniperRifle
5.372690026206328e-08,12.232799305935364,8.46886759302895,19.99989865219263,10.428879301484914,25.013293316211637,19.940114503402327,0.017614420503377914,hip-idle,support contact >10mm,37,0,0,,1.2333333492279053,1.2333333492279053,sniperRifle
3.332000986233652e-08,12.311921830750949,8.39261385203063,20.000053907710196,10.373279561438018,25.108891457869127,20.000534960947785,0.017831940203905106,hip-idle,support contact >10mm,38,0,0,,1.2666666507720947,1.2666666507720947,sniperRifle
1.2731557319511921e-07,12.366279815613506,8.327111121360854,19.999846264914904,10.328269746738135,25.120259263863264,20.0004674332582,0.017941180616617203,hip-idle,support contact >10mm,39,0,0,,1.2999999523162842,1.2999999523162842,sniperRifle
1.2377833513710357e-07,12.420543770164334,8.261618655456486,19.999872381218896,10.279496414142127,25.134993356885886,20.000262806733534,0.018071219325065613,hip-idle,support contact >10mm,40,0,0,,1.3333333730697632,1.3333333730697632,sniperRifle
2.4073563054116676e-07,12.438573419669876,8.226009109274722,19.999885449195983,10.256155810624822,25.15807370963527,20.000539334050544,0.018121903762221336,hip-idle,support contact >10mm,41,0,0,,1.3666666746139526,1.3666666746139526,sniperRifle
1.2644053981603065e-07,12.455412179650132,8.190492867483051,19.999961284466114,10.143826334622364,25.143719698908093,20.00045543754582,0.018454572185873985,hip-idle,support contact >10mm,42,0,0,,1.399999976158142,1.399999976158142,sniperRifle
1.2287812012345967e-07,12.474268039292546,8.1550747407389,19.9997571700553,10.167068758559328,25.207860398279095,20.000271933759198,0.018407246097922325,hip-idle,support contact >10mm,43,0,0,,1.4333332777023315,1.4333332777023315,sniperRifle
5.372690026206328e-08,12.452635548628663,8.150591885676254,20.00008452897611,10.199085764713578,25.27214884966221,20.000485446907074,0.018321972340345383,hip-idle,support contact >10mm,44,0,0,,1.4666666984558105,1.4666666984558105,sniperRifle
2.4575624024691933e-07,12.42977272655146,8.146603730457965,19.999664522579046,10.158328563705252,25.321743036260276,20.000312165113147,0.018502935767173767,hip-idle,support contact >10mm,45,0,0,,1.5,1.5,sniperRifle
3.7814908182554063e-07,12.407807075612146,8.143114565754866,19.999650118535047,10.167031275924383,25.371350341364476,20.00033964599698,0.018498770892620087,hip-idle,support contact >10mm,46,0,0,,1.5333333015441895,1.5333333015441895,sniperRifle
2.5463114639023843e-07,12.335411431909163,8.176909210439256,19.9998511026764,10.15097429711607,25.429823024924307,20.000345627335268,0.01863853447139263,hip-idle,support contact >10mm,47,0,0,,1.5666667222976685,1.5666667222976685,sniperRifle
4.0011767055148084e-07,12.242595682525797,8.229374669585978,19.999890191364305,10.193873771291214,25.48832411451679,20.000335634701546,0.018542030826210976,hip-idle,support contact >10mm,48,0,0,,1.600000023841858,1.600000023841858,sniperRifle
5.092622927804769e-07,12.135909309640835,8.297740836197304,19.99984992721435,10.227012472691644,25.53611384934523,20.000459555260377,0.018481170758605003,hip-idle,support contact >10mm,49,0,0,,1.6333333253860474,1.6333333253860474,sniperRifle
6.160148018352629e-07,12.018340380921751,8.378423566097217,19.999856682919845,10.242265256177692,25.56430633259948,20.000352923225762,0.018460890278220177,hip-idle,support contact >10mm,50,0,0,,1.6666666269302368,1.6666666269302368,sniperRifle
7.45207046293217e-07,11.893747920976239,8.468184667574379,20.000018219839557,10.274795267318256,25.591207452923758,20.000171251461705,0.018372733145952225,hip-idle,support contact >10mm,51,0,0,,1.7000000476837158,1.7000000476837158,sniperRifle
6.314999154710677e-07,11.74940232621111,8.57902925238158,19.999854343095055,10.334029782024736,25.624853716334734,20.00032669845259,0.018192708492279053,hip-idle,support contact >10mm,52,0,0,,1.7333333492279053,1.7333333492279053,sniperRifle
6.094920763644041e-07,11.604560117364388,8.691818650878055,20.00010082940053,10.348926990579582,25.624772310425286,20.000297166182666,0.01814032346010208,hip-idle,support contact >10mm,53,0,0,,1.7666666507720947,1.7666666507720947,sniperRifle
5.333283752406714e-07,11.46003158914804,8.806492835048221,20.000089343764778,10.390967001756861,25.631059300481798,20.000568294116686,0.017998386174440384,hip-idle,support contact >10mm,54,0,0,,1.7999999523162842,1.7999999523162842,sniperRifle
6.314999154710677e-07,11.31540186802723,8.92296117380507,19.999859637581014,10.4358929128833,25.629882382939574,20.000129695003764,0.017837369814515114,hip-idle,support contact >10mm,55,0,0,,1.8333333730697632,1.8333333730697632,sniperRifle
5.092622927804769e-07,11.171108682775204,9.041185311565709,19.99995746815209,10.486143149784818,25.624088112357953,20.000279237595826,0.017652541399002075,hip-idle,support contact >10mm,56,0,0,,1.8666666746139526,1.8666666746139526,sniperRifle
7.463979727617698e-07,11.026680633873202,9.16109805815362,19.999832748860744,10.541749947044678,25.601557349972158,20.000396183768796,0.017434783279895782,hip-idle,support contact >10mm,57,0,0,,1.899999976158142,1.899999976158142,sniperRifle
3.6893541732752055e-07,10.882104557423553,9.282593991913393,20.000057345847278,10.551595326803316,25.579972653193906,20.000346529872093,0.017381325364112854,hip-idle,support contact >10mm,58,0,0,,1.9333332777023315,1.9333332777023315,sniperRifle
3.7961422094667796e-07,10.732115061817442,9.41290125047167,19.999738612158406,10.623312065628339,25.576060927354007,20.000554021509686,0.01713941991329193,hip-idle,support contact >10mm,59,0,0,,1.9666666984558105,1.9666666984558105,sniperRifle
3.686343745812337e-07,10.58426974347104,9.543757030303292,19.999926922459977,10.685673413751305,25.548265740776742,20.00025150547039,0.01691826432943344,hip-idle,support contact >10mm,60,0,0,,2,2,sniperRifle
6.160148018352629e-07,10.439731718510675,9.672458045516128,19.999817747613935,10.66710497727466,25.521630612103692,20.0002816476169,0.016972452402114868,hip-idle,support contact >10mm,61,0,0,,2.0333333015441895,2.0333333015441895,sniperRifle
3.9198835111164954e-07,10.311534551806165,9.787343983339955,19.999960540875005,10.704797237833436,25.50482568475564,20.00056506696629,0.016861751675605774,hip-idle,support contact >10mm,62,0,0,,2.066666603088379,2.066666603088379,sniperRifle
2.4620757699267415e-07,10.231960744455664,9.86171782899952,19.99989931468786,10.821054075727915,25.542309748548522,20.00038714017716,0.01652466505765915,hip-idle,support contact >10mm,63,0,0,,2.0999999046325684,2.0999999046325684,sniperRifle
2.980232238769531e-07,12.44416914435834,8.523218869573236,19.99984202978704,4.052433067563532,18.240270784954237,20.000441498670416,0.04606175422668457,running,support contact >10mm,0,0,0,,0,0,sniperRifle
8.940696716308594e-08,13.901687303050295,7.081126649742205,19.999972789018912,4.5904381110622055,19.242739660271997,20.000295560314438,0.05067675560712814,running,support contact >10mm,1,0,0,,0.016666666666666666,0.016666666666666666,sniperRifle
1.4600097131278744e-07,15.361778585771212,5.663276893232157,19.99979762219107,5.326085036683966,20.245147567170726,20.000362083796716,0.05525458604097366,running,support contact >10mm,2,0,0,,0.03333333507180214,0.03333333507180214,sniperRifle
2.9802322387695312e-08,16.327033707964592,6.075468193616444,19.99993652681378,6.347778389347801,20.85741296379609,20.00043679917992,0.06057024002075195,running,support contact >10mm,3,0,0,,0.05,0.05,sniperRifle
2.9802322387695312e-08,17.269580199102265,6.971726670243472,19.999913529909268,7.349670013432844,21.46377173487768,20.000379751920576,0.06587409228086472,running,support contact >10mm,4,0,0,,0.06666667014360428,0.06666667014360428,sniperRifle
1.365714012990793e-07,18.057640275396363,7.584340784247418,19.99974020727976,6.912369170115909,20.566230140451434,20.000190004927678,0.06580106168985367,running,support contact >10mm,5,0,0,,0.08333333333333333,0.08333333333333333,sniperRifle
0,18.835734490483404,8.3272959603936,19.999754400236466,6.5599626382347,19.699762926455602,20.00027978613645,0.0657210424542427,running,support contact >10mm,6,0,0,,0.10000000149011612,0.10000000149011612,sniperRifle
1.3328003944934608e-07,19.131017394896798,9.77392117908919,19.99989297904879,5.038411979095942,18.516702627952753,20.00040226214778,0.05962156504392624,running,support contact >10mm,7,0,0,,0.11666666666666667,0.11666666666666667,sniperRifle
6.664001972467304e-08,19.463325937826706,11.23202787712806,20.000078924021302,3.954494874761412,17.372286203055676,20.00041143604861,0.05361626669764519,running,support contact >10mm,8,0,0,,0.13333334028720856,0.13333334028720856,sniperRifle
7.450580596923828e-08,18.56190882133883,12.130256629661549,19.9999854171492,3.7558207542942914,16.478775201617243,20.000353825084144,0.04849543794989586,running,support contact >10mm,9,0,0,,0.15,0.15,sniperRifle
2.9802322387695312e-08,17.736505447695336,13.128544337875063,19.999780146278592,4.303324192850595,15.716436326167218,19.99243255256716,0.04339800775051117,running,support contact >10mm,10,0,0,,0.1666666716337204,0.1666666716337204,sniperRifle
0,16.54432844670726,13.286553170310903,19.999841979131926,4.643214426805464,14.709292081149515,19.098588534603394,0.039165008813142776,running,support contact >10mm,11,0,0,,0.18333333333333332,0.18333333333333332,sniperRifle
5.960464477539063e-08,15.35251532621973,13.5913789077168,19.99997679599556,5.193630844773541,13.72875018170706,18.22587463838686,0.03497122600674629,running,support contact >10mm,12,0,0,,0.20000000298023224,0.20000000298023224,sniperRifle
1.341104507446289e-07,14.140141891305946,14.033475559492189,19.999872139280434,6.152593034225352,12.781116039819565,17.485057044691505,0.02977661043405533,running,support contact >10mm,13,0,0,,0.21666666666666667,0.21666666666666667,sniperRifle
0,12.937560033668964,14.60030934741767,19.999876140968972,7.343090992317063,11.87424815580321,16.822647188449796,0.024694867432117462,running,support contact >10mm,14,0,0,,0.23333333432674408,0.23333333432674408,sniperRifle
1.2013700256829907e-07,12.137224176885304,14.833835143827926,19.999679294819114,8.806625590492352,11.06549345111326,16.629622726587794,0.01964978128671646,running,support contact >10mm,15,0,0,,0.25,0.25,sniperRifle
1.4901161193847656e-08,11.331572387844123,15.13079151331211,19.999831510531372,10.54539749202963,10.263117435562174,16.718707173149078,0.014701715670526028,running,support contact >10mm,16,0,0,,0.2666666805744171,0.2666666805744171,sniperRifle
2.9802322387695312e-08,11.165514968943077,14.279517211910147,19.9999851430061,11.95722392876258,10.098759012822464,17.586951617521304,0.011214605532586575,running,support contact >10mm,17,0,0,,0.2833333333333333,0.2833333333333333,sniperRifle
1.4901161193847656e-08,11.037473010880177,13.455678530222817,19.999849726610396,13.740773742671156,9.935403497915985,18.793989564991307,0.007753573823720217,running,,18,0,0,,0.30000001192092896,0.30000001192092896,sniperRifle
6.664001972467304e-08,11.400105259362816,11.806560668448073,19.99993994068062,15.874236165534331,9.465143103335242,19.90044787956927,0.0049112578853964806,running,,19,0,0,,0.31666666666666665,0.31666666666666665,sniperRifle
0.0016365182818844914,11.900626197530656,10.209601872456956,20.000135362150576,17.348209385260493,9.001449689276658,20.000517941862327,0.0021333007607609034,running,,20,0,0,,0.3333333432674408,0.3333333432674408,sniperRifle
0.0009841087739914656,12.832907143696367,8.29493442431307,19.99966924990938,18.050928681847086,8.421019301232858,20.000360065981333,0.0014032210456207395,running,,21,0,0,,0.35,0.35,sniperRifle
0.002571296878159046,13.857250894191893,6.532382874568177,19.999915314290718,18.7744600068251,7.91503623838316,20.00047201113585,0.0006794288055971265,running,,22,0,0,,0.36666667461395264,0.36666667461395264,sniperRifle
1.1920928955078125e-07,14.763396332155395,5.311582153350006,19.99994039193423,16.663133297526606,8.35278486493924,19.503551129497207,0.005268438253551722,running,,23,0,0,,0.38333333333333336,0.38333333333333336,sniperRifle
0,15.675004888650033,4.338710956479736,19.999707398447207,12.813073075564741,8.90225155245154,17.90098821889294,0.009957291185855865,running,,24,0,0,,0.4000000059604645,0.4000000059604645,sniperRifle
0,15.991307716533349,4.0069232342677195,19.999866485274833,9.223804136891268,10.026463400573155,17.351122351979207,0.01735677383840084,running,support contact >10mm,25,0,0,,0.4166666666666667,0.4166666666666667,sniperRifle
1.365714012990793e-07,16.295564577749,3.7498534850791785,19.99995086621845,6.838332291310074,11.353652768157433,17.612197797986262,0.024998227134346962,running,support contact >10mm,26,0,0,,0.4333333373069763,0.4333333373069763,sniperRifle
1.1920928955078125e-07,15.849315696536937,4.311161031093668,19.999888089622353,5.504914438292739,13.094029515223598,18.579100491121842,0.032092031091451645,running,support contact >10mm,27,0,0,,0.45,0.45,sniperRifle
0,15.388847387505512,4.9252561904100105,19.999760711034416,5.085574139322511,14.926328111587866,19.75772309669894,0.03930839151144028,running,support contact >10mm,28,0,0,,0.46666666865348816,0.46666666865348816,sniperRifle
6.664001972467304e-08,13.916778654763391,6.710932156799042,19.999918769457906,4.36133450350852,16.558678160931617,20.00061156728165,0.042638491839170456,running,support contact >10mm,29,0,0,,0.48333333333333334,0.48333333333333334,sniperRifle
2.980232238769531e-07,12.44416914435834,8.523218869573236,19.99984202978704,4.052433067563532,18.240270784954237,20.000441498670416,0.04606175422668457,running,support contact >10mm,30,0,0,,0.5,0.5,sniperRifle
2.980232238769531e-07,12.44416914435834,8.523218869573236,19.99984202978704,4.052433067563532,18.240270784954237,20.000441498670416,0.04606175422668457,sprint,support contact >10mm,0,0,0,,0,0,sniperRifle
3.488272284357663e-07,14.205086006237687,7.081126649742205,19.99976496566637,4.328282554533946,19.242739660271997,20.000191735999774,0.043232038617134094,sprint,support contact >10mm,1,0,0,,0.016666666666666666,0.016666666666666666,sniperRifle
8.663202493153221e-07,15.952052231439623,5.663276893232157,19.999762522502056,4.772113118710505,20.245147567170726,20.000516501095454,0.03976074978709221,sprint,support contact >10mm,2,0,0,,0.03333333507180214,0.03333333507180214,sniperRifle
1.6442673995697987e-06,17.618791336539154,6.075468193616444,19.99998190632344,5.504611913317673,20.85741296379609,20.000376345662694,0.03655000403523445,sprint,support contact >10mm,3,0,0,,0.05,0.05,sniperRifle
2.9206275939941406e-06,19.509694191762833,6.971726670243472,19.999898089260736,6.254797238413398,21.46377173487768,20.000280781467023,0.03286817669868469,sprint,support contact >10mm,4,0,0,,0.06666667014360428,0.06666667014360428,sniperRifle
5.0485696192481555e-06,21.24411027264128,7.584340784247418,19.999897775175377,5.527395404119225,20.566230140451434,20.000115421134296,0.023226026445627213,sprint,support contact >10mm,5,0,0,,0.08333333333333333,0.08333333333333333,sniperRifle
7.972385901666712e-06,23.096021479997738,8.3272959603936,19.99981091738193,4.9272387034316765,19.699762926455602,20.000243273447882,0.013128740713000298,sprint,support contact >10mm,6,0,0,,0.10000000149011612,0.10000000149011612,sniperRifle
1.600018367753364e-05,26.170124341522378,9.77392117908919,19.999750932280694,3.858170274477354,18.516702627952753,20.00029790975757,3.604110077048972e-07,sprint,,7,0,0,,0.11666666666666667,0.11666666666666667,sniperRifle
2.9570692277047783e-05,29.312216971441547,11.23202787712806,20.000070155242362,3.492168462465736,17.372286203055676,20.000391819120743,2.528986442484893e-06,sprint,,8,0,0,,0.13333334028720856,0.13333334028720856,sniperRifle
4.6166518586687744e-05,30.268700416415907,12.130256629661549,20.00002543171551,3.6124803001853953,16.478775201617243,20.000336581958734,8.483882083965e-06,sprint,,9,0,0,,0.15,0.15,sniperRifle
5.0887290854007006e-05,30.47816650412884,12.352547088171796,19.999868226337178,3.734728740667856,16.290494357723013,20.00036930296711,1.0411252333142329e-05,sprint,,10,0,0,,0.15384615384615385,0.15384615384615385,sniperRifle
5.697297092410736e-05,30.802311103540447,13.128544337875063,19.999817784165305,4.367233545205285,15.716436326167218,20.00011658237846,1.1312052265566308e-05,sprint,,11,0,0,,0.1666666716337204,0.1666666716337204,sniperRifle
6.544560164911672e-05,30.19744612512724,13.286553170310903,19.999840084051804,5.54193358632301,14.709292081149515,20.000171262884226,1.4322620700113475e-05,sprint,,12,0,0,,0.18333333333333332,0.18333333333333332,sniperRifle
7.631664630025625e-05,29.627137979575604,13.5913789077168,19.99969480059264,6.7392342080737455,13.72875018170706,20.000166769639307,1.709569369268138e-05,sprint,,13,0,0,,0.20000000298023224,0.20000000298023224,sniperRifle
9.651416621636599e-05,29.102410954942037,14.033475559492189,19.999927554056317,7.970312157955972,12.781116039819565,20.000369041785497,2.0427964045666158e-05,sprint,,14,0,0,,0.21666666666666667,0.21666666666666667,sniperRifle
0.00012770811736118048,28.612097059010672,14.60030934741767,20.00004042084472,9.216646619486644,11.87424815580321,20.00030005313509,2.3560796762467362e-05,sprint,,15,0,0,,0.23333333432674408,0.23333333432674408,sniperRifle
0.0001933009480126202,28.17181323539427,14.833835143827926,19.999764424618736,10.14711564423005,11.06549345111326,20.000258726264693,2.6683143005357124e-05,sprint,,16,0,0,,0.25,0.25,sniperRifle
0.00027497869450598955,27.742353482350307,15.13079151331211,19.999908814832466,11.070120042129902,10.263117435562174,20.00017014840406,2.9466649721143767e-05,sprint,,17,0,0,,0.2666666805744171,0.2666666805744171,sniperRifle
0.00031458906596526504,26.941916226234273,14.279517211910147,19.999902900437093,11.142608391446828,10.098759012822464,20.0002944943938,3.3271331631112844e-05,sprint,,18,0,0,,0.2833333333333333,0.2833333333333333,sniperRifle
0.0003676603373605758,26.106200783988996,13.455678530222817,19.99977916356873,11.22786667736957,9.935403497915985,20.00029473515845,3.7086414522491395e-05,sprint,,19,0,0,,0.30000001192092896,0.30000001192092896,sniperRifle
0.00043061189353466034,24.789023079516028,11.806560668448073,19.99991652159283,11.751779930553285,9.465143103335242,20.000382484475786,4.2726889660116285e-05,sprint,,20,0,0,,0.31666666666666665,0.31666666666666665,sniperRifle
0.0005258353776298463,23.43258624201738,10.209601872456956,19.99996159850019,12.293707851304829,9.001449689276658,20.000374883559584,4.874341902905144e-05,sprint,,21,0,0,,0.3333333432674408,0.3333333432674408,sniperRifle
0.0005806544213555753,21.8696844842929,8.29493442431307,19.99988255299909,13.178628043185462,8.421019301232858,20.00035797797993,5.58210231247358e-05,sprint,,22,0,0,,0.35,0.35,sniperRifle
0.0006579408072866499,20.30686562596931,6.532382874568177,19.999846099073594,14.075823877746865,7.91503623838316,20.00044054250724,6.356355879688635e-05,sprint,,23,0,0,,0.36666667461395264,0.36666667461395264,sniperRifle
0.0004197449015919119,19.213312801190135,5.311582153350006,20.000026046296043,12.84779129328715,8.35278486493924,20.000350097942373,6.774022767785937e-05,sprint,,24,0,0,,0.38333333333333336,0.38333333333333336,sniperRifle
0.00030874062213115394,18.16318333473101,4.338710956479736,19.999689146285306,11.722206403444659,8.90225155245154,20.000378623028823,7.220568659249693e-05,sprint,,25,0,0,,0.4000000059604645,0.4000000059604645,sniperRifle
0.00016896805027499795,18.642850433219834,4.0069232342677195,19.999860042720243,10.083120112702108,10.026463400573155,20.000383837134788,6.668571586487815e-05,sprint,,26,0,0,,0.4166666666666667,0.4166666666666667,sniperRifle
9.060959564521909e-05,19.12038419425691,3.7498534850791785,19.999703785450333,8.659855492642432,11.353652768157433,20.000408860412396,5.996312029310502e-05,sprint,,27,0,0,,0.4333333373069763,0.4333333373069763,sniperRifle
6.091049363021739e-05,19.393211320541507,4.311161031093668,19.999954148483482,7.221088400923767,13.094029515223598,20.000390641274297,5.3118848882149905e-05,sprint,,28,0,0,,0.45,0.45,sniperRifle
4.4729156797984615e-05,19.60025471848256,4.9252561904100105,19.999813491539292,6.145006144270176,14.926328111587866,20.000132325695617,4.582523615681566e-05,sprint,,29,0,0,,0.46666666865348816,0.46666666865348816,sniperRifle
4.158679075771943e-05,19.898063247580783,6.710932156799042,19.999860510732066,5.570009743388472,16.558678160931617,20.00053470190131,3.917723734048195e-05,sprint,,30,0,0,,0.48333333333333334,0.48333333333333334,sniperRifle
3.905883932020515e-05,20.087544137736316,8.523218869573236,19.999860056271043,5.439585382539327,18.240270784954237,20.000314223807674,3.362104689585976e-05,sprint,,31,0,0,,0.5,0.5,sniperRifle
3.402972288313322e-05,20.175860419559328,7.081126649742205,20.000031502670492,5.55210576798798,19.242739660271997,20.0002373614982,2.8323638616711833e-05,sprint,,32,0,0,,0.5166666666666667,0.01666666666666672,sniperRifle
3.0290011636679992e-05,20.351758910181243,5.663276893232157,19.999907002250747,5.840424976268131,20.245147567170726,20.00030023536588,2.2310779968393035e-05,sprint,,33,0,0,,0.5333333350718021,0.03333333507180214,sniperRifle
2.634208431118168e-05,21.972582226440814,6.075468193616444,20.000043282659515,6.434296044131088,20.85741296379609,20.000246097540085,9.418146873940714e-06,sprint,,34,0,0,,0.55,0.050000000000000044,sniperRifle
2.3064090783009306e-05,23.47323444764319,6.971726670243472,19.99977523302,7.0723466754917,21.46377173487768,20.000368758007863,2.4755667027420714e-07,sprint,,35,0,0,,0.5666666701436043,0.06666667014360428,sniperRifle
2.139416574209463e-05,24.58520129228553,7.584340784247418,19.999891309161935,6.310228939654957,20.566230140451434,20.000325258619974,7.505512371608347e-07,sprint,,36,0,0,,0.5833333333333334,0.08333333333333337,sniperRifle
1.9572480596252717e-05,25.699186639457253,8.3272959603936,19.99984760547685,5.65929559061871,19.699762926455602,20.000182399505285,1.0745379768195562e-06,sprint,,37,0,0,,0.6000000014901161,0.10000000149011612,sniperRifle
2.3023851099424064e-05,27.291157697161808,9.77392117908919,19.99991963843182,4.533333157371389,18.516702627952753,20.000393695681176,3.295145063475502e-07,sprint,,38,0,0,,0.6166666666666667,0.1166666666666667,sniperRifle
2.7649441108223982e-05,28.817821046600848,11.23202787712806,20.00004603832361,3.9131327848452844,17.372286203055676,20.0005850093348,1.3194892289902782e-06,sprint,,39,0,0,,0.6333333402872086,0.13333334028720856,sniperRifle
2.9075155907776207e-05,28.96106012317355,12.130256629661549,19.9999666219583,3.740748948597025,16.478775201617243,20.000125725526384,2.643686002556933e-06,sprint,,40,0,0,,0.65,0.15000000000000002,sniperRifle
3.126589217572473e-05,29.168105853953232,13.128544337875063,19.99993628990381,4.289938202237912,15.716436326167218,20.000088500764203,3.73662783204054e-06,sprint,,41,0,0,,0.6666666716337204,0.1666666716337204,sniperRifle
3.343749267514795e-05,28.400171607903715,13.286553170310903,19.99985603029493,5.399237196000112,14.709292081149515,20.000404451824476,5.8110899772145785e-06,sprint,,42,0,0,,0.6833333333333333,0.18333333333333335,sniperRifle
3.642760566435754e-05,27.68282185580343,13.5913789077168,19.999818464818176,6.543302457741824,13.72875018170706,20.000130014781053,7.952306987135671e-06,sprint,,43,0,0,,0.7000000029802322,0.20000000298023224,sniperRifle
4.3579730117926374e-05,27.047352997999447,14.033475559492189,19.999932596889458,7.7280331136295715,12.781116039819565,20.000455209329985,1.0744925930339377e-05,sprint,,44,0,0,,0.7166666666666667,0.21666666666666667,sniperRifle
5.452229015645571e-05,26.466893944382917,14.60030934741767,19.9997036592484,8.936436004190652,11.87424815580321,20.000428259040724,1.371492999169277e-05,sprint,,45,0,0,,0.7333333343267441,0.23333333432674408,sniperRifle
7.757743151159957e-05,26.037100180577784,14.833835143827926,19.999887200753054,9.878545634384416,11.06549345111326,20.000308056630242,1.642906318011228e-05,sprint,,46,0,0,,0.75,0.25,sniperRifle
0.00012093012628611177,25.634161416280975,15.13079151331211,19.99987578617393,10.834116345494309,10.263117435562174,20.000367902959848,1.90583523362875e-05,sprint,,47,0,0,,0.7666666805744171,0.2666666805744171,sniperRifle
0.00017843165551312268,25.008970408573152,14.279517211910147,19.999891190283613,10.946267436917076,10.098759012822464,20.000186217378026,2.176156522182282e-05,sprint,,48,0,0,,0.7833333333333333,0.2833333333333333,sniperRifle
0.0002583586028777063,24.356231281589615,13.455678530222817,19.999920331887434,11.06999005242388,9.935403497915985,20.00020488972903,2.4831926566548645e-05,sprint,,49,0,0,,0.800000011920929,0.30000001192092896,sniperRifle
0.00030210326076485217,23.315558639787238,11.806560668448073,19.9998845057983,11.616694477794425,9.465143103335242,20.000533528384434,2.9351067496463656e-05,sprint,,50,0,0,,0.8166666666666667,0.31666666666666665,sniperRifle
0.000370037741959095,22.229175700451584,10.209601872456956,19.999932710117005,12.18469104184328,9.001449689276658,20.000520277513736,3.421421206439845e-05,sprint,,51,0,0,,0.8333333432674408,0.3333333432674408,sniperRifle
0.0004013104480691254,20.959108320174884,8.29493442431307,19.99986236062464,13.075246119506005,8.421019301232858,20.00033870484056,4.028145121992566e-05,sprint,,52,0,0,,0.85,0.35,sniperRifle
0.00044964844710193574,19.66690966130683,6.532382874568177,19.99988780056245,13.983554821996394,7.91503623838316,20.000279491665424,4.725499093183316e-05,sprint,,53,0,0,,0.8666666746139526,0.36666667461395264,sniperRifle
0.00028539597406052053,18.77048802914006,5.311582153350006,19.999816387252757,12.763057144686352,8.35278486493924,20.00041816879067,5.1420200179563835e-05,sprint,,54,0,0,,0.8833333333333333,0.3833333333333333,sniperRifle
0.0002111223293468356,17.893665856009136,4.338710956479736,19.99970547743591,11.656271615505517,8.90225155245154,20.00034546829015,5.635626439470798e-05,sprint,,55,0,0,,0.9000000059604645,0.4000000059604645,sniperRifle
9.366680023958907e-05,18.4385517232825,4.0069232342677195,19.99994378834118,10.053841466239009,10.026463400573155,20.000394061009658,5.18753586220555e-05,sprint,,56,0,0,,0.9166666666666666,0.41666666666666663,sniperRifle
5.6494271120755e-05,18.978188807017922,3.7498534850791785,19.999799822785114,8.670256208551097,11.353652768157433,20.00039230443378,4.6818498958600685e-05,sprint,,57,0,0,,0.9333333373069763,0.4333333373069763,sniperRifle
4.2013463826151565e-05,19.290835048669134,4.311161031093668,19.999812837290424,7.262472322210825,13.094029515223598,20.000462482200874,4.2136227420996875e-05,sprint,,58,0,0,,0.95,0.44999999999999996,sniperRifle
3.4082862839568406e-05,19.561179408948362,4.9252561904100105,19.99979351538577,6.203198397810225,14.926328111587866,20.000262303355715,3.707884388859384e-05,sprint,,59,0,0,,0.9666666686534882,0.46666666865348816,sniperRifle
3.4572865843074396e-05,19.956617005005157,6.710932156799042,19.99983385075317,5.61610017999715,16.558678160931617,20.000390428864474,3.283350451965816e-05,sprint,,60,0,0,,0.9833333333333333,0.4833333333333333,sniperRifle
3.527569060679525e-05,20.313468404555785,8.523218869573236,19.99998759877341,5.467274613464212,18.240270784954237,20.000364762855785,2.933872201538179e-05,sprint,,61,0,0,,1,0,sniperRifle
0,,,,9.305878440441596,21.201925664528773,20.000308117022076,0,knife,,0,,,,0,0,sniperRifle
0,,,,11.359473156172475,20.85587945694821,20.000330397553835,0,knife,,1,,,,0.012500000651925802,0.03333333507180214,sniperRifle
0,,,,12.063272430750319,20.874512480442128,20.000372511564372,0,knife,,2,,,,0.016666666666666666,0.04444444444444445,sniperRifle
0,,,,13.66757398733658,21.14459090549372,20.000467333673274,0,knife,,3,,,,0.025000001303851604,0.06666667014360428,sniperRifle
0,,,,15.406685394197046,21.714022568306117,20.00045116377539,0,knife,,4,,,,0.03333333333333333,0.0888888888888889,sniperRifle
0,,,,16.34246321164722,22.10418330717913,20.000303621473403,0,knife,,5,,,,0.037500000558793545,0.10000000149011612,sniperRifle
0,,,,19.306674082336684,23.385319179303504,20.000451154178702,0,knife,,6,,,,0.05000000260770321,0.13333334028720856,sniperRifle
0,,,,22.059134470917435,24.670728460902936,20.00016837307064,0,knife,,7,,,,0.06250000186264515,0.1666666716337204,sniperRifle
0,,,,22.754597120157996,25.106175748726287,20.000339849772743,0,knife,,8,,,,0.06666666666666667,0.1777777777777778,sniperRifle
0,,,,24.162394354152855,25.994778698953937,20.000438855444553,0,knife,,9,,,,0.07500000111758709,0.20000000298023224,sniperRifle
0,,,,25.808495090043472,26.631778427821178,20.000278803277016,0,knife,,10,,,,0.08333333333333333,0.2222222222222222,sniperRifle
0,,,,26.64829498239894,26.96052974236083,20.000237694797352,0,knife,,11,,,,0.08750000037252903,0.23333333432674408,sniperRifle
0,,,,29.545896708181573,25.556118163133288,20.000498503361243,0,knife,,12,,,,0.1,0.26666666666666666,sniperRifle
0,,,,31.05439078617426,20.61228221564052,20.000452066855665,0,knife,,13,,,,0.11250000447034836,0.30000001192092896,sniperRifle
0,,,,31.070946635796698,18.50282161430621,20.000315303573746,0,knife,,14,,,,0.11666666666666667,0.3111111111111111,sniperRifle
0,,,,30.845599248938534,14.951190004980704,20.000448627778088,0,knife,,15,,,,0.1250000037252903,0.3333333432674408,sniperRifle
0,,,,29.68358760434557,12.64948950877396,20.00040449449313,0,knife,,16,,,,0.13333333333333333,0.3555555555555556,sniperRifle
0,,,,28.5876512992015,11.828858190098629,20.000163022558027,0,knife,,17,,,,0.13750000298023224,0.36666667461395264,sniperRifle
0,,,,25.09663662879306,10.295512236821681,20.000420306343614,0,knife,,18,,,,0.15,0.4,sniperRifle
0,,,,23.747096814970607,9.39707688454101,20.000294443864092,0,knife,,19,,,,0.16666666666666666,0.4222222222222222,sniperRifle
0,,,,23.043420271804855,8.955915798345659,20.000438664451185,0,knife,,20,,,,0.17500000298023222,0.4333333373069763,sniperRifle
0,,,,22.936745547295473,8.757017914399954,20.000369666498045,0,knife,,21,,,,0.18333333333333332,0.4444444444444444,sniperRifle
0,,,,22.73645614974283,8.359123253200442,20.000081264601107,0,knife,,22,,,,0.2000000014901161,0.46666666865348816,sniperRifle
0,,,,22.616949310373077,8.448676339210866,20.000299838291234,0,knife,,23,,,,0.21666666666666667,0.48888888888888893,sniperRifle
0,,,,22.577746836928235,8.511885741140915,20.000199523193096,0,knife,,24,,,,0.22499999999999998,0.5,sniperRifle
0,,,,22.43650488393405,8.645721001546947,20.000366994869303,0,knife,,25,,,,0.23333333333333334,0.5111111111111112,sniperRifle
0,,,,22.256797021097537,9.027513222424346,20.00032445189483,0,knife,,26,,,,0.25000002086162565,0.5333333611488342,sniperRifle
0,,,,22.43254987318421,9.285693909906804,20.000282438540097,0,knife,,27,,,,0.26666666666666666,0.5555555555555556,sniperRifle
0,,,,22.557135122886727,9.45137435681945,20.000377383090456,0,knife,,28,,,,0.27499999701976774,0.5666666626930237,sniperRifle
0,,,,22.846948977685827,9.452773915311226,20.000659045132895,0,knife,,29,,,,0.2833333333333333,0.5777777777777777,sniperRifle
0,,,,23.38802048289042,9.466883823828798,20.000458735338587,0,knife,,30,,,,0.3000000178813934,0.6000000238418579,sniperRifle
0,,,,24.237278826857136,9.380011148191715,20.000320312245773,0,knife,,31,,,,0.31666666666666665,0.6222222222222222,sniperRifle
0,,,,24.629929520534606,9.342009272211584,20.000304076261838,0,knife,,32,,,,0.3249999940395355,0.6333333253860474,sniperRifle
0,,,,25.176457687340083,9.294251430074212,20.00039350919104,0,knife,,33,,,,0.3333333333333333,0.6444444444444444,sniperRifle
0,,,,26.203024701310635,9.290747405949727,20.000400066453192,0,knife,,34,,,,0.35000001490116117,0.6666666865348816,sniperRifle
0,,,,26.045339501663467,8.636762590235778,20.000358497160967,0,knife,,35,,,,0.36666666666666664,0.6888888888888889,sniperRifle
0,,,,25.947955947157077,8.308587416449297,20.000237215718553,0,knife,,36,,,,0.37499999105930326,0.699999988079071,sniperRifle
0,,,,24.788598407802294,6.873011106275366,20.000184171735658,0,knife,,37,,,,0.38333333333333336,0.7111111111111112,sniperRifle
0,,,,22.37106092375621,4.003022588186567,20.000403870943977,0,knife,,38,,,,0.4,0.7333333333333334,sniperRifle
0,,,,18.91512129218776,0.3476542971049935,20.00031299626753,0,knife,,39,,,,0.4166666666666667,0.7555555555555555,sniperRifle
0,,,,17.15790146802907,1.8172225200464358,20.000373195752196,0,knife,,40,,,,0.424999988079071,0.7666666507720947,sniperRifle
0,,,,15.890646086419341,3.180704801789142,20.000371697973815,0,knife,,41,,,,0.43333333333333335,0.7777777777777779,sniperRifle
0,,,,13.359907822745916,5.949621036707027,20.000353699942455,0,knife,,42,,,,0.4500000089406967,0.800000011920929,sniperRifle
0,,,,11.369954591243678,8.233442970718485,20.00035464425839,0,knife,,43,,,,0.4666666666666667,0.8222222222222222,sniperRifle
0,,,,10.39528858777739,9.378195815916404,20.00030544022577,0,knife,,44,,,,0.4749999850988388,0.8333333134651184,sniperRifle
0,,,,9.639519596299689,10.347775706916952,20.000255051266475,0,knife,,45,,,,0.48333333333333334,0.8444444444444444,sniperRifle
0,,,,8.232778331832822,12.290682521976272,20.00032415722093,0,knife,,46,,,,0.5000000059604645,0.8666666746139526,sniperRifle
0,,,,7.32348184071026,14.026745079141469,20.00020908180366,0,knife,,47,,,,0.5166666666666667,0.8888888888888891,sniperRifle
0,,,,6.988529743376666,14.895512875669944,20.000359570959038,0,knife,,48,,,,0.5249999821186065,0.8999999761581421,sniperRifle
0,,,,6.8844945190892295,15.73067279959392,20.00017934494519,0,knife,,49,,,,0.5333333333333333,0.9111111111111112,sniperRifle
0,,,,7.049526757635383,17.40259329346188,20.000214072095734,0,knife,,50,,,,0.5500000029802322,0.9333333373069763,sniperRifle
0,,,,7.858704507029445,19.126564958153665,20.000240834250967,0,knife,,51,,,,0.5666666666666667,0.9555555555555555,sniperRifle
0,,,,8.406420072497799,19.98883337729523,20.00020033527162,0,knife,,52,,,,0.5749999791383743,0.9666666388511658,sniperRifle
0,,,,8.693800343428675,20.3930332361154,20.000423228306396,0,knife,,53,,,,0.5833333333333334,0.9777777777777779,sniperRifle
0,,,,9.305878440441596,21.201925664528773,20.000308117022076,0,knife,,54,,,,0.6,1,sniperRifle
0.28885796666145325,23.339211098128636,9.86171782899952,19.999833192256904,45.164799835878,25.542309748548522,20.00038559752053,0.31716012954711914,swap,,0,0,0,,0,0,sniperRifle
0.23603804409503937,23.10939835805017,9.89363668229572,20.00003631489215,45.20548777211104,25.531599210674184,20.000463495758066,0.26217037439346313,swap,,1,0,0,,0.016666666666666666,0.016666666666666666,sniperRifle
0.188524529337883,22.809066019913118,9.925533713202858,20.00011103803152,45.246834206442216,25.52112866070838,20.00041392838813,0.2127925604581833,swap,,2,0,0,,0.03333333507180214,0.03333333507180214,sniperRifle
0.14628884196281433,22.4243632140749,9.957480961993362,19.999837595348648,45.288319554442054,25.511304591130227,20.000246150920304,0.1689491719007492,swap,,3,0,0,,0.05,0.05,sniperRifle
0.10923993587493896,21.938845947076526,9.989405157978748,19.99985549284982,45.33019884780544,25.5016650240733,20.000389990979496,0.13055162131786346,swap,,4,0,0,,0.06666667014360428,0.06666667014360428,sniperRifle
0.07726957648992538,21.334242100114157,10.021346278793706,19.99992911886493,45.37191965369618,25.49309464168945,20.000309625369894,0.09742749482393265,swap,,5,0,0,,0.08333333333333333,0.08333333333333333,sniperRifle
0.050184596329927444,20.59279894011585,10.053285095735841,19.999936419657317,45.41110125334288,25.48474395552793,20.000218899779814,0.06936298310756683,swap,,6,0,0,,0.10000000149011612,0.10000000149011612,sniperRifle
0.02776448056101799,19.701502562084364,10.085211268832158,20.00004356441534,45.4444730508622,25.477277146787646,20.00037792895529,0.04604567214846611,swap,,7,0,0,,0.11666666666666667,0.11666666666666667,sniperRifle
0.009688938036561012,18.65890635525111,10.117141390973229,20.000075432127673,45.46469803135258,25.47000585494226,20.000436320060686,0.02713393047451973,swap,,8,0,0,,0.13333334028720856,0.13333334028720856,sniperRifle
0.006347740534693003,17.480601793865354,10.140136391920327,19.99989359084554,45.460513459444435,25.46391194840057,20.000123957402995,0.012206108309328556,swap,,9,0,0,,0.15,0.15,sniperRifle
9.42432194506182e-08,16.218105695733826,10.163112576625876,19.999674418593568,37.25278472772604,25.45800504968509,11.83522528910959,0.0008436695788986981,swap,,10,0,0,,0.1666666716337204,0.1666666716337204,sniperRifle
5.372690026206328e-08,13.178986312886103,10.186111602782631,19.999769217690567,30.19534023130252,25.435340401315127,5.0803385910991405,6.99250667821616e-05,swap,,11,0,0,,0.18333333333333332,0.18333333333333332,sniperRifle
4.470348358154297e-08,11.129197101672611,10.209109222652241,19.999967828835437,24.89620191328369,25.412861804326397,2.695573639932456,5.619318471872248e-06,swap,,12,0,0,,0.20000000298023224,0.20000000298023224,sniperRifle
3.332000986233652e-08,10.116211042432735,10.232094802884705,19.999792109289768,20.707309142646658,25.37968692388061,5.8627018807633755,2.0526856587821385e-06,swap,,13,0,0,,0.21666666666666667,0.21666666666666667,sniperRifle
1.2013700256829907e-07,9.77470005958949,10.255090386732737,19.999812076487522,17.36758823797487,25.346582131457456,9.148392891269166,1.416786176378082e-06,swap,,14,0,0,,0.23333333432674408,0.23333333432674408,sniperRifle
1.341104507446289e-07,9.752433356348435,10.25895237764194,19.99963013839256,14.731970014066398,25.312883331628786,11.898591021492456,1.3357957868720405e-06,swap,,15,0,0,,0.25,0.25,sniperRifle
3.332000986233652e-08,9.820474934303162,10.26285790669151,19.9998996941189,12.698094704254842,25.27925421726449,14.13470933797542,1.4416440308195888e-06,swap,,16,0,0,,0.2666666805744171,0.2666666805744171,sniperRifle
1.4901161193847656e-08,9.8865462334798,10.266751134282353,19.999943934116445,11.18360915490819,25.243666230602035,15.917086809729637,1.5284407481885864e-06,swap,,17,0,0,,0.2833333333333333,0.2833333333333333,sniperRifle
1.4901161193847656e-08,9.917742567081035,10.270657445630025,19.999697245503437,10.113249163567257,25.20815710200538,17.31391906910393,2.0239265268173767e-06,swap,,18,0,0,,0.30000001192092896,0.30000001192092896,sniperRifle
0,9.90560426726507,10.274621462838498,19.99992719132564,9.410253692302701,25.173141968187128,18.384985042990838,3.795674047069042e-06,swap,,19,0,0,,0.31666666666666665,0.31666666666666665,sniperRifle
1.6924465739975858e-07,9.852917306643532,10.278590893377975,19.999767410387154,9.004782487578213,25.138129651865764,19.18592237795303,1.0034147635451518e-05,swap,,20,0,0,,0.3333333432674408,0.3333333432674408,sniperRifle
4.214684778958144e-08,9.772959103314127,10.28255240448352,19.999906985563342,8.854195658100457,25.10315074197205,19.74395622325011,4.012893623439595e-05,swap,,21,0,0,,0.35,0.35,sniperRifle
2.4027400513659813e-07,9.708854712005722,10.286570298807696,20.00007284729247,8.93147493588013,25.068234158387803,20.000348061571653,0.00014616073167417198,swap,,22,0,0,,0.36666667461395264,0.36666667461395264,sniperRifle
2.6656007889869215e-07,9.709441575498799,10.290597966195941,19.99988468386173,9.161355807678714,25.0351645652803,20.00051094663089,0.0028435231652110815,swap,,23,0,0,,0.38333333333333336,0.38333333333333336,sniperRifle
3.7814908182554063e-07,9.719458543390056,10.294619772312641,19.999963239233093,9.4113242179455,25.0020296060367,20.000456597673864,0.00529340049251914,swap,,24,0,0,,0.4000000059604645,0.4000000059604645,sniperRifle
3.588674815091508e-07,9.75324678324361,10.280663782708306,20.00007040364343,9.671538260708772,24.968938714208434,20.000254140327463,0.00746149942278862,swap,,25,0,0,,0.4166666666666667,0.4166666666666667,sniperRifle
2.585254890163924e-07,9.788948829685943,10.266772235071423,19.99987345735516,9.931725923885839,24.93593120662788,20.00031135332119,0.009330961853265762,swap,,26,0,0,,0.4333333373069763,0.4333333373069763,sniperRifle
1.4901161193847656e-07,9.824394011531721,10.252961027318097,19.99991201912977,10.18184100307893,24.907062885415545,20.000254609304072,0.010899084620177746,swap,,27,0,0,,0.45,0.45,sniperRifle
1.3328003944934608e-07,9.858299965602166,10.239230042246476,20.000006411789563,10.412035518113797,24.878181300545737,20.00037342961508,0.012173822149634361,swap,,28,0,0,,0.46666666865348816,0.46666666865348816,sniperRifle
1.341104507446289e-07,9.89814116127983,10.218230083179877,19.99998949418394,10.598904615152101,24.849295112443407,20.00043600753896,0.01322170440107584,swap,,29,0,0,,0.48333333333333334,0.48333333333333334,sniperRifle
1.3075715799004684e-07,9.935428887301999,10.197305224952276,19.99989109915088,10.751208866729886,24.820433894422358,20.000444653380285,0.014017999172210693,swap,,30,0,0,,0.5,0.5,sniperRifle
1.4901161193847656e-08,9.9703539844023,10.176519775289307,19.99997148425602,10.877188552167938,24.794164436571016,20.000405746287257,0.014564557000994682,swap,,31,0,0,,0.5166666666666667,0.5166666666666667,sniperRifle
2.9802322387695312e-08,10.002896178173271,10.155843305911734,19.999623624052255,10.968506957374988,24.76788179028502,20.000249948226735,0.014921768568456173,swap,,32,0,0,,0.5333333611488342,0.5333333611488342,sniperRifle
2.9802322387695312e-08,10.040701669234751,10.128893332358354,19.999966199341888,11.026881997491989,24.741589628696136,20.00042575800343,0.015131745487451553,swap,,33,0,0,,0.55,0.55,sniperRifle
4.214684778958144e-08,10.076842264828697,10.102129999122544,19.999893169186485,11.060502117042459,24.715264530018008,20.000352096002615,0.01522544864565134,swap,,34,0,0,,0.5666666626930237,0.5666666626930237,sniperRifle
1.2644053981603065e-07,10.1119908185326,10.075513135457541,19.999878009801495,11.075040461916556,24.691022345054662,20.00066605621319,0.015249943360686302,swap,,35,0,0,,0.5833333333333334,0.5833333333333334,sniperRifle
1.2377833513710357e-07,10.146570018203773,10.049027526867711,19.999794971781675,11.080827295439681,24.66674294825242,20.000220189745257,0.015235461294651031,swap,,36,0,0,,0.6,0.6,sniperRifle
6.664001972467304e-08,10.215452830328507,9.996554843197039,19.999928569323732,11.084065239266497,24.619869248608495,20.000344384099122,0.015204351395368576,swap,,37,0,0,,0.6333333253860474,0.6333333253860474,sniperRifle
3.332000986233652e-08,10.304728190853046,9.928839280338174,19.99964668720656,11.09346808907821,24.57536773593515,20.00015774974348,0.015168115496635437,swap,,38,0,0,,0.6666666865348816,0.6666666865348816,sniperRifle
4.214684778958144e-08,10.411785218795114,9.847920237268914,20.000067910902448,11.115124668397783,24.527251089461963,19.931324811317268,0.01513818558305502,swap,,39,0,0,,0.699999988079071,0.699999988079071,sniperRifle
9.064022776783531e-08,10.53213588357776,9.759042999209642,19.999636082986918,11.110504463861348,24.477556387995257,19.859675001264808,0.01517743244767189,swap,,40,0,0,,0.7333333492279053,0.7333333492279053,sniperRifle
6.143906006172983e-08,10.656043663437929,9.669545538947967,19.999752045239447,11.118719301559615,24.444839852111325,19.784259076075653,0.015193182975053787,swap,,41,0,0,,0.7666666507720947,0.7666666507720947,sniperRifle
2.9802322387695312e-08,10.780282048005851,9.581960595416746,19.99983815983008,11.118411028236052,24.412352224282866,19.71306953766742,0.015233143232762814,swap,,42,0,0,,0.800000011920929,0.800000011920929,sniperRifle
5.372690026206328e-08,10.905105308764792,9.496532364960434,20.000105534573233,11.092512182903562,24.39872517026431,19.66811213778672,0.01533376332372427,swap,,43,0,0,,0.8333333134651184,0.8333333134651184,sniperRifle
6.143906006172983e-08,11.030207387788925,9.410961084394094,19.999933904320233,11.066723688862371,24.38537934487593,19.622270786462042,0.015439181588590145,swap,,44,0,0,,0.8666666746139526,0.8666666746139526,sniperRifle
6.664001972467304e-08,11.155357353362586,9.325080091986386,19.999857683516062,11.041557731391437,24.393744100058456,19.585572445268934,0.015548606403172016,swap,,45,0,0,,0.8999999761581421,0.8999999761581421,sniperRifle
1.4901161193847656e-08,11.279882044758422,9.237837879307586,19.999791373110096,10.98967304524494,24.40847115720266,19.575061102158063,0.015720795840024948,swap,,46,0,0,,0.9333333373069763,0.9333333373069763,sniperRifle
1.2644053981603065e-07,11.402491654763242,9.149839138543443,19.99972397367362,10.938167487977076,24.438570817229127,19.574203527483018,0.01589789241552353,swap,,47,0,0,,0.9666666388511658,0.9666666388511658,sniperRifle
7.450580596923828e-08,11.523708874587307,9.061988395142492,20.00036576605839,10.899361535142727,24.48546608917818,19.57404094586579,0.01605171337723732,swap,,48,0,0,,1,1,sniperRifle
1.2013700256829907e-07,11.639282851411123,8.974246616097636,19.99987366006791,10.83709115260668,24.535491992900656,19.59593465301611,0.01625947467982769,swap,,49,0,0,,1.0333333015441895,1.0333333015441895,sniperRifle
1.3075715799004684e-07,11.754799677609364,8.887451207865645,19.999913653042558,10.774959195465318,24.593449103718605,19.625253553355734,0.0164683498442173,swap,,50,0,0,,1.0666667222976685,1.0666667222976685,sniperRifle
8.940696716308594e-08,11.864445152854458,8.799323949101,20.000017539419183,10.682567310577884,24.653040331770676,19.681660542790603,0.016749773174524307,swap,,51,0,0,,1.100000023841858,1.100000023841858,sniperRifle
1.4901161193847656e-08,11.968636719974947,8.711880980502622,20.000008701870357,10.634571360949986,24.738894311332363,19.723278542897223,0.016932092607021332,swap,,52,0,0,,1.1333333253860474,1.1333333253860474,sniperRifle
1.2013700256829907e-07,12.061703251611766,8.628434522136784,19.999929878435786,10.56521424406406,24.827175045061065,19.789160220120888,0.017166119068861008,swap,,53,0,0,,1.1666666269302368,1.1666666269302368,sniperRifle
6.143906006172983e-08,12.154410083401514,8.545171089954097,20.000079639862882,10.497614384648239,24.91996721798172,19.8612717946216,0.01739104650914669,swap,,54,0,0,,1.2000000476837158,1.2000000476837158,sniperRifle
5.372690026206328e-08,12.232799305935364,8.46886759302895,19.99989865219263,10.428879301484914,25.013293316211637,19.940114503402327,0.017614420503377914,swap,,55,0,0,,1.2333333492279053,1.2333333492279053,sniperRifle
3.332000986233652e-08,12.311921830750949,8.39261385203063,20.000053907710196,10.373279561438018,25.108891457869127,20.000534960947785,0.017831940203905106,swap,,56,0,0,,1.2666666507720947,1.2666666507720947,sniperRifle
1.2731557319511921e-07,12.366279815613506,8.327111121360854,19.999846264914904,10.328269746738135,25.120259263863264,20.0004674332582,0.017941180616617203,swap,,57,0,0,,1.2999999523162842,1.2999999523162842,sniperRifle
1.2377833513710357e-07,12.420543770164334,8.261618655456486,19.999872381218896,10.279496414142127,25.134993356885886,20.000262806733534,0.018071219325065613,swap,,58,0,0,,1.3333333730697632,1.3333333730697632,sniperRifle
2.4073563054116676e-07,12.438573419669876,8.226009109274722,19.999885449195983,10.256155810624822,25.15807370963527,20.000539334050544,0.018121903762221336,swap,,59,0,0,,1.3666666746139526,1.3666666746139526,sniperRifle
1.2644053981603065e-07,12.455412179650132,8.190492867483051,19.999961284466114,10.143826334622364,25.143719698908093,20.00045543754582,0.018454572185873985,swap,,60,0,0,,1.399999976158142,1.399999976158142,sniperRifle
1.2287812012345967e-07,12.474268039292546,8.1550747407389,19.9997571700553,10.167068758559328,25.207860398279095,20.000271933759198,0.018407246097922325,swap,,61,0,0,,1.4333332777023315,1.4333332777023315,sniperRifle
5.372690026206328e-08,12.452635548628663,8.150591885676254,20.00008452897611,10.199085764713578,25.27214884966221,20.000485446907074,0.018321972340345383,swap,,62,0,0,,1.4666666984558105,1.4666666984558105,sniperRifle
2.4575624024691933e-07,12.42977272655146,8.146603730457965,19.999664522579046,10.158328563705252,25.321743036260276,20.000312165113147,0.018502935767173767,swap,,63,0,0,,1.5,1.5,sniperRifle
3.7814908182554063e-07,12.407807075612146,8.143114565754866,19.999650118535047,10.167031275924383,25.371350341364476,20.00033964599698,0.018498770892620087,swap,,64,0,0,,1.5333333015441895,1.5333333015441895,sniperRifle
2.5463114639023843e-07,12.335411431909163,8.176909210439256,19.9998511026764,10.15097429711607,25.429823024924307,20.000345627335268,0.01863853447139263,swap,,65,0,0,,1.5666667222976685,1.5666667222976685,sniperRifle
4.0011767055148084e-07,12.242595682525797,8.229374669585978,19.999890191364305,10.193873771291214,25.48832411451679,20.000335634701546,0.018542030826210976,swap,,66,0,0,,1.600000023841858,1.600000023841858,sniperRifle
5.092622927804769e-07,12.135909309640835,8.297740836197304,19.99984992721435,10.227012472691644,25.53611384934523,20.000459555260377,0.018481170758605003,swap,,67,0,0,,1.6333333253860474,1.6333333253860474,sniperRifle
6.160148018352629e-07,12.018340380921751,8.378423566097217,19.999856682919845,10.242265256177692,25.56430633259948,20.000352923225762,0.018460890278220177,swap,,68,0,0,,1.6666666269302368,1.6666666269302368,sniperRifle
7.45207046293217e-07,11.893747920976239,8.468184667574379,20.000018219839557,10.274795267318256,25.591207452923758,20.000171251461705,0.018372733145952225,swap,,69,0,0,,1.7000000476837158,1.7000000476837158,sniperRifle
6.314999154710677e-07,11.74940232621111,8.57902925238158,19.999854343095055,10.334029782024736,25.624853716334734,20.00032669845259,0.018192708492279053,swap,,70,0,0,,1.7333333492279053,1.7333333492279053,sniperRifle
6.094920763644041e-07,11.604560117364388,8.691818650878055,20.00010082940053,10.348926990579582,25.624772310425286,20.000297166182666,0.01814032346010208,swap,,71,0,0,,1.7666666507720947,1.7666666507720947,sniperRifle
5.333283752406714e-07,11.46003158914804,8.806492835048221,20.000089343764778,10.390967001756861,25.631059300481798,20.000568294116686,0.017998386174440384,swap,,72,0,0,,1.7999999523162842,1.7999999523162842,sniperRifle
6.314999154710677e-07,11.31540186802723,8.92296117380507,19.999859637581014,10.4358929128833,25.629882382939574,20.000129695003764,0.017837369814515114,swap,,73,0,0,,1.8333333730697632,1.8333333730697632,sniperRifle
5.092622927804769e-07,11.171108682775204,9.041185311565709,19.99995746815209,10.486143149784818,25.624088112357953,20.000279237595826,0.017652541399002075,swap,,74,0,0,,1.8666666746139526,1.8666666746139526,sniperRifle
7.463979727617698e-07,11.026680633873202,9.16109805815362,19.999832748860744,10.541749947044678,25.601557349972158,20.000396183768796,0.017434783279895782,swap,,75,0,0,,1.899999976158142,1.899999976158142,sniperRifle
3.6893541732752055e-07,10.882104557423553,9.282593991913393,20.000057345847278,10.551595326803316,25.579972653193906,20.000346529872093,0.017381325364112854,swap,,76,0,0,,1.9333332777023315,1.9333332777023315,sniperRifle
3.7961422094667796e-07,10.732115061817442,9.41290125047167,19.999738612158406,10.623312065628339,25.576060927354007,20.000554021509686,0.01713941991329193,swap,,77,0,0,,1.9666666984558105,1.9666666984558105,sniperRifle
3.686343745812337e-07,10.58426974347104,9.543757030303292,19.999926922459977,10.685673413751305,25.548265740776742,20.00025150547039,0.01691826432943344,swap,,78,0,0,,2,2,sniperRifle
6.160148018352629e-07,10.439731718510675,9.672458045516128,19.999817747613935,10.66710497727466,25.521630612103692,20.0002816476169,0.016972452402114868,swap,,79,0,0,,2.0333333015441895,2.0333333015441895,sniperRifle
3.9198835111164954e-07,10.311534551806165,9.787343983339955,19.999960540875005,10.704797237833436,25.50482568475564,20.00056506696629,0.016861751675605774,swap,,80,0,0,,2.066666603088379,2.066666603088379,sniperRifle
2.4620757699267415e-07,10.231960744455664,9.86171782899952,19.99989931468786,10.821054075727915,25.542309748548522,20.00038714017716,0.01652466505765915,swap,,81,0,0,,2.0999999046325684,2.0999999046325684,sniperRifle
1.2105761015845928e-07,43.38915465917691,34.27095317213038,19.999772218584514,33.959749780795086,33.569841719110265,7.243536152716139,1.6321424482157454e-05,firing,,0,0,0,,0,0,sniperRifle
3.332000986233652e-08,43.37338374497698,34.26142265204564,19.999779077668183,33.55195704453848,33.651070489588314,7.399137266517116,1.5146185432968196e-05,firing,,1,0,0,,0.018085715844953602,0.03333333507180214,sniperRifle
1.4901161193847656e-08,43.325409684172335,34.15241272494147,19.99984470437508,33.139503423917084,33.83304628412058,7.564246419399426,1.3862469131709076e-05,firing,,2,0,0,,0.036171431689907205,0.06666667014360428,sniperRifle
4.214684778958144e-08,42.92311010088175,33.77711260711445,19.999826346725122,32.71775985869589,32.57162964176784,8.61784001096389,1.3655351722263731e-05,firing,,3,0,0,,0.054257145513624656,0.10000000149011612,sniperRifle
3.332000986233652e-08,42.464161011439494,33.405112305299475,19.999942521865677,32.30621442300654,30.57699043505069,10.304469821011255,1.338446145382477e-05,firing,,4,0,0,,0.07234286337981441,0.13333334028720856,sniperRifle
1.4901161193847656e-08,42.7167148832207,33.709840883112044,19.999907943701395,31.868954724469884,30.217654957828522,10.256221957926847,1.1858553079946432e-05,firing,,5,0,0,,0.09042857720353185,0.1666666716337204,sniperRifle
3.332000986233652e-08,43.52669588846554,34.79876512171514,19.99985234486597,31.312207422582635,31.30370306075644,9.091602710540451,9.217015758622438e-06,firing,,6,0,0,,0.10851429102724931,0.20000000298023224,sniperRifle
1.2644053981603065e-07,44.16380399283907,36.13954052894038,19.999826471849516,30.657708163216675,32.396877939843755,8.714953545781775,7.561528036603704e-06,firing,,7,0,0,,0.12660000485096676,0.2333333343267441,sniperRifle
4.214684778958144e-08,44.39523812166261,37.22455774081292,19.99989958661921,29.998585855799362,33.36016499162266,8.953971591684681,6.715466042805929e-06,firing,,8,0,0,,0.14468572675962882,0.2666666805744171,sniperRifle
1.1920928955078125e-07,44.313246679717714,37.79890840724777,20.000024437639503,29.415711293037337,34.15171235409034,9.541585998412195,6.31431339570554e-06,firing,,9,0,0,,0.16277144058334625,0.30000001192092896,sniperRifle
0,44.044375053979266,37.864317466095024,19.99980135741077,28.954558376860476,34.40355686591248,10.224229238885938,5.930137831455795e-06,firing,,10,0,0,,0.1808571544070637,0.3333333432674408,sniperRifle
4.470348358154297e-08,43.7466709049916,37.65239742868381,19.999951806517313,28.563436019012016,34.28201636907367,10.84504318545275,5.250708909443347e-06,firing,,11,0,0,,0.19894286823078117,0.36666667461395264,sniperRifle
3.332000986233652e-08,43.48618065609566,37.40653513181517,20.000004214790007,28.175932165284095,34.14337772011655,11.34277315450119,4.356672434369102e-06,firing,,12,0,0,,0.21702858205449863,0.4000000059604645,sniperRifle
3.332000986233652e-08,43.19666424978865,37.199972129272965,20.000045660067098,27.820036626489554,34.1447053963945,11.639665431687632,3.5439711609797087e-06,firing,,13,0,0,,0.23511429587821606,0.4333333373069763,sniperRifle
4.214684778958144e-08,42.85719497032566,36.992564950614984,19.999868497532127,27.480701964331793,34.28743590278236,11.823513344275975,2.755546574917389e-06,firing,,14,0,0,,0.2532000097019335,0.4666666686534882,sniperRifle
1.4901161193847656e-08,42.514065670155105,36.7414160657749,19.99988274339745,27.13275514106617,34.460792767628824,12.019945449047228,2.0997422325308435e-06,firing,,15,0,0,,0.27128572352565095,0.5,sniperRifle
1.2287812012345967e-07,42.197561678474976,36.43268657446418,19.999898760096546,26.820699858770897,34.57602258438288,12.22691960066616,1.0254771041218191e-06,firing,,16,0,0,,0.28937145351925764,0.5333333611488342,sniperRifle
4.214684778958144e-08,41.93737349990893,36.0776302386584,19.95346116620093,26.49428406415413,34.6354986497629,12.513976090011502,6.143906006172983e-08,firing,,17,0,0,,0.30745715117308586,0.5666666626930237,sniperRifle
1.2377833513710357e-07,41.27738629227969,35.71570365195481,18.954531413698188,26.084801971549762,34.65044268394212,12.941262888485408,4.470348358154297e-08,firing,,18,0,0,,0.3255428811666925,0.6000000238418579,sniperRifle
4.470348358154297e-08,40.624546889395674,35.39872117000777,18.043832828693066,25.671249291308637,34.612140244032446,13.3840260175616,6.143906006172983e-08,firing,,19,0,0,,0.3436285788205208,0.6333333253860474,sniperRifle
1.2287812012345967e-07,39.96892038723537,35.14803410942359,17.25109454306842,25.258816022785656,34.52598637586882,13.783346024774136,1.2287812012345967e-07,firing,,20,0,0,,0.3617143088141274,0.6666666865348816,sniperRifle
3.332000986233652e-08,39.35066985213926,34.956677525166995,16.554040170738865,24.812748906828745,34.4071245967103,14.145691129829666,6.143906006172983e-08,firing,,21,0,0,,0.37980000646795564,0.699999988079071,sniperRifle
3.332000986233652e-08,38.77061064529665,34.82539306538953,15.852321814492944,24.338644111768676,34.24211896687157,14.44371414008885,1.3328003944934608e-07,firing,,22,0,0,,0.39788573646156233,0.7333333492279053,sniperRifle
1.3328003944934608e-07,38.264267799525534,34.73629731093622,15.101823312895272,23.80437615311173,34.077242802112615,14.797115940066531,0,firing,,23,0,0,,0.41597143411539056,0.7666666507720947,sniperRifle
4.214684778958144e-08,37.77907944109679,34.62134500983388,14.206472986271837,23.25345304914732,33.93034929750672,15.144835261328891,1.1920928955078125e-07,firing,,24,0,0,,0.43405716410899725,0.800000011920929,sniperRifle
1.2644053981603065e-07,37.269713326752125,34.443019826385814,13.145995355495089,22.721046150218058,33.828757987290196,15.496338676959867,1.4901161193847656e-08,firing,,25,0,0,,0.4521428617628255,0.8333333134651184,sniperRifle
6.664001972467304e-08,36.77562716984504,34.27075728957667,12.103140719581186,22.182186006090802,33.742689650399555,15.863326292894971,1.4057727071303816e-07,firing,,26,0,0,,0.4702285917564321,0.8666666746139526,sniperRifle
5.372690026206328e-08,36.31397553622221,34.19596538699072,11.224968493558952,21.633556983306036,33.668522556650075,16.259356795520613,0,firing,,27,0,0,,0.48831428941026034,0.8999999761581421,sniperRifle
2.9802322387695312e-08,35.87787372176729,34.20677428357126,10.51202119442055,21.079502379219814,33.59431812730704,16.66512097101561,4.470348358154297e-08,firing,,28,0,0,,0.506400019403867,0.9333333373069764,sniperRifle
1.2287812012345967e-07,35.389279473269454,34.21762503438328,9.704647026132946,20.565253062544826,33.58339281721699,17.09716086649514,1.3328003944934608e-07,firing,,29,0,0,,0.5244857170576953,0.9666666388511659,sniperRifle
1.3328003944934608e-07,34.90169236938062,34.228429945217904,8.908627868775024,20.061961587033057,33.572450169672244,17.522246802909812,2.9802322387695312e-08,firing,,30,0,0,,0.5425714470513019,1,sniperRifle
1.365714012990793e-07,34.39812772477931,34.2392592816145,8.088027589595553,19.57696660680039,33.56151030984829,17.930781910537686,2.9802322387695312e-08,firing,,31,0,0,,0.5606571447051302,1.0333333015441895,sniperRifle
3.332000986233652e-08,33.89611412269077,34.25008920162663,7.266724782284333,19.09379945705422,33.56102083334426,18.34688443722379,6.143906006172983e-08,firing,,32,0,0,,0.5787429070385153,1.0666667222976685,sniperRifle
8.940696716308594e-08,33.396751184676184,34.2609306221404,6.45829050779333,18.613177113258597,33.560547213278305,18.762881352961273,1.1920928955078125e-07,firing,,33,0,0,,0.5968286046923434,1.1000000238418577,sniperRifle
1.3328003944934608e-07,32.89952048786819,34.27172720284964,5.673905271403567,18.13511709581203,33.5600973305946,19.178961199744798,2.3888378564151935e-07,firing,,34,0,0,,0.6149143023461717,1.1333333253860474,sniperRifle
1.2013700256829907e-07,32.39324313517049,34.2726057581355,4.924106060828678,17.667627637311643,33.55960214656214,19.5861106685572,2.9802322387695312e-08,firing,,35,0,0,,0.633,1.1666666269302368,sniperRifle
3.544562787283212e-05,42.795304564254664,34.27095317213038,19.99996210442562,33.147850218493474,33.569841719110265,20.000020095887184,6.745967402821407e-05,firing-ads,,0,0,0,,0,0,sniperRifle
3.51506496372167e-05,42.826625351884374,34.26142265204564,19.99986875567022,33.270611551062615,33.651070489588314,20.000240852332468,6.655134347965941e-05,firing-ads,,1,0,0,,0.018085715844953602,0.03333333507180214,sniperRifle
3.424218812142499e-05,42.815705034240096,34.15241272494147,19.999999491571767,33.43114389920262,33.83304628412058,20.000257883490576,6.588575342902914e-05,firing-ads,,2,0,0,,0.036171431689907205,0.06666667014360428,sniperRifle
4.4799107854487374e-05,42.43981256596074,33.77711260711445,19.999998698183564,32.75410192181622,32.57162964176784,20.00040420340674,6.527670484501868e-05,firing-ads,,3,0,0,,0.054257145513624656,0.10000000149011612,sniperRifle
6.791331543354318e-05,42.01202119952086,33.405112305299475,19.999903039275537,31.63074971031483,30.57699043505069,20.000148778917097,6.477888382505625e-05,firing-ads,,4,0,0,,0.07234286337981441,0.13333334028720856,sniperRifle
7.10062449797988e-05,42.34751673428837,33.709840883112044,19.999921355599387,31.639093570599364,30.217654957828522,20.000279888025574,6.381275306921452e-05,firing-ads,,5,0,0,,0.09042857720353185,0.1666666716337204,sniperRifle
5.6209712056443095e-05,43.33383438577868,34.79876512171514,19.999820274844193,32.60532485954978,31.30370306075644,20.000315614781375,6.20624705334194e-05,firing-ads,,6,0,0,,0.10851429102724931,0.20000000298023224,sniperRifle
4.6119581384118646e-05,44.23626104791759,36.13954052894038,19.999866251975725,33.48594869671719,32.396877939843755,20.000159511670446,5.9692320064641535e-05,firing-ads,,7,0,0,,0.12660000485096676,0.2333333343267441,sniperRifle
3.9144146285252646e-05,44.75759234207917,37.22455774081292,19.99982099910354,34.21436599128757,33.36016499162266,20.000320961828496,5.758927727583796e-05,firing-ads,,8,0,0,,0.14468572675962882,0.2666666805744171,sniperRifle
3.424345050007105e-05,44.91830772971076,37.79890840724777,20.00021262984584,34.74481722348984,34.15171235409034,20.000427620341064,5.606425111182034e-05,firing-ads,,9,0,0,,0.16277144058334625,0.30000001192092896,sniperRifle
3.387558535905555e-05,44.81904978364658,37.864317466095024,19.999886785880737,34.844987053822095,34.40355686591248,20.000227736621905,5.530361522687599e-05,firing-ads,,10,0,0,,0.1808571544070637,0.3333333432674408,sniperRifle
3.6233675928087905e-05,44.64058396660347,37.65239742868381,19.99985336537141,34.67874265340269,34.28201636907367,20.000336996850372,5.487335874931887e-05,firing-ads,,11,0,0,,0.19894286823078117,0.36666667461395264,sniperRifle
3.814763476839289e-05,44.490453498962864,37.40653513181517,19.999893350518423,34.53915393099087,34.14337772011655,20.00021794662276,5.4616954002995044e-05,firing-ads,,12,0,0,,0.21702858205449863,0.4000000059604645,sniperRifle
3.805763117270544e-05,44.33949942979615,37.199972129272965,20.000065831567788,34.52761825127397,34.1447053963945,20.000381900760708,5.407914795796387e-05,firing-ads,,13,0,0,,0.23511429587821606,0.4333333373069763,sniperRifle
3.5974000638816506e-05,44.150062104785306,36.992564950614984,19.999847198901477,34.61585637702697,34.28743590278236,20.000185115749495,5.3545241826213896e-05,firing-ads,,14,0,0,,0.2532000097019335,0.4666666686534882,sniperRifle
3.3322517992928624e-05,43.93831217661357,36.7414160657749,19.999787705971517,34.70494077184173,34.460792767628824,20.00039019935375,5.32906451553572e-05,firing-ads,,15,0,0,,0.27128572352565095,0.5,sniperRifle
3.150244083371945e-05,43.744469487035545,36.43268657446418,19.99983474634396,34.72481448405919,34.57602258438288,20.000184571660345,5.292280548019335e-05,firing-ads,,16,0,0,,0.28937145351925764,0.5333333611488342,sniperRifle
3.0274619348347187e-05,43.598792422072954,36.0776302386584,19.999925756181295,34.691082165134475,34.6354986497629,20.000434486019582,5.27007068740204e-05,firing-ads,,17,0,0,,0.30745715117308586,0.5666666626930237,sniperRifle
2.9468808861565776e-05,43.482850131046625,35.71570365195481,19.999866552295682,34.63837181033269,34.65044268394212,20.000241399681087,5.2269548177719116e-05,firing-ads,,18,0,0,,0.3255428811666925,0.6000000238418579,sniperRifle
2.9320737667148933e-05,43.34784520360361,35.39872117000777,19.99982915614693,34.55314057751409,34.612140244032446,20.000149244719,5.206272908253595e-05,firing-ads,,19,0,0,,0.3436285788205208,0.6333333253860474,sniperRifle
2.9447477572830394e-05,43.178135650568144,35.14803410942359,20.0000291273308,34.44594830848333,34.52598637586882,20.000187435508966,5.173119279788807e-05,firing-ads,,20,0,0,,0.3617143088141274,0.6666666865348816,sniperRifle
2.9468361390172504e-05,43.00449967931662,34.956677525166995,19.99991875238838,34.35776751613205,34.4071245967103,20.000325477247664,5.13530321768485e-05,firing-ads,,21,0,0,,0.37980000646795564,0.699999988079071,sniperRifle
2.976572977786418e-05,42.88121555305735,34.82539306538953,19.99987298268293,34.30090493144142,34.24211896687157,20.000324097526622,5.0964896217919886e-05,firing-ads,,22,0,0,,0.39788573646156233,0.7333333492279053,sniperRifle
3.0029270419618115e-05,42.8416466230261,34.73629731093622,19.99983248915183,34.27675864375873,34.077242802112615,20.000239761044092,5.050712206866592e-05,firing-ads,,23,0,0,,0.41597143411539056,0.7666666507720947,sniperRifle
3.0097517083049752e-05,42.86557878734623,34.62134500983388,19.99994018897559,34.278936891478956,33.93034929750672,20.000200505346285,4.987897409591824e-05,firing-ads,,24,0,0,,0.43405716410899725,0.800000011920929,sniperRifle
2.943533763755113e-05,42.91374754499851,34.443019826385814,19.99990041579261,34.28075636263384,33.828757987290196,20.00043780353401,4.945495311403647e-05,firing-ads,,25,0,0,,0.4521428617628255,0.8333333134651184,sniperRifle
2.910142757173162e-05,42.96302901930512,34.27075728957667,19.999905382807768,34.29899115142414,33.742689650399555,20.000420912473324,4.8778972995933145e-05,firing-ads,,26,0,0,,0.4702285917564321,0.8666666746139526,sniperRifle
2.890563519031275e-05,43.0048633687132,34.19596538699072,19.9999606053321,34.34605616032498,33.668522556650075,20.000330247328158,4.8123987653525546e-05,firing-ads,,27,0,0,,0.48831428941026034,0.8999999761581421,sniperRifle
2.882066837628372e-05,43.027914547097694,34.20677428357126,19.99986672750499,34.412084402251296,33.59431812730704,20.000233231616868,4.7684508899692446e-05,firing-ads,,28,0,0,,0.506400019403867,0.9333333373069764,sniperRifle
2.8587117412826046e-05,43.049844631748684,34.21762503438328,19.999927385755342,34.45319379400653,33.58339281721699,20.0003129330196,4.7137604269664735e-05,firing-ads,,29,0,0,,0.5244857170576953,0.9666666388511659,sniperRifle
2.8516371457953937e-05,43.07096107143146,34.228429945217904,20.000007246209627,34.49784630682567,33.572450169672244,20.000317872922025,4.664966036216356e-05,firing-ads,,30,0,0,,0.5425714470513019,1,sniperRifle
2.814554318320006e-05,43.09115675878813,34.2392592816145,19.999977004371306,34.53293913913659,33.56151030984829,20.00027146417303,4.604650166584179e-05,firing-ads,,31,0,0,,0.5606571447051302,1.0333333015441895,sniperRifle
2.7955349651165307e-05,43.111190672010956,34.25008920162663,20.00004593858453,34.568539266787795,33.56102083334426,20.000240007639945,4.554884435492568e-05,firing-ads,,32,0,0,,0.5787429070385153,1.0666667222976685,sniperRifle
2.7554378903005272e-05,43.13123556434359,34.2609306221404,19.99992613966075,34.60326870334021,33.560547213278305,20.000348842435137,4.504481330513954e-05,firing-ads,,33,0,0,,0.5968286046923434,1.1000000238418577,sniperRifle
2.727517858147621e-05,43.151108696427855,34.27172720284964,19.99975220087795,34.637295358089595,33.5600973305946,20.000462888129196,4.456776878214441e-05,firing-ads,,34,0,0,,0.6149143023461717,1.1333333253860474,sniperRifle
2.6983057978213765e-05,43.16545471882163,34.2726057581355,19.999877850474643,34.666518142965714,33.55960214656214,20.00019864533178,4.4132590119261295e-05,firing-ads,,35,0,0,,0.633,1.1666666269302368,sniperRifle
