
> godmode-exe@ test D:\work\godmode-roguelite-worktrees\land-livetube-juice-20261007
> node tools/test/run-root-suite.mjs


[ 1/12] lint

> godmode-exe@ lint D:\work\godmode-roguelite-worktrees\land-livetube-juice-20261007
> eslint


D:\work\godmode-roguelite-worktrees\land-livetube-juice-20261007\scripts\client\killstreak_view.ts
  1501:1  warning  File has too many lines (1613). Maximum allowed is 1500  max-lines

D:\work\godmode-roguelite-worktrees\land-livetube-juice-20261007\scripts\environment_modules\placement_rules.ts
  1501:1  warning  File has too many lines (1678). Maximum allowed is 1500  max-lines

D:\work\godmode-roguelite-worktrees\land-livetube-juice-20261007\scripts\game_world.ts
  1501:1  warning  File has too many lines (2592). Maximum allowed is 1500  max-lines

D:\work\godmode-roguelite-worktrees\land-livetube-juice-20261007\scripts\mixamo_clip_data.ts
  1501:1  warning  File has too many lines (3213). Maximum allowed is 1500  max-lines

D:\work\godmode-roguelite-worktrees\land-livetube-juice-20261007\scripts\runtime_actions\runtime_actions.ts
  1501:1  warning  File has too many lines (1814). Maximum allowed is 1500  max-lines

D:\work\godmode-roguelite-worktrees\land-livetube-juice-20261007\scripts\server\survival_run.ts
  1501:1  warning  File has too many lines (2016). Maximum allowed is 1500  max-lines

✖ 6 problems (0 errors, 6 warnings)

[ 1/12] lint: ok in 5.0 s

[ 2/12] format:check

> godmode-exe@ format:check D:\work\godmode-roguelite-worktrees\land-livetube-juice-20261007
> prettier --check "**/*.{js,cjs,mjs,ts,cts,mts}"

Checking formatting...
All matched files use Prettier code style!
[ 2/12] format:check: ok in 7.0 s

[ 3/12] build

> godmode-exe@ build D:\work\godmode-roguelite-worktrees\land-livetube-juice-20261007
> pnpm build:scripts


> godmode-exe@ build:scripts D:\work\godmode-roguelite-worktrees\land-livetube-juice-20261007
> node tools/build/write-build-info.mjs && pnpm --filter @godmode/game-rules build && pnpm --filter @godmode/godot-cli build && tsc -p tsconfig.json


> @godmode/game-rules@0.1.0 build D:\work\godmode-roguelite-worktrees\land-livetube-juice-20261007\packages\game-rules
> node -e "require('node:fs').rmSync('dist/test',{ recursive: true, force: true })" && tsc -p tsconfig.json


> @godmode/godot-cli@0.1.0 build D:\work\godmode-roguelite-worktrees\land-livetube-juice-20261007\tools\godot-cli
> node -e "require('node:fs').rmSync('dist/test',{ recursive: true, force: true })" && tsc -p tsconfig.json

[ 3/12] build: ok in 11.6 s

[ 4/12] test:unit

> godmode-exe@ test:unit D:\work\godmode-roguelite-worktrees\land-livetube-juice-20261007
> node --test tests/unit/*.test.mjs

✔ the same account simulation is repeatable and ends at its ban wave (13.4719ms)
✔ the first sniper arrives early enough for a new player to notice (2.5274ms)
✔ shop purchases obey shelf availability and wallet balance (0.3107ms)
✔ a bigger starting audience changes sniper pressure through the real tier rules (6.7741ms)
✔ account progression records the goal and does not erase prior gains (28.994ms)
✔ a cloaker's wind-up draws back into its tell and holds it (1.1555ms)
✔ the juggernaut commander poses its roar and slam only once it has dropped its gun (0.6085ms)
✔ only the cloaker poses its attack; every other kind keeps its own clips (0.1697ms)
✔ a flinch snaps back, eases upright, and is still outside its window (0.1288ms)
✔ all eight travel directions follow rendered facing at every world heading (2.2366ms)
✔ turning the actual body changes local travel without changing world velocity (0.1708ms)
✔ diagonal stride speed uses mixed source travel and scaled native limb length (0.1575ms)
✔ directional lower-body blending leaves shooting joints alone (0.2716ms)
✔ movement angles are read against the body's facing, right being -X at yaw 0 (0.5997ms)
✔ a body squared up to its target gets the gait for the way it walks (1.1566ms)
✔ one stray snapshot does not flick a walking body to idle or sideways (0.2098ms)
✔ a diagonal just past the sector edge keeps the current gait (0.3406ms)
✔ a gait is held for its minimum time before it changes (0.285ms)
✔ the stride speed glides instead of following each noisy snapshot (0.1836ms)
✔ a resting patrol pose is reused only while all replicated state is unchanged (0.2441ms)
✔ confirmed outcomes rise above ordinary hits and stream cues (0.903ms)
✔ tip clears ambience briefly but stays below combat on the stream bus (0.6504ms)
✔ stronger outcomes suppress a weaker duplicate onset, not the next shot (1.1255ms)
✔ combat transient ducks the stream and ambience, then releases (0.1735ms)
✔ drone retains 1.4 Hz / 30% strobes and its hunting lens colour (1.2686ms)
✔ only broken plates or a stun expose commander shells; only hover lights engines (0.1374ms)
✔ all nine rebuilt assets contain authored signal/belt surfaces and match provenance (229.5919ms)
✔ barrier runtime meshes stay within budget and bind to approved raw hashes (240.4812ms)
✔ all thirteen runtime props retain the approved #950 geometry and flat colours (24.1098ms)
✔ the muted-red newspaper colourway preserves glass and repaints only the warm body cluster (15.0515ms)
✔ the slate newspaper colourway preserves glass and repaints only the warm body cluster (10.3145ms)
✔ map preview GLBs preserve VEC4 flat vertex colours (0.9612ms)
✔ bits read back in the order they were written, across byte boundaries (0.9415ms)
✔ a run of booleans costs one bit each (0.1408ms)
✔ variable-length integers round trip across every group boundary (0.1505ms)
✔ signed integers round trip, and a small negative costs what a small positive costs (0.1179ms)
✔ a double round trips bit-for-bit (0.1641ms)
✔ fixed point represents zero exactly (0.1352ms)
✔ fixed-point error stays inside half a step (0.1762ms)
✔ a value outside the fixed-point range clamps rather than wrapping (0.1051ms)
✔ negative fixed-point values round trip through two's complement (0.11ms)
✔ strings round trip, including non-ASCII and a lone surrogate (0.2997ms)
✔ UTF-8 encoding matches the platform's own, for everything well-formed (0.1369ms)
✔ malformed UTF-8 decodes to replacement characters instead of throwing (0.0764ms)
✔ reading past the end reports an overrun rather than inventing data (0.4815ms)
✔ a truncated string is refused rather than allocated against (0.0482ms)
✔ abort poisons the reader so one overrun check at the top rejects the packet (0.0366ms)
✔ the writer grows past its initial capacity without losing bits (1.4415ms)
✔ a package that tests from dist clears dist/test before it compiles (1.9463ms)
✔ test builds once, before any step that reads compiled output (0.8672ms)
✔ the root scripts test runs do not compile again (0.3715ms)
✔ test:integration builds once, before any step that reads compiled output (0.1083ms)
✔ the root scripts test:integration runs do not compile again (0.0955ms)
✔ mixed survey winding is repaired without moving the wall plane or mutating collision inputs (2.1795ms)
✔ masonry has open glass apertures and actual inward-facing 28 cm reveals (7.8731ms)
✔ continuous ground-floor base is cut around doors and follows a clipped facade (3.2437ms)
✔ a waterfront landing's replaced building keeps no masonry inside the landing footprint (195.5628ms)
✔ a rusticated base lays channelled courses up to the belt course, still cut around doors (2.292ms)
✔ building tones use stable semantic names across chunk-local feature ids (1.1196ms)
✔ tone assignments cover exactly each range and all four finishes are reachable (1.0427ms)
✔ stride lookup retains the full new humanoid slug (0.6234ms)
✔ the minimap is heading-up: what the player faces plots straight up (0.7806ms)
✔ a wallhack box bounds its corners and clamps to the screen (0.8684ms)
✔ no wallhack box for an Admin behind or beside the camera, or centred off screen (0.7551ms)
✔ Wallhacks boxes fully inside its reach, faintly past it, and not at all far off (0.2487ms)
✔ curtain grids fit smaller towers, preserve identities and keep far members above a pixel (1.5749ms)
✔ horizon geometry is bounded, nondegenerate and entirely outside the arena barrier (4618.1442ms)
✔ river faces upward at the survey sea datum, and the landmark is a two-tower suspension span (8.0942ms)
✔ the horizon survey regenerates from retained source data without a network request (4026.7093ms)
✔ horizon tour poses stand on retained ground samples inside the C outline (1.2712ms)
✔ transport presentation preserves waterfront decks and optional upper-face filtering (0.2907ms)
✔ the map's own vehicles draw the approved models in flat palette colours, in their original +X frame (0.1688ms)
✔ all horizon eye poses clear source vehicles and the rule-placed parking boxes (357.407ms)
✔ a download is named by its pack folder and file, with no slash Godot would refuse (0.9305ms)
✔ assault: every state the game ships says where it comes from, and every clip it names is retained (18.7838ms)
✔ breach: every state the game ships says where it comes from, and every clip it names is retained (22.4567ms)
✔ marksman: every state the game ships says where it comes from, and every clip it names is retained (19.2532ms)
✔ a state the catalog compiler replaces is credited to what it is made from, not its listed file (1.1598ms)
✔ a clip the game plays backwards is marked as reversed (0.299ms)
✔ a clip retargeted from another character's download does not credit this character's file of the same name (0.2525ms)
✔ commander armor ships five independent textured meshes with recorded approved bytes (8.033ms)
✔ removed survival platform families contribute no visual, collision or navigation boxes (1.3165ms)
✔ only the round that breaks a real plate confirms armour break to its attacker (1.2677ms)
✔ one blast breaking several plates confirms once; debug and unattributed damage do not (0.9463ms)
✔ concept capture refuses 06,06 before calling the game (146.9285ms)
✔ concept capture refuses missing before calling the game (145.2575ms)
✔ concept capture refuses an explicitly stale source before calling the game (218.2518ms)
✔ a marker survives its own format and nothing else passes for one (1.5778ms)
✔ a marker left at launch is a crash, and no marker is a clean quit (0.1454ms)
✔ a clean quit deletes only the marker it wrote (0.1529ms)
✔ session ids differ by start and by process (0.1512ms)
✔ Godot's rotated logs are found newest first, without the live one (0.2405ms)
✔ a short log comes back whole (0.267ms)
✔ a long log read whole keeps its first 20 and last 300 lines and says what it skipped (1.7851ms)
✔ a log read at both ends drops the line the tail read landed inside (0.303ms)
✔ a chunk read from mid-file skips the torn character rather than decoding it (0.3344ms)
✔ an oversized attachment keeps its end, in whole characters, under the byte limit (0.5089ms)
✔ the last error line is the newest ERROR or engine error (0.2345ms)
✔ the message names the session, build, machine and last error, and fits Discord (0.3364ms)
✔ missing logs are said in the message and not attached (0.2148ms)
✔ the webhook body is multipart with payload_json and one files[n] part per attachment (0.9726ms)
✔ a body containing its boundary is refused (0.4636ms)
✔ boundaries are long and hex (0.5347ms)
✔ only an export uses the committed URL; an override reaches any run (0.2017ms)
✔ kerbstone top and footway partition the original grade without stacked surface overlap (1.6087ms)
✔ the damage arc keeps the old wedge's timing: 900 ms up, solid for the first half (0.8117ms)
✔ the red pulse keeps its 0.32 start easing out over 320 ms (0.1446ms)
✔ the arc is thin and short, tapers at its tips, and never folds into duplicate points (0.992ms)
✔ debug_spawn_encounter accepts every enemy kind (2.0834ms)
✔ debug_character_detail accepts exactly the character-detail settings (2.6636ms)
✔ debug_lighting accepts exactly LightingOptions, plus the antialiasing mode (2.0286ms)
✔ debug_lattice_study accepts exactly the fields read by its fixture (0.7413ms)
✔ every debug_* handler has an entry in the accepted-field table (2.0898ms)
✔ the table lists every field its handler reads (1.94ms)
✔ the table lists no field its handler never reads (1.6124ms)
✔ a misspelled field is refused, and the reply says what the action takes (0.1785ms)
✔ an action with no entry, and an empty payload, are left alone (0.1254ms)
✔ DEBUG registry has unique controls, storage keys and grouped choices (2.402ms)
✔ DEBUG settings persist and reject invalid stored values (0.4559ms)
✔ trainer fits supported desktop aspect ratios with room for its taskbar (1.3208ms)
✔ dragging cannot strand window controls off screen or under the taskbar (0.202ms)
✔ default window preserves the approved reference proportions (0.0964ms)
✔ the manifest says its free-tier output may not ship (0.7452ms)
✔ every entry is a request the sound-effects API accepts (0.9179ms)
✔ nothing is generated for a sound the original game has (0.1938ms)
✔ no two entries write the same file (0.2112ms)
✔ every sound in assets/audio is a recorded derivative (derivatives.json) or generated from the manifest (5.8183ms)
✔ every file the manifest writes is committed (3.5813ms)
✔ every downloaded music track records where it came from and a licence that allows the game (0.3531ms)
✔ grunt uses the native nine-frame shot, restarting for each real burst round (1.1826ms)
✔ native shot window includes the full motion and restarts from each replicated round (0.1105ms)
✔ native deaths use reproducible supported full-body fall clips (0.9025ms)
✔ native death plays the full source fall before sinking and cleanup (1.1394ms)
✔ moving fire and hit reactions never replace pelvis or leg gait tracks (0.4108ms)
✔ each ranged enemy has a flash profile while lobbers and melee never emit false bullet tracers (1.2081ms)
✔ spatial radio calls choose their nearby officer or commander, not a grunt or distant voice (0.6132ms)
✔ radio hand blends in and releases without a permanent override (0.6427ms)
✔ slam native contact and recovery fit existing authority timing (0.3845ms)
✔ stun holds recoil before the death fall; pistol sits beyond shield's right edge (0.7019ms)
✔ commander and minigun accelerate, coast and count each authoritative stamp once (0.8635ms)
✔ late snapshots do not fabricate feed/recoil or shots (0.136ms)
(node:34136) [MODULE_TYPELESS_PACKAGE_JSON] Warning: Module type of file:///D:/work/godmode-roguelite-worktrees/land-livetube-juice-20261007/scripts/environment_modules/module_contract.ts is not specified and it doesn't parse as CommonJS.
Reparsing as ES module because module syntax was detected. This incurs a performance overhead.
To eliminate this warning, add "type": "module" to \\?\D:\work\godmode-roguelite-worktrees\land-livetube-juice-20261007\package.json.
(Use `node --trace-warnings ...` to show where the warning was created)
✔ furniture fronts share the kerb band and leave a full walking lane on narrow footways (0.7484ms)
✔ lamp clearance catches bed interiors and rotated planter edges (5.7801ms)
✔ bent branches share closed joint rings and outward terminal caps (3.1884ms)
✔ closure footings follow sloped and stepped paving with a closed buried contact skin (3.0458ms)
✔ closure clearance catches a fence crossing between clear endpoints (0.1883ms)
✔ every park walk uses surveyed top caps, never the terrain underside (4398.7889ms)
✔ roof service ducts close at cabinet ports and flashed penetrations (7.3258ms)
✔ nearby bench and bin approaches overlap instead of leaving a narrow grass strip (0.5729ms)
✔ all park and furniture paving joins have a single cap owner (25.2778ms)
✔ waterfront details reach Pier 1 and paving stays on finite ground within C (16.6734ms)
✔ ground fitting joins surveyed triangle seams and rejects unsupported/sloping footprints (0.3252ms)
✔ physical props must exclude nav interior plus the player's capsule clearance (0.1804ms)
✔ graded retaining pads follow each source corner and reject excessive rise or gaps (0.2463ms)
(node:46092) [MODULE_TYPELESS_PACKAGE_JSON] Warning: Module type of file:///D:/work/godmode-roguelite-worktrees/land-livetube-juice-20261007/scripts/environment_modules/module_contract.ts is not specified and it doesn't parse as CommonJS.
Reparsing as ES module because module syntax was detected. This incurs a performance overhead.
To eliminate this warning, add "type": "module" to \\?\D:\work\godmode-roguelite-worktrees\land-livetube-juice-20261007\package.json.
(Use `node --trace-warnings ...` to show where the warning was created)
✔ windowBay: honest bounds, valid facets and GLB round trip (9.7048ms)
✔ cornice: honest bounds, valid facets and GLB round trip (2.7557ms)
✔ parapet: honest bounds, valid facets and GLB round trip (1.0652ms)
✔ stoop: honest bounds, valid facets and GLB round trip (4.0863ms)
✔ doorSurround: honest bounds, valid facets and GLB round trip (2.1845ms)
✔ fireEscape: honest bounds, valid facets and GLB round trip (13.7226ms)
✔ beltCourse: honest bounds, valid facets and GLB round trip (0.9978ms)
✔ storefront: honest bounds, valid facets and GLB round trip (3.0655ms)
✔ facade attaches to solid shells and retains downward stair clearance (3.8171ms)
✔ all facade-family variants fit their honest bounds and have nondegenerate triangles (509.8998ms)
✔ one building keeps one architectural family and its trim tone across independent role picks (25.2955ms)
✔ alternating quoin widths terminate flush at the correct corner edge (0.6956ms)
✔ hanging corbels clear a centred window surround in their three-metre bay (0.1316ms)
✔ ground index retains triangle seams across negative-coordinate cell boundaries without duplication (1.5322ms)
✔ sidewalk interiors cancel and long boundary edges split into supported gutter spans (0.5016ms)
✔ gutter requires opposite sidewalk and asphalt support, rejecting roof-height and ambiguous fits (0.6307ms)
✔ localized wear clips to exact nonplanar source faces and never bridges missing ground (1.0294ms)
(node:46248) [MODULE_TYPELESS_PACKAGE_JSON] Warning: Module type of file:///D:/work/godmode-roguelite-worktrees/land-livetube-juice-20261007/scripts/environment_modules/module_contract.ts is not specified and it doesn't parse as CommonJS.
Reparsing as ES module because module syntax was detected. This incurs a performance overhead.
To eliminate this warning, add "type": "module" to \\?\D:\work\godmode-roguelite-worktrees\land-livetube-juice-20261007\package.json.
(Use `node --trace-warnings ...` to show where the warning was created)
✔ facade: committed geometry and metadata reproduce from the engine-free builders (49.552ms)
✔ roof: committed geometry and metadata reproduce from the engine-free builders (20.9339ms)
✔ street: committed geometry and metadata reproduce from the engine-free builders (14.0536ms)
✔ textured module bounds are validated after their native mesh transform (2.9795ms)
✔ every module in the library keeps the contract, and every role has at least one (511.1281ms)
✔ every placed role resolves to real faceted geometry rather than a stand-in (0.6994ms)
✔ garden and yard completion fits the existing placement envelopes without tolerance slack (2.9872ms)
✔ the contract catches geometry outside the footprint, unknown slots and bad ids (0.5607ms)
✔ boxes face outward: every face normal points away from the box centre (0.2265ms)
✔ real modules replace stand-ins for their role, and picks are stable (0.4708ms)
✔ window bays fill every storey about every three metres, face out of the wall, and leave the door clear (13.4555ms)
✔ a street front without an inferred entrance gets one front door, lifted onto a stoop (2.3792ms)
✔ large roofs carry sparse varied individual installations with generous clear space (412.9844ms)
✔ window dressing varies sparsely by bay while sash and trim stay coherent per building (13.1984ms)
✔ a door at street level too tight for a stoop gets one raised entry step and a canopy (2.4668ms)
✔ a wall with a neighbour close in front stays blank below the neighbour's roof (1.6343ms)
✔ the committed attach surfaces match the map chunks they were extracted from (2815.4482ms)
✔ the navigation bake cut out exactly the parked cars the rules place, so a rule change forces a rebake (422.6787ms)
✔ the arena's placements stay out of buildings, door paths and each other, and sit on the ground (16258.9415ms)
✔ no enemy spawn point stands inside a hedge, stoop, shed, tree trunk or any other visual prop (17497.2124ms)
✔ supply crates rest on the nearest prop-clear spawn point, on its floor, or nowhere when none is near (0.3983ms)
✔ a building's cornice, belt course and door surround come from one style family (14.2067ms)
✔ on a sloping street the storeys carry down to the pavement instead of leaving the low end blank (2.9807ms)
✔ picture-frame windows stay on rowhouse-scale buildings (10.6899ms)
✔ player-eye review cameras stand 1.7 metres above actual surveyed waterfront ground triangles (19.1874ms)
(node:32092) [MODULE_TYPELESS_PACKAGE_JSON] Warning: Module type of file:///D:/work/godmode-roguelite-worktrees/land-livetube-juice-20261007/scripts/environment_modules/module_contract.ts is not specified and it doesn't parse as CommonJS.
Reparsing as ES module because module syntax was detected. This incurs a performance overhead.
To eliminate this warning, add "type": "module" to \\?\D:\work\godmode-roguelite-worktrees\land-livetube-juice-20261007\package.json.
(Use `node --trace-warnings ...` to show where the warning was created)
✔ all three basic HVAC sizes share the approved flat model and fit their retained envelopes (154.2913ms)
✔ acSmall: facets, support and measured bounds (30.0329ms)
✔ acMedium: facets, support and measured bounds (16.86ms)
✔ acLarge: facets, support and measured bounds (12.689ms)
✔ ductRun: facets, support and measured bounds (2.7229ms)
✔ ductElbow: facets, support and measured bounds (0.8413ms)
✔ roofVent: facets, support and measured bounds (20.0332ms)
✔ roofHatch: facets, support and measured bounds (7.1134ms)
✔ waterTank: facets, support and measured bounds (11.2525ms)
✔ : facets, support and measured bounds (150.5486ms)
✔ : facets, support and measured bounds (19.4577ms)
✔ : facets, support and measured bounds (122.6164ms)
✔ : facets, support and measured bounds (19.8676ms)
✔ duct ports share width and elevation and elbow turns through 90 degrees (0.6ms)
(node:28756) [MODULE_TYPELESS_PACKAGE_JSON] Warning: Module type of file:///D:/work/godmode-roguelite-worktrees/land-livetube-juice-20261007/scripts/environment_modules/module_contract.ts is not specified and it doesn't parse as CommonJS.
Reparsing as ES module because module syntax was detected. This incurs a performance overhead.
To eliminate this warning, add "type": "module" to \\?\D:\work\godmode-roguelite-worktrees\land-livetube-juice-20261007\package.json.
(Use `node --trace-warnings ...` to show where the warning was created)
✔ lampPost: complete footprint and nondegenerate facets (9.3865ms)
✔ roundTree: complete footprint and nondegenerate facets (3.9604ms)
✔ columnTree: complete footprint and nondegenerate facets (1.6586ms)
✔ planter: complete footprint and nondegenerate facets (2.4463ms)
✔ bin: complete footprint and nondegenerate facets (3.6075ms)
✔ utilityBox: complete footprint and nondegenerate facets (27.7537ms)
✔ bench: complete footprint and nondegenerate facets (5.6123ms)
✔ crosswalkStripe: complete footprint and nondegenerate facets (0.9122ms)
✔ manhole: complete footprint and nondegenerate facets (2.7745ms)
✔ drainGrate: complete footprint and nondegenerate facets (3.0617ms)
✔ hedge: complete footprint and nondegenerate facets (0.9474ms)
✔ curbBollard: complete footprint and nondegenerate facets (1.5633ms)
✔ street orientation and scale include lamp arm, crown and stripe long axis (1.0926ms)
✔ Godot's export filters are globs over whole paths, not directory rules (1.5266ms)
✔ every export preset excludes the runtime inspection bridge (0.9883ms)
✔ every export preset excludes all of tools/ and tests/ (169.0837ms)
✔ tools/ is hidden from the exporter a second time, by its own .gdignore (0.2866ms)
✔ no export preset excludes the game's own resources (3.1074ms)
✔ every raw .glb.bin model is packaged (59.4934ms)
✔ the export leaves out the parts of the maps only the tools read (0.7612ms)
✔ the pack's byte scan finds a literal that straddles a chunk boundary (37.3912ms)
✔ the pack reader skips an embedded pack's alignment padding, and nothing more (44.4106ms)
✔ approved assaultRifle ships its textured source and a sight picture on its own sights (214.7226ms)
✔ approved pistol ships its textured source and a sight picture on its own sights (384.9921ms)
✔ approved shotgun ships its textured source and a sight picture on its own sights (2137.2593ms)
✔ approved sniperRifle ships its textured source and a sight picture on its own sights (180.9418ms)
✔ each gun's sight sockets sit on the sight features place-weapon-sights.mjs measures on its mesh (1954.4743ms)
✔ FX ages hold through pause and resume with their remaining life (0.8129ms)
✔ widthAt reads the solid's x-extent where a line crosses it and misses elsewhere (1.8618ms)
✔ gripColumn puts the palm on the column's right face under the receiver, not on the receiver or the guard (12.717ms)
✔ gripColumn finds nothing on a bare receiver (1.7584ms)
✔ designed facets exactly cover the surveyed triangle on its own plane (14.2366ms)
✔ facets are lattice-sized, not survey-sized, and vary in tone and normal (6.4596ms)
✔ one world lattice: a facet split by a survey edge keeps one tone on both sides (81.72ms)
✔ blood coverage runs from clear at full health to complete at death (0.9533ms)
✔ the coverage curve turns at the rules' own instant-recovery threshold (0.1362ms)
✔ out-of-range health is treated as unhurt rather than drawn wrong (0.1031ms)
✔ every audible channel is driven by the coverage actually drawn (0.1443ms)
✔ the wash arrives far faster than it clears (0.2262ms)
✔ a zero or negative frame moves the wash nowhere (0.0996ms)
✔ a channel below the silence floor is not played at all (0.1079ms)
✔ the heartbeat phase stays continuous when the rate changes (0.1633ms)
✔ one beat is one kick and a decay (0.1701ms)
✔ tip gains count up and further gains continue from the displayed amount (0.9133ms)
✔ first display, losses and a new stream show their current tip total immediately (0.1376ms)
✔ a kill survives the next target's hits, while new kills retrigger and expiry releases it (0.1044ms)
✔ confirmation pulses settle before fading, including extended fixture holds (0.8225ms)
✔ plate breaks survive following hits but yield to kills, and expire normally (0.1906ms)
✔ audience growth pulses once, settles, and throttles continuous gains (0.1846ms)
✔ audience losses and hidden-stream resets do not celebrate gains (0.1154ms)
✔ the respawn countdown rounds up to whole seconds and never goes negative (0.1172ms)
✔ HUD families keep their requested screen corners (0.8077ms)
✔ HUD stays in safe bounds at 1280x720 (0.496ms)
✔ HUD stays in safe bounds at 3440x1440 (1.7546ms)
✔ HUD stays in safe bounds at 1100x735 (0.2515ms)
✔ HUD stays in safe bounds at 1024x768 (0.1704ms)
✔ HUD stays in safe bounds at 800x600 (0.1572ms)
✔ HUD stays in safe bounds at 600x600 (0.1525ms)
✔ HUD stays in safe bounds at 640x360 (0.1352ms)
✔ HUD stays in safe bounds at 390x844 (0.1342ms)
✔ HUD stays in safe bounds at 320x320 (0.1461ms)
✔ HUD stays in safe bounds at 280x180 (0.1932ms)
✔ the frame-rate readout states both the rate and what a frame cost (0.2137ms)
✔ the frame-rate readout takes the top-left corner and the radar moves down for it (0.1202ms)
✔ the hit marker is centred on the crosshair, whatever it is confirming (0.8966ms)
✔ the hit marker gets heavier as the shot is worth more, and never depends on the viewport (0.142ms)
✔ every shipped camera-arm asset uses the native Infima skeleton (637.1846ms)
✔ the selected rifle runtime prop contains the complete body and no trimmed ADS child (6.752ms)
✔ pistol: magazine walls and hidden follower enclose volume without capping the feed slot (3.9043ms)
✔ pistol: solid loaded rounds share the magazine mesh and survive repeated imports (13.2795ms)
✔ pistol: importing a #989 solid magazine removes its mouth cap (12.8595ms)
✔ pistol: restore the exact tagged v0.28 gun (11.6994ms)
✔ pistol: fire has moving parts and no second whole-assembly recoil (15.5822ms)
✔ assault-rifle: magazine walls and hidden follower enclose volume without capping the feed slot (4.4544ms)
✔ assault-rifle: solid loaded rounds share the magazine mesh and survive repeated imports (8.091ms)
✔ assault-rifle: importing a #989 solid magazine removes its mouth cap (94.2283ms)
✔ assault-rifle: restore the exact tagged v0.28 gun (5.2867ms)
✔ assault-rifle: fire has moving parts and no second whole-assembly recoil (16.0561ms)
✔ an injection is installed while it holds, until it is first sampled, and inside its window (0.6255ms)
✔ only the fields a payload actually asks for count, in the handler's own terms (0.6999ms)
✔ every refused field is a debug_key_input field (0.1593ms)
✔ client_loop.ts still overwrites every intent field those taps feed (3.4557ms)
✔ the refusal names what would be dropped and how to send it instead (0.2117ms)
✔ every killstreak has an imported RGBA icon and its receipt: a generated source, or the script that drew it (137.9306ms)
✔ native slash reaches its crossing at the authoritative 150ms contact and finishes at 600ms (2.1621ms)
✔ gun resumes its exact original pose after the slash (0.1999ms)
✔ a flash takes the first dark light (0.8174ms)
✔ with every light lit, the one lit longest ago is stolen (0.2432ms)
✔ a flash starts at full energy, fades, and is dark at its end (0.1358ms)
✔ a file is published under its own digest, so every bake keeps its own asset (0.6856ms)
✔ a bake record must name both the atlas and its import sidecar (1.0478ms)
✔ the cache is per machine, and can be pointed elsewhere (0.3614ms)
✔ every atlas the tool restores is one git ignores, and its committed record names it (3.7143ms)
✔ every ignored lightmap atlas is restored or says why not, so a new bake cannot stay local by accident (4.5858ms)
✔ an explicit LIGHTMAP_BAKER_PATH always wins, and nothing is guessed (1.3482ms)
✔ an explicit path that does not exist still fails, rather than falling back (0.4237ms)
✔ unset on Windows, the proven console build is used, checked, and named out loud (0.3384ms)
✔ the default is refused if it is not the official 4.6.1 build (0.3352ms)
✔ the windowed build is never a default: it has not been proven through a real bake (0.3378ms)
✔ unset anywhere but Windows fails loudly, as before (0.3471ms)
✔ death, restart, menu, game quit and window close all bank the run (5.6772ms)
✔ approved grunt firing retains nine real Mixamo samples and native recoil (23.1196ms)
✔ enemy-rifle: native skin, PBR images and shared motion catalog remain usable (39.6635ms)
✔ enemy-smg: native skin, PBR images and shared motion catalog remain usable (176.3806ms)
✔ enemy-shotgun: native skin, PBR images and shared motion catalog remain usable (38.5659ms)
✔ enemy-grenadier: native skin, PBR images and shared motion catalog remain usable (39.3264ms)
✔ enemy-rpg: native skin, PBR images and shared motion catalog remain usable (54.182ms)
✔ enemy-marksman: native skin, PBR images and shared motion catalog remain usable (139.7695ms)
✔ enemy-medic: native skin, PBR images and shared motion catalog remain usable (35.3714ms)
✔ enemy-shield: native skin, PBR images and shared motion catalog remain usable (31.1098ms)
✔ enemy-heavy: native skin, PBR images and shared motion catalog remain usable (37.7096ms)
✔ enemy-minigun: native skin, PBR images and shared motion catalog remain usable (34.3793ms)
✔ enemy-officer: native skin, PBR images and shared motion catalog remain usable (47.2762ms)
✔ enemy-commander: native skin, PBR images and shared motion catalog remain usable (55.0219ms)
✔ enemy-pistol: native skin, PBR images and shared motion catalog remain usable (48.1782ms)
✔ enemy-cloaker: native skin, PBR images and shared motion catalog remain usable (59.0474ms)
✔ assault: the raw-art index retains the Mixamo downloads the character was built from (3.5657ms)
✔ breach: the raw-art index retains the Mixamo downloads the character was built from (2.228ms)
✔ marksman: the raw-art index retains the Mixamo downloads the character was built from (2.4118ms)
✔ daemon: the raw-art index retains the Mixamo downloads the character was built from (1.58ms)
✔ assault: Mixamo migration preserves the body and binds every vertex (116.1068ms)
✔ breach: Mixamo migration preserves the body and binds every vertex (222.9344ms)
✔ marksman: Mixamo migration preserves the body and binds every vertex (136.9826ms)
✔ daemon: Mixamo migration preserves the body and binds every vertex (198.6205ms)
✔ daemon: each shoe has its own skin influences and triangles (80.2065ms)
✔ fracture rigs fit the opaque packed-PBR replacement contract (102.6236ms)
✔ the planted foot measures the stride every clip's recorded source travel does (222.8758ms)
✔ every rig's own walk is drawn for the stride it measures, including one that kept its travel (17.6378ms)
✔ model showcase catalogs gameplay states that resolve on each native rig (3907.5325ms)
✔ model-specific clips leave unrelated showcase rigs in idle (0.4833ms)
✔ model showcase includes all six player death clips (350.7092ms)
✔ a pool keeps spares up to its cap and frees the rest (0.7632ms)
✔ the readout says what the pool is for: built against reused (0.8081ms)
✔ Pier 1 promenade covers its inshore centreline and closes outer paving edges (221.0134ms)
✔ the reference corner's footways sit at kerb-cap height and the rest a little proud of the road (0.2035ms)
✔ a footway triangle is one flat face on its surveyed grade: no slabs, joints, bevels or tone (1.3484ms)
✔ a new life clears what the life owned and keeps what the connection owns (1.398ms)
✔ reading a player never creates a record; writing does, and a disconnect removes it (0.2402ms)
✔ the arena's inputs are the same list, hashed the same, every time (1864.526ms)
✔ fingerprint depends on content and paths, not ordering or file timestamps (11.2163ms)
✔ machine cache defaults outside the checkout and accepts an override (0.4026ms)
✔ the fingerprint lock serializes worktrees and reclaims an abandoned holder (101.2761ms)
✔ cache publishes verified outputs and restores a worktree receipt (38.3201ms)
✔ a file whose size and time match its stamp keeps its recorded hash; any other is read again (3.0511ms)
✔ the receipt is current exactly when every input and output hash matches (0.5193ms)
✔ a receipt written for the tree as it is matches the tree's own inputs (1454.6299ms)
✔ PR gates never ensure an arena; release export does (0.6018ms)
✔ development reuses a stale cached arena without generating (17.2686ms)
✔ a reload holds through a long pause and resumes with only unpaused time (2.3312ms)
✔ native animation, particles and world sound restore their original states after pause or teardown (1.7354ms)
✔ the log directory sits beside the file it is placed by, wherever that file is (1.2331ms)
✔ each boot gets its own file, named for its role and in UTC so the names sort in run order (0.2357ms)
✔ a line carries both clocks, and a message's own newline is not doubled (0.6972ms)
✔ a message spanning lines keeps its later lines indented under the entry (0.1765ms)
✔ an exported client logs beside its executable, and an editor client only beside a settings file it was given (0.116ms)
✔ each boot deletes the oldest log files of its own role so that a fixed number remain, and leaves other files alone (0.8261ms)
✔ a console line reads the way GodotJS prints it, at the level of the method that wrote it (0.3236ms)
✔ no script registers an engine logger (547.7012ms)
✔ an exported client falls back to the user data directory when it cannot write beside the executable (0.3817ms)
✔ a heartbeat line says where the run is and how the process is doing (0.3834ms)
✔ a repeating error is written once, then once per window with a count of the ones held back (0.2173ms)
✔ the smoke-test termination ladder matches the CLI's for this platform (3.5197ms)
✔ the Windows ladder ends the whole tree, unforced before forced (0.2178ms)
✔ approved packs retain separate readable signal geometry within budget (7.4263ms)
✔ minigun housing remains separate from the centered -Z barrel pivot (2.4014ms)
✔ production dog retains a finite quadruped skin, 12k triangles and animated attack phases (14.3148ms)
✔ production supply crate preserves independently blinkable beacon geometry (4.533ms)
✔ smg has embedded runtime textures and the camera-safe mesh contract (43.7872ms)
✔ dmr has embedded runtime textures and the camera-safe mesh contract (29.5211ms)
✔ grenade-launcher has embedded runtime textures and the camera-safe mesh contract (110.8193ms)
✔ waterfront park walks retain trunk and furniture clearance (1.3526ms)
✔ waterfront planting stays clear of park walk approaches (0.3633ms)
✔ the driver line is read out of a real boot log, teardown noise and CRLF included (1.9176ms)
✔ a Vulkan boot reports Vulkan, so a fallback cannot read as the requested driver (0.2152ms)
✔ a log with no driver line reports nothing rather than guessing (0.0911ms)
✔ the project's pinned Windows driver is read with the name the engine prints for it (0.2448ms)
✔ an unpinned or unmapped driver is reported as such, not as a driver (3.6077ms)
✔ a setting is read from its own section, not from anywhere in the file (0.3064ms)
✔ project.godot still carries the rendering settings an engine save can drop (0.1386ms)
✔ a soup of rotated, non-uniformly scaled copies is recovered copy by copy, in order (3.0867ms)
✔ any vertex that is not a copy refuses the whole match rather than moving it (0.3135ms)
✔ normals are matched as append_from writes them: the basis times the base normal, normalised (1.2336ms)
✔ expanding the recovered copies gives back the soup (0.5171ms)
(node:33920) [MODULE_TYPELESS_PACKAGE_JSON] Warning: Module type of file:///D:/work/godmode-roguelite-worktrees/land-livetube-juice-20261007/scripts/client/environment_study_regions.ts is not specified and it doesn't parse as CommonJS.
Reparsing as ES module because module syntax was detected. This incurs a performance overhead.
To eliminate this warning, add "type": "module" to \\?\D:\work\godmode-roguelite-worktrees\land-livetube-juice-20261007\package.json.
(Use `node --trace-warnings ...` to show where the warning was created)
✔ source-keyed emission preserves physical envelopes and phantom hardware details (265.5915ms)
✔ capped exhaust joins the actual housing-side port and bears on its own roof (4.7598ms)
✔ occupied surfaces detect true crossing and reject coplanar disjoint pieces (0.4565ms)
✔ declared service strip stays outside every physical part (4.0675ms)
✔ closed miter elbows share oriented edges without open ends (0.6544ms)
✔ connector endpoints are cabinet side planes, inside housing heights (3.7794ms)
✔ stepped roof fits every separate foot and avoids transverse joint (3.8619ms)
✔ full rotated cap footprint is transformed, not nominal cabinet rectangle (6.8148ms)
✔ unsupported expanded footprint rejects an apparently supported cabinet centre (4.4529ms)
✔ frontage door ancestry is separate from hero roof ownership (5.1351ms)
✔ pnpm test runs the runner, and test:unit is the whole unit directory in one pass (0.9298ms)
✔ every test:* script is a step, folded into test:unit, or excluded with a reason (0.713ms)
✔ the three gates are the ones whose failure makes the rest meaningless (0.2187ms)
✔ PR gates never run the expensive map freshness check (0.0981ms)
✔ a run that stopped early can never be mistaken for one that finished (0.4242ms)
✔ the queue is FIFO, and a lane that died is not in it (0.3989ms)
✔ a waiting lane says what it is waiting for, so a stall is not mistaken for a hang (3.7244ms)
✔ two lanes cannot run a locked step at the same time, and the second one waits (1710.2111ms)
✔ GAME_RPC_NAMES is exactly the @rpc methods declared on Game (3.344ms)
✔ server RPCs require the appropriate admission phase (4.2317ms)
✔ streak debug picks share the simulation clock after slow motion resumes (11.2467ms)
✔ every refusal kind the dispatcher sends is one godot-cli knows (0.7894ms)
✔ the refusals the in-repo pollers wait on are marked notReady, and a misspelt field is invalid (1.8579ms)
✔ a well-formed placement outside the loaded map is a decline, not an invalid request (1.0069ms)
✔ 20 Hz NPC steps travel as far as 60 Hz physics without compounding speed (1.2852ms)
✔ a scheduled sweep keeps the wall's resolved velocity and cannot step through it (0.1292ms)
✔ a building's shops share one style and trim tone; only the door bays differ (0.7433ms)
✔ display and door glazing paint shop glass with a lit room; window bays paint home glass (9.6481ms)
✔ the bridge dressing's tower centres are the surveyed ones (13.7718ms)
✔ the shop awning faces up, out and to the sides, so back-face culling keeps it visible from the street (0.5032ms)
✔ every replicated field is covered by the fixture (2.4556ms)
✔ the wire layout is pinned per format version, so a changed layout cannot keep its number (0.6812ms)
✔ a dictionary change the field list cannot see still changes the layout (#593) (0.4929ms)
✔ the layout covers every lookup table and quantisation the codec reads through (0.5366ms)
✔ the wire field order is pinned, so a reorder cannot pass unversioned (0.1519ms)
✔ a self-contained snapshot round trips (7.6259ms)
✔ mantle paths arrive in deltas and late-join keyframes and clear on completion (2.3684ms)
✔ corpse FIFO additions and removals survive delta packets and late-join keyframes (1.8205ms)
✔ a delta against an identical baseline is a handful of bytes (0.617ms)
✔ a moving lobby's delta fits inside one ENet fragment (0.6399ms)
✔ a self-contained eight-player snapshot stays within two fragments (0.3128ms)
✔ an unchanged field is carried over from the baseline rather than re-sent (0.6614ms)
✔ a player joining or leaving re-keys the roster without disturbing the others (0.5283ms)
✔ a System Admin arriving mid-match is encoded against a baseline that had none (0.3002ms)
✔ a string outside a dictionary still round trips, as a literal (0.3307ms)
✔ a truncated packet is refused rather than half-decoded (0.8997ms)
✔ packets from older layouts and unknown versions are refused (0.4847ms)
✔ a delta read against the wrong baseline is refused rather than trusted (0.263ms)
✔ a delta claiming a baseline roster the receiver does not have is refused (0.2187ms)
✔ random bit flips are refused or decoded, never silently mixed up (30.6655ms)
✔ sequence comparison survives the wrap at 65536 (0.2056ms)
✔ publisher and receiver converge on deltas and stay there (2.0084ms)
✔ a client that stops acknowledging is put back on full snapshots and recovers (0.987ms)
✔ a receiver that misses a packet keeps naming what it still holds (0.4506ms)
✔ a superseded packet arriving late is dropped rather than rewinding the world (0.5049ms)
✔ every peer gets its own baseline, and identical baselines are encoded once (0.3772ms)
✔ a disconnected peer's acknowledgement is forgotten before its id is reused (0.5857ms)
✔ a receiver reset drops the match it was in (0.3047ms)
✔ an acknowledgement for a snapshot the server never sent is ignored (0.3693ms)
✔ the same packet arriving twice is applied once (0.4803ms)
✔ a yaw outside [-pi, pi] wraps rather than clamping (0.4356ms)
✔ a fabricated negative acknowledgement cannot wedge a peer out of deltas (0.3199ms)
✔ the accepted full-snapshot receipt survives deltas and rejected packets, then resets (0.5038ms)
✔ Brooklyn positions beyond the old 512 m range survive full and delta snapshots (0.6578ms)
✔ all preloaded city enemies survive keyframes and removals beyond the old 256-body cap (10.593ms)
✔ a steady walk is drawn at a steady speed, with no stall frames (2.1561ms)
✔ bodies are drawn about the interpolation delay behind the newest snapshot (0.4813ms)
✔ the render clock jumps to a first snapshot and never runs past the newest (0.1383ms)
✔ a track holds its ends, interpolates between, and restarts on a teleport (1.1336ms)
✔ every snapshot a client accepts under loss is the world the server recorded (69.8605ms)
✔ snapshots are lost at the link's rate, not a multiple of it (31.9805ms)
✔ a total outage longer than the history is recovered from, without intervention (4.7ms)
✔ duplicated and delayed packets never rewind the world (24.2834ms)
✔ a packet that arrives after a newer one is dropped, not applied (24.8993ms)
✔ a client whose acknowledgements are lost still gets a usable stream (20.0028ms)
✔ the same seed reproduces the same run (21.6362ms)
✔ every humanoid kind is drawn as a player gun the stance solver can hold (0.8261ms)
✔ the off-hand goes on every gun but the SHIELD's pistol (0.1688ms)
✔ only the HEAVY's LMG is drawn bigger (0.1155ms)
✔ the gun points along the line from the shoulder to the target (0.1562ms)
✔ with nobody to shoot it carries the gun at a low ready (0.1151ms)
✔ a round kicks the muzzle up and it settles back (0.1098ms)
✔ a long gun blades the chest toward the off-side and sits back into the shoulder, within what reads as a stance (0.1431ms)
✔ startup phases partition the launch without counting nested resource spans twice (1.5008ms)
✔ an old readiness marker never counts as a presented gameplay frame (0.1643ms)
✔ phone retains its screen texture and assigns the material only when the feed changes (10.2545ms)
✔ prototype phone holds the ride feed, returns from its held pose, and keeps RC-XD a call-in (3.8245ms)
✔ phone shake rotates the rigid assembly and suppression clears it (0.9598ms)
✔ standard remote returns from close while direct-fade aircraft never raise a tablet (3.1442ms)
✔ prototype server keeps the exposed body in-world; bail releases it immediately and stops cover (13.2904ms)
✔ prototype timeout releases the body at seven seconds; console loadouts preserve the flow (1.9886ms)
✔ cover chooses nearest visible threat, respects cadence and damages at reduced gun power (2.0561ms)
✔ prototype map strike waits for click after phone tap; RC-XD is a call-in without a ride (1.5879ms)
✔ an existing trainer hint stays out of the tablet and ride viewing area (1.4033ms)
✔ tablet controller hands native gun playback through entry, put-away and remote return (1.1001ms)
✔ gunner activation cancels a preceding tablet outro through ride, exit and restored gun (1.4158ms)
✔ exit cancels stale tablet independently of observing ride entry (0.7079ms)
✔ tablet call-ins still raise, tap once and finish; ride entry does not cancel LAUNCH (7.1893ms)
✔ Predator's tablet is cleared for control, exit and the restored gun (0.9745ms)
✔ every ride holds its exact activation position through the exit fade, without changing weapon or ammo (2.1719ms)
✔ remote ride returns through the close-held tablet and keeps the gun blocked until lowered (1.3974ms)
✔ gunners never restore a tablet; death cancels a remote return (0.8434ms)
✔ prototype feed holds the native approach and returns from the matching partial-close pose (1.9373ms)
✔ prototype RC-XD keeps its call-in pose and suppression clears phone hit feedback (0.765ms)
✔ slow close-device preparation does not consume the return reveal (0.7827ms)
✔ tablet remains close through the black handoff hold before revealing (0.642ms)
✔ completed strike awards wait for the phone and stay off its close return (14.2665ms)
✔ prototype exit returns the PiP phone immediately; standard exit prepares its black hold (2.1704ms)
✔ default prototype has no Auto Cover and body stays wherever movement put it (1.381ms)
✔ two-click targeting and reset are shared by current and prototype flows (6.8722ms)
✔ prototype released phone restores the actual player gun; normal rides still hide it (2.1496ms)
✔ a missing phone-feed camera cannot leave thermal/static over the body view (1.2768ms)
✔ paint and parking use the same setback at branching junctions (1.4817ms)
✔ parking reserves the full crossing width and an approach beyond the car centre (0.2462ms)
✔ angled vehicle corners and angled crossings share the same clearance (1.2426ms)
✔ fitting follows rotated slopes and refuses missing paving, steps and narrow routes (1.0492ms)
✔ every committed base follows actual source paving, and every kind reaches the waterfront (1237.7217ms)
✔ dressing is batched by cell; shrubs share four shapes with correct numeric transforms (25.2585ms)
✔ new furnishing footprints do not overlap one another or closure lanes (7.1031ms)
✔ navigation receipt matches all solid props and no enemy origin overlaps them (15.9733ms)
✔ a stacked vegetation pass cannot leave a pit after removing its tree (0.3907ms)
✔ street rules reject internal plaza kerbs, frontage pinch points and crowded bike racks (2.2694ms)
✔ every added street prop has a two-metre paved corridor clear of actual frontage and final props (17442.2832ms)
✔ street planter clusters vary between beds while retaining structure, cells and shape budget (2.7306ms)
✔ paint clips to each actual sloping road plane and refuses a hole (4.2243ms)
✔ lane centre measures the road instead of following a kerb-hugging routing point (2.8918ms)
✔ crossing geometry remains inside #893 vehicle reservation and lines clear its approach (1.9218ms)
✔ kerb facets face outward, preserve grade and omit dropped ramps (0.8374ms)
✔ asphalt tones are broad flat facets, with grade normals and no geometric seams (2.3026ms)
✔ beveled box keeps the exact envelope and outward nondegenerate faces (1.2699ms)
✔ furniture keeps every original placement field and fits its existing envelope (542.5807ms)
✔ approved street props retain normal and albedo maps, UVs and matching provenance (88.8269ms)
✔ every hydrant family draws the approved model at its recorded fit, with no facets (35.3347ms)
✔ native export carries actual sky and spatial material overrides, excluding commented declarations (4.6223ms)
✔ large shared batches sample the actual world field on both sides and through its transition (0.2368ms)
✔ source_color conversion precedes mixing and linear vertex intensity multiplies afterward (0.1261ms)
✔ bake shader retains the actual source fragment, uniforms and vertex attributes (0.2965ms)
✔ release rejects fresh pilot, unknown, duplicate and incomplete region coverage (0.6591ms)
✔ absent development output differs from orphaned imported/baked files (23.2282ms)
✔ a lone atlas or atlas/data pair cannot bypass the source and binding manifest (11.246ms)
✔ each approved study has static receivers and unique street probe positions (7.351ms)
✔ crossing batches are exported wholly while unsupported out-of-volume probe meshes fall back (0.1379ms)
✔ an audit crop replaces the study regions for the bake set and parses strictly (0.5687ms)
✔ near misses cool down per direction and across the whole view (0.7132ms)
✔ direction sectors wrap at the rear and the flash leaves the centre clear quickly (0.1377ms)
✔ every surface family the server can report has a debris profile (1.3186ms)
✔ every profile describes a burst that can actually be drawn (0.3552ms)
✔ a drag coefficient can never reverse a piece within one frame (0.1526ms)
✔ sparks are struck metal and nothing else (0.1186ms)
✔ glass is the only debris that lights up rather than being lit (0.1062ms)
✔ light debris flutters and heavy debris drops (0.1157ms)
✔ the surfaces that powder raise dust and the ones that shatter do not (0.0915ms)
✔ concrete throws the widest cloud, because it has to read from across the arena (0.1022ms)
✔ every weapon category scales a burst, and a shotgun pellet is worth less than a rifle round (0.1264ms)
✔ a scaled burst always throws something, and only where the profile does (0.3734ms)
✔ each debris shape is cut to a silhouette the others are not (0.3483ms)
✔ shop displays leave every entrance empty across display and trim variants (1.9304ms)
✔ physical display bays enclose goods behind glass without growing the storefront footprint (632.3036ms)
✔ uniform prop fitting grounds the base and keeps every bound inside the display envelope (0.3171ms)
✔ native planter keeps grounded leafy shrubs beside its separate structural model (54.6151ms)
✔ semantic limb and legacy finger references resolve to native imported joint names (1.6574ms)
✔ human and bot world bodies use the same directional and reload animations (0.3731ms)
✔ animation transitions remain multi-frame under load (0.1803ms)
Navigation query removed 25643088 fitted coordinate values from 2557 placements
✔ numeric mesh upload preserves outward normals and reverses only Godot face winding (1.1955ms)
✔ bulk instance transforms preserve yaw, arbitrary surface tilt and independent shrub scales (0.4378ms)
✔ ground batch merging preserves fitted surfaces in world space without another ground fit (0.224ms)
✔ authored crowns reuse six meshes regardless of exact clearance width and keep roots grounded (5.8819ms)
✔ navigation footprint queries retain no fitted facets and exactly match presentation placements (33803.3243ms)
✔ tree tone and lean are uploaded in a bounded numeric buffer without moving roots (0.5141ms)
✔ detached furniture plots use pale paving while real tree and garden beds retain soil (78.7523ms)
✔ landscaping excludes every actual cordon, separates tree crowns, and preserves closure pieces (45.8619ms)
✔ planter coping follows a slope and a terrain seam across its entire footprint; unsupported footprints fail (3.4138ms)
✔ furniture paving reaches a real path, follows grade, and tree beds have no repeated shrub islands (8.184ms)
✔ every registered vegetation module uses one flat leafy family within its actual footprint (669.5446ms)
✔ family meshes are deterministic, manifold lobes with outward faces and several crown clusters (61.3831ms)
✔ tree size family preserves placement ids, crown widths and grounded roots (5.5726ms)
✔ six crown silhouettes stay inside existing clearance envelopes after lean and scale (103.5298ms)
✔ clustered foliage preserves plant count and keeps every fitted shrub inside the original bed (0.6777ms)
✔ authored shrub clusters resample sloping soil without changing the source or boundaries (1.7372ms)
✔ vegetation is independently planted without tree pedestals or furniture-attached beds (0.9649ms)
✔ shrub foliage preserves bench approaches and exposed tree roots (0.3299ms)
✔ placement paint survives reordering and gives a weighted city mix (16.0683ms)
✔ paint custom data preserves each transform and tree colour buffer (1.303ms)
✔ sprint-out sights wait for the exact authoritative ready deadline (0.759ms)
✔ tablet gun handoffs enter from below with a monotonic, reversible assembly move (1.4377ms)
✔ tablet handoffs sample continuous native holster and draw, with no draw during remote entry (0.8724ms)
✔ draw and reload cannot be overridden by recoil or an aim request (0.2064ms)
✔ live hip and ADS playback never adds a baked fire kick to procedural recoil (0.2417ms)
✔ sprint entry can be sampled backwards on release, and aiming takes over (0.1104ms)
✔ sprint uses the authored hold while the shared v0.28 sway supplies the run cycle (0.0986ms)
✔ native shot clips drive parts while reload and draw retain priority (0.1134ms)
...........
----------------------------------------------------------------------
Ran 11 tests in 0.008s

OK
✔ build selects one weapon; import accepts multiple files and --from before or after paths (1.8697ms)
✔ partial imports plan only present weapons and never copy the other weapon's files (0.4302ms)
✔ tablet build and partial import keep weapon edits isolated (0.144ms)
✔ tablet retains native weighted hands, all baked frames and the editable prop seat (61.4125ms)
✔ local pose deltas reconstruct edits, carry each frame, preserve manual edits and protect reload motion (136.5185ms)
✔ pistol: saved Actions retain all clips, finite samples and independent prop tracks (292.7755ms)
✔ pistol: reject a lost magazine track before updating game files (7.1345ms)
✔ pistol: reject mismatched frame duration and native bone roster (13.7988ms)
✔ assault-rifle: saved Actions retain all clips, finite samples and independent prop tracks (287.4273ms)
✔ assault-rifle: reject a lost magazine track before updating game files (5.5057ms)
✔ assault-rifle: reject mismatched frame duration and native bone roster (10.7787ms)
✔ all sixteen treatments retain closure panels and C13's two legs (2.6432ms)
✔ approved dimensions stay at native metres and all poses have source-fitted ground (6.8109ms)
✔ shoreline model variety is stable, reaches every prepared shape and excludes unavailable outputs (1.8482ms)
✔ native shoreline fitting preserves the old clearance envelope and puts the lowest point at its root (0.3151ms)
✔ constructed piers keep every source cap while replacing full-height concrete walls with thin fascia (13.2918ms)
✔ timber has flat cut caps and separate real bindings rather than an angled obelisk crown (0.3606ms)
✔ angular armour alternatives remain inside the approved rock clearance envelope (4.8805ms)
✔ landing structure keeps its supported cross-braced access and bindings while model fenders replace cylinder facets (1.8905ms)
✔ all usable surveyed ferry decks build grounded guards without treating isolated cap remnants as decks (36.8584ms)
✔ instanced Tencent shoreline stones stay closed, flat shaded and within the 400-triangle budget (15.6002ms)
✔ riverfront ownership removes both legacy picket variants map-wide and retains inland gardens (16777.6709ms)
✔ every placed waterfront post and base-plate corner touches retained ground within 1 cm (11405.8752ms)
✔ approved riprap footprint forces a grounded, continuous rail landward of the rocks (0.4497ms)
✔ an overhanging bank extends posts down to ground while its rails stay above bank level (0.5523ms)
✔ a post shaft reaches its sloping plate, and split-level plates seek a single supporting surface (5.8678ms)
✔ sloping supports fit each plate corner and upright separately, with no midpoint interpolation (0.2807ms)
✔ a failed ground fit relocates to nearby ground without breaking the railing (0.6611ms)
✔ steep ground and centimetre survey seams retain continuous, uncrowded corner rails (14.1413ms)
✔ post spacing continues through short surveyed edges instead of clustering at each vertex (0.3279ms)
✔ river has finite upward facets and retains the fine grid beside candidate C (561.3956ms)
✔ shore dressing uses finite pier-top heights and records its retained sources (84.8904ms)
✔ approved pier props retain source approval hashes and fit the runtime triangle budgets (5.7674ms)
✔ visual shore placement includes both camera areas and bounded, scaled piling footprints (105.4128ms)
✔ varied riprap forms a visible belt outside the promenade and timber silhouettes remain readable in both approved views (165.4679ms)
✔ committed waterfront placements have valid visual metadata (80.0993ms)
✔ raised rock crowns leave every surveyed bank clear for the retained baked railing (267.6531ms)
✔ scattered riprap keeps varied small stones across both shore views (61.6963ms)
✔ 07 raised landing has grouped approved timber supports within foam capacity (67.4813ms)
✔ riprap descends through a broad apron with proportional boulder heights (118.9129ms)
✔ the full shoreline slope has dense armour in every alongshore and depth band (1046.2286ms)
✔ armour beside every bank stays exposed even when opposite shoreline aprons overlap (257.4853ms)
✔ every weapon category has a presentation definition (1.3358ms)
✔ muzzle flashes clear the barrel along each model's own bore (0.2588ms)
✔ every weapon model runs its bore down the canonical -Z (50.8527ms)
✔ every weapon model ships the sockets the runtime addresses by name (33.5245ms)
✔ a muzzle flash clears before the weapon can fire again (0.6782ms)
✔ weapon scene wiring is distinct per category (0.4963ms)
✔ weaponAnimation composes each category's authored clip names (0.1883ms)
✔ aiming narrows the view for every category (0.1344ms)
✔ every weapon is carried by a hold the pose table defines (0.1832ms)
✔ both holds are defined and fully specified (0.3712ms)
✔ sprint bore constants exceed the resting swing and cant (0.2045ms)
✔ hand grips are stated as unit directions (0.1939ms)
✔ the shared world grip rotation is a unit quaternion (0.0743ms)
✔ the viewmodel pass magnifies with field of view rather than scale (0.0554ms)
✔ native support calibration uses weapon-space metres and degrees (0.11ms)
✔ pistol and rifle retain v0.28 kick, squared return and sustained bloom strength (1.8002ms)
✔ v0.28 ADS optics, transition and camera recoil random ranges remain pinned (1.0395ms)
✔ every weapon category has a feedback definition (0.1235ms)
✔ aiming down sights damps the kick for every category (0.2338ms)
✔ aimed recoil only slides the weapon along the optical axis, so the sights stay lined up (0.273ms)
✔ hip-fire recoil keeps its full lift, travel and rotation (0.217ms)
✔ per-shot kick follows the intended ordering across every channel (0.2563ms)
✔ the automatic categories trade the smallest per-shot kick for the worst sustained fire (0.2515ms)
✔ horizontal wander runs opposite to vertical kick (0.2708ms)
✔ viewmodel recovery is derived from the authoritative bloom rules (0.2331ms)
✔ recoil intensity spans exactly one to one-plus-the-sustained-multiplier (0.2256ms)
✔ recoil intensity never falls as bloom accumulates (0.6055ms)
✔ a category with no bloom ceiling does not divide its way to NaN (0.1307ms)
✔ muzzle flash and shell casing dimensions are drawable (0.3823ms)
✔ the phase is the fraction of the server's duration, clamped to the reload (0.6406ms)
✔ Infima contacts keep distinct pistol/rifle and empty/loaded timings in order (0.2222ms)
✔ equipment footprint rejects roof edges, degenerate faces and unsupported corners (2.8341ms)
✔ sloped streets interpolate real ground height and reject steep prop supports (0.3731ms)
✔ source chunk fitting reaches all five approved study areas and rejects distant chunks (0.9403ms)
✔ roof equipment crosses coplanar triangle seams but rejects different roof levels (0.3535ms)
✔ street frontages retain survey elevation, outward wall normal and reject roof faces (1.0724ms)
✔ frontage equipment flips inconsistent winding toward the exposed street side (0.2274ms)
✔ inset doorway fixtures snap to the outer shell wall rather than burying into it (0.3951ms)
✔ crossings use broad multi-way junction mouths, avoiding alleys and duplicate approaches (2.2383ms)
✔ paint fits across triangle seams and follows street grade (0.4017ms)
✔ paint rejects off-road corners, missing central support and ambiguous levels (0.169ms)
✔ paint stays above millimetre-overlapping road faces instead of clipping into the visible layer (0.2165ms)
ℹ tests 668
ℹ suites 0
ℹ pass 668
ℹ fail 0
ℹ cancelled 0
ℹ skipped 0
ℹ todo 0
ℹ duration_ms 38793.5131
[ 4/12] test:unit: ok in 39.1 s

[ 5/12] test:muse-image

> godmode-exe@ test:muse-image D:\work\godmode-roguelite-worktrees\land-livetube-juice-20261007
> node --test tools/assets/muse-image.test.mjs tools/assets/generate-image.test.mjs

✔ parseArguments reads flags, repeats --edit, and rejects unknown ones (1.1674ms)
✔ redactKey removes every occurrence of the key and passes other text through (0.0887ms)
✔ --dry-run prints a JSON envelope with the request and touches no network (0.2853ms)
✔ --help --json prints the usage text inside the standard envelope (0.11ms)
✔ an unreadable --edit input fails with a clean message, not a raw stack trace (4.3747ms)
✔ generation requests carry the documented fields and default to base64 PNG (1.543ms)
✔ generation requests reject bad input before any network call (0.3404ms)
✔ edit requests wrap each data URL as an image_url entry (0.1741ms)
✔ responses decode base64 payloads and surface usage (0.1741ms)
✔ the committed API key is used when none is passed (13.8828ms)
✔ requestImages posts JSON with a bearer token to the images endpoint (0.3082ms)
✔ requestImages times out a request whose body stream stalls after headers arrive (56.9163ms)
✔ requestImages turns HTTP errors into MuseImageError with the API message (0.5376ms)
✔ images are written as NAME.EXT then NAME-2.EXT, with jpeg mapped to .jpg (5.1776ms)
✔ prompt slugs are filesystem-safe and bounded (0.2467ms)
ℹ tests 15
ℹ suites 0
ℹ pass 15
ℹ fail 0
ℹ cancelled 0
ℹ skipped 0
ℹ todo 0
ℹ duration_ms 158.0696
[ 5/12] test:muse-image: ok in 0.5 s

[ 6/12] test:hunyuan-3d

> godmode-exe@ test:hunyuan-3d D:\work\godmode-roguelite-worktrees\land-livetube-juice-20261007
> node --test tools/hunyuan-3d/cli.test.mjs

✔ result matching ignores older completed gallery assets and identifies the submitted task (0.8353ms)
✔ parseArguments resolves paths and fixed generation settings (0.402ms)
✔ validateImage accepts supported files and rejects unsafe inputs (2.3094ms)
✔ dry run describes the exact source, model, and 500k selection without opening a browser (1.382ms)
✔ downloadableUrls finds supported model archives in nested responses (0.554ms)
✔ finalModelUrl ignores intermediate geometry and selects the successful textured 500k result (0.1128ms)
✔ usage documents the Gmail-delivered email code input (0.067ms)
ℹ tests 7
ℹ suites 0
ℹ pass 7
ℹ fail 0
ℹ cancelled 0
ℹ skipped 0
ℹ todo 0
ℹ duration_ms 237.6391
[ 6/12] test:hunyuan-3d: ok in 0.6 s

[ 7/12] test:mixamo-tool

> godmode-exe@ test:mixamo-tool D:\work\godmode-roguelite-worktrees\land-livetube-juice-20261007
> node --test tools/mixamo/cli.test.mjs

✔ validates model and clip names (0.782ms)
✔ records a binary FBX in raw art and protects saved files (9.2646ms)
ℹ tests 2
ℹ suites 0
ℹ pass 2
ℹ fail 0
ℹ cancelled 0
ℹ skipped 0
ℹ todo 0
ℹ duration_ms 63.9728
[ 7/12] test:mixamo-tool: ok in 0.3 s

[ 8/12] test:pr-image

> godmode-exe@ test:pr-image D:\work\godmode-roguelite-worktrees\land-livetube-juice-20261007
> python3 -m unittest discover -s tools/pr-image -p "test_*.py"

..pr-image: --prefix must not contain a '..' segment
...............pr-image: upload of hud.png failed: HTTP 404
....
----------------------------------------------------------------------
Ran 21 tests in 0.020s

OK
[ 8/12] test:pr-image: ok in 0.4 s

[ 9/12] test:audio-decisions

> godmode-exe@ test:audio-decisions D:\work\godmode-roguelite-worktrees\land-livetube-juice-20261007
> node --test tools/audio/import-decisions.test.mjs

✔ imports preserve exact notes, unchecked decisions and reviewed status with immutable history (18.022ms)
✔ invalid role data fails before writing a current decision record (0.3875ms)
ℹ tests 2
ℹ suites 0
ℹ pass 2
ℹ fail 0
ℹ cancelled 0
ℹ skipped 0
ℹ todo 0
ℹ duration_ms 71.8416
[ 9/12] test:audio-decisions: ok in 0.3 s

[10/12] maps:test

> godmode-exe@ maps:test D:\work\godmode-roguelite-worktrees\land-livetube-juice-20261007
> node --test tools/maps/*.test.mjs

✔ shoreline and all waterfront props attach to retained water, never filled inland cuts (298.5236ms)
✔ inland Pier 1 pond and stream cuts get ground without moving the river or water outside C (51.5296ms)
✔ every survival spawn and the three Pier 1 failure sites have collision floor at walking height (1261.4629ms)
✔ the reported bridge-wall location no longer receives an eleven-metre downward spike (85.6548ms)
✔ a broad grade or a lasting level change is not flattened (0.8017ms)
✔ CityGML vertical walls preserve holes and their source winding (1.0398ms)
✔ chunk clipping preserves a sloped 3D surface and its height at seams (0.271ms)
✔ an unambiguous PLUTO lot supplies the floor count, and an ambiguous one falls back to height (17.3995ms)
✔ newer buildings and mismatched IDs retain current footprints (0.1137ms)
✔ whole-map selection joins CityGML and PLUTO without losing source identity (446.8211ms)
✔ map-edge clipping does not reject a matching complete CityGML building (4.7588ms)
✔ entrance measurement joins a chunk split and retains threshold and outward face (1.5468ms)
✔ horizontal surfaces and fragments too small for a door are not entrances (0.1813ms)
✔ park maintenance buildings leave both authored walking lanes clear (0.775ms)
✔ site kit keeps its body above terrain and records authored placements (1.8488ms)
✔ promenade covers the full selected edge, stays on land and has a level eight-metre apron (6.491ms)
✔ long source edges are selected by arena overlap rather than their midpoint (1.5988ms)
✔ empty inland arenas have no fabricated waterfront (1.0004ms)
✔ bulkheads split at a partial promenade interval and meet its flat floor at both joins (0.4881ms)
✔ review cameras stand on the apron without changing their concept aim (1.2551ms)
✔ window apertures remove wall area and put glass behind the retained collision plane (10.0187ms)
✔ an ambiguous lot falls back to the shell's own height rather than drawing nothing (2.8631ms)
✔ a shell whose height will not divide into storeys still draws nothing (0.4757ms)
✔ entrances need real sidewalk frontage and steps need enough sidewalk depth (6.2113ms)
✔ detail caps preserve shell generation and report omitted windows deterministically (63.9343ms)
✔ oriented box has outward winding and preserves volume (0.27ms)
✔ street placement requires supported sidewalk and excludes buildings and elevated transport (16.7111ms)
✔ nothing is placed where a barricade will stand across a street mouth (11.33ms)
✔ whole-map selector keeps intersecting footprints and excludes outside ones (0.9293ms)
✔ authored setback entrance cuts the facade and bridges its garden to the sidewalk (1.3468ms)
✔ DEM metre values, north/south orientation and diagonal interpolation match the actual triangle planes (1.593ms)
✔ nonlinear shore grading remains one plane under grass and extra paving vertices (0.3426ms)
✔ DEM cannot silently extrapolate, fill missing land, or accept incorrect vertical units (0.436ms)
✔ footprint grounding samples long edges, including lower contacts between footprint corners (0.2832ms)
✔ a building's floor sits at its own surveyed grade, and the solid runs down to the lowest contact (0.1928ms)
✔ a surveyed grade outside the ground the footprint touches is held to it, so a building never floats (0.1716ms)
✔ transport deck elevations retain their own survey-foot conversion and do not inherit bare-earth height (0.3044ms)
✔ retained DEM is hash-verified and fixes the erroneous high terrain at 95 York Street (72.0401ms)
✔ draped boundaries split at cell edges and diagonals without extra internal walls (1.9241ms)
✔ conditioning removes a bare-earth wall under the street and leaves the terrain beside it alone (3.0411ms)
✔ a street that genuinely climbs inside the grade keeps its climb (0.3375ms)
✔ a conditioned grid keeps the raw vertical datum, so conditioning cannot move the whole map (0.1322ms)
✔ NY State Plane survey feet become local metre coordinates with north at -Z (1.3204ms)
✔ GIS holes stay open, including when a crop cuts through an outer ring (3.0312ms)
✔ courtyard prism triangulates outward without filling the courtyard (1.0049ms)
✔ generated geographic extract is chunked, cropped to the expanded waterfront boundary, and contains river and bridge (161.6489ms)
✔ every mesh has semantic attribution and triangle ranges without geometry duplication (135.9813ms)
ℹ tests 47
ℹ suites 0
ℹ pass 47
ℹ fail 0
ℹ cancelled 0
ℹ skipped 0
ℹ todo 0
ℹ duration_ms 1725.3498
[10/12] maps:test: ok in 2.1 s

[11/12] game-rules

> @godmode/game-rules@0.1.0 test D:\work\godmode-roguelite-worktrees\land-livetube-juice-20261007\packages\game-rules
> pnpm run build && node --test dist/test/**/*.test.js


> @godmode/game-rules@0.1.0 build D:\work\godmode-roguelite-worktrees\land-livetube-juice-20261007\packages\game-rules
> node -e "require('node:fs').rmSync('dist/test',{ recursive: true, force: true })" && tsc -p tsconfig.json

ai_budget: 14 navigators, 300 ticks: mean 0.105 ms, p95 0.349 ms, max 7.933 ms, goals reached 11, unreachable 1
✔ fourteen navigators replanning every half second stay inside the per-tick budget (38.3132ms)
✔ locked aim cancels accumulated suit recoil in the submitted shot direction (0.8226ms)
✔ the RC bomb car is the weakest enemy and, however late and elite, slower than the player's base sprint (0.316ms)
✔ the aim assist aims at the torso of every crowd kind, never the head, and regulars use the reduced health (1.1147ms)
✔ two rooms joined by a narrow corridor become two areas with one portal in the corridor (2.6961ms)
✔ a shared edge exactly as wide as the neck limit still joins its rooms (2.7236ms)
✔ a hall larger than the size cap is tiled into several areas (0.5256ms)
✔ a ramp is its own area even across a wide shared edge (0.3382ms)
✔ a sliver merges into the neighbour it shares the most edge with (0.3532ms)
✔ polygons that meet at a T-junction are still adjacent (0.8951ms)
✔ farthest samples start at the medoid and spread across the area (0.4155ms)
✔ the same mesh clusters identically twice (2.0715ms)
✔ pruning keeps only the polygons connected to the seeded floor (3.0807ms)
✔ base64 encodes and decodes bytes the way the engine's Marshalls does, padding included (1.406ms)
✔ armour absorbs damage before health (1.8246ms)
✔ a grant never passes the run's ceiling, and never takes plate away (0.1825ms)
✔ armour has no source that gives it back on its own: only a grant moves it up (0.1263ms)
✔ no boss up says nothing (1.7441ms)
✔ the commander says its phase and the plates still on, or that it is stunned (0.1906ms)
✔ the helicopter says what it is doing, and when its weak spot is open (0.1072ms)
✔ any other boss is its health (0.179ms)
✔ every cheat-weapon sound file is wired to a cue or loop, and every wired file exists (1.4284ms)
✔ short numbers drop a trailing zero and keep one decimal (0.8861ms)
✔ every weapon and perk has short stats at every level, read from the rules' numbers (1.4179ms)
✔ the table lists weapons, perks, specials, the gun's evolution and crate exclusives in that order (3.4654ms)
✔ an evolved weapon shows under its evolved name, and a merged one without levels (1.1384ms)
✔ offer rows say the level a card takes a cheat to and what it then does (1.1413ms)
✔ the aimbot line is always on and names what changed it (0.18ms)
✔ an id reads as a snake-cased file name (0.8285ms)
✔ a log stamp is the session clock in minutes and seconds (0.1405ms)
✔ every shop streak line takes its kill cost from the roster (1.2477ms)
✔ the comfort cheats lead the shelf and total $65 (0.7811ms)
✔ the account upgrades have ranked prices and sit in the shop catalogue (0.1624ms)
✔ cards arrive after each stream in order, three then two, within the shelf's cap (0.4177ms)
✔ a ranked card holds one slot and shows its next rank until maxed (0.4437ms)
✔ buying is refused for cards not stocked, not affordable, or needing another first (0.1436ms)
✔ every card is in stock by run 21 for a player who buys everything (4.5997ms)
✔ the shelf always offers an upgrade, including when authored cards are locked or exhausted (2.1392ms)
✔ armour shelf card states the protection and stops at the 150-point cap (0.2441ms)
✔ Auto Cover is off in a fresh run and enabled only by its purchased shop cheat (0.9247ms)
✔ the same seed builds the same city, and buildCityLevel caches it (24.59ms)
✔ every body and pickup point is clear of every box (21.8613ms)
✔ every body point stands on a surface and is inside the bounds (13.5422ms)
✔ sites follow the route: six, ordered, spaced, and the start is safe (0.431ms)
✔ the perimeter walls enclose the bounds (1.0414ms)
✔ every spawn, site, boss, orb and the exit can be walked to from the player's spawn on the ground (186.4157ms)
✔ no street is blocked along its centre line (63.7319ms)
✔ a city is a few hundred boxes, with open ground floors, climbable roofs, plazas and cover (3.1504ms)
✔ different seeds lay out different cities (0.3175ms)
✔ streetlight poles collide, stand on a sidewalk or plaza, and touch nothing else (54.1316ms)
✔ bus shelters are only their back panel, so no roof leaves a navmesh island (2.6512ms)
✔ a far, still cloaker is a faint shimmer; close or on the run it shows (1.2861ms)
✔ its wind-up, a flinch, MARKED and WALLHACKS each show it whole (0.1403ms)
✔ it stalks far off, rushes faster than a walk, and strikes for 30 from a step away (0.2344ms)
✔ the closest point matches a brute-force search on and off the mesh, across floors (29.9803ms)
✔ nothing is returned beyond the search distance (0.8312ms)
✔ the travel pace speeds a survival runner up (1.5152ms)
✔ the sprint widening eases toward its target and back without overshooting (0.2157ms)
✔ LEAK ticks and spreads inherit the hit that applied the status until another hit replaces it (1.0717ms)
✔ one pull settles after all burst rounds or delayed projectile damage (0.3004ms)
✔ an enemy attack resolves once and keeps its enemy (0.1367ms)
✔ localMove inverts the server's yaw rotation of body-relative input (1.3345ms)
✔ aimAngles matches the server hitscan direction convention (0.2275ms)
✔ a visible target is tracked at a bounded turn rate and shot only once the sights are on (1.5546ms)
✔ four ranged combatant brains independently pursue and fire without shared state (1.8445ms)
✔ an empty magazine reloads on a single press edge and the trigger stays off while reloading (0.2225ms)
✔ losing sight of a target never reloads a magazine that still has rounds (0.4773ms)
✔ a hunter walks a planned route round a wall to an unseen target (3.0456ms)
✔ a combatant never sprints and shoots in the same command (1.6257ms)
✔ a hunter holds range and strafes on walkable ground once a near target is visible (0.8646ms)
✔ a combatant circling at its hold range never cuts between strafing and closing in (1.6238ms)
✔ a hunter with one strafe side blocked takes the open one in the same tick (1.0994ms)
✔ a dead hunter issues an idle command and forgets its route (0.6328ms)
✔ a bot aims at centre mass for the posture its target is in, never at their head (1.4291ms)
✔ a shot at a remembered position is aimed with the posture that was seen there (1.6424ms)
✔ an unanswered reload press is repeated, and nobody sprints on an empty magazine (0.2221ms)
✔ a combatant wedged on both strafe sides holds its side and its ground instead of flipping every tick (6.1091ms)
✔ a route over the ladder presses jump on the way up and crouch on the way down, and nothing on the deck (1.8991ms)
✔ a navigator counts a climb as progress, never cuts the corner through a link, and never replans mid-link (1.7404ms)
✔ a body without ladder controls is carried up the shaft, across the exit, down again, and off a drop into a fall (2.097ms)
✔ a jump across is jumped by a combatant, and a body without controls is lifted clear, carried across level and released over the far side (issue #275) (1.1808ms)
✔ a combatant on the ladder finishes the climb before it strafes, holds or forgets its route (1.5208ms)
✔ the straight-line shortcut waits for a link's end, even when the goal is in direct range from mid-air (1.4647ms)
✔ a shooter's bearing picks the plate: chest in front, back behind, its own left and right at the sides, the helmet on a head hit (0.9513ms)
✔ a plate takes a round and passes a share on until it breaks, and then that zone takes more (0.1948ms)
✔ a blast reaches it for a share and strips every intact plate, which is how explosives open it up (0.3725ms)
✔ it drops the gun at 65% and calls its squad below 35%; its health is no boss sponge (0.2213ms)
✔ death selection covers five standing variants and preserves crouched posture (2.2406ms)
✔ a corpse preserves the old life after respawn and a run reset (1.7349ms)
✔ the seventeenth death evicts the oldest body (1.004ms)
✔ nonlethal hits, duplicate lethal events and voluntary restarts cannot manufacture corpses (0.2065ms)
✔ an empty lobby clears every body (0.1699ms)
✔ direction k is the game's yaw k × 2π/16, and a bearing rounds to the nearest (1.0414ms)
✔ arcs wrap round the ring, and the peek edges are the open directions either side of the cover arc (0.6489ms)
✔ the torso heights the bake rays from are the bodies' own (0.1672ms)
✔ an index built from a list groups it by area (0.7505ms)
✔ every weapon but the merge evolves with one paired stat at 3 (2.7167ms)
✔ ten cheat weapons can be offered, with the design's level 1 and 5 numbers (0.2785ms)
✔ every 4th offer is weapons only while a weapon slot is open (5.1975ms)
✔ with no cheat weapon held, every offer carries a new weapon (the run starts with the gun alone) (21.5216ms)
✔ a full slot type only offers upgrades to what it holds, and every offer upgrades something held (5.4281ms)
✔ stats that help a held weapon are weighted over ones that help nothing held; a banished card never comes (20.2861ms)
✔ a maxed weapon's paired stat is labelled as completing an evolution, and the evolution becomes ready at 3 (0.7156ms)
✔ Martyrdom and Claymores merge into Bouncing Betty and free a slot for good; Rail Rounds needs Crit and Pierce at 5 (2.1225ms)
✔ Lucky deals a 4th card and sometimes two levels (8.6116ms)
✔ head hits do torso damage unless the Headshots power is held: 2x at level 1, +0.5 a level (0.3786ms)
✔ with a perk slot open, a perk that evolves a held weapon is dealt more often and says so (5.4469ms)
✔ minute stings and boss warnings fire once when the run clock crosses their thresholds (2.0324ms)
✔ the roster runs 21 minutes: at most 3 regular types, every minute swaps one, and bosses at 10 and 20 (0.3551ms)
✔ the crowd starts at about 9 alive, reaches 71 by minute 8, thins on breathers, and empties for a boss (0.1703ms)
✔ each regular has 15% less health and 1/0.85 times the uncapped refill rate (0.2983ms)
✔ scripted squads add proportionate regulars but never extra elites (0.1723ms)
✔ health, damage and speed follow the plan's tables (0.4129ms)
✔ 1.5x as many grunts with every other kind's count unchanged (0.1831ms)
✔ the boss slot holds the juggernaut commander at 10:00 and the attack helicopter at 20:00 (0.1886ms)
✔ every regular type comes and goes: each is out in at least two minutes and absent from others (0.3374ms)
✔ each type is introduced beside riflemen or cheap pressure before it is doubled up with other hard picks (0.3373ms)
✔ the specialists are capped alive, dogs come in packs, and the RC car and sniper hit with their own damage (0.182ms)
✔ each elite arrives alone before any two come together, and events never land in a breather or a boss's minute (0.2278ms)
✔ a blow's bearing is measured clockwise from where the player faces (0.7195ms)
✔ the source is the nearest within reach, or none (1.3661ms)
✔ a Soldier's landed shot is the source over a nearer Admin, and only while it is fresh (0.247ms)
✔ a deposit lands on the area under the body and leaks a fraction to its portal neighbours (4.4711ms)
✔ danger halves every half-life and a quiet map returns to exact zeros (2.5907ms)
✔ a route's danger counts each area it crosses once, samples inside long straights, and a route clear of it reads zero (6.7584ms)
✔ a deposit off the mesh is refused and reset clears everything (1.6648ms)
✔ visual setup names only supported events and commander zones (0.8334ms)
✔ arguments split on whitespace, and quotes keep spaces (0.7136ms)
✔ names match exactly or by a unique prefix, ignoring case (0.3366ms)
✔ numbers are bounded, and a left-out optional one takes its default (0.16ms)
✔ tp takes a place's name or three coordinates (0.2513ms)
✔ every command has help and a unique name (0.2019ms)
✔ every scenario line names a console command and its first argument completes (0.2451ms)
✔ a dog runs faster than the player walks and crouches 700 ms before a 25 bite (2.1398ms)
✔ it lunges only in reach, in sight, rested, and while its pack has room (0.2374ms)
✔ a lunge goes at where the player stood, just past them, and bites a player who stays (0.3436ms)
✔ a dog waiting its turn in reach circles out at 3-4.5 m rather than at the player's feet (0.6576ms)
✔ a dog that has just bitten backs out to its hold-off before it crouches again, unless the player keeps closing (0.3198ms)
✔ a drone keeps its own ring 12-20 m out and 4-6 m up, on its own side of the player (1.2117ms)
✔ it holds its point, and hops straight round the ring between bursts (0.751ms)
✔ a drone is a gun: a locked-on burst that does damage, weaker than a rifleman's (0.1245ms)
✔ a blocked ray lifts it 2 m at a time, never over the ceiling; at the ceiling it turns round (0.2371ms)
✔ it never flies faster than its speed, and eases in at its point (1.1081ms)
✔ walled off, it flies the street route under it at its own height (0.4764ms)
✔ a wedged drone is put back on its own ring, trying its own bearing first and working out both ways (0.3395ms)
✔ off the player's screen, it comes round in front of where they look (0.1957ms)
✔ player starts require a broad street centerline, not an alley or sidewalk (0.9738ms)
✔ player selection varies across the connected arena and never bypasses live clearance (4007.8982ms)
✔ hidden spawn rejects distance, sight, occupancy, and disconnected candidates without a fallback (1.195ms)
✔ changing view or moving the player rechecks actual visibility and distance (0.3684ms)
✔ angular selection can approach from every occupied sector, including behind the player (7.1733ms)
✔ C follows the waterfront and concave street cuts, excluding river and detached fragments (0.2067ms)
✔ an encounter Admin commits to a goal for 1.5 to 3 seconds (1.4959ms)
✔ a committed goal holds through small changes and lapses on time or a big one (0.1569ms)
✔ a waiting Admin stands its ground in the band around its ring while it sees the player (0.7366ms)
✔ a melee Admin closes the last metres at a steady advance, slower than its walk (0.1544ms)
✔ a wind-up phase is done exactly when its length has run (0.2086ms)
✔ a hit flinches an Admin and cancels its wind-up, but never a committed strike, and not again straight away (0.2026ms)
✔ a body that is where it should be is not stuck (1.1502ms)
✔ a Soldier that has not closed on its target for four seconds is stuck (0.1458ms)
✔ where it is beats what it has done, and falling beats everything (0.1286ms)
✔ a roster arrives in even waves, the first the largest, every enemy once and in roster order (1.9656ms)
✔ rooms pace their fight: engaged caps and waves (0.2196ms)
✔ every weapon's sustained damage and time to kill are finite and positive (0.2478ms)
✔ each kind's numbers are the design's (1.8973ms)
✔ every gun can kill from a flank within two magazines (1.3994ms)
✔ at its own range, each kind's answer kills it inside one magazine (2.0296ms)
✔ an SMG rusher prefers a spot off the player's flank or back to one in front of them (2.2673ms)
✔ gunshot layers blend smoothly with bounded weights and preserve reports when voices are busy (1.9927ms)
✔ a flier's rotors rise with its speed, and a pass drops in pitch only slightly (0.1672ms)
✔ closing speed is the velocity along the line to the listener (0.1222ms)
✔ a wreck's hum sags and sputters with its rotors, and dies with them (0.1294ms)
✔ a heard flier keeps its voice; a new one takes a free one; the rest wait (0.1867ms)
✔ a dog revs through its crouch and snaps once, on the frame its bite lands (0.1838ms)
✔ a lunge that misses snaps on air as it runs out, and a broken crouch cuts its rev (0.1126ms)
✔ a kamikaze whines through its lock and never snaps (0.1084ms)
✔ a dog at a gallop patters several times as often as a Soldier walks (0.225ms)
✔ an RC car's motor whines louder and higher the faster it drives, and is silent standing (0.1994ms)
✔ an RC car beeps once per period, whatever the frame rate (0.301ms)
✔ a picket chirps when it picks the player up from idle, not when it spawns hunting or changes target (0.087ms)
✔ a shield rings when what is left of it falls (0.0921ms)
✔ a sentry beeps and a marksman charges on their wind-ups; a shot cuts the charge (0.0696ms)
✔ every enemy loop keeps at most a few voices and is heard no further than a street or so (0.0863ms)
✔ the helicopter hovers in the arena, near the player, and comes and goes from outside it (0.9974ms)
✔ its flight comes in at cruise height, holds its hover for the drop, climbs away, and is gone (0.3435ms)
✔ the UAV circles high over the player (0.7587ms)
✔ every enemy kind resolves to a finite hittable shape (0.9901ms)
✔ measured enemy models do not draw body geometry outside their hit shape (0.2055ms)
✔ plain humanoids keep their existing generous capsule while attachments opt into measured shapes (0.7734ms)
✔ a blast is full at its centre, the edge damage at its radius, and nothing past it (0.796ms)
✔ a grenadier's throw lands short of the player on the flight time, then rolls, with most of its fuse left (1.1749ms)
✔ a rocket flies on past where the player stood, and its pass is measured to the chest (1.5062ms)
✔ the grenade warning sits on the side of the crosshair the grenade is on (0.4862ms)
✔ an officer's mortar shells land far enough apart that one circle only ever holds one (0.2925ms)
✔ RPGs at one player shoulder apart, never in step (0.1828ms)
✔ the log keeps events in order with a resumable cursor (1.6365ms)
✔ the ring is bounded and says how much history it dropped (0.3053ms)
✔ a cursor resolves the same page however far behind or ahead it is (0.2119ms)
✔ a capacity that could not hold anything is rejected (1.3436ms)
✔ the player always leads the scoreboard, whatever the moment (3.7626ms)
✔ standings are deterministic for the same moment (0.3932ms)
✔ every victim name comes from the lobby (0.5654ms)
✔ a hint comes at its moment, once, and the first due wins (1.1667ms)
✔ hints name the player's own keys (0.2596ms)
✔ the save keeps the hints seen, and drops ids it does not know (1.3129ms)
✔ a walking Soldier lands a foot every stride, whatever the frame rate (1.9463ms)
✔ standing still and a teleport land no foot (0.1467ms)
✔ a run is louder than a walk, and a wall takes some of it away (0.1404ms)
✔ only the nearest few inside the range are heard (0.7279ms)
✔ a walk never plays the same take twice in a row, and reaches every take (0.3435ms)
✔ a still camera does not drift (1.3237ms)
✔ forward at yaw 0 is -Z, which is the map's grid north (0.1971ms)
✔ forward follows the pitch, so looking down and pushing forward descends (0.803ms)
✔ lift is world up whatever the camera is looking at (0.3059ms)
✔ a diagonal travels the same distance as a straight line (0.1844ms)
✔ boost and slow scale the base speed and compose (0.2125ms)
✔ the wheel winds the speed within its range and comes back where it started (0.1079ms)
✔ padded navigation tiles emit only their interior and interpolate edge heights (0.8605ms)
✔ tile clipping removes duplicated faces and sub-millimetre boundary slivers (0.7569ms)
✔ a polygon Recast put in the sky is dropped, not clipped, and the ground beside it is kept (0.2434ms)
✔ the ceiling clears the tallest thing in the map, so nothing real is near it (0.1183ms)
✔ without a ceiling the crop behaves exactly as it did before (0.1218ms)
✔ the grenade launcher is a small, slow magazine of shells, not rays (0.8721ms)
✔ a shell flies a gravity arc: level at first, then dropping by g t² / 2 (0.7672ms)
✔ the blast is full at its centre, falls to the edge damage at 4 m and stops there (0.274ms)
✔ a grenadier's lob lands where the player stood, two seconds later, on a high arc (0.7415ms)
✔ its burst is 35 at the centre, falling off to nothing past 3 m (0.1659ms)
✔ nothing recovers inside the five-second window after damage (0.9003ms)
✔ a grazed player snaps to full on the frame the delay expires (0.1008ms)
✔ a heavily damaged player ramps in ten-point steps every fifty milliseconds (0.0854ms)
✔ recovery from one health takes the delay plus half a second (0.1621ms)
✔ the ramp keeps its wall-clock rate whatever the frame length (0.1857ms)
✔ crossing the instant threshold mid-ramp does not skip the rest of it (0.1636ms)
✔ a long frame grants every step boundary it swallowed (0.1052ms)
✔ the dead and the untouched are left alone (0.0739ms)
✔ the match reducer restarts the recovery timer on every landed hit (1.1728ms)
✔ a respawned life starts unhurt and unstamped (0.3563ms)
✔ catch-up ticks never pay the same health recovery boundary twice (0.1616ms)
✔ the heavy's plate halves a bullet; a blast, a chain and a leak pay in full (2.2917ms)
✔ a heavy takes a machine gun magazine; bigger than a soldier, head and all (0.5872ms)
✔ its armour lets a fifth of a body round through, and its weak spot pays most while it hovers (2.0186ms)
✔ the player's killstreaks hit it harder than any other boss, and other blasts for a share (0.1041ms)
✔ a strafing run crosses the player and walks its salvo over where they stood, loosed on the way in (0.2852ms)
✔ it circles over the roofs, and flies straight at its speed, arriving exactly (0.8264ms)
✔ a kamikaze hangs 8-12 m behind the player, 3-5 m up, inside a cone round straight behind (1.899ms)
✔ its lock is a one-second tell, in sight and in reach, two of a pack at a time (0.1542ms)
✔ the dive goes straight at where the player stood, and bursts on them, on a wall, or when spent (0.152ms)
✔ its blast is 35 at the centre, 10 at 3 m, nothing past (0.0882ms)
✔ every action ships a primary binding, and only crouch a secondary one (1.2823ms)
✔ the shipped defaults are conflict-free and fully bound (1.2106ms)
✔ the shipped defaults match the documented control scheme (0.5418ms)
✔ binding tokens round-trip and reject malformed input (0.3175ms)
✔ the keys and buttons the menu consumes are not assignable (0.3034ms)
✔ debug-build keys stay assignable (0.3853ms)
✔ a secondary binding is added without disturbing the primary (0.2815ms)
✔ assigning does not steal an in-use binding; the clash blocks saving (0.2737ms)
✔ one action holding the same binding twice is a conflict (0.2287ms)
✔ clearing both columns warns but still allows saving (0.965ms)
✔ a conflict is reported ahead of an unbound row (0.2963ms)
✔ restoring one action's defaults leaves the rest of the scheme alone (0.4198ms)
✔ clone does not alias the source rows (0.1268ms)
✔ a hand-edited file loads as a scheme the menu itself would accept (0.7247ms)
✔ an empty section leaves every action on its shipped default (0.6166ms)
✔ an absent action's default never steals a binding the file assigned (0.3883ms)
✔ a key event matches on logical, physical, or unicode keycode (0.2051ms)
✔ labels cover mouse buttons, named keys, function keys, and printables (0.0845ms)
✔ crouch defaults to C with Ctrl as the second key (0.0884ms)
✔ interact and drop have their prompt keys (0.2555ms)
✔ nothing is bound to E or to 1-4, which survival reads itself; interact is F (0.2924ms)
✔ an enemy's kill has no killer and no gun (2.5302ms)
✔ damage that does not kill produces no line (0.2312ms)
✔ a voluntary restart is not a kill (0.2832ms)
✔ earned feedback survives consuming and earning a charge between snapshots (1.4197ms)
✔ Friendly Fire Off prevents every streak blast, including destroyed RC-XD and napalm canisters (0.2994ms)
✔ activation gates other streaks globally and the same streak by its equipped cost, without stopping earnings (0.4807ms)
✔ a 30-kill Nuke has a 120 second timer; always-ready testing bypasses both gates (0.1555ms)
✔ Streak Stack and Double Earn hold two charges through a per-streak cooldown (0.2041ms)
✔ prototype never grants damage protection: call-in, entry, full ride and return (0.2841ms)
✔ cover gun has reduced damage and no negative healing (0.1601ms)
✔ prototype rides last seven seconds even with duration upgrades; standard keeps its durations (0.2009ms)
✔ Adrenaline multiplies reload duration and gun damage only while active (0.793ms)
✔ always ready charges only equipped streaks at the start and immediately after spending (0.2892ms)
✔ the roster has 12 streaks, with no Ground Robot, Cruise Missile or supply drop (0.1882ms)
✔ each rung of the run's ladder is earned the moment the counter reaches it (0.2206ms)
✔ a kill inside the window extends the chain; one after it starts a new chain (0.1707ms)
✔ a lapsed chain drops to zero: earned streaks are kept, one of each (0.2024ms)
✔ killstreak kills feed the chain, and what they earn comes marked (⟳) (0.2419ms)
✔ each rung once per chain: a long ride pushes the counter for medals but never re-earns a passed rung (0.1643ms)
✔ Streak Stack holds two of each, and Double Earn gives two a rung (0.0989ms)
✔ the Tactical Nuke is earned once a run (0.1552ms)
✔ callouts land on their milestones only, loudest last (0.2031ms)
✔ the use key fires the newest copy, and says whether it was marked (0.1858ms)
✔ the RC-XD tops out at 14 m/s, boosts to double for 2 s, then recharges (0.7837ms)
✔ napalm lays two rows of fire along the line, and the fire jumps once a burner (0.5359ms)
✔ a dog runs at its target and stops at biting reach (2.4824ms)
✔ guns prefer the nearest living visible dog, but keep the nearer player (0.1866ms)
✔ the second dog on one enemy flanks it rather than standing inside the first (0.2776ms)
✔ streak damage is soldiers at this minute's health, halved on a boss, with falloff (0.1118ms)
✔ the missile starts high behind the player and always dives (0.3308ms)
✔ airstrike and bomber lines land along the chosen direction (0.3495ms)
✔ AC-130 guns: 105 one round then a 5 s reload, which runs while switched away (0.1556ms)
✔ predator launches and its initial ground aim stay inside a supplied circular fixture zone (7.395ms)
✔ current smaller zones and the solid ceiling constrain the launch without changing control (0.1612ms)
✔ ordinary interior launch retains its original position and heading (0.1284ms)
✔ every streak uses tablet LAUNCH except the helicopter and AC-130 gunners (0.1298ms)
✔ activation: half a second unhurt for any streak, and a fade streak is black, then live, then clear (0.2993ms)
✔ a ride's end is the fade run backwards, and the return starts from the black (0.1466ms)
✔ Predator and RC-XD bring the tablet screen to the eye before fading into control (0.1424ms)
✔ aimed airstrikes launch on foot without a targeting camera, extraction or return (0.1021ms)
✔ strike lines require two clicks, reset on cancellation, and reject degenerate confirmation (0.4259ms)
✔ strike preview caps length and all three strike patterns follow the selected endpoints (0.3349ms)
✔ phone ADS lends mouse/fire to the ride while keyboard movement remains available (0.1732ms)
✔ a shot resolves at the moment the shooter says it was rendering (2.0535ms)
✔ a claim about the future is refused down to the newest sample (0.2984ms)
✔ no claim at all earns no rewind, never the maximum (0.3173ms)
✔ a rewind past MAX_REWIND_MS is cut to it (0.1615ms)
✔ the ceiling is measured from the present, not from the newest sample (0.2473ms)
✔ a server stalled longer than the window rewinds nothing (0.1241ms)
✔ a body between two samples is interpolated, not snapped to the nearer one (0.198ms)
✔ posture and aliveness take the earlier sample rather than being blended (0.0946ms)
✔ two samples stamped with the same millisecond carry no interval to blend across (0.1442ms)
✔ a time outside the history clamps to its ends instead of extrapolating (0.2579ms)
✔ history is evicted once it is older than the window (1.5361ms)
✔ a ray down the middle enters a standing capsule at its near face (0.5621ms)
✔ a ray just outside the capsule radius misses (0.2488ms)
✔ the capsule ends where the collider ends, above the head and below the feet (0.2898ms)
✔ a shot straight down enters through the cap rather than missing the cylinder (0.0743ms)
✔ a shot straight up enters through the lower cap (0.056ms)
✔ a ray starting inside a capsule reports no hit (0.1223ms)
✔ a hit beyond maxDistance is not a hit (0.0937ms)
✔ a crouching target's hitbox drops with the collider instead of staying centred (0.876ms)
✔ the level stops a rewound shot, because only bodies move backwards in time (0.1221ms)
✔ the nearest body takes the round, and ties break on the lower id (0.3019ms)
✔ a piercing round is spent on every body in the line, nearest first (0.2666ms)
✔ a ray level with the head is a headshot, and one below it is a body hit (0.3256ms)
✔ the head region can never turn a miss into a hit (0.7861ms)
✔ a crouched player's head drops with the collider, like the rest of their hitbox (0.3082ms)
✔ a shot the Aimbot would take enters the torso and never touches the head (1.0968ms)
✔ a body that was dead at the rewound moment cannot be hit (2.4404ms)
✔ a strafing target is hit where the shooter saw it, not where it has got to (0.2185ms)
✔ colour carries damage: white for a graze, red at half a health bar (0.761ms)
✔ every weapon's round lands somewhere on the ramp rather than off the end of it (0.5016ms)
✔ shooting the same spot amplifies the colour, not the size (0.3052ms)
✔ a round outside a live ripple, or one that has gone, opens its own (0.2928ms)
✔ the ring overwrites the ripple that has been showing longest, and never grows (0.4479ms)
✔ the ring reports itself dead once its last ripple is over, so the shader can skip its whole test (0.3281ms)
✔ a ripple on a body is narrower than one on the street, so a head shot reads as a head shot (0.0931ms)
✔ a cheat's ripple covers the gun in the hand rather than a patch of it (0.081ms)
✔ ring pressure evicts the least recently hit patch rather than a sustained break (0.137ms)
✔ a long burst keeps one original break alive and releases it after the final round (0.1958ms)
✔ short bullet hits do not evict a boss break before its recovery (0.1309ms)
✔ weapon fracture sizes distinguish a sidearm, sniper and blast without growing on repeated hits (1.1125ms)
✔ a mark held in a body's frame rides the body as it walks and turns (0.6643ms)
✔ stream alerts appear one at a time and clear between runs (1.2578ms)
✔ hype train fills from tips and big plays, rate limits bursts, and caps its end bonus (0.9289ms)
✔ a strong stream attracts an occasional fictional raid and grows its real audience (0.4151ms)
✔ tips grow with the audience: about $15 a minute at 15 viewers and $130 at 500 (0.1024ms)
✔ a big moment tips, builds hype and brings viewers; quiet drains it and viewers leak (0.3781ms)
✔ death clears hidden hype and costs fewer viewers on a ride; a raid brings viewers (0.1929ms)
✔ a held stream (a breather, an open box) neither drains nor leaks (0.1254ms)
✔ the style bonus scales tips and never goes below ×1 (0.4597ms)
✔ a missed challenge and a death are $1 each; a done challenge pays its price (0.2125ms)
✔ families open as the audience grows (0.4623ms)
✔ a challenge comes in 45-75 s after the last, pays when done and is an L when missed (0.9159ms)
✔ 5 aimbot kills in 15 s completes; spread out it doesn't (0.3336ms)
✔ knife the next elite fails if the elite dies to anything else (0.2202ms)
✔ no ADS for 30 s: aiming fails it, keeping off it and killing passes (0.2845ms)
✔ a detected style leans half the challenges toward it (1.446ms)
✔ TipBot reads challenges and $10+ tips with a message, one every 12 s (0.4613ms)
✔ TipBot's nuke line interrupts speech and a streak hold (0.1785ms)
✔ streamer reactions pick one headline by priority and respect shared and local cooldowns (0.2281ms)
✔ a spotlight brings a visible viewer spike without losing the previous peak (0.2815ms)
✔ TipBot drops stale tips and reads numbers in words (0.1971ms)
✔ a stream settles one account score, and LiveTube appears at 50 (0.4713ms)
✔ the best account and million-follower win survive a weaker next account (0.2296ms)
✔ completed train levels pay alongside tips at stream end (0.246ms)
✔ the LiveTube shop opens at milestones and spends the wallet (0.292ms)
✔ promote adds starting viewers; subs, ads and the sponsor pay (0.1441ms)
✔ a pinned request pays when the next stream plays it, else expires (0.1309ms)
✔ the channel save round-trips and survives garbage (0.4349ms)
✔ overlaps settle Control, then Chain Reaction, then Sharpshooter, then the weapon (0.2445ms)
✔ a style needs 40% of the kills, and is only worked out after 40 (0.3723ms)
✔ variety pays, repeats cost nothing, and the best case is +80% (0.1815ms)
✔ feats pay once each (0.4424ms)
✔ a style request asks for something playable and not recent (0.1931ms)
✔ raid preview shares the production arrival cooldown and viewer cap (0.1324ms)
✔ mantling locks attacks and swapping without changing either gun's ammunition (2.2728ms)
✔ a death or voluntary respawn clears the mantle lock (0.4499ms)
✔ the mantle clock has ordered holster, grab, climb and equip intervals (0.5778ms)
✔ the path clears the wall vertically before moving across and never overshoots (0.5512ms)
✔ the frame is the manifest's own origin and chunk size (1.2519ms)
✔ every manifest chunk is the chunk its own bounds fall in (0.3534ms)
✔ chunk ids floor toward negative infinity (0.1315ms)
✔ the origin is the manifest's lat/long, and -Z is north (0.2026ms)
✔ the approximation lands within a few metres of the manifest's own corners (14.2887ms)
✔ a position report names every frame it prints (0.5562ms)
✔ a marksman aims 1.5 s with its laser, then hits a still player for 40 across the street (0.8414ms)
✔ the sniper and DMR answer the marksman in one or two at its range (0.3151ms)
✔ a sniper aims only from in front of the player, one at a time (0.1816ms)
✔ snipers at one player together fire no faster than one alone (0.0977ms)
✔ run armour absorbs before health and never regenerates with health (2.9754ms)
✔ input boundary rejects malformed values and clamps movement (1.0244ms)
✔ the pistol reloads between magazines but never exhausts its reserve (0.8129ms)
✔ survival's machine gun has unlimited ammunition but still reloads every magazine, Fat Mags included (1.6849ms)
✔ shotgun magazines refill only from a finite reserve that spawns with two magazines (0.2527ms)
✔ infinite ammo permits firing after both reserve and magazine reach zero (0.1821ms)
✔ shared protocol schemas validate every client input boundary (0.1118ms)
✔ sprinting blocks fire until the weapon has come back up (0.2809ms)
✔ the sprint-stop window covers the posture and the raise it leaves behind (0.2362ms)
✔ a sprint-fire pull winds the speed down to the walk it fires at (0.2589ms)
✔ the sprint weapon-raise never shortens a longer draw lock, and death clears the sprint (0.3686ms)
✔ a match runs on the limits it was configured with, and its clock running out ends nothing (0.1965ms)
✔ a configured lobby cap turns the extra player away (0.1711ms)
✔ the configured limits survive an empty lobby and a restart (0.1952ms)
✔ the shipped defaults are what a match with no configuration runs on (0.1279ms)
✔ clampMatchRules refuses limits the rest of the game cannot serve (0.2116ms)
✔ a waiting server starts the match clock when the first player connects (0.1195ms)
✔ the lobby holds one runner and sanitizes display names (0.1167ms)
✔ weapon swap toggles the primary and the pistol while preserving each magazine (0.2839ms)
✔ a debug-equipped weapon resets to the run's starting weapon on respawn (0.1821ms)
✔ an enemy's kill leaves a death credited to nobody (0.0737ms)
✔ debug invincibility ignores all but forced damage (0.1139ms)
✔ firing stamps a server-owned radar reveal at the position the shot came from (0.1036ms)
✔ death clears the radar reveal so a corpse never keeps pinging (0.0793ms)
✔ merging an unread intent keeps the newest state and every press (0.2916ms)
✔ a refused shot names combat's reason, and says whether it passes on its own (#601) (0.1435ms)
✔ an identical state reports nothing at all (2.2002ms)
✔ a death reports the life it ended and the return it reserved (0.4994ms)
✔ a respawn is reported as its own transition, with the life it came back on (0.2867ms)
✔ armor is reported at the moment it is spent (0.1805ms)
✔ joining and leaving are reported (0.2124ms)
✔ a death records its corpse and the body does not expire on a clock (0.2646ms)
✔ the enemy roster is reported as arrivals and departures (0.5043ms)
✔ a roster that only changed its targeting reports nothing (0.2635ms)
✔ a medic holds up every other enemy inside its radius, and no other medic (0.8273ms)
✔ regen waits out the delay after a hit, stops at the overhealth cap, and carries fractions (0.7999ms)
✔ the rules raise a mended enemy toward its cap and strip overhealth from one no longer listed (0.9128ms)
✔ a knife hits the nearest enemy in reach and in front (0.9976ms)
✔ nothing behind or beside the player is knifed (0.1163ms)
✔ an enemy just out of reach straight ahead is lunged at; one off to the side is not (0.6116ms)
✔ a target in reach beats a nearer-looking lunge; walls and height rule enemies out (0.1149ms)
✔ the facing, not the lock, picks the target (0.0831ms)
✔ a lunge stops short of the target (0.0785ms)
✔ the knife kills outright except elites and bosses (0.1063ms)
✔ an enemy that has done nothing is not on the map (1.1207ms)
✔ a dead enemy is never on the map, even under Maphack (0.1266ms)
✔ Maphack draws every living enemy at full strength (0.1732ms)
✔ an enemy close enough to hear is on the map without firing (0.1304ms)
✔ an enemy the player can see is on the map (0.1087ms)
✔ a shot puts an enemy on the map and it fades out (0.1782ms)
✔ a melee enemy squaring up gives itself away too, and standing still does not (0.0868ms)
✔ the strongest reason wins: a firing enemy standing next to you is solid (0.0866ms)
✔ footsteps follow ground material and sprint cadence without changing movement (0.9249ms)
✔ landing compresses under half a degree and settles fully (0.1629ms)
✔ dash direction has equal reach sideways and forward, and rotates with yaw (0.606ms)
✔ the base speed is Call of Duty 4's, converted once into metres (0.1009ms)
✔ each weapon carries Call of Duty 4's published mobility, hip and aimed (0.2236ms)
✔ posture and cheat multipliers compose into one ground speed (0.1544ms)
✔ the movement direction is unit length forwards and zero when nothing is pressed (0.7045ms)
✔ strafing and backpedalling are slower than advancing, and bend a diagonal (0.2129ms)
✔ a jump reaches Call of Duty 4's own apex, and no further (0.3236ms)
✔ a grounded jump takes the impulse and a crouched one does not (0.1559ms)
✔ gravity integrates only while airborne, and identically at either tick rate (0.0695ms)
✔ the head region lies wholly inside the capsule, so regions cannot make a player bigger (0.1091ms)
✔ the head is a tenth of the silhouette a standing player presents (0.0536ms)
✔ the head follows the capsule top down into a crouch rather than staying where it was (0.0456ms)
✔ the Aimbot aim point is clear of the head region in both postures (0.0507ms)
✔ an eye height is inside the head, which is why nothing may aim with one (0.0483ms)
✔ the client catches a dash cooldown the server cut short (0.0523ms)
✔ both word lists hold fifty distinct words (0.4263ms)
✔ every name fits inside the cap that sanitizeName truncates at (0.1131ms)
✔ words are printable ASCII, so sanitizeName passes them through unchanged (0.7152ms)
✔ rolls index the two lists independently and stay in range (0.1403ms)
✔ a random name takes one adjective and one noun, in that order (0.4504ms)
✔ a ladder link reverses and a drop does not (0.7683ms)
✔ a link is never cheaper than the ground it replaces (0.2074ms)
✔ a jump across is one a walking player makes: inside the reach and under the height of a jump (issue #275) (0.1196ms)
✔ link kinds round-trip through their codes (0.4227ms)
✔ pending navigation keeps the safe old path and does not age an unanswered plan (15.4053ms)
✔ an unanswered first route waits safely; moving the target and resetting cancel obsolete requests (12.278ms)
✔ body and floor points differ by the capsule's half height and round-trip (0.1824ms)
✔ pathLength measures across the floor only (0.1493ms)
✔ pathPassesNear measures to the legs, not only the corners (0.1825ms)
✔ pointAlongPath walks the legs and stops at the end (0.1755ms)
✔ the flat fixture map snaps within its floor, refuses the air, and walks round a hole (3.3256ms)
✔ a new weapon card says it is new, what it does at level 1, and the slot it takes (1.9714ms)
✔ an upgrade card reads its level now and next (0.2346ms)
✔ the card that makes an evolution ready says it completes it (0.3338ms)
✔ a stat only moves toward an evolution whose weapon is held (0.2272ms)
✔ a new perk says so and counts the run's perk slots, 3 to start and more with Extra Perk Slot (0.428ms)
✔ a card says how far it goes, and what the last slot closes off (0.8683ms)
✔ an evolved weapon's slot reads as its evolution (0.2204ms)
✔ Lucky's two levels show in the note and the next level (0.126ms)
✔ a stat says what it helps, marking what the build holds (0.4454ms)
✔ slots: a maxed weapon has no next level, and a ready one says so (0.3008ms)
✔ the gun lists Rail Rounds and the view's build round-trips (0.2554ms)
✔ there are eight zone areas, each of real polygons (0.8501ms)
✔ a point is inside a square and not outside it, and knows how far the edge is (0.2618ms)
✔ a lane is as wide as asked, all the way along (0.1551ms)
✔ the fence runs end to end along open ground and stops at buildings (18.6748ms)
✔ the heartbeat starts under 30% health and races towards death (0.529ms)
✔ a snapshot is measured against the frame it answers for, not the newest one (1.2705ms)
✔ an acknowledgement between two predicted frames uses the newer one it covers (0.1479ms)
✔ drift is corrected and a teleport is snapped (0.1171ms)
✔ an unanswerable acknowledgement snaps, but a stale one is ignored (0.1002ms)
✔ an acknowledgement newer than anything predicted is refused rather than mismeasured (0.1026ms)
✔ applying a correction shifts the frames predicted after it, so it is not counted twice (0.1941ms)
✔ an intent merge puts the server's jump a sequence later than the client's, and bounds the error that leaves (0.2905ms)
✔ history is bounded, keeping the newest frames (0.139ms)
✔ a correction offset halves over its half-life and is dropped once invisible (0.1578ms)
✔ the room-clear beat punches in fast, eases back, and ends at rest (0.553ms)
✔ kill-feed rows enter quickly and settle without overshoot (0.4426ms)
✔ low-ammo cue fires only when shooting across the quarter-magazine threshold (0.1149ms)
✔ a hit shakes in proportion to its damage, never past the cap, and not at all when turned off (0.1944ms)
✔ Admin deaths within two seconds chain into DOUBLE, TRIPLE and beyond; a gap starts over (0.1196ms)
✔ the SMG fires fastest, handles quickest and owns the first ten metres (0.8546ms)
✔ one DMR pull is a 3-round burst: a body burst leaves a soldier standing, a head burst does not (0.1539ms)
✔ roguelite reloads take one and a half times as long; every other mode keeps its own (2.1638ms)
✔ interaction picks the nearest candidate on the look ray and in reach (2.0581ms)
✔ a run wakes with the pistol alone, a plinth arms it, a clear refills it, and a reset takes it back to the pistol (3.1035ms)
✔ voluntary restart immediately clears a live run without a death or reserved respawn (0.4609ms)
✔ real deaths keep their summary delay; an explicit restart can leave that screen immediately (0.9693ms)
✔ an enemy's room is the one the player stands in, or the live room when they are in none (0.2842ms)
✔ requests do no work and catch-up ticks cannot refresh the drawn-frame budget (0.9645ms)
✔ time and step limits stop the pump, with remaining owners first next frame (1.7267ms)
✔ dormancy, obsolete requests and fence resets close generators without applying their answer (0.6787ms)
✔ touched jobs still expire; abandoned jobs are removed and owner capacity is bounded (0.2766ms)
✔ a seeded stream repeats for its seed and labels, and differs for any other (4.1376ms)
✔ seeds print as eight hex digits and parse back from either form (0.4837ms)
✔ the sandbox map is the three pieces it is meant to be, and nothing else (1.6133ms)
✔ every box sits inside the ground plane's extent (0.4147ms)
✔ every committed mesh name resolves to the semantic class the generator recorded (451.0137ms)
✔ water, cables and drawn-only detail are the surfaces a body passes through (0.1718ms)
✔ a detailed building collides as its solid shell, not as the walls its windows are cut out of (0.1573ms)
✔ a fresh install still names the two things a reset touches (1.1021ms)
✔ every category at once fits the rows the panel builds (0.2803ms)
✔ a category with nothing in it is left out rather than listed as empty (0.1347ms)
✔ counts read as English at one (0.1124ms)
✔ the phase follows the run: menu, walking, fighting, a boss, and the end (0.6221ms)
✔ every phase asks for exactly one track, and a fight and a boss sit over the calm one (0.3364ms)
✔ death silences the score and the city, so the loss sting stands alone (0.7837ms)
✔ battle music follows confirmed outgoing and incoming shots, including misses (0.2994ms)
✔ the battle layer expires while enemies remain alive, on the server clock (0.5825ms)
✔ its plate takes a quarter of a front round, its back pays half again, a flank pays in full (1.5649ms)
✔ its beam sweeps its arc back and forth and never leaves it (2.515ms)
✔ it locks when the beam crosses the player, and cannot turn to face behind its van (0.7054ms)
✔ the van parks across the street and the turret stands on its roof (0.8002ms)
✔ the shield covers its front arc and nothing behind or beside it (0.9972ms)
✔ frontal bullets cannot wear down a shield; a flank or blast can hurt it (0.3543ms)
✔ the planted pistol charge opens the shield to frontal fire (0.2043ms)
✔ a frontal shield hit cannot wear down its pool or body (1.2147ms)
✔ the weapon table: rifles burst from long range, pistols fire fast from mid, shotguns hit hardest up close (2.1072ms)
✔ every Soldier is deadlier than the Gunner it replaces (13 damage every 2 s, 90% up close) (0.2893ms)
✔ aim falls off with distance and with the target's movement (0.3523ms)
✔ a shotgun's pellets lose damage past point blank; rifle and pistol rounds do not (0.1204ms)
✔ an aim and the cadence gate every volley (0.1363ms)
✔ the shot-token budget caps guns on the player at once, keeps a close shotgun's spare, and takes back stale tokens (2.0222ms)
✔ a Soldier picks a spot in its own band, beside cover, off another's line of fire (1.5947ms)
✔ encounter entries carry their kind, numbered on from the run's count, and spawn with their kind's health (0.5188ms)
✔ squad spacing is each Soldier's distance to its nearest squadmate, averaged, and the smallest of them (0.3057ms)
✔ a Soldier will not stand on a squadmate's spot, and holds its own range inside its band (1.8815ms)
✔ a shotgun waiting its turn to push holds a mid ring; the other guns are unchanged (0.2465ms)
✔ a Soldier that can route nowhere asks again after a growing wait, not every tick (0.7115ms)
✔ a stranded squad's route queries stay inside one tick's budget plus one pick (2.6136ms)
✔ the spawn clearance keeps two standing capsules apart, and every ring position clears the point it surrounds (1.2477ms)
✔ a spawn point is occupied by a standing body within the clearance on the same floor, and by nothing else (0.1629ms)
✔ a taken spawn stands the player at the first clear, standable ring position, and gives up only when every one is taken (0.29ms)
✔ a body that has not moved and is still pushing the same way skips the climb (0.6726ms)
✔ any movement at all, or any change of push, misses (0.4805ms)
✔ a memory is retried rather than trusted for ever (0.2177ms)
✔ a motion that has slid away to nothing is not worth a collision (0.7047ms)
✔ a new save owns the kit's two streaks in two slots (1.4537ms)
✔ testing unlock exposes the full roster and five slots, then restores purchased slots (0.3975ms)
✔ slot cards add slots up to five; Double Earn needs Streak Stack (0.1751ms)
✔ buying RC-XD before a third slot is the first real choice: it waits outside the loadout (0.2277ms)
✔ a slot takes any owned streak, swapping one already equipped, and can be emptied (0.1733ms)
✔ the ladder is the loadout by cost, keys 1 to N cheapest first (0.1626ms)
✔ Hardline cuts 15% a rank, rounded, never below 2, and two never share a cost (0.196ms)
✔ the loadout travels in the run command and in the save (0.4665ms)
✔ ban wave is fixed per account and shop ranks extend it (1.01ms)
✔ new account starts from an audience and a share of the last account (0.121ms)
✔ one account wins at a million and keeps the best score after losses (0.1491ms)
✔ a killstreak ride death loses less audience (0.6438ms)
✔ growth cards make the same viewer moment earn more followers (0.1383ms)
✔ respawn selects the nearest clear street point (0.3929ms)
✔ the pools are large, short and free of duplicates (0.9668ms)
✔ a viewer keeps one colour (0.2643ms)
✔ templates take the streak and cheat names (0.1628ms)
✔ lines never arrive closer than the minimum gap, even in a flood (1.9748ms)
✔ background chatter keeps talking with nothing happening (0.1855ms)
✔ chat reacts to the event it was told about, a little late like real chat (0.1907ms)
✔ a more important event jumps the queue (0.0973ms)
✔ a raid brings a burst of its own viewer names (0.1327ms)
✔ big-play events produce authored bursts while preserving the chat pace (0.447ms)
✔ headline emotes form bounded waves and a repeat grows the combo (0.4026ms)
✔ death has its own emote and Settings can silence emote waves (0.2759ms)
✔ a long quiet stretch gets called out (0.4046ms)
✔ stale reactions are dropped instead of arriving late (0.466ms)
✔ kills close together become one multi-kill (0.1893ms)
✔ older lines are fainter and old lines fade out (0.0763ms)
✔ the small channel's chat is about 600 lines, all short (0.6487ms)
✔ regulars greet the stream and remember the dog deaths (2.7354ms)
✔ tips and challenges arrive at once as their own kinds of line (0.3443ms)
✔ a big channel is a fast swarm, and mods strike the spam (0.6373ms)
✔ chat teases a repeated build and cheers a new one, never naming a style (0.4054ms)
✔ disabling emotes clears a pending wave and stops swarm glyph chatter (0.2961ms)
✔ sniper pressure scales with live audience (0.8519ms)
✔ each sniper has a visible cheat kit, respawn threshold and audience (0.2591ms)
✔ bot kills transfer viewers and killing a sniper has a bigger swing (1.364ms)
✔ a sniper quits after tier-based viewer loss from its highest audience (0.1462ms)
✔ outdraw requires a sustained lead and leaves with a bounded audience chunk (0.1955ms)
✔ the sniper targets a nearby regular bot and its hit has no player attribution (0.2747ms)
✔ rarity follows the weights, over the tiers unlocked only (2.2176ms)
✔ a blue card is a weapon or perk; higher cards deal an exclusive one tier above its own (0.3608ms)
✔ every crate offer has at least three distinct valid choices as pools drain (3.5898ms)
✔ crate armour plate is repeatable and only comes from a crate offer (0.3063ms)
✔ crates come often early and ease off: one curve (0.1979ms)
✔ the jitter bag holds evenly spaced factors around 1 (0.9964ms)
✔ each later gap is the pace at that minute, jittered by a marble (0.7145ms)
✔ each bagful deals every marble once before any repeats, and refills when empty (0.5653ms)
✔ the first crate comes 30-60 s in (0.2952ms)
✔ a dropped crate falls, bounces and settles on the floor, never above or below it (1.3278ms)
✔ a crate that drifts into a wall bounces off it and still settles on the floor (0.2255ms)
✔ Better Loot moves odds from blue to purple (0.1575ms)
✔ compound names resolve to the surface a bullet actually strikes (1.6399ms)
✔ classification ignores the case a source material happens to be named in (0.1776ms)
✔ an unrecognised material falls back to the default rather than failing (0.1124ms)
✔ every rule names a real surface family and matches on lower-case tokens (0.2954ms)
✔ a name that says what it is made of beats a name that only implies it (0.2087ms)
✔ no rule's tokens are shadowed by an earlier rule's (1.1537ms)
✔ isSurfaceKind accepts exactly the published families (1.2659ms)
✔ an asset's triangles group into one entry per surface family (1.7977ms)
✔ adjacent runs of one family become a single range (0.5879ms)
✔ a family that reappears later joins the group it opened (0.5493ms)
✔ empty runs and an empty asset produce no group at all (0.1633ms)
✔ the penetration table answers for every surface family, and reads as thin versus structural (0.1594ms)
✔ penetration cost rises with how solid the family is (0.0787ms)
✔ a stream's tips go into the wallet whole, with the shelf's next cards (1.6744ms)
✔ floor rewards collect once, expire, and only pull visually toward a nearby player (0.4651ms)
✔ quick pickup chains rise by at most three semitones and reset after a gap (0.1612ms)
✔ a new save is the kit: three cards a box, no rerolls, no radar, finite ammo, the base streak pair (2.3856ms)
✔ owned cards change the run (0.3052ms)
✔ a broken or old save is a fresh save, and a good one survives a round trip (0.8837ms)
✔ a run's cards fit a survival command, and come back as they went (0.4581ms)
✔ repeatable Stream Boost survives save reloads and increases future income (0.2469ms)
✔ account shop ranks tune follower growth, starting audience, carryover and ban delay (0.501ms)
✔ a roster names every enemy once, a special by its kind and a gun as a soldier (1.3998ms)
✔ an enemy spawns with its kind's health and takes every bullet in full (1.2646ms)
✔ the roster holds exactly what the run placed, whatever the player's risk (0.4251ms)
✔ an enemy whose health empties dies and leaves the roster, recorded as admin.died (0.5758ms)
✔ an enemy keeps its wounds: no regeneration however long it waits (0.329ms)
✔ enemies hunt a player with no exposure, at any distance, and a dead one breaks the commitment (0.3151ms)
✔ removing the encounter drops every enemy as a despawn, not a death (0.2164ms)
✔ an enemy arrives before it acts (0.1294ms)
✔ a dropped grenade clinks off the floor, bounces, then rolls to rest on it (1.6307ms)
✔ a wall sends it back (0.2294ms)
✔ paths play back between keyframes and hold at the end (0.7244ms)
✔ a tick's rays are granted up to the limit and refused after it, and counted either way (0.8829ms)
✔ a new player has no reload, no queued pull, no wind-down, no latch and no shot yet (1.7679ms)
✔ a reload starts once, completes into the magazine and clears (0.9576ms)
✔ a magazine inserts once before the ready frame and survives a later cancel (0.2025ms)
✔ a reload for a weapon that is not in hand is refused (0.1109ms)
✔ a cancelled reload clears without moving a round, and cancelling nothing is a no-op (0.1287ms)
✔ a fired round stamps the cadence clock (0.1026ms)
✔ queued pulls and the sprint latch toggle, and repeating a value returns the same state (0.1264ms)
✔ death clears every per-life trigger fact, and a respawn keeps the cadence clock (0.3051ms)
✔ one shotgun shell samples eight pellet rays without multiplying its total damage (1.464ms)
✔ every weapon category has its own hip-fire cone, and the sights close it (0.2097ms)
✔ aiming is pinpoint on every weapon but the shotgun (0.375ms)
✔ firing displaces the view, and the view settles back to the shooter's own aim (0.9273ms)
✔ movement, crouch, sustained fire, and recovery use each category's authoritative tuning (0.2823ms)
✔ authoritative dispersion samples stay inside the current cone (0.2191ms)
✔ reticle projection represents the same authoritative cone angle (0.0924ms)
✔ a round's climb and its wander are drawn separately, in Call of Duty 4's proportions (0.3063ms)
✔ the wander settles back to the shooter's own aim from either side (0.225ms)
✔ every Call of Duty 4 weapon's falloff is that game's, ranges verbatim and floors as a ratio (0.9145ms)
✔ the sniper rifle is the one weapon whose damage never degrades (0.3369ms)
✔ damage is held to the full-damage range, interpolated, then floored (0.1852ms)
✔ reaching the floor costs each weapon a stated fraction of its damage (0.2337ms)
✔ a shotgun shell falls off pellet by pellet, on each pellet's own reach (0.3183ms)
✔ a hit too small to feel is not a hit at all (0.3583ms)
✔ reach stops being a balance number and effective range takes its place (0.7472ms)
✔ a sniper body shot no longer kills, and the rifle keeps its identity in reach instead (0.1962ms)
✔ a headshot is worth 1.5x on every weapon that rewards precision, 2x on the DMR, and nothing on the shotgun or the launcher (0.3411ms)
✔ the head multiplier composes with the falloff rather than replacing it (0.3211ms)
✔ a headshot cannot rescue a hit too small to feel (0.1324ms)
✔ cover a round crossed composes with the falloff and the head multiplier (0.1528ms)
✔ a round that cover reduced below the registration floor lands as nothing (0.1039ms)
✔ a Buckshot shell buys back the one-shot kill #304 took, at the range every pellet still fits (0.1041ms)
✔ a Buckshot pellet keeps the rifle's head multiplier and its refusal to fall off (0.0964ms)
✔ the Buckshot cone is what limits the shell's range, and it is the shotgun's own width (0.0893ms)
✔ weaponShell is every weapon's own round, so an ordinary shot is unchanged (0.1827ms)
✔ a shot-down flier spirals and lurches down, never through the street, and lands when it should (4.6505ms)
✔ its rotors sputter as it falls and stop when it hits (0.2674ms)
✔ it bounces and skids on the street, bursts when the skid runs out, then lies a moment (0.1747ms)
✔ one killed on the street skids and bursts at once; a fall has a floor (0.5704ms)
ℹ tests 696
ℹ suites 0
ℹ pass 696
ℹ fail 0
ℹ cancelled 0
ℹ skipped 0
ℹ todo 0
ℹ duration_ms 4450.2538
[11/12] game-rules: ok in 7.8 s

[12/12] godot-cli

> @godmode/godot-cli@0.1.0 test D:\work\godmode-roguelite-worktrees\land-livetube-juice-20261007\tools\godot-cli
> pnpm run build && node --test dist/test/unit/**/*.test.js dist/test/fake-engine/**/*.test.js


> @godmode/godot-cli@0.1.0 build D:\work\godmode-roguelite-worktrees\land-livetube-juice-20261007\tools\godot-cli
> node -e "require('node:fs').rmSync('dist/test',{ recursive: true, force: true })" && tsc -p tsconfig.json

✖ concurrent screenshots for one project are serialized (2034.6615ms)
✔ concurrent screenshots across different projects are also serialized (1162.0072ms)
✔ game play still blocks when a launch-critical resource remains unimported (338.5833ms)
✔ game play starts nothing when compilation fails (248.8945ms)
✔ stale process records never signal an unrelated live process (441.1847ms)
✔ invalid Godot executable returns a versioned failure (126.6267ms)
✔ screenshot timeout kills a hung Godot process and reports diagnostics (991.1315ms)
✔ a frame-time window outside its bounds is refused before anything is measured (283.2977ms)
✔ project import refreshes source assets with existing cached outputs without starting the game (268.738ms)
✔ project import reports a versioned failure when assets stay unimported (213.2323ms)
✔ game export imports first, creates the output directory, and proves the file was written (326.265ms)
✔ game export runs an optional project export check before importing or packaging (221.8902ms)
✔ game export without --output writes where the preset's own export_path points (378.7803ms)
✔ game export drains the deferred character-GLB backlog instead of handing it to the exporter (349.0956ms)
✔ project import still defers the character-GLB backlog rather than draining it (158.1594ms)
✔ a fault on the first import attempt is not reported once a later attempt exits cleanly (146.3006ms)
✔ game export gives up on a backlog that never drains rather than launching the engine forever (388.8215ms)
✔ game export fails loudly when Godot exits cleanly but writes nothing (280.0574ms)
✔ game export reports a missing preset file rather than launching Godot (52.8491ms)
✔ an export retries when the engine crashes reimporting, and gives up on a real export failure (894.4217ms)
✔ game export refuses stale cached sources after an import fault and packages their refresh (1173.5569ms)
✔ runtime action exits non-zero on a refusal unless the caller allows it (#597) (288.1009ms)
✔ runtime action waits out a notReady refusal and never excuses an invalid one (#601) (1099.7194ms)
(node:41124) [DEP0190] DeprecationWarning: Passing args to a child process with shell option true can lead to security vulnerabilities, as the arguments are not escaped, only concatenated.
(Use `node --trace-deprecation ...` to show where the warning was created)
✔ a capture refuses when the project's capture:check fails (269.0548ms)
✔ --allow-unchecked skips the check, and a passing check lets the capture through (428.7447ms)
✔ a project without capture:check, or without a package.json, captures as before (13.2215ms)
✔ shader baking retains the GPU during export; ordinary exports stay headless (1.7048ms)
✔ Windows imports and pending macOS HDR imports use a GPU; Linux imports stay headless (0.3789ms)
✔ a capture tells the runner the window it wants, not only the engine (0.4026ms)
✔ macOS keeps a small window edge drawable and can request Compatibility (0.199ms)
✔ pngDimensions reads a real PNG's IHDR and refuses anything else (66.039ms)
✔ parseGlobalOptions separates global flags (0.2448ms)
✔ takeOption removes a named option (0.1787ms)
✔ managed game instance names are safe for process files (0.2158ms)
✔ game play plan compiles before launching a client on the main menu (0.437ms)
✔ scene create, inspect, and edit form a safe local flow (15.0715ms)
✔ scene parser accepts attribute order and editor rejects unsafe structures (8.0093ms)
✔ project path validation reports missing and invalid projects (1.0569ms)
✔ versioned command envelopes validate success and failure output (0.5371ms)
✔ projectInfo reads Godot metadata and scenes (3.884ms)
✔ runtimeInspect reads a development bridge snapshot (25.4168ms)
✔ runtime inspection filters nodes and runtime actions post JSON (26.9494ms)
✔ managed capture targets the named instance inspection bridge (10.4698ms)
✔ leasePort returns a usable port even before this machine has any managed-process state (32.2426ms)
✔ leasePort retries past a port already held by a live managed instance (1269.5292ms)
✔ leasePort retries past a live instance whose start token could not be read (636.9965ms)
✔ leasePort reuses a port recorded by a no-longer-owned (stale) instance without retrying (409.8453ms)
✔ resolveInspectionUrl addresses a run by --instance instead of a bare port (5.0788ms)
✔ a record a machine-wide listing removes leaves a note saying who removed it and why (2153.7416ms)
✔ game stop leaves a note for both a stale record and a real stop (2844.6916ms)
✔ a record that exists but cannot be read reports the read error and no removal (3.0687ms)
✔ readProcessStartToken says why no token came back (833.5128ms)
✔ game ps lists live and stale instances scoped to their own project, and --all spans every project (1960.6985ms)
✔ game ps --all keeps a live record whose start token could not be read, and removes only proven-stale ones (4015.9845ms)
✔ game stop neither signals nor forgets an instance whose start token could not be read (2521.8137ms)
✔ the Windows start token comes from CIM rather than the removed wmic (0.2645ms)
✔ termination escalates from a graceful attempt to a forced one on both platforms (0.1163ms)
✔ the build plan uses the shell only for the Windows pnpm shim (0.1887ms)
✔ processStartToken reads a live process and reports a dead one as null (787.0611ms)
✔ currentPlatform matches the host this suite is running on (0.2759ms)
✔ export presets are read from the file in order, ignoring unnamed entries (0.2892ms)
✔ a preset's export_path names the artifact, and options blocks cannot supply one (0.3199ms)
✔ a preset's platform and options are read together, bounded by the next section (0.3478ms)
✔ a Windows preset asking for D3D12 expects the Agility SDK runtime under its arch directory (0.3196ms)
✔ an explicit Yes stages the runtime whatever the project's renderer says (0.127ms)
✔ multiarch off puts the same runtime beside the binary instead of under an arch directory (0.0579ms)
✔ D3D12 export set to No, or a non-Windows preset, expects no runtime at all (0.1083ms)
✔ D3D12 export left on Auto follows the project's renderer settings (0.1549ms)
✔ a complete Agility SDK runtime beside the binary reports no missing files (3.6097ms)
✔ a missing Agility SDK runtime is named file by file, with the rename as the remedy (2.5889ms)
✔ a preset that asks for no runtime is complete with nothing staged (0.2081ms)
✔ export templates resolve under the exporting account's APPDATA, keyed by version without the build suffix (0.4537ms)
✔ a self-contained editor keeps its export templates in editor_data beside itself (0.3193ms)
✔ export templates follow the host's data directory, and a preset's custom template overrides them (0.2634ms)
✔ a missing runtime names the templates directory and which arch-qualified sources it holds (3.1555ms)
✔ contained paths reject Windows escapes that leave no '..' behind (0.3302ms)
✔ contained paths behave the same way under POSIX semantics (0.1605ms)
✔ an import launch that hangs is stopped by its own timeout and named as one (1089.2874ms)
✔ a drain that keeps making progress still stops at its wall-clock budget (346.1688ms)
✔ a drain clamps each launch to the budget it has left rather than overrunning it (1042.9501ms)
✔ a session id is required rather than defaulted, and validated when given (0.4528ms)
✔ session cleanup matches engines by session, and never the caller that named it (48.7822ms)
✔ a session id that is a prefix of another session's id does not match it (92.4947ms)
✔ an engine whose path contains a space is still found (43.5676ms)
✔ the editor carries its session stamp like any other started engine (0.3218ms)
✔ a process listing that cannot run fails loudly instead of reporting no engines (2.4812ms)
✔ reapProcessState removes logs and directories no live instance can reach (5.6271ms)
✔ reapProcessState spares a live instance's files however old they are, and anything recent (1096.613ms)
✔ a restart neither replaces nor forgets an instance whose start token could not be read (659.609ms)
✔ reapProcessState spares an old live instance whose start token could not be read (740.9257ms)
✔ reapProcessState clears stale session heartbeats but never touches _global (4.4024ms)
✔ reapProcessStateIfDue walks the root at most once per interval (5.733ms)
✔ leasePort still returns a checked port when the allocation lock is held by a live process (1306.9197ms)
✔ reapProcessState leaves a directory a start has just created, however empty it is (3.7566ms)
✔ a record's owner is verified, so a recycled pid cannot pin a directory's files forever (432.216ms)
✔ the machine-wide scan still finds a live holder among many project directories (1209.8776ms)
✔ a start whose state directory is reaped mid-launch re-creates it instead of failing (5.7519ms)
✔ a reap that cannot run reports nothing rather than failing the teardown that triggered it (20.2771ms)
✔ a forced pass that uncovers a backlog is allowed to converge, not called stalled at once (624.8456ms)
✔ frame-time percentiles are nearest-rank over real frames, never interpolated (0.4312ms)
✔ a wrapped ring reports exact whole-window counters and says the percentiles are a tail (0.238ms)
✔ frame times are flagged when a cap, not the frame, decided how long it took (0.4739ms)
✔ a bridge that missed frames says so, rather than reporting the ones it caught as the whole window (0.1247ms)
✔ a window whose first frames ran slow is called out rather than reported as frame cost (0.2693ms)
✔ runtime frames brackets a window with a reset and a read instead of polling (54.1483ms)
✔ runtime frames names a bridge that cannot measure rather than reporting an empty window (3.2585ms)
✔ a window in which nothing was drawn fails loudly instead of reporting zeroes (44.0693ms)
✔ a stale cached character cannot be deferred or accepted after an importer fault (183.1007ms)
✔ HDR settings timestamps request rendering without stranding a current atlas (122.4804ms)
✔ an import failure says what happened and that running it again usually works (0.3421ms)
✔ a refused runtime action is reported as a failure, not as applied (#597) (6.4128ms)
✔ a refusal's kind says whether to wait or to fail (#601) (211.3277ms)
✔ live captures preserve the default and accept bounded review resolutions (0.6439ms)
✔ recording stays bounded and uses a container that preserves fine edges (1.4918ms)
✔ window input bounds keys, clicks, duration and console text before sending anything (0.9205ms)
✔ an exported run never supplies --path or --script and retains managed cleanup (3173.1502ms)
✔ exports refuse inspection and scene overrides before launching (0.7565ms)
✔ session end finds arbitrary export names without matching a shell mentioning them (45.7806ms)
ℹ tests 118
ℹ suites 0
ℹ pass 117
ℹ fail 1
ℹ cancelled 0
ℹ skipped 0
ℹ todo 0
ℹ duration_ms 27177.7284

✖ failing tests:

test at dist\test\fake-engine\cli.fake-engine.test.js:15:1
✖ concurrent screenshots for one project are serialized (2034.6615ms)
  Error: Timed out waiting for screenshot lock
      at acquireLock (file:///D:/work/godmode-roguelite-worktrees/land-livetube-juice-20261007/tools/godot-cli/dist/src/cli.js:694:23)
      at async captureGameScreenshot (file:///D:/work/godmode-roguelite-worktrees/land-livetube-juice-20261007/tools/godot-cli/dist/src/cli.js:2817:25)
      at async Promise.all (index 1)
      at async TestContext.<anonymous> (file:///D:/work/godmode-roguelite-worktrees/land-livetube-juice-20261007/tools/godot-cli/dist/test/fake-engine/cli.fake-engine.test.js:26:25)
      at async Test.run (node:internal/test_runner/test:1389:7)
      at async startSubtestAfterBootstrap (node:internal/test_runner/harness:387:3) {
    details: { lockPath: 'C:\\Users\\Kam\\AppData\\Local\\Temp\\godot-cli\\_global\\screenshot.lock', timeoutMs: 2000 },
    hint: undefined
  }
D:\work\godmode-roguelite-worktrees\land-livetube-juice-20261007\tools\godot-cli:
 ERR_PNPM_RECURSIVE_RUN_FIRST_FAIL  @godmode/godot-cli@0.1.0 test: `pnpm run build && node --test dist/test/unit/**/*.test.js dist/test/fake-engine/**/*.test.js`
Exit status 1
[12/12] godot-cli: FAILED (exit 1) in 29.6 s

────────────────────────────────────────────────────────────────────────
  ROOT SUITE  FAILED

  steps run:   12 of 12
  passed:      11
  failed:      1  ·  godot-cli
────────────────────────────────────────────────────────────────────────
 ELIFECYCLE  Test failed. See above for more details.
