
> godmode-exe@ test D:\work\godmode-roguelite-worktrees\land-livetube-juice-20261007
> node tools/test/run-root-suite.mjs


[ 1/12] lint

> godmode-exe@ lint D:\work\godmode-roguelite-worktrees\land-livetube-juice-20261007
> eslint


D:\work\godmode-roguelite-worktrees\land-livetube-juice-20261007\scripts\client\killstreak_view.ts
  1501:1  warning  File has too many lines (1613). Maximum allowed is 1500  max-lines

D:\work\godmode-roguelite-worktrees\land-livetube-juice-20261007\scripts\environment_modules\placement_rules.ts
  1501:1  warning  File has too many lines (1678). Maximum allowed is 1500  max-lines

D:\work\godmode-roguelite-worktrees\land-livetube-juice-20261007\scripts\game_world.ts
  1501:1  warning  File has too many lines (2592). Maximum allowed is 1500  max-lines

D:\work\godmode-roguelite-worktrees\land-livetube-juice-20261007\scripts\mixamo_clip_data.ts
  1501:1  warning  File has too many lines (3213). Maximum allowed is 1500  max-lines

D:\work\godmode-roguelite-worktrees\land-livetube-juice-20261007\scripts\runtime_actions\runtime_actions.ts
  1501:1  warning  File has too many lines (1814). Maximum allowed is 1500  max-lines

D:\work\godmode-roguelite-worktrees\land-livetube-juice-20261007\scripts\server\survival_run.ts
  1501:1  warning  File has too many lines (2016). Maximum allowed is 1500  max-lines

✖ 6 problems (0 errors, 6 warnings)

[ 1/12] lint: ok in 7.2 s

[ 2/12] format:check

> godmode-exe@ format:check D:\work\godmode-roguelite-worktrees\land-livetube-juice-20261007
> prettier --check "**/*.{js,cjs,mjs,ts,cts,mts}"

Checking formatting...
All matched files use Prettier code style!
[ 2/12] format:check: ok in 12.0 s

[ 3/12] build

> godmode-exe@ build D:\work\godmode-roguelite-worktrees\land-livetube-juice-20261007
> pnpm build:scripts


> godmode-exe@ build:scripts D:\work\godmode-roguelite-worktrees\land-livetube-juice-20261007
> node tools/build/write-build-info.mjs && pnpm --filter @godmode/game-rules build && pnpm --filter @godmode/godot-cli build && tsc -p tsconfig.json


> @godmode/game-rules@0.1.0 build D:\work\godmode-roguelite-worktrees\land-livetube-juice-20261007\packages\game-rules
> node -e "require('node:fs').rmSync('dist/test',{ recursive: true, force: true })" && tsc -p tsconfig.json


> @godmode/godot-cli@0.1.0 build D:\work\godmode-roguelite-worktrees\land-livetube-juice-20261007\tools\godot-cli
> node -e "require('node:fs').rmSync('dist/test',{ recursive: true, force: true })" && tsc -p tsconfig.json

[ 3/12] build: ok in 11.3 s

[ 4/12] test:unit

> godmode-exe@ test:unit D:\work\godmode-roguelite-worktrees\land-livetube-juice-20261007
> node --test tests/unit/*.test.mjs

✔ the same account simulation is repeatable and ends at its ban wave (12.6244ms)
✔ the first sniper arrives early enough for a new player to notice (2.5804ms)
✔ shop purchases obey shelf availability and wallet balance (0.2536ms)
✔ a bigger starting audience changes sniper pressure through the real tier rules (6.4883ms)
✔ account progression records the goal and does not erase prior gains (43.3139ms)
✔ a cloaker's wind-up draws back into its tell and holds it (1.2386ms)
✔ the juggernaut commander poses its roar and slam only once it has dropped its gun (0.6187ms)
✔ only the cloaker poses its attack; every other kind keeps its own clips (0.1398ms)
✔ a flinch snaps back, eases upright, and is still outside its window (0.1542ms)
✔ all eight travel directions follow rendered facing at every world heading (1.8749ms)
✔ turning the actual body changes local travel without changing world velocity (0.1386ms)
✔ diagonal stride speed uses mixed source travel and scaled native limb length (0.1346ms)
✔ directional lower-body blending leaves shooting joints alone (0.2185ms)
✔ movement angles are read against the body's facing, right being -X at yaw 0 (0.6875ms)
✔ a body squared up to its target gets the gait for the way it walks (1.0869ms)
✔ one stray snapshot does not flick a walking body to idle or sideways (0.1433ms)
✔ a diagonal just past the sector edge keeps the current gait (0.1026ms)
✔ a gait is held for its minimum time before it changes (0.1487ms)
✔ the stride speed glides instead of following each noisy snapshot (0.1212ms)
✔ a resting patrol pose is reused only while all replicated state is unchanged (0.1843ms)
✔ confirmed outcomes rise above ordinary hits and stream cues (0.5938ms)
✔ tip clears ambience briefly but stays below combat on the stream bus (0.5548ms)
✔ stronger outcomes suppress a weaker duplicate onset, not the next shot (0.7975ms)
✔ combat transient ducks the stream and ambience, then releases (0.202ms)
✔ drone retains 1.4 Hz / 30% strobes and its hunting lens colour (1.0637ms)
✔ only broken plates or a stun expose commander shells; only hover lights engines (0.1589ms)
✔ all nine rebuilt assets contain authored signal/belt surfaces and match provenance (136.7178ms)
✔ barrier runtime meshes stay within budget and bind to approved raw hashes (131.1872ms)
✔ all thirteen runtime props retain the approved #950 geometry and flat colours (31.338ms)
✔ the muted-red newspaper colourway preserves glass and repaints only the warm body cluster (12.6008ms)
✔ the slate newspaper colourway preserves glass and repaints only the warm body cluster (90.337ms)
✔ map preview GLBs preserve VEC4 flat vertex colours (0.6934ms)
✔ bits read back in the order they were written, across byte boundaries (1.5755ms)
✔ a run of booleans costs one bit each (0.2612ms)
✔ variable-length integers round trip across every group boundary (0.3476ms)
✔ signed integers round trip, and a small negative costs what a small positive costs (0.3252ms)
✔ a double round trips bit-for-bit (0.3821ms)
✔ fixed point represents zero exactly (0.269ms)
✔ fixed-point error stays inside half a step (0.3339ms)
✔ a value outside the fixed-point range clamps rather than wrapping (0.2094ms)
✔ negative fixed-point values round trip through two's complement (0.2877ms)
✔ strings round trip, including non-ASCII and a lone surrogate (0.4521ms)
✔ UTF-8 encoding matches the platform's own, for everything well-formed (0.185ms)
✔ malformed UTF-8 decodes to replacement characters instead of throwing (0.104ms)
✔ reading past the end reports an overrun rather than inventing data (1.1396ms)
✔ a truncated string is refused rather than allocated against (0.1463ms)
✔ abort poisons the reader so one overrun check at the top rejects the packet (0.097ms)
✔ the writer grows past its initial capacity without losing bits (2.3299ms)
✔ a package that tests from dist clears dist/test before it compiles (1.6633ms)
✔ test builds once, before any step that reads compiled output (0.6629ms)
✔ the root scripts test runs do not compile again (0.2754ms)
✔ test:integration builds once, before any step that reads compiled output (0.0985ms)
✔ the root scripts test:integration runs do not compile again (0.0984ms)
✔ mixed survey winding is repaired without moving the wall plane or mutating collision inputs (1.7098ms)
✔ masonry has open glass apertures and actual inward-facing 28 cm reveals (5.186ms)
✔ continuous ground-floor base is cut around doors and follows a clipped facade (2.2945ms)
✔ a waterfront landing's replaced building keeps no masonry inside the landing footprint (403.02ms)
✔ a rusticated base lays channelled courses up to the belt course, still cut around doors (2.7054ms)
✔ building tones use stable semantic names across chunk-local feature ids (1.0787ms)
✔ tone assignments cover exactly each range and all four finishes are reachable (1.3863ms)
✔ stride lookup retains the full new humanoid slug (0.7005ms)
✔ the minimap is heading-up: what the player faces plots straight up (0.7069ms)
✔ a wallhack box bounds its corners and clamps to the screen (0.4736ms)
✔ no wallhack box for an Admin behind or beside the camera, or centred off screen (0.5399ms)
✔ Wallhacks boxes fully inside its reach, faintly past it, and not at all far off (0.1404ms)
✔ curtain grids fit smaller towers, preserve identities and keep far members above a pixel (0.9038ms)
✔ horizon geometry is bounded, nondegenerate and entirely outside the arena barrier (4120.2856ms)
✔ river faces upward at the survey sea datum, and the landmark is a two-tower suspension span (9.3304ms)
✔ the horizon survey regenerates from retained source data without a network request (4524.8347ms)
✔ horizon tour poses stand on retained ground samples inside the C outline (1.4392ms)
✔ transport presentation preserves waterfront decks and optional upper-face filtering (0.3382ms)
✔ the map's own vehicles draw the approved models in flat palette colours, in their original +X frame (0.1794ms)
✔ all horizon eye poses clear source vehicles and the rule-placed parking boxes (367.9373ms)
✔ a download is named by its pack folder and file, with no slash Godot would refuse (0.9196ms)
✔ assault: every state the game ships says where it comes from, and every clip it names is retained (18.3691ms)
✔ breach: every state the game ships says where it comes from, and every clip it names is retained (181.8416ms)
✔ marksman: every state the game ships says where it comes from, and every clip it names is retained (11.0654ms)
✔ a state the catalog compiler replaces is credited to what it is made from, not its listed file (0.8434ms)
✔ a clip the game plays backwards is marked as reversed (0.1664ms)
✔ a clip retargeted from another character's download does not credit this character's file of the same name (0.1271ms)
✔ commander armor ships five independent textured meshes with recorded approved bytes (7.7972ms)
✔ removed survival platform families contribute no visual, collision or navigation boxes (1.7028ms)
✔ only the round that breaks a real plate confirms armour break to its attacker (1.5168ms)
✔ one blast breaking several plates confirms once; debug and unattributed damage do not (0.9801ms)
✔ concept capture refuses 06,06 before calling the game (377.8358ms)
✔ concept capture refuses missing before calling the game (176.2196ms)
✔ concept capture refuses an explicitly stale source before calling the game (260.0799ms)
✔ a marker survives its own format and nothing else passes for one (1.6228ms)
✔ a marker left at launch is a crash, and no marker is a clean quit (0.1655ms)
✔ a clean quit deletes only the marker it wrote (0.1122ms)
✔ session ids differ by start and by process (0.1223ms)
✔ Godot's rotated logs are found newest first, without the live one (0.2802ms)
✔ a short log comes back whole (0.3401ms)
✔ a long log read whole keeps its first 20 and last 300 lines and says what it skipped (1.2061ms)
✔ a log read at both ends drops the line the tail read landed inside (0.314ms)
✔ a chunk read from mid-file skips the torn character rather than decoding it (0.3354ms)
✔ an oversized attachment keeps its end, in whole characters, under the byte limit (0.4317ms)
✔ the last error line is the newest ERROR or engine error (0.3161ms)
✔ the message names the session, build, machine and last error, and fits Discord (0.4126ms)
✔ missing logs are said in the message and not attached (0.1852ms)
✔ the webhook body is multipart with payload_json and one files[n] part per attachment (0.5668ms)
✔ a body containing its boundary is refused (0.2305ms)
✔ boundaries are long and hex (0.1525ms)
✔ only an export uses the committed URL; an override reaches any run (0.0802ms)
✔ kerbstone top and footway partition the original grade without stacked surface overlap (1.1317ms)
✔ the damage arc keeps the old wedge's timing: 900 ms up, solid for the first half (0.7454ms)
✔ the red pulse keeps its 0.32 start easing out over 320 ms (0.1289ms)
✔ the arc is thin and short, tapers at its tips, and never folds into duplicate points (0.9598ms)
✔ debug_spawn_encounter accepts every enemy kind (0.9355ms)
✔ debug_character_detail accepts exactly the character-detail settings (1.3569ms)
✔ debug_lighting accepts exactly LightingOptions, plus the antialiasing mode (3.2623ms)
✔ debug_lattice_study accepts exactly the fields read by its fixture (0.7901ms)
✔ every debug_* handler has an entry in the accepted-field table (2.1493ms)
✔ the table lists every field its handler reads (2.0691ms)
✔ the table lists no field its handler never reads (2.4483ms)
✔ a misspelled field is refused, and the reply says what the action takes (0.1792ms)
✔ an action with no entry, and an empty payload, are left alone (0.1191ms)
✔ DEBUG registry has unique controls, storage keys and grouped choices (1.7309ms)
✔ DEBUG settings persist and reject invalid stored values (1.2319ms)
✔ trainer fits supported desktop aspect ratios with room for its taskbar (1.1093ms)
✔ dragging cannot strand window controls off screen or under the taskbar (0.2491ms)
✔ default window preserves the approved reference proportions (0.2065ms)
✔ the manifest says its free-tier output may not ship (1.3563ms)
✔ every entry is a request the sound-effects API accepts (1.3241ms)
✔ nothing is generated for a sound the original game has (0.2337ms)
✔ no two entries write the same file (0.1726ms)
✔ every sound in assets/audio is a recorded derivative (derivatives.json) or generated from the manifest (6.2058ms)
✔ every file the manifest writes is committed (4.4382ms)
✔ every downloaded music track records where it came from and a licence that allows the game (0.3713ms)
✔ grunt uses the native nine-frame shot, restarting for each real burst round (1.1006ms)
✔ native shot window includes the full motion and restarts from each replicated round (0.1728ms)
✔ native deaths use reproducible supported full-body fall clips (1.195ms)
✔ native death plays the full source fall before sinking and cleanup (1.375ms)
✔ moving fire and hit reactions never replace pelvis or leg gait tracks (0.292ms)
✔ each ranged enemy has a flash profile while lobbers and melee never emit false bullet tracers (1.2178ms)
✔ spatial radio calls choose their nearby officer or commander, not a grunt or distant voice (0.7743ms)
✔ radio hand blends in and releases without a permanent override (0.7331ms)
✔ slam native contact and recovery fit existing authority timing (0.2672ms)
✔ stun holds recoil before the death fall; pistol sits beyond shield's right edge (0.6895ms)
✔ commander and minigun accelerate, coast and count each authoritative stamp once (0.6269ms)
✔ late snapshots do not fabricate feed/recoil or shots (0.1172ms)
(node:9396) [MODULE_TYPELESS_PACKAGE_JSON] Warning: Module type of file:///D:/work/godmode-roguelite-worktrees/land-livetube-juice-20261007/scripts/environment_modules/module_contract.ts is not specified and it doesn't parse as CommonJS.
Reparsing as ES module because module syntax was detected. This incurs a performance overhead.
To eliminate this warning, add "type": "module" to \\?\D:\work\godmode-roguelite-worktrees\land-livetube-juice-20261007\package.json.
(Use `node --trace-warnings ...` to show where the warning was created)
✔ furniture fronts share the kerb band and leave a full walking lane on narrow footways (1.16ms)
✔ lamp clearance catches bed interiors and rotated planter edges (6.3017ms)
✔ bent branches share closed joint rings and outward terminal caps (2.5194ms)
✔ closure footings follow sloped and stepped paving with a closed buried contact skin (11.7483ms)
✔ closure clearance catches a fence crossing between clear endpoints (0.3061ms)
✔ every park walk uses surveyed top caps, never the terrain underside (4087.4135ms)
✔ roof service ducts close at cabinet ports and flashed penetrations (6.0137ms)
✔ nearby bench and bin approaches overlap instead of leaving a narrow grass strip (0.71ms)
✔ all park and furniture paving joins have a single cap owner (30.4111ms)
✔ waterfront details reach Pier 1 and paving stays on finite ground within C (29.1639ms)
✔ ground fitting joins surveyed triangle seams and rejects unsupported/sloping footprints (1.2853ms)
✔ physical props must exclude nav interior plus the player's capsule clearance (0.2951ms)
✔ graded retaining pads follow each source corner and reject excessive rise or gaps (0.3446ms)
(node:46940) [MODULE_TYPELESS_PACKAGE_JSON] Warning: Module type of file:///D:/work/godmode-roguelite-worktrees/land-livetube-juice-20261007/scripts/environment_modules/module_contract.ts is not specified and it doesn't parse as CommonJS.
Reparsing as ES module because module syntax was detected. This incurs a performance overhead.
To eliminate this warning, add "type": "module" to \\?\D:\work\godmode-roguelite-worktrees\land-livetube-juice-20261007\package.json.
(Use `node --trace-warnings ...` to show where the warning was created)
✔ windowBay: honest bounds, valid facets and GLB round trip (9.8377ms)
✔ cornice: honest bounds, valid facets and GLB round trip (2.3275ms)
✔ parapet: honest bounds, valid facets and GLB round trip (0.9521ms)
✔ stoop: honest bounds, valid facets and GLB round trip (3.1513ms)
✔ doorSurround: honest bounds, valid facets and GLB round trip (1.7826ms)
✔ fireEscape: honest bounds, valid facets and GLB round trip (9.1425ms)
✔ beltCourse: honest bounds, valid facets and GLB round trip (0.6451ms)
✔ storefront: honest bounds, valid facets and GLB round trip (2.4416ms)
✔ facade attaches to solid shells and retains downward stair clearance (2.5032ms)
✔ all facade-family variants fit their honest bounds and have nondegenerate triangles (498.1621ms)
✔ one building keeps one architectural family and its trim tone across independent role picks (22.662ms)
✔ alternating quoin widths terminate flush at the correct corner edge (0.6575ms)
✔ hanging corbels clear a centred window surround in their three-metre bay (0.1727ms)
✔ ground index retains triangle seams across negative-coordinate cell boundaries without duplication (1.9583ms)
✔ sidewalk interiors cancel and long boundary edges split into supported gutter spans (0.8079ms)
✔ gutter requires opposite sidewalk and asphalt support, rejecting roof-height and ambiguous fits (1.4002ms)
✔ localized wear clips to exact nonplanar source faces and never bridges missing ground (5.0307ms)
(node:45512) [MODULE_TYPELESS_PACKAGE_JSON] Warning: Module type of file:///D:/work/godmode-roguelite-worktrees/land-livetube-juice-20261007/scripts/environment_modules/module_contract.ts is not specified and it doesn't parse as CommonJS.
Reparsing as ES module because module syntax was detected. This incurs a performance overhead.
To eliminate this warning, add "type": "module" to \\?\D:\work\godmode-roguelite-worktrees\land-livetube-juice-20261007\package.json.
(Use `node --trace-warnings ...` to show where the warning was created)
✔ facade: committed geometry and metadata reproduce from the engine-free builders (40.932ms)
✔ roof: committed geometry and metadata reproduce from the engine-free builders (18.6533ms)
✔ street: committed geometry and metadata reproduce from the engine-free builders (14.8745ms)
✔ textured module bounds are validated after their native mesh transform (1.8701ms)
✔ every module in the library keeps the contract, and every role has at least one (503.8894ms)
✔ every placed role resolves to real faceted geometry rather than a stand-in (1.3534ms)
✔ garden and yard completion fits the existing placement envelopes without tolerance slack (3.4533ms)
✔ the contract catches geometry outside the footprint, unknown slots and bad ids (0.5188ms)
✔ boxes face outward: every face normal points away from the box centre (0.2226ms)
✔ real modules replace stand-ins for their role, and picks are stable (0.6167ms)
✔ window bays fill every storey about every three metres, face out of the wall, and leave the door clear (6.716ms)
✔ a street front without an inferred entrance gets one front door, lifted onto a stoop (1.7461ms)
✔ large roofs carry sparse varied individual installations with generous clear space (362.5359ms)
✔ window dressing varies sparsely by bay while sash and trim stay coherent per building (8.9715ms)
✔ a door at street level too tight for a stoop gets one raised entry step and a canopy (1.6002ms)
✔ a wall with a neighbour close in front stays blank below the neighbour's roof (0.9533ms)
✔ the committed attach surfaces match the map chunks they were extracted from (2871.0772ms)
✔ the navigation bake cut out exactly the parked cars the rules place, so a rule change forces a rebake (461.0207ms)
✔ the arena's placements stay out of buildings, door paths and each other, and sit on the ground (16204.0181ms)
✔ no enemy spawn point stands inside a hedge, stoop, shed, tree trunk or any other visual prop (17174.2409ms)
✔ supply crates rest on the nearest prop-clear spawn point, on its floor, or nowhere when none is near (0.3975ms)
✔ a building's cornice, belt course and door surround come from one style family (12.6827ms)
✔ on a sloping street the storeys carry down to the pavement instead of leaving the low end blank (3.1798ms)
✔ picture-frame windows stay on rowhouse-scale buildings (11.9556ms)
✔ player-eye review cameras stand 1.7 metres above actual surveyed waterfront ground triangles (21.3941ms)
(node:51672) [MODULE_TYPELESS_PACKAGE_JSON] Warning: Module type of file:///D:/work/godmode-roguelite-worktrees/land-livetube-juice-20261007/scripts/environment_modules/module_contract.ts is not specified and it doesn't parse as CommonJS.
Reparsing as ES module because module syntax was detected. This incurs a performance overhead.
To eliminate this warning, add "type": "module" to \\?\D:\work\godmode-roguelite-worktrees\land-livetube-juice-20261007\package.json.
(Use `node --trace-warnings ...` to show where the warning was created)
✔ all three basic HVAC sizes share the approved flat model and fit their retained envelopes (140.1175ms)
✔ acSmall: facets, support and measured bounds (27.8627ms)
✔ acMedium: facets, support and measured bounds (13.0166ms)
✔ acLarge: facets, support and measured bounds (14.8054ms)
✔ ductRun: facets, support and measured bounds (3.1092ms)
✔ ductElbow: facets, support and measured bounds (1.893ms)
✔ roofVent: facets, support and measured bounds (13.0505ms)
✔ roofHatch: facets, support and measured bounds (5.726ms)
✔ waterTank: facets, support and measured bounds (12.348ms)
✔ : facets, support and measured bounds (231.6698ms)
✔ : facets, support and measured bounds (91.1833ms)
✔ : facets, support and measured bounds (42.1062ms)
✔ : facets, support and measured bounds (99.495ms)
✔ duct ports share width and elevation and elbow turns through 90 degrees (1.0281ms)
(node:49524) [MODULE_TYPELESS_PACKAGE_JSON] Warning: Module type of file:///D:/work/godmode-roguelite-worktrees/land-livetube-juice-20261007/scripts/environment_modules/module_contract.ts is not specified and it doesn't parse as CommonJS.
Reparsing as ES module because module syntax was detected. This incurs a performance overhead.
To eliminate this warning, add "type": "module" to \\?\D:\work\godmode-roguelite-worktrees\land-livetube-juice-20261007\package.json.
(Use `node --trace-warnings ...` to show where the warning was created)
✔ lampPost: complete footprint and nondegenerate facets (9.8951ms)
✔ roundTree: complete footprint and nondegenerate facets (2.5399ms)
✔ columnTree: complete footprint and nondegenerate facets (1.9494ms)
✔ planter: complete footprint and nondegenerate facets (4.0321ms)
✔ bin: complete footprint and nondegenerate facets (3.4325ms)
✔ utilityBox: complete footprint and nondegenerate facets (26.886ms)
✔ bench: complete footprint and nondegenerate facets (3.8929ms)
✔ crosswalkStripe: complete footprint and nondegenerate facets (0.3839ms)
✔ manhole: complete footprint and nondegenerate facets (1.7031ms)
✔ drainGrate: complete footprint and nondegenerate facets (2.6291ms)
✔ hedge: complete footprint and nondegenerate facets (0.9618ms)
✔ curbBollard: complete footprint and nondegenerate facets (1.507ms)
✔ street orientation and scale include lamp arm, crown and stripe long axis (0.4239ms)
✔ Godot's export filters are globs over whole paths, not directory rules (1.6771ms)
✔ every export preset excludes the runtime inspection bridge (1.3075ms)
✔ every export preset excludes all of tools/ and tests/ (191.8912ms)
✔ tools/ is hidden from the exporter a second time, by its own .gdignore (0.2961ms)
✔ no export preset excludes the game's own resources (2.2289ms)
✔ every raw .glb.bin model is packaged (52.9344ms)
✔ the export leaves out the parts of the maps only the tools read (0.48ms)
✔ the pack's byte scan finds a literal that straddles a chunk boundary (30.9227ms)
✔ the pack reader skips an embedded pack's alignment padding, and nothing more (27.8444ms)
✔ approved assaultRifle ships its textured source and a sight picture on its own sights (248.2794ms)
✔ approved pistol ships its textured source and a sight picture on its own sights (344.7805ms)
✔ approved shotgun ships its textured source and a sight picture on its own sights (1699.5158ms)
✔ approved sniperRifle ships its textured source and a sight picture on its own sights (351.8095ms)
✔ each gun's sight sockets sit on the sight features place-weapon-sights.mjs measures on its mesh (2222.1795ms)
✔ FX ages hold through pause and resume with their remaining life (0.6364ms)
✔ widthAt reads the solid's x-extent where a line crosses it and misses elsewhere (2.1322ms)
✔ gripColumn puts the palm on the column's right face under the receiver, not on the receiver or the guard (15.775ms)
✔ gripColumn finds nothing on a bare receiver (0.7258ms)
✔ designed facets exactly cover the surveyed triangle on its own plane (15.8319ms)
✔ facets are lattice-sized, not survey-sized, and vary in tone and normal (5.8951ms)
✔ one world lattice: a facet split by a survey edge keeps one tone on both sides (71.8893ms)
✔ blood coverage runs from clear at full health to complete at death (1.9159ms)
✔ the coverage curve turns at the rules' own instant-recovery threshold (0.8821ms)
✔ out-of-range health is treated as unhurt rather than drawn wrong (0.1513ms)
✔ every audible channel is driven by the coverage actually drawn (0.1414ms)
✔ the wash arrives far faster than it clears (0.6868ms)
✔ a zero or negative frame moves the wash nowhere (0.0875ms)
✔ a channel below the silence floor is not played at all (0.2537ms)
✔ the heartbeat phase stays continuous when the rate changes (0.2933ms)
✔ one beat is one kick and a decay (1.2532ms)
✔ tip gains count up and further gains continue from the displayed amount (1.0104ms)
✔ first display, losses and a new stream show their current tip total immediately (0.149ms)
✔ a kill survives the next target's hits, while new kills retrigger and expiry releases it (0.1389ms)
✔ confirmation pulses settle before fading, including extended fixture holds (0.7317ms)
✔ plate breaks survive following hits but yield to kills, and expire normally (0.1562ms)
✔ audience growth pulses once, settles, and throttles continuous gains (0.23ms)
✔ audience losses and hidden-stream resets do not celebrate gains (0.1601ms)
✔ the respawn countdown rounds up to whole seconds and never goes negative (0.1079ms)
✔ HUD families keep their requested screen corners (0.3555ms)
✔ HUD stays in safe bounds at 1280x720 (3.5004ms)
✔ HUD stays in safe bounds at 3440x1440 (0.2686ms)
✔ HUD stays in safe bounds at 1100x735 (0.2189ms)
✔ HUD stays in safe bounds at 1024x768 (0.1627ms)
✔ HUD stays in safe bounds at 800x600 (0.1644ms)
✔ HUD stays in safe bounds at 600x600 (0.1534ms)
✔ HUD stays in safe bounds at 640x360 (0.1258ms)
✔ HUD stays in safe bounds at 390x844 (0.1347ms)
✔ HUD stays in safe bounds at 320x320 (0.149ms)
✔ HUD stays in safe bounds at 280x180 (0.0801ms)
✔ the frame-rate readout states both the rate and what a frame cost (0.1579ms)
✔ the frame-rate readout takes the top-left corner and the radar moves down for it (0.085ms)
✔ the hit marker is centred on the crosshair, whatever it is confirming (0.4416ms)
✔ the hit marker gets heavier as the shot is worth more, and never depends on the viewport (0.1325ms)
✔ every shipped camera-arm asset uses the native Infima skeleton (485.5807ms)
✔ the selected rifle runtime prop contains the complete body and no trimmed ADS child (78.3664ms)
✔ pistol: magazine walls and hidden follower enclose volume without capping the feed slot (3.6265ms)
✔ pistol: solid loaded rounds share the magazine mesh and survive repeated imports (12.43ms)
✔ pistol: importing a #989 solid magazine removes its mouth cap (9.7456ms)
✔ pistol: restore the exact tagged v0.28 gun (7.2602ms)
✔ pistol: fire has moving parts and no second whole-assembly recoil (17.8359ms)
✔ assault-rifle: magazine walls and hidden follower enclose volume without capping the feed slot (85.4996ms)
✔ assault-rifle: solid loaded rounds share the magazine mesh and survive repeated imports (7.9793ms)
✔ assault-rifle: importing a #989 solid magazine removes its mouth cap (5.9296ms)
✔ assault-rifle: restore the exact tagged v0.28 gun (4.0161ms)
✔ assault-rifle: fire has moving parts and no second whole-assembly recoil (13.1871ms)
✔ an injection is installed while it holds, until it is first sampled, and inside its window (1.0699ms)
✔ only the fields a payload actually asks for count, in the handler's own terms (0.7026ms)
✔ every refused field is a debug_key_input field (0.181ms)
✔ client_loop.ts still overwrites every intent field those taps feed (1.0331ms)
✔ the refusal names what would be dropped and how to send it instead (0.3269ms)
✔ every killstreak has an imported RGBA icon and its receipt: a generated source, or the script that drew it (243.909ms)
✔ native slash reaches its crossing at the authoritative 150ms contact and finishes at 600ms (2.1614ms)
✔ gun resumes its exact original pose after the slash (0.141ms)
✔ a flash takes the first dark light (0.641ms)
✔ with every light lit, the one lit longest ago is stolen (0.1812ms)
✔ a flash starts at full energy, fades, and is dark at its end (0.1088ms)
✔ a file is published under its own digest, so every bake keeps its own asset (1.4453ms)
✔ a bake record must name both the atlas and its import sidecar (1.3019ms)
✔ the cache is per machine, and can be pointed elsewhere (0.7997ms)
✔ every atlas the tool restores is one git ignores, and its committed record names it (6.5488ms)
✔ every ignored lightmap atlas is restored or says why not, so a new bake cannot stay local by accident (104.1197ms)
✔ an explicit LIGHTMAP_BAKER_PATH always wins, and nothing is guessed (1.1857ms)
✔ an explicit path that does not exist still fails, rather than falling back (0.4616ms)
✔ unset on Windows, the proven console build is used, checked, and named out loud (0.258ms)
✔ the default is refused if it is not the official 4.6.1 build (0.2177ms)
✔ the windowed build is never a default: it has not been proven through a real bake (0.2313ms)
✔ unset anywhere but Windows fails loudly, as before (0.2598ms)
✔ death, restart, menu, game quit and window close all bank the run (205.4447ms)
✔ approved grunt firing retains nine real Mixamo samples and native recoil (99.2116ms)
✔ enemy-rifle: native skin, PBR images and shared motion catalog remain usable (50.4461ms)
✔ enemy-smg: native skin, PBR images and shared motion catalog remain usable (105.8092ms)
✔ enemy-shotgun: native skin, PBR images and shared motion catalog remain usable (123.4856ms)
✔ enemy-grenadier: native skin, PBR images and shared motion catalog remain usable (37.2804ms)
✔ enemy-rpg: native skin, PBR images and shared motion catalog remain usable (45.7219ms)
✔ enemy-marksman: native skin, PBR images and shared motion catalog remain usable (50.3537ms)
✔ enemy-medic: native skin, PBR images and shared motion catalog remain usable (38.6346ms)
✔ enemy-shield: native skin, PBR images and shared motion catalog remain usable (37.752ms)
✔ enemy-heavy: native skin, PBR images and shared motion catalog remain usable (124.5462ms)
✔ enemy-minigun: native skin, PBR images and shared motion catalog remain usable (32.5964ms)
✔ enemy-officer: native skin, PBR images and shared motion catalog remain usable (58.9315ms)
✔ enemy-commander: native skin, PBR images and shared motion catalog remain usable (234.1245ms)
✔ enemy-pistol: native skin, PBR images and shared motion catalog remain usable (39.2062ms)
✔ enemy-cloaker: native skin, PBR images and shared motion catalog remain usable (45.349ms)
✔ assault: the raw-art index retains the Mixamo downloads the character was built from (3.7414ms)
✔ breach: the raw-art index retains the Mixamo downloads the character was built from (2.199ms)
✔ marksman: the raw-art index retains the Mixamo downloads the character was built from (1.6345ms)
✔ daemon: the raw-art index retains the Mixamo downloads the character was built from (3.18ms)
✔ assault: Mixamo migration preserves the body and binds every vertex (127.794ms)
✔ breach: Mixamo migration preserves the body and binds every vertex (512.2366ms)
✔ marksman: Mixamo migration preserves the body and binds every vertex (311.2242ms)
✔ daemon: Mixamo migration preserves the body and binds every vertex (134.7304ms)
✔ daemon: each shoe has its own skin influences and triangles (90.9917ms)
✔ fracture rigs fit the opaque packed-PBR replacement contract (126.7089ms)
✔ the planted foot measures the stride every clip's recorded source travel does (219.2922ms)
✔ every rig's own walk is drawn for the stride it measures, including one that kept its travel (32.1891ms)
✔ model showcase catalogs gameplay states that resolve on each native rig (4202.9009ms)
✔ model-specific clips leave unrelated showcase rigs in idle (0.4485ms)
✔ model showcase includes all six player death clips (240.9506ms)
✔ a pool keeps spares up to its cap and frees the rest (0.6038ms)
✔ the readout says what the pool is for: built against reused (0.6715ms)
✔ Pier 1 promenade covers its inshore centreline and closes outer paving edges (121.2275ms)
✔ the reference corner's footways sit at kerb-cap height and the rest a little proud of the road (0.2093ms)
✔ a footway triangle is one flat face on its surveyed grade: no slabs, joints, bevels or tone (0.797ms)
✔ a new life clears what the life owned and keeps what the connection owns (1.2274ms)
✔ reading a player never creates a record; writing does, and a disconnect removes it (0.2589ms)
✔ the arena's inputs are the same list, hashed the same, every time (2274.2ms)
✔ fingerprint depends on content and paths, not ordering or file timestamps (11.0992ms)
✔ machine cache defaults outside the checkout and accepts an override (0.3547ms)
✔ the fingerprint lock serializes worktrees and reclaims an abandoned holder (98.2506ms)
✔ cache publishes verified outputs and restores a worktree receipt (34.7084ms)
✔ a file whose size and time match its stamp keeps its recorded hash; any other is read again (2.6604ms)
✔ the receipt is current exactly when every input and output hash matches (0.403ms)
✔ a receipt written for the tree as it is matches the tree's own inputs (1294.7176ms)
✔ PR gates never ensure an arena; release export does (0.6154ms)
✔ development reuses a stale cached arena without generating (16.3828ms)
✔ a reload holds through a long pause and resumes with only unpaused time (2.8574ms)
✔ native animation, particles and world sound restore their original states after pause or teardown (1.6827ms)
✔ the log directory sits beside the file it is placed by, wherever that file is (0.9423ms)
✔ each boot gets its own file, named for its role and in UTC so the names sort in run order (0.2447ms)
✔ a line carries both clocks, and a message's own newline is not doubled (1.6353ms)
✔ a message spanning lines keeps its later lines indented under the entry (0.212ms)
✔ an exported client logs beside its executable, and an editor client only beside a settings file it was given (0.123ms)
✔ each boot deletes the oldest log files of its own role so that a fixed number remain, and leaves other files alone (2.4613ms)
✔ a console line reads the way GodotJS prints it, at the level of the method that wrote it (0.4921ms)
✔ no script registers an engine logger (789.566ms)
✔ an exported client falls back to the user data directory when it cannot write beside the executable (0.4859ms)
✔ a heartbeat line says where the run is and how the process is doing (0.3831ms)
✔ a repeating error is written once, then once per window with a count of the ones held back (0.2273ms)
✔ the smoke-test termination ladder matches the CLI's for this platform (3.3957ms)
✔ the Windows ladder ends the whole tree, unforced before forced (0.2163ms)
✔ approved packs retain separate readable signal geometry within budget (5.378ms)
✔ minigun housing remains separate from the centered -Z barrel pivot (1.7908ms)
✔ production dog retains a finite quadruped skin, 12k triangles and animated attack phases (15.8057ms)
✔ production supply crate preserves independently blinkable beacon geometry (2.4075ms)
✔ smg has embedded runtime textures and the camera-safe mesh contract (39.6418ms)
✔ dmr has embedded runtime textures and the camera-safe mesh contract (25.7872ms)
✔ grenade-launcher has embedded runtime textures and the camera-safe mesh contract (23.4767ms)
✔ waterfront park walks retain trunk and furniture clearance (1.2847ms)
✔ waterfront planting stays clear of park walk approaches (0.2885ms)
✔ the driver line is read out of a real boot log, teardown noise and CRLF included (1.9072ms)
✔ a Vulkan boot reports Vulkan, so a fallback cannot read as the requested driver (0.2071ms)
✔ a log with no driver line reports nothing rather than guessing (0.1001ms)
✔ the project's pinned Windows driver is read with the name the engine prints for it (0.1813ms)
✔ an unpinned or unmapped driver is reported as such, not as a driver (0.1056ms)
✔ a setting is read from its own section, not from anywhere in the file (0.2694ms)
✔ project.godot still carries the rendering settings an engine save can drop (0.1358ms)
✔ a soup of rotated, non-uniformly scaled copies is recovered copy by copy, in order (2.5926ms)
✔ any vertex that is not a copy refuses the whole match rather than moving it (0.2906ms)
✔ normals are matched as append_from writes them: the basis times the base normal, normalised (0.8654ms)
✔ expanding the recovered copies gives back the soup (0.9699ms)
(node:13328) [MODULE_TYPELESS_PACKAGE_JSON] Warning: Module type of file:///D:/work/godmode-roguelite-worktrees/land-livetube-juice-20261007/scripts/client/environment_study_regions.ts is not specified and it doesn't parse as CommonJS.
Reparsing as ES module because module syntax was detected. This incurs a performance overhead.
To eliminate this warning, add "type": "module" to \\?\D:\work\godmode-roguelite-worktrees\land-livetube-juice-20261007\package.json.
(Use `node --trace-warnings ...` to show where the warning was created)
✔ source-keyed emission preserves physical envelopes and phantom hardware details (233.4372ms)
✔ capped exhaust joins the actual housing-side port and bears on its own roof (4.6529ms)
✔ occupied surfaces detect true crossing and reject coplanar disjoint pieces (0.5016ms)
✔ declared service strip stays outside every physical part (3.7441ms)
✔ closed miter elbows share oriented edges without open ends (0.5982ms)
✔ connector endpoints are cabinet side planes, inside housing heights (3.5118ms)
✔ stepped roof fits every separate foot and avoids transverse joint (3.5787ms)
✔ full rotated cap footprint is transformed, not nominal cabinet rectangle (6.0957ms)
✔ unsupported expanded footprint rejects an apparently supported cabinet centre (3.8432ms)
✔ frontage door ancestry is separate from hero roof ownership (80.9068ms)
✔ pnpm test runs the runner, and test:unit is the whole unit directory in one pass (0.9561ms)
✔ every test:* script is a step, folded into test:unit, or excluded with a reason (0.8187ms)
✔ the three gates are the ones whose failure makes the rest meaningless (0.275ms)
✔ PR gates never run the expensive map freshness check (0.1137ms)
✔ a run that stopped early can never be mistaken for one that finished (0.5191ms)
✔ the queue is FIFO, and a lane that died is not in it (0.4203ms)
✔ a waiting lane says what it is waiting for, so a stall is not mistaken for a hang (0.1525ms)
✔ two lanes cannot run a locked step at the same time, and the second one waits (1711.1398ms)
✔ GAME_RPC_NAMES is exactly the @rpc methods declared on Game (4.6299ms)
✔ server RPCs require the appropriate admission phase (4.152ms)
✔ streak debug picks share the simulation clock after slow motion resumes (13.3872ms)
✔ every refusal kind the dispatcher sends is one godot-cli knows (0.6344ms)
✔ the refusals the in-repo pollers wait on are marked notReady, and a misspelt field is invalid (1.9076ms)
✔ a well-formed placement outside the loaded map is a decline, not an invalid request (1.007ms)
✔ 20 Hz NPC steps travel as far as 60 Hz physics without compounding speed (1.7967ms)
✔ a scheduled sweep keeps the wall's resolved velocity and cannot step through it (0.1498ms)
✔ a building's shops share one style and trim tone; only the door bays differ (1.8965ms)
✔ display and door glazing paint shop glass with a lit room; window bays paint home glass (15.2643ms)
✔ the bridge dressing's tower centres are the surveyed ones (17.1238ms)
✔ the shop awning faces up, out and to the sides, so back-face culling keeps it visible from the street (0.4939ms)
✔ every replicated field is covered by the fixture (2.2701ms)
✔ the wire layout is pinned per format version, so a changed layout cannot keep its number (0.6763ms)
✔ a dictionary change the field list cannot see still changes the layout (#593) (0.4428ms)
✔ the layout covers every lookup table and quantisation the codec reads through (0.644ms)
✔ the wire field order is pinned, so a reorder cannot pass unversioned (0.1566ms)
✔ a self-contained snapshot round trips (2.8678ms)
✔ mantle paths arrive in deltas and late-join keyframes and clear on completion (2.318ms)
✔ corpse FIFO additions and removals survive delta packets and late-join keyframes (2.4127ms)
✔ a delta against an identical baseline is a handful of bytes (0.7392ms)
✔ a moving lobby's delta fits inside one ENet fragment (0.7212ms)
✔ a self-contained eight-player snapshot stays within two fragments (0.3972ms)
✔ an unchanged field is carried over from the baseline rather than re-sent (0.8312ms)
✔ a player joining or leaving re-keys the roster without disturbing the others (0.7949ms)
✔ a System Admin arriving mid-match is encoded against a baseline that had none (0.454ms)
✔ a string outside a dictionary still round trips, as a literal (0.3432ms)
✔ a truncated packet is refused rather than half-decoded (1.0923ms)
✔ packets from older layouts and unknown versions are refused (0.5409ms)
✔ a delta read against the wrong baseline is refused rather than trusted (0.2515ms)
✔ a delta claiming a baseline roster the receiver does not have is refused (0.2718ms)
✔ random bit flips are refused or decoded, never silently mixed up (31.0833ms)
✔ sequence comparison survives the wrap at 65536 (0.1859ms)
✔ publisher and receiver converge on deltas and stay there (3.9961ms)
✔ a client that stops acknowledging is put back on full snapshots and recovers (0.8965ms)
✔ a receiver that misses a packet keeps naming what it still holds (0.3878ms)
✔ a superseded packet arriving late is dropped rather than rewinding the world (0.3263ms)
✔ every peer gets its own baseline, and identical baselines are encoded once (0.4296ms)
✔ a disconnected peer's acknowledgement is forgotten before its id is reused (0.3012ms)
✔ a receiver reset drops the match it was in (0.647ms)
✔ an acknowledgement for a snapshot the server never sent is ignored (0.2133ms)
✔ the same packet arriving twice is applied once (0.2141ms)
✔ a yaw outside [-pi, pi] wraps rather than clamping (0.3286ms)
✔ a fabricated negative acknowledgement cannot wedge a peer out of deltas (0.1911ms)
✔ the accepted full-snapshot receipt survives deltas and rejected packets, then resets (0.4395ms)
✔ Brooklyn positions beyond the old 512 m range survive full and delta snapshots (0.6964ms)
✔ all preloaded city enemies survive keyframes and removals beyond the old 256-body cap (9.2353ms)
✔ a steady walk is drawn at a steady speed, with no stall frames (2.4687ms)
✔ bodies are drawn about the interpolation delay behind the newest snapshot (0.5586ms)
✔ the render clock jumps to a first snapshot and never runs past the newest (0.2031ms)
✔ a track holds its ends, interpolates between, and restarts on a teleport (1.3462ms)
✔ every snapshot a client accepts under loss is the world the server recorded (57.5725ms)
✔ snapshots are lost at the link's rate, not a multiple of it (25.3436ms)
✔ a total outage longer than the history is recovered from, without intervention (3.8632ms)
✔ duplicated and delayed packets never rewind the world (19.5944ms)
✔ a packet that arrives after a newer one is dropped, not applied (12.1153ms)
✔ a client whose acknowledgements are lost still gets a usable stream (20.4985ms)
✔ the same seed reproduces the same run (22.5631ms)
✔ every humanoid kind is drawn as a player gun the stance solver can hold (0.9052ms)
✔ the off-hand goes on every gun but the SHIELD's pistol (0.2008ms)
✔ only the HEAVY's LMG is drawn bigger (0.1602ms)
✔ the gun points along the line from the shoulder to the target (0.2022ms)
✔ with nobody to shoot it carries the gun at a low ready (0.0881ms)
✔ a round kicks the muzzle up and it settles back (0.1378ms)
✔ a long gun blades the chest toward the off-side and sits back into the shoulder, within what reads as a stance (0.2124ms)
✔ startup phases partition the launch without counting nested resource spans twice (1.4814ms)
✔ an old readiness marker never counts as a presented gameplay frame (0.1493ms)
✔ phone retains its screen texture and assigns the material only when the feed changes (6.8621ms)
✔ prototype phone holds the ride feed, returns from its held pose, and keeps RC-XD a call-in (3.0799ms)
✔ phone shake rotates the rigid assembly and suppression clears it (0.8316ms)
✔ standard remote returns from close while direct-fade aircraft never raise a tablet (2.7459ms)
✔ prototype server keeps the exposed body in-world; bail releases it immediately and stops cover (14.1901ms)
✔ prototype timeout releases the body at seven seconds; console loadouts preserve the flow (2.09ms)
✔ cover chooses nearest visible threat, respects cadence and damages at reduced gun power (2.0131ms)
✔ prototype map strike waits for click after phone tap; RC-XD is a call-in without a ride (1.5474ms)
✔ an existing trainer hint stays out of the tablet and ride viewing area (1.4571ms)
✔ tablet controller hands native gun playback through entry, put-away and remote return (1.2487ms)
✔ gunner activation cancels a preceding tablet outro through ride, exit and restored gun (1.4836ms)
✔ exit cancels stale tablet independently of observing ride entry (0.7144ms)
✔ tablet call-ins still raise, tap once and finish; ride entry does not cancel LAUNCH (7.3228ms)
✔ Predator's tablet is cleared for control, exit and the restored gun (0.7228ms)
✔ every ride holds its exact activation position through the exit fade, without changing weapon or ammo (1.8732ms)
✔ remote ride returns through the close-held tablet and keeps the gun blocked until lowered (1.528ms)
✔ gunners never restore a tablet; death cancels a remote return (0.9129ms)
✔ prototype feed holds the native approach and returns from the matching partial-close pose (3.6308ms)
✔ prototype RC-XD keeps its call-in pose and suppression clears phone hit feedback (1.0224ms)
✔ slow close-device preparation does not consume the return reveal (1.637ms)
✔ tablet remains close through the black handoff hold before revealing (0.6883ms)
✔ completed strike awards wait for the phone and stay off its close return (12.2052ms)
✔ prototype exit returns the PiP phone immediately; standard exit prepares its black hold (11.6159ms)
✔ default prototype has no Auto Cover and body stays wherever movement put it (2.556ms)
✔ two-click targeting and reset are shared by current and prototype flows (7.3745ms)
✔ prototype released phone restores the actual player gun; normal rides still hide it (2.8998ms)
✔ a missing phone-feed camera cannot leave thermal/static over the body view (1.4227ms)
✔ paint and parking use the same setback at branching junctions (1.2488ms)
✔ parking reserves the full crossing width and an approach beyond the car centre (0.2344ms)
✔ angled vehicle corners and angled crossings share the same clearance (0.9634ms)
✔ fitting follows rotated slopes and refuses missing paving, steps and narrow routes (1.1818ms)
✔ every committed base follows actual source paving, and every kind reaches the waterfront (1577.7539ms)
✔ dressing is batched by cell; shrubs share four shapes with correct numeric transforms (22.7079ms)
✔ new furnishing footprints do not overlap one another or closure lanes (4.3007ms)
✔ navigation receipt matches all solid props and no enemy origin overlaps them (17.7004ms)
✔ a stacked vegetation pass cannot leave a pit after removing its tree (0.4768ms)
✔ street rules reject internal plaza kerbs, frontage pinch points and crowded bike racks (3.2824ms)
✔ every added street prop has a two-metre paved corridor clear of actual frontage and final props (17136.5511ms)
✔ street planter clusters vary between beds while retaining structure, cells and shape budget (5.1456ms)
✔ paint clips to each actual sloping road plane and refuses a hole (7.8741ms)
✔ lane centre measures the road instead of following a kerb-hugging routing point (2.8988ms)
✔ crossing geometry remains inside #893 vehicle reservation and lines clear its approach (2.2811ms)
✔ kerb facets face outward, preserve grade and omit dropped ramps (0.5891ms)
✔ asphalt tones are broad flat facets, with grade normals and no geometric seams (2.1946ms)
✔ beveled box keeps the exact envelope and outward nondegenerate faces (1.3988ms)
✔ furniture keeps every original placement field and fits its existing envelope (448.4952ms)
✔ approved street props retain normal and albedo maps, UVs and matching provenance (113.4879ms)
✔ every hydrant family draws the approved model at its recorded fit, with no facets (33.4068ms)
✔ native export carries actual sky and spatial material overrides, excluding commented declarations (3.0894ms)
✔ large shared batches sample the actual world field on both sides and through its transition (0.253ms)
✔ source_color conversion precedes mixing and linear vertex intensity multiplies afterward (0.1423ms)
✔ bake shader retains the actual source fragment, uniforms and vertex attributes (0.8983ms)
✔ release rejects fresh pilot, unknown, duplicate and incomplete region coverage (0.7471ms)
✔ absent development output differs from orphaned imported/baked files (16.2438ms)
✔ a lone atlas or atlas/data pair cannot bypass the source and binding manifest (11.4175ms)
✔ each approved study has static receivers and unique street probe positions (7.7644ms)
✔ crossing batches are exported wholly while unsupported out-of-volume probe meshes fall back (0.1697ms)
✔ an audit crop replaces the study regions for the bake set and parses strictly (0.6229ms)
✔ near misses cool down per direction and across the whole view (0.7226ms)
✔ direction sectors wrap at the rear and the flash leaves the centre clear quickly (0.149ms)
✔ every surface family the server can report has a debris profile (1.3323ms)
✔ every profile describes a burst that can actually be drawn (0.3119ms)
✔ a drag coefficient can never reverse a piece within one frame (0.1147ms)
✔ sparks are struck metal and nothing else (0.0928ms)
✔ glass is the only debris that lights up rather than being lit (0.093ms)
✔ light debris flutters and heavy debris drops (0.1ms)
✔ the surfaces that powder raise dust and the ones that shatter do not (0.0955ms)
✔ concrete throws the widest cloud, because it has to read from across the arena (0.0838ms)
✔ every weapon category scales a burst, and a shotgun pellet is worth less than a rifle round (0.1843ms)
✔ a scaled burst always throws something, and only where the profile does (0.3503ms)
✔ each debris shape is cut to a silhouette the others are not (0.2333ms)
✔ shop displays leave every entrance empty across display and trim variants (0.5689ms)
✔ physical display bays enclose goods behind glass without growing the storefront footprint (475.415ms)
✔ uniform prop fitting grounds the base and keeps every bound inside the display envelope (0.2832ms)
✔ native planter keeps grounded leafy shrubs beside its separate structural model (67.2156ms)
✔ semantic limb and legacy finger references resolve to native imported joint names (2.1567ms)
✔ human and bot world bodies use the same directional and reload animations (0.3857ms)
✔ animation transitions remain multi-frame under load (0.1572ms)
Navigation query removed 25643088 fitted coordinate values from 2557 placements
✔ numeric mesh upload preserves outward normals and reverses only Godot face winding (1.5174ms)
✔ bulk instance transforms preserve yaw, arbitrary surface tilt and independent shrub scales (0.4234ms)
✔ ground batch merging preserves fitted surfaces in world space without another ground fit (0.192ms)
✔ authored crowns reuse six meshes regardless of exact clearance width and keep roots grounded (5.9698ms)
✔ navigation footprint queries retain no fitted facets and exactly match presentation placements (33786.2586ms)
✔ tree tone and lean are uploaded in a bounded numeric buffer without moving roots (0.6165ms)
✔ detached furniture plots use pale paving while real tree and garden beds retain soil (163.3725ms)
✔ landscaping excludes every actual cordon, separates tree crowns, and preserves closure pieces (49.0165ms)
✔ planter coping follows a slope and a terrain seam across its entire footprint; unsupported footprints fail (3.4881ms)
✔ furniture paving reaches a real path, follows grade, and tree beds have no repeated shrub islands (5.8437ms)
✔ every registered vegetation module uses one flat leafy family within its actual footprint (690.146ms)
✔ family meshes are deterministic, manifold lobes with outward faces and several crown clusters (63.0038ms)
✔ tree size family preserves placement ids, crown widths and grounded roots (5.4821ms)
✔ six crown silhouettes stay inside existing clearance envelopes after lean and scale (98.9798ms)
✔ clustered foliage preserves plant count and keeps every fitted shrub inside the original bed (0.7711ms)
✔ authored shrub clusters resample sloping soil without changing the source or boundaries (2.0055ms)
✔ vegetation is independently planted without tree pedestals or furniture-attached beds (0.8315ms)
✔ shrub foliage preserves bench approaches and exposed tree roots (0.2057ms)
✔ placement paint survives reordering and gives a weighted city mix (17.2485ms)
✔ paint custom data preserves each transform and tree colour buffer (1.1344ms)
✔ sprint-out sights wait for the exact authoritative ready deadline (1.2023ms)
✔ tablet gun handoffs enter from below with a monotonic, reversible assembly move (1.5602ms)
✔ tablet handoffs sample continuous native holster and draw, with no draw during remote entry (0.9741ms)
✔ draw and reload cannot be overridden by recoil or an aim request (0.2223ms)
✔ live hip and ADS playback never adds a baked fire kick to procedural recoil (0.259ms)
✔ sprint entry can be sampled backwards on release, and aiming takes over (0.1178ms)
✔ sprint uses the authored hold while the shared v0.28 sway supplies the run cycle (0.106ms)
✔ native shot clips drive parts while reload and draw retain priority (0.1071ms)
...........
----------------------------------------------------------------------
Ran 11 tests in 0.007s

OK
✔ build selects one weapon; import accepts multiple files and --from before or after paths (1.9399ms)
✔ partial imports plan only present weapons and never copy the other weapon's files (0.5296ms)
✔ tablet build and partial import keep weapon edits isolated (0.158ms)
✔ tablet retains native weighted hands, all baked frames and the editable prop seat (70.0419ms)
✔ local pose deltas reconstruct edits, carry each frame, preserve manual edits and protect reload motion (169.3723ms)
✔ pistol: saved Actions retain all clips, finite samples and independent prop tracks (371.6823ms)
✔ pistol: reject a lost magazine track before updating game files (6.7477ms)
✔ pistol: reject mismatched frame duration and native bone roster (10.4993ms)
✔ assault-rifle: saved Actions retain all clips, finite samples and independent prop tracks (244.8011ms)
✔ assault-rifle: reject a lost magazine track before updating game files (6.3831ms)
✔ assault-rifle: reject mismatched frame duration and native bone roster (12.6205ms)
✔ all sixteen treatments retain closure panels and C13's two legs (1.9683ms)
✔ approved dimensions stay at native metres and all poses have source-fitted ground (2.5575ms)
✔ shoreline model variety is stable, reaches every prepared shape and excludes unavailable outputs (1.7957ms)
✔ native shoreline fitting preserves the old clearance envelope and puts the lowest point at its root (0.2861ms)
✔ constructed piers keep every source cap while replacing full-height concrete walls with thin fascia (12.6739ms)
✔ timber has flat cut caps and separate real bindings rather than an angled obelisk crown (0.4138ms)
✔ angular armour alternatives remain inside the approved rock clearance envelope (1.1206ms)
✔ landing structure keeps its supported cross-braced access and bindings while model fenders replace cylinder facets (5.8478ms)
✔ all usable surveyed ferry decks build grounded guards without treating isolated cap remnants as decks (42.2958ms)
✔ instanced Tencent shoreline stones stay closed, flat shaded and within the 400-triangle budget (117.7104ms)
✔ riverfront ownership removes both legacy picket variants map-wide and retains inland gardens (16508.955ms)
✔ every placed waterfront post and base-plate corner touches retained ground within 1 cm (10593.0138ms)
✔ approved riprap footprint forces a grounded, continuous rail landward of the rocks (0.6217ms)
✔ an overhanging bank extends posts down to ground while its rails stay above bank level (0.7879ms)
✔ a post shaft reaches its sloping plate, and split-level plates seek a single supporting surface (6.3574ms)
✔ sloping supports fit each plate corner and upright separately, with no midpoint interpolation (0.2816ms)
✔ a failed ground fit relocates to nearby ground without breaking the railing (0.6938ms)
✔ steep ground and centimetre survey seams retain continuous, uncrowded corner rails (9.7373ms)
✔ post spacing continues through short surveyed edges instead of clustering at each vertex (0.3032ms)
✔ river has finite upward facets and retains the fine grid beside candidate C (552.3087ms)
✔ shore dressing uses finite pier-top heights and records its retained sources (14.379ms)
✔ approved pier props retain source approval hashes and fit the runtime triangle budgets (7.1987ms)
✔ visual shore placement includes both camera areas and bounded, scaled piling footprints (114.0422ms)
✔ varied riprap forms a visible belt outside the promenade and timber silhouettes remain readable in both approved views (156.0703ms)
✔ committed waterfront placements have valid visual metadata (80.0631ms)
✔ raised rock crowns leave every surveyed bank clear for the retained baked railing (263.48ms)
✔ scattered riprap keeps varied small stones across both shore views (75.5367ms)
✔ 07 raised landing has grouped approved timber supports within foam capacity (87.1876ms)
✔ riprap descends through a broad apron with proportional boulder heights (117.4385ms)
✔ the full shoreline slope has dense armour in every alongshore and depth band (1034.3664ms)
✔ armour beside every bank stays exposed even when opposite shoreline aprons overlap (266.2973ms)
✔ every weapon category has a presentation definition (1.6326ms)
✔ muzzle flashes clear the barrel along each model's own bore (0.3366ms)
✔ every weapon model runs its bore down the canonical -Z (49.5076ms)
✔ every weapon model ships the sockets the runtime addresses by name (37.4426ms)
✔ a muzzle flash clears before the weapon can fire again (0.4448ms)
✔ weapon scene wiring is distinct per category (0.5672ms)
✔ weaponAnimation composes each category's authored clip names (0.6078ms)
✔ aiming narrows the view for every category (0.2968ms)
✔ every weapon is carried by a hold the pose table defines (0.2042ms)
✔ both holds are defined and fully specified (0.3012ms)
✔ sprint bore constants exceed the resting swing and cant (0.1194ms)
✔ hand grips are stated as unit directions (0.214ms)
✔ the shared world grip rotation is a unit quaternion (0.0685ms)
✔ the viewmodel pass magnifies with field of view rather than scale (0.0802ms)
✔ native support calibration uses weapon-space metres and degrees (0.1324ms)
✔ pistol and rifle retain v0.28 kick, squared return and sustained bloom strength (1.5552ms)
✔ v0.28 ADS optics, transition and camera recoil random ranges remain pinned (0.8761ms)
✔ every weapon category has a feedback definition (0.1057ms)
✔ aiming down sights damps the kick for every category (0.2137ms)
✔ aimed recoil only slides the weapon along the optical axis, so the sights stay lined up (0.2324ms)
✔ hip-fire recoil keeps its full lift, travel and rotation (0.2149ms)
✔ per-shot kick follows the intended ordering across every channel (0.2858ms)
✔ the automatic categories trade the smallest per-shot kick for the worst sustained fire (0.2351ms)
✔ horizontal wander runs opposite to vertical kick (0.2951ms)
✔ viewmodel recovery is derived from the authoritative bloom rules (0.2442ms)
✔ recoil intensity spans exactly one to one-plus-the-sustained-multiplier (0.1862ms)
✔ recoil intensity never falls as bloom accumulates (0.4928ms)
✔ a category with no bloom ceiling does not divide its way to NaN (0.1586ms)
✔ muzzle flash and shell casing dimensions are drawable (0.6889ms)
✔ the phase is the fraction of the server's duration, clamped to the reload (0.7349ms)
✔ Infima contacts keep distinct pistol/rifle and empty/loaded timings in order (0.2617ms)
✔ equipment footprint rejects roof edges, degenerate faces and unsupported corners (1.9275ms)
✔ sloped streets interpolate real ground height and reject steep prop supports (0.2473ms)
✔ source chunk fitting reaches all five approved study areas and rejects distant chunks (0.3827ms)
✔ roof equipment crosses coplanar triangle seams but rejects different roof levels (0.2451ms)
✔ street frontages retain survey elevation, outward wall normal and reject roof faces (0.9139ms)
✔ frontage equipment flips inconsistent winding toward the exposed street side (0.2539ms)
✔ inset doorway fixtures snap to the outer shell wall rather than burying into it (0.4301ms)
✔ crossings use broad multi-way junction mouths, avoiding alleys and duplicate approaches (2.3765ms)
✔ paint fits across triangle seams and follows street grade (0.478ms)
✔ paint rejects off-road corners, missing central support and ambiguous levels (0.2985ms)
✔ paint stays above millimetre-overlapping road faces instead of clipping into the visible layer (0.309ms)
ℹ tests 668
ℹ suites 0
ℹ pass 668
ℹ fail 0
ℹ cancelled 0
ℹ skipped 0
ℹ todo 0
ℹ duration_ms 38672.6456
[ 4/12] test:unit: ok in 38.9 s

[ 5/12] test:muse-image

> godmode-exe@ test:muse-image D:\work\godmode-roguelite-worktrees\land-livetube-juice-20261007
> node --test tools/assets/muse-image.test.mjs tools/assets/generate-image.test.mjs

✔ parseArguments reads flags, repeats --edit, and rejects unknown ones (1.0547ms)
✔ redactKey removes every occurrence of the key and passes other text through (0.0868ms)
✔ --dry-run prints a JSON envelope with the request and touches no network (0.2758ms)
✔ --help --json prints the usage text inside the standard envelope (0.1048ms)
✔ an unreadable --edit input fails with a clean message, not a raw stack trace (3.7719ms)
✔ generation requests carry the documented fields and default to base64 PNG (1.2242ms)
✔ generation requests reject bad input before any network call (0.3273ms)
✔ edit requests wrap each data URL as an image_url entry (0.2027ms)
✔ responses decode base64 payloads and surface usage (0.2349ms)
✔ the committed API key is used when none is passed (12.0166ms)
✔ requestImages posts JSON with a bearer token to the images endpoint (0.4121ms)
✔ requestImages times out a request whose body stream stalls after headers arrive (64.0079ms)
✔ requestImages turns HTTP errors into MuseImageError with the API message (0.5411ms)
✔ images are written as NAME.EXT then NAME-2.EXT, with jpeg mapped to .jpg (5.1263ms)
✔ prompt slugs are filesystem-safe and bounded (0.2339ms)
ℹ tests 15
ℹ suites 0
ℹ pass 15
ℹ fail 0
ℹ cancelled 0
ℹ skipped 0
ℹ todo 0
ℹ duration_ms 142.6681
[ 5/12] test:muse-image: ok in 0.4 s

[ 6/12] test:hunyuan-3d

> godmode-exe@ test:hunyuan-3d D:\work\godmode-roguelite-worktrees\land-livetube-juice-20261007
> node --test tools/hunyuan-3d/cli.test.mjs

✔ result matching ignores older completed gallery assets and identifies the submitted task (0.8099ms)
✔ parseArguments resolves paths and fixed generation settings (0.4045ms)
✔ validateImage accepts supported files and rejects unsafe inputs (2.1104ms)
✔ dry run describes the exact source, model, and 500k selection without opening a browser (1.3359ms)
✔ downloadableUrls finds supported model archives in nested responses (0.7539ms)
✔ finalModelUrl ignores intermediate geometry and selects the successful textured 500k result (0.2132ms)
✔ usage documents the Gmail-delivered email code input (0.1693ms)
ℹ tests 7
ℹ suites 0
ℹ pass 7
ℹ fail 0
ℹ cancelled 0
ℹ skipped 0
ℹ todo 0
ℹ duration_ms 224.0363
[ 6/12] test:hunyuan-3d: ok in 0.5 s

[ 7/12] test:mixamo-tool

> godmode-exe@ test:mixamo-tool D:\work\godmode-roguelite-worktrees\land-livetube-juice-20261007
> node --test tools/mixamo/cli.test.mjs

✔ validates model and clip names (0.7601ms)
✔ records a binary FBX in raw art and protects saved files (8.0783ms)
ℹ tests 2
ℹ suites 0
ℹ pass 2
ℹ fail 0
ℹ cancelled 0
ℹ skipped 0
ℹ todo 0
ℹ duration_ms 129.8809
[ 7/12] test:mixamo-tool: ok in 0.4 s

[ 8/12] test:pr-image

> godmode-exe@ test:pr-image D:\work\godmode-roguelite-worktrees\land-livetube-juice-20261007
> python3 -m unittest discover -s tools/pr-image -p "test_*.py"

..pr-image: --prefix must not contain a '..' segment
...............pr-image: upload of hud.png failed: HTTP 404
....
----------------------------------------------------------------------
Ran 21 tests in 0.015s

OK
[ 8/12] test:pr-image: ok in 0.3 s

[ 9/12] test:audio-decisions

> godmode-exe@ test:audio-decisions D:\work\godmode-roguelite-worktrees\land-livetube-juice-20261007
> node --test tools/audio/import-decisions.test.mjs

✔ imports preserve exact notes, unchecked decisions and reviewed status with immutable history (14.4923ms)
✔ invalid role data fails before writing a current decision record (0.3034ms)
ℹ tests 2
ℹ suites 0
ℹ pass 2
ℹ fail 0
ℹ cancelled 0
ℹ skipped 0
ℹ todo 0
ℹ duration_ms 66.4287
[ 9/12] test:audio-decisions: ok in 0.3 s

[10/12] maps:test

> godmode-exe@ maps:test D:\work\godmode-roguelite-worktrees\land-livetube-juice-20261007
> node --test tools/maps/*.test.mjs

✔ shoreline and all waterfront props attach to retained water, never filled inland cuts (207.5398ms)
✔ inland Pier 1 pond and stream cuts get ground without moving the river or water outside C (74.3161ms)
✔ every survival spawn and the three Pier 1 failure sites have collision floor at walking height (1300.093ms)
✔ the reported bridge-wall location no longer receives an eleven-metre downward spike (23.3692ms)
✔ a broad grade or a lasting level change is not flattened (0.8527ms)
✔ CityGML vertical walls preserve holes and their source winding (1.3135ms)
✔ chunk clipping preserves a sloped 3D surface and its height at seams (0.2909ms)
✔ an unambiguous PLUTO lot supplies the floor count, and an ambiguous one falls back to height (27.9851ms)
✔ newer buildings and mismatched IDs retain current footprints (0.1642ms)
✔ whole-map selection joins CityGML and PLUTO without losing source identity (286.0754ms)
✔ map-edge clipping does not reject a matching complete CityGML building (7.0327ms)
✔ entrance measurement joins a chunk split and retains threshold and outward face (1.6984ms)
✔ horizontal surfaces and fragments too small for a door are not entrances (0.2289ms)
✔ park maintenance buildings leave both authored walking lanes clear (0.9417ms)
✔ site kit keeps its body above terrain and records authored placements (2.1613ms)
✔ promenade covers the full selected edge, stays on land and has a level eight-metre apron (6.4458ms)
✔ long source edges are selected by arena overlap rather than their midpoint (1.9899ms)
✔ empty inland arenas have no fabricated waterfront (1.2994ms)
✔ bulkheads split at a partial promenade interval and meet its flat floor at both joins (0.4646ms)
✔ review cameras stand on the apron without changing their concept aim (1.679ms)
✔ window apertures remove wall area and put glass behind the retained collision plane (8.5098ms)
✔ an ambiguous lot falls back to the shell's own height rather than drawing nothing (2.6183ms)
✔ a shell whose height will not divide into storeys still draws nothing (0.5612ms)
✔ entrances need real sidewalk frontage and steps need enough sidewalk depth (7.3837ms)
✔ detail caps preserve shell generation and report omitted windows deterministically (68.2952ms)
✔ oriented box has outward winding and preserves volume (0.2274ms)
✔ street placement requires supported sidewalk and excludes buildings and elevated transport (18.8113ms)
✔ nothing is placed where a barricade will stand across a street mouth (12.1743ms)
✔ whole-map selector keeps intersecting footprints and excludes outside ones (0.9041ms)
✔ authored setback entrance cuts the facade and bridges its garden to the sidewalk (2.194ms)
✔ DEM metre values, north/south orientation and diagonal interpolation match the actual triangle planes (1.9109ms)
✔ nonlinear shore grading remains one plane under grass and extra paving vertices (0.3149ms)
✔ DEM cannot silently extrapolate, fill missing land, or accept incorrect vertical units (0.3959ms)
✔ footprint grounding samples long edges, including lower contacts between footprint corners (0.2552ms)
✔ a building's floor sits at its own surveyed grade, and the solid runs down to the lowest contact (0.1571ms)
✔ a surveyed grade outside the ground the footprint touches is held to it, so a building never floats (0.1527ms)
✔ transport deck elevations retain their own survey-foot conversion and do not inherit bare-earth height (0.2387ms)
✔ retained DEM is hash-verified and fixes the erroneous high terrain at 95 York Street (133.3645ms)
✔ draped boundaries split at cell edges and diagonals without extra internal walls (1.6205ms)
✔ conditioning removes a bare-earth wall under the street and leaves the terrain beside it alone (3.0651ms)
✔ a street that genuinely climbs inside the grade keeps its climb (0.3464ms)
✔ a conditioned grid keeps the raw vertical datum, so conditioning cannot move the whole map (0.1446ms)
✔ NY State Plane survey feet become local metre coordinates with north at -Z (1.576ms)
✔ GIS holes stay open, including when a crop cuts through an outer ring (2.476ms)
✔ courtyard prism triangulates outward without filling the courtyard (1.0373ms)
✔ generated geographic extract is chunked, cropped to the expanded waterfront boundary, and contains river and bridge (229.6132ms)
✔ every mesh has semantic attribution and triangle ranges without geometry duplication (177.2568ms)
ℹ tests 47
ℹ suites 0
ℹ pass 47
ℹ fail 0
ℹ cancelled 0
ℹ skipped 0
ℹ todo 0
ℹ duration_ms 1684.421
[10/12] maps:test: ok in 1.9 s

[11/12] game-rules

> @godmode/game-rules@0.1.0 test D:\work\godmode-roguelite-worktrees\land-livetube-juice-20261007\packages\game-rules
> pnpm run build && node --test dist/test/**/*.test.js


> @godmode/game-rules@0.1.0 build D:\work\godmode-roguelite-worktrees\land-livetube-juice-20261007\packages\game-rules
> node -e "require('node:fs').rmSync('dist/test',{ recursive: true, force: true })" && tsc -p tsconfig.json

ai_budget: 14 navigators, 300 ticks: mean 0.105 ms, p95 0.299 ms, max 10.916 ms, goals reached 11, unreachable 1
✔ fourteen navigators replanning every half second stay inside the per-tick budget (41.7313ms)
✔ locked aim cancels accumulated suit recoil in the submitted shot direction (0.8577ms)
✔ the RC bomb car is the weakest enemy and, however late and elite, slower than the player's base sprint (0.3227ms)
✔ the aim assist aims at the torso of every crowd kind, never the head, and regulars use the reduced health (0.4426ms)
✔ two rooms joined by a narrow corridor become two areas with one portal in the corridor (1.9617ms)
✔ a shared edge exactly as wide as the neck limit still joins its rooms (1.4017ms)
✔ a hall larger than the size cap is tiled into several areas (0.4514ms)
✔ a ramp is its own area even across a wide shared edge (0.3216ms)
✔ a sliver merges into the neighbour it shares the most edge with (0.4213ms)
✔ polygons that meet at a T-junction are still adjacent (0.8958ms)
✔ farthest samples start at the medoid and spread across the area (0.9262ms)
✔ the same mesh clusters identically twice (1.8724ms)
✔ pruning keeps only the polygons connected to the seeded floor (0.562ms)
✔ base64 encodes and decodes bytes the way the engine's Marshalls does, padding included (0.5091ms)
✔ armour absorbs damage before health (1.2188ms)
✔ a grant never passes the run's ceiling, and never takes plate away (0.2149ms)
✔ armour has no source that gives it back on its own: only a grant moves it up (0.1272ms)
✔ no boss up says nothing (0.7723ms)
✔ the commander says its phase and the plates still on, or that it is stunned (0.1776ms)
✔ the helicopter says what it is doing, and when its weak spot is open (0.1574ms)
✔ any other boss is its health (0.1199ms)
✔ every cheat-weapon sound file is wired to a cue or loop, and every wired file exists (1.4397ms)
✔ short numbers drop a trailing zero and keep one decimal (0.7308ms)
✔ every weapon and perk has short stats at every level, read from the rules' numbers (1.1294ms)
✔ the table lists weapons, perks, specials, the gun's evolution and crate exclusives in that order (1.4201ms)
✔ an evolved weapon shows under its evolved name, and a merged one without levels (0.9388ms)
✔ offer rows say the level a card takes a cheat to and what it then does (1.116ms)
✔ the aimbot line is always on and names what changed it (0.2693ms)
✔ an id reads as a snake-cased file name (0.7363ms)
✔ a log stamp is the session clock in minutes and seconds (0.1422ms)
✔ every shop streak line takes its kill cost from the roster (1.1384ms)
✔ the comfort cheats lead the shelf and total $65 (0.6114ms)
✔ the account upgrades have ranked prices and sit in the shop catalogue (0.1521ms)
✔ cards arrive after each stream in order, three then two, within the shelf's cap (0.3732ms)
✔ a ranked card holds one slot and shows its next rank until maxed (0.3212ms)
✔ buying is refused for cards not stocked, not affordable, or needing another first (0.096ms)
✔ every card is in stock by run 21 for a player who buys everything (2.0216ms)
✔ the shelf always offers an upgrade, including when authored cards are locked or exhausted (2.1332ms)
✔ armour shelf card states the protection and stops at the 150-point cap (0.2278ms)
✔ Auto Cover is off in a fresh run and enabled only by its purchased shop cheat (0.8234ms)
✔ the same seed builds the same city, and buildCityLevel caches it (29.1875ms)
✔ every body and pickup point is clear of every box (17.256ms)
✔ every body point stands on a surface and is inside the bounds (8.3079ms)
✔ sites follow the route: six, ordered, spaced, and the start is safe (0.3121ms)
✔ the perimeter walls enclose the bounds (0.8674ms)
✔ every spawn, site, boss, orb and the exit can be walked to from the player's spawn on the ground (159.6326ms)
✔ no street is blocked along its centre line (33.4498ms)
✔ a city is a few hundred boxes, with open ground floors, climbable roofs, plazas and cover (2.8437ms)
✔ different seeds lay out different cities (0.2387ms)
✔ streetlight poles collide, stand on a sidewalk or plaza, and touch nothing else (35.89ms)
✔ bus shelters are only their back panel, so no roof leaves a navmesh island (1.5757ms)
✔ a far, still cloaker is a faint shimmer; close or on the run it shows (1.3008ms)
✔ its wind-up, a flinch, MARKED and WALLHACKS each show it whole (0.1532ms)
✔ it stalks far off, rushes faster than a walk, and strikes for 30 from a step away (0.2356ms)
✔ the closest point matches a brute-force search on and off the mesh, across floors (38.2309ms)
✔ nothing is returned beyond the search distance (0.705ms)
✔ the travel pace speeds a survival runner up (3.456ms)
✔ the sprint widening eases toward its target and back without overshooting (0.3558ms)
✔ LEAK ticks and spreads inherit the hit that applied the status until another hit replaces it (1.4177ms)
✔ one pull settles after all burst rounds or delayed projectile damage (0.255ms)
✔ an enemy attack resolves once and keeps its enemy (0.1354ms)
✔ localMove inverts the server's yaw rotation of body-relative input (1.4294ms)
✔ aimAngles matches the server hitscan direction convention (0.2874ms)
✔ a visible target is tracked at a bounded turn rate and shot only once the sights are on (2.6234ms)
✔ four ranged combatant brains independently pursue and fire without shared state (2.7098ms)
✔ an empty magazine reloads on a single press edge and the trigger stays off while reloading (0.2837ms)
✔ losing sight of a target never reloads a magazine that still has rounds (0.4104ms)
✔ a hunter walks a planned route round a wall to an unseen target (4.0774ms)
✔ a combatant never sprints and shoots in the same command (2.0389ms)
✔ a hunter holds range and strafes on walkable ground once a near target is visible (0.7957ms)
✔ a combatant circling at its hold range never cuts between strafing and closing in (1.6265ms)
✔ a hunter with one strafe side blocked takes the open one in the same tick (1.0677ms)
✔ a dead hunter issues an idle command and forgets its route (0.6463ms)
✔ a bot aims at centre mass for the posture its target is in, never at their head (1.94ms)
✔ a shot at a remembered position is aimed with the posture that was seen there (2.1137ms)
✔ an unanswered reload press is repeated, and nobody sprints on an empty magazine (0.213ms)
✔ a combatant wedged on both strafe sides holds its side and its ground instead of flipping every tick (4.5911ms)
✔ a route over the ladder presses jump on the way up and crouch on the way down, and nothing on the deck (1.8132ms)
✔ a navigator counts a climb as progress, never cuts the corner through a link, and never replans mid-link (2.17ms)
✔ a body without ladder controls is carried up the shaft, across the exit, down again, and off a drop into a fall (1.3534ms)
✔ a jump across is jumped by a combatant, and a body without controls is lifted clear, carried across level and released over the far side (issue #275) (1.7234ms)
✔ a combatant on the ladder finishes the climb before it strafes, holds or forgets its route (1.063ms)
✔ the straight-line shortcut waits for a link's end, even when the goal is in direct range from mid-air (1.2049ms)
✔ a shooter's bearing picks the plate: chest in front, back behind, its own left and right at the sides, the helmet on a head hit (0.9123ms)
✔ a plate takes a round and passes a share on until it breaks, and then that zone takes more (0.2447ms)
✔ a blast reaches it for a share and strips every intact plate, which is how explosives open it up (0.3985ms)
✔ it drops the gun at 65% and calls its squad below 35%; its health is no boss sponge (0.2184ms)
✔ death selection covers five standing variants and preserves crouched posture (5.9544ms)
✔ a corpse preserves the old life after respawn and a run reset (6.8373ms)
✔ the seventeenth death evicts the oldest body (1.0426ms)
✔ nonlethal hits, duplicate lethal events and voluntary restarts cannot manufacture corpses (0.2281ms)
✔ an empty lobby clears every body (0.2098ms)
✔ direction k is the game's yaw k × 2π/16, and a bearing rounds to the nearest (0.9145ms)
✔ arcs wrap round the ring, and the peek edges are the open directions either side of the cover arc (0.2359ms)
✔ the torso heights the bake rays from are the bodies' own (0.1156ms)
✔ an index built from a list groups it by area (1.0022ms)
✔ every weapon but the merge evolves with one paired stat at 3 (1.164ms)
✔ ten cheat weapons can be offered, with the design's level 1 and 5 numbers (0.2893ms)
✔ every 4th offer is weapons only while a weapon slot is open (5.0699ms)
✔ with no cheat weapon held, every offer carries a new weapon (the run starts with the gun alone) (21.1034ms)
✔ a full slot type only offers upgrades to what it holds, and every offer upgrades something held (3.0077ms)
✔ stats that help a held weapon are weighted over ones that help nothing held; a banished card never comes (13.2081ms)
✔ a maxed weapon's paired stat is labelled as completing an evolution, and the evolution becomes ready at 3 (0.6895ms)
✔ Martyrdom and Claymores merge into Bouncing Betty and free a slot for good; Rail Rounds needs Crit and Pierce at 5 (1.6081ms)
✔ Lucky deals a 4th card and sometimes two levels (4.3912ms)
✔ head hits do torso damage unless the Headshots power is held: 2x at level 1, +0.5 a level (0.6209ms)
✔ with a perk slot open, a perk that evolves a held weapon is dealt more often and says so (4.7462ms)
✔ minute stings and boss warnings fire once when the run clock crosses their thresholds (2.2487ms)
✔ the roster runs 21 minutes: at most 3 regular types, every minute swaps one, and bosses at 10 and 20 (0.3626ms)
✔ the crowd starts at about 9 alive, reaches 71 by minute 8, thins on breathers, and empties for a boss (0.1515ms)
✔ each regular has 15% less health and 1/0.85 times the uncapped refill rate (0.2492ms)
✔ scripted squads add proportionate regulars but never extra elites (0.341ms)
✔ health, damage and speed follow the plan's tables (0.3389ms)
✔ 1.5x as many grunts with every other kind's count unchanged (0.1848ms)
✔ the boss slot holds the juggernaut commander at 10:00 and the attack helicopter at 20:00 (0.2248ms)
✔ every regular type comes and goes: each is out in at least two minutes and absent from others (0.2151ms)
✔ each type is introduced beside riflemen or cheap pressure before it is doubled up with other hard picks (0.1782ms)
✔ the specialists are capped alive, dogs come in packs, and the RC car and sniper hit with their own damage (0.1092ms)
✔ each elite arrives alone before any two come together, and events never land in a breather or a boss's minute (0.2866ms)
✔ a blow's bearing is measured clockwise from where the player faces (0.7422ms)
✔ the source is the nearest within reach, or none (0.2088ms)
✔ a Soldier's landed shot is the source over a nearer Admin, and only while it is fresh (0.2182ms)
✔ a deposit lands on the area under the body and leaks a fraction to its portal neighbours (3.8442ms)
✔ danger halves every half-life and a quiet map returns to exact zeros (1.0492ms)
✔ a route's danger counts each area it crosses once, samples inside long straights, and a route clear of it reads zero (4.1168ms)
✔ a deposit off the mesh is refused and reset clears everything (0.6765ms)
✔ visual setup names only supported events and commander zones (0.7163ms)
✔ arguments split on whitespace, and quotes keep spaces (0.674ms)
✔ names match exactly or by a unique prefix, ignoring case (0.297ms)
✔ numbers are bounded, and a left-out optional one takes its default (0.1502ms)
✔ tp takes a place's name or three coordinates (0.2467ms)
✔ every command has help and a unique name (0.1917ms)
✔ every scenario line names a console command and its first argument completes (0.2551ms)
✔ a dog runs faster than the player walks and crouches 700 ms before a 25 bite (0.8518ms)
✔ it lunges only in reach, in sight, rested, and while its pack has room (0.1711ms)
✔ a lunge goes at where the player stood, just past them, and bites a player who stays (0.1906ms)
✔ a dog waiting its turn in reach circles out at 3-4.5 m rather than at the player's feet (0.6456ms)
✔ a dog that has just bitten backs out to its hold-off before it crouches again, unless the player keeps closing (0.183ms)
✔ a drone keeps its own ring 12-20 m out and 4-6 m up, on its own side of the player (0.9674ms)
✔ it holds its point, and hops straight round the ring between bursts (0.7485ms)
✔ a drone is a gun: a locked-on burst that does damage, weaker than a rifleman's (0.1434ms)
✔ a blocked ray lifts it 2 m at a time, never over the ceiling; at the ceiling it turns round (0.3274ms)
✔ it never flies faster than its speed, and eases in at its point (1.3468ms)
✔ walled off, it flies the street route under it at its own height (0.1955ms)
✔ a wedged drone is put back on its own ring, trying its own bearing first and working out both ways (0.2822ms)
✔ off the player's screen, it comes round in front of where they look (0.1477ms)
✔ player starts require a broad street centerline, not an alley or sidewalk (0.8658ms)
✔ player selection varies across the connected arena and never bypasses live clearance (3339.6289ms)
✔ hidden spawn rejects distance, sight, occupancy, and disconnected candidates without a fallback (0.9445ms)
✔ changing view or moving the player rechecks actual visibility and distance (0.1885ms)
✔ angular selection can approach from every occupied sector, including behind the player (6.4797ms)
✔ C follows the waterfront and concave street cuts, excluding river and detached fragments (0.3028ms)
✔ an encounter Admin commits to a goal for 1.5 to 3 seconds (0.9205ms)
✔ a committed goal holds through small changes and lapses on time or a big one (0.1774ms)
✔ a waiting Admin stands its ground in the band around its ring while it sees the player (0.7221ms)
✔ a melee Admin closes the last metres at a steady advance, slower than its walk (0.3656ms)
✔ a wind-up phase is done exactly when its length has run (0.1362ms)
✔ a hit flinches an Admin and cancels its wind-up, but never a committed strike, and not again straight away (0.1795ms)
✔ a body that is where it should be is not stuck (0.6672ms)
✔ a Soldier that has not closed on its target for four seconds is stuck (0.1312ms)
✔ where it is beats what it has done, and falling beats everything (0.0965ms)
✔ a roster arrives in even waves, the first the largest, every enemy once and in roster order (1.7821ms)
✔ rooms pace their fight: engaged caps and waves (0.3744ms)
✔ every weapon's sustained damage and time to kill are finite and positive (1.0674ms)
✔ each kind's numbers are the design's (1.5263ms)
✔ every gun can kill from a flank within two magazines (1.0177ms)
✔ at its own range, each kind's answer kills it inside one magazine (1.1856ms)
✔ an SMG rusher prefers a spot off the player's flank or back to one in front of them (0.2954ms)
✔ gunshot layers blend smoothly with bounded weights and preserve reports when voices are busy (1.4489ms)
✔ a flier's rotors rise with its speed, and a pass drops in pitch only slightly (0.154ms)
✔ closing speed is the velocity along the line to the listener (0.1262ms)
✔ a wreck's hum sags and sputters with its rotors, and dies with them (0.1326ms)
✔ a heard flier keeps its voice; a new one takes a free one; the rest wait (0.2469ms)
✔ a dog revs through its crouch and snaps once, on the frame its bite lands (0.1808ms)
✔ a lunge that misses snaps on air as it runs out, and a broken crouch cuts its rev (0.1451ms)
✔ a kamikaze whines through its lock and never snaps (0.126ms)
✔ a dog at a gallop patters several times as often as a Soldier walks (0.337ms)
✔ an RC car's motor whines louder and higher the faster it drives, and is silent standing (0.3927ms)
✔ an RC car beeps once per period, whatever the frame rate (0.6054ms)
✔ a picket chirps when it picks the player up from idle, not when it spawns hunting or changes target (0.1085ms)
✔ a shield rings when what is left of it falls (0.6026ms)
✔ a sentry beeps and a marksman charges on their wind-ups; a shot cuts the charge (0.0959ms)
✔ every enemy loop keeps at most a few voices and is heard no further than a street or so (0.1128ms)
✔ the helicopter hovers in the arena, near the player, and comes and goes from outside it (0.8619ms)
✔ its flight comes in at cruise height, holds its hover for the drop, climbs away, and is gone (0.3379ms)
✔ the UAV circles high over the player (3.1776ms)
✔ every enemy kind resolves to a finite hittable shape (1.3822ms)
✔ measured enemy models do not draw body geometry outside their hit shape (0.1632ms)
✔ plain humanoids keep their existing generous capsule while attachments opt into measured shapes (0.8227ms)
✔ a blast is full at its centre, the edge damage at its radius, and nothing past it (0.7857ms)
✔ a grenadier's throw lands short of the player on the flight time, then rolls, with most of its fuse left (2.0483ms)
✔ a rocket flies on past where the player stood, and its pass is measured to the chest (0.6559ms)
✔ the grenade warning sits on the side of the crosshair the grenade is on (0.2912ms)
✔ an officer's mortar shells land far enough apart that one circle only ever holds one (0.1429ms)
✔ RPGs at one player shoulder apart, never in step (0.0978ms)
✔ the log keeps events in order with a resumable cursor (1.198ms)
✔ the ring is bounded and says how much history it dropped (0.1752ms)
✔ a cursor resolves the same page however far behind or ahead it is (0.2354ms)
✔ a capacity that could not hold anything is rejected (0.9079ms)
✔ the player always leads the scoreboard, whatever the moment (2.3852ms)
✔ standings are deterministic for the same moment (0.3025ms)
✔ every victim name comes from the lobby (0.2082ms)
✔ a hint comes at its moment, once, and the first due wins (0.8504ms)
✔ hints name the player's own keys (0.7588ms)
✔ the save keeps the hints seen, and drops ids it does not know (1.0689ms)
✔ a walking Soldier lands a foot every stride, whatever the frame rate (1.9117ms)
✔ standing still and a teleport land no foot (0.1523ms)
✔ a run is louder than a walk, and a wall takes some of it away (0.1964ms)
✔ only the nearest few inside the range are heard (0.6708ms)
✔ a walk never plays the same take twice in a row, and reaches every take (0.3336ms)
✔ a still camera does not drift (1.3046ms)
✔ forward at yaw 0 is -Z, which is the map's grid north (0.1801ms)
✔ forward follows the pitch, so looking down and pushing forward descends (0.6857ms)
✔ lift is world up whatever the camera is looking at (0.1877ms)
✔ a diagonal travels the same distance as a straight line (0.1039ms)
✔ boost and slow scale the base speed and compose (0.1469ms)
✔ the wheel winds the speed within its range and comes back where it started (0.0942ms)
✔ padded navigation tiles emit only their interior and interpolate edge heights (0.9058ms)
✔ tile clipping removes duplicated faces and sub-millimetre boundary slivers (0.7509ms)
✔ a polygon Recast put in the sky is dropped, not clipped, and the ground beside it is kept (0.4054ms)
✔ the ceiling clears the tallest thing in the map, so nothing real is near it (0.1428ms)
✔ without a ceiling the crop behaves exactly as it did before (0.093ms)
✔ the grenade launcher is a small, slow magazine of shells, not rays (0.5877ms)
✔ a shell flies a gravity arc: level at first, then dropping by g t² / 2 (0.8335ms)
✔ the blast is full at its centre, falls to the edge damage at 4 m and stops there (0.1663ms)
✔ a grenadier's lob lands where the player stood, two seconds later, on a high arc (0.5779ms)
✔ its burst is 35 at the centre, falling off to nothing past 3 m (0.1407ms)
✔ nothing recovers inside the five-second window after damage (0.6766ms)
✔ a grazed player snaps to full on the frame the delay expires (0.0904ms)
✔ a heavily damaged player ramps in ten-point steps every fifty milliseconds (0.0976ms)
✔ recovery from one health takes the delay plus half a second (0.199ms)
✔ the ramp keeps its wall-clock rate whatever the frame length (0.2406ms)
✔ crossing the instant threshold mid-ramp does not skip the rest of it (0.1013ms)
✔ a long frame grants every step boundary it swallowed (0.0839ms)
✔ the dead and the untouched are left alone (0.072ms)
✔ the match reducer restarts the recovery timer on every landed hit (1.587ms)
✔ a respawned life starts unhurt and unstamped (0.3454ms)
✔ catch-up ticks never pay the same health recovery boundary twice (0.1329ms)
✔ the heavy's plate halves a bullet; a blast, a chain and a leak pay in full (1.1855ms)
✔ a heavy takes a machine gun magazine; bigger than a soldier, head and all (0.2267ms)
✔ its armour lets a fifth of a body round through, and its weak spot pays most while it hovers (0.968ms)
✔ the player's killstreaks hit it harder than any other boss, and other blasts for a share (0.0902ms)
✔ a strafing run crosses the player and walks its salvo over where they stood, loosed on the way in (0.2227ms)
✔ it circles over the roofs, and flies straight at its speed, arriving exactly (0.504ms)
✔ a kamikaze hangs 8-12 m behind the player, 3-5 m up, inside a cone round straight behind (2.855ms)
✔ its lock is a one-second tell, in sight and in reach, two of a pack at a time (0.1465ms)
✔ the dive goes straight at where the player stood, and bursts on them, on a wall, or when spent (0.1492ms)
✔ its blast is 35 at the centre, 10 at 3 m, nothing past (0.1007ms)
✔ every action ships a primary binding, and only crouch a secondary one (1.0042ms)
✔ the shipped defaults are conflict-free and fully bound (1.1147ms)
✔ the shipped defaults match the documented control scheme (0.2872ms)
✔ binding tokens round-trip and reject malformed input (0.3336ms)
✔ the keys and buttons the menu consumes are not assignable (0.3499ms)
✔ debug-build keys stay assignable (0.1578ms)
✔ a secondary binding is added without disturbing the primary (0.1255ms)
✔ assigning does not steal an in-use binding; the clash blocks saving (0.1787ms)
✔ one action holding the same binding twice is a conflict (0.8934ms)
✔ clearing both columns warns but still allows saving (0.2521ms)
✔ a conflict is reported ahead of an unbound row (0.7835ms)
✔ restoring one action's defaults leaves the rest of the scheme alone (0.8341ms)
✔ clone does not alias the source rows (0.0722ms)
✔ a hand-edited file loads as a scheme the menu itself would accept (0.3235ms)
✔ an empty section leaves every action on its shipped default (0.1166ms)
✔ an absent action's default never steals a binding the file assigned (0.1342ms)
✔ a key event matches on logical, physical, or unicode keycode (0.0852ms)
✔ labels cover mouse buttons, named keys, function keys, and printables (0.0841ms)
✔ crouch defaults to C with Ctrl as the second key (0.0948ms)
✔ interact and drop have their prompt keys (0.0526ms)
✔ nothing is bound to E or to 1-4, which survival reads itself; interact is F (0.3237ms)
✔ an enemy's kill has no killer and no gun (7.7161ms)
✔ damage that does not kill produces no line (0.3603ms)
✔ a voluntary restart is not a kill (0.3146ms)
✔ earned feedback survives consuming and earning a charge between snapshots (1.0565ms)
✔ Friendly Fire Off prevents every streak blast, including destroyed RC-XD and napalm canisters (0.2596ms)
✔ activation gates other streaks globally and the same streak by its equipped cost, without stopping earnings (0.4366ms)
✔ a 30-kill Nuke has a 120 second timer; always-ready testing bypasses both gates (0.1956ms)
✔ Streak Stack and Double Earn hold two charges through a per-streak cooldown (0.1867ms)
✔ prototype never grants damage protection: call-in, entry, full ride and return (0.2436ms)
✔ cover gun has reduced damage and no negative healing (0.0957ms)
✔ prototype rides last seven seconds even with duration upgrades; standard keeps its durations (0.1732ms)
✔ Adrenaline multiplies reload duration and gun damage only while active (0.8286ms)
✔ always ready charges only equipped streaks at the start and immediately after spending (0.4876ms)
✔ the roster has 12 streaks, with no Ground Robot, Cruise Missile or supply drop (0.1967ms)
✔ each rung of the run's ladder is earned the moment the counter reaches it (0.2105ms)
✔ a kill inside the window extends the chain; one after it starts a new chain (0.112ms)
✔ a lapsed chain drops to zero: earned streaks are kept, one of each (0.1402ms)
✔ killstreak kills feed the chain, and what they earn comes marked (⟳) (0.1823ms)
✔ each rung once per chain: a long ride pushes the counter for medals but never re-earns a passed rung (0.1872ms)
✔ Streak Stack holds two of each, and Double Earn gives two a rung (0.1196ms)
✔ the Tactical Nuke is earned once a run (0.155ms)
✔ callouts land on their milestones only, loudest last (0.1284ms)
✔ the use key fires the newest copy, and says whether it was marked (0.2984ms)
✔ the RC-XD tops out at 14 m/s, boosts to double for 2 s, then recharges (0.4143ms)
✔ napalm lays two rows of fire along the line, and the fire jumps once a burner (0.386ms)
✔ a dog runs at its target and stops at biting reach (1.7204ms)
✔ guns prefer the nearest living visible dog, but keep the nearer player (0.2612ms)
✔ the second dog on one enemy flanks it rather than standing inside the first (0.2993ms)
✔ streak damage is soldiers at this minute's health, halved on a boss, with falloff (0.1613ms)
✔ the missile starts high behind the player and always dives (0.2981ms)
✔ airstrike and bomber lines land along the chosen direction (0.3131ms)
✔ AC-130 guns: 105 one round then a 5 s reload, which runs while switched away (0.1664ms)
✔ predator launches and its initial ground aim stay inside a supplied circular fixture zone (7.0865ms)
✔ current smaller zones and the solid ceiling constrain the launch without changing control (0.2404ms)
✔ ordinary interior launch retains its original position and heading (0.1239ms)
✔ every streak uses tablet LAUNCH except the helicopter and AC-130 gunners (0.1556ms)
✔ activation: half a second unhurt for any streak, and a fade streak is black, then live, then clear (0.4373ms)
✔ a ride's end is the fade run backwards, and the return starts from the black (0.1247ms)
✔ Predator and RC-XD bring the tablet screen to the eye before fading into control (0.1427ms)
✔ aimed airstrikes launch on foot without a targeting camera, extraction or return (0.12ms)
✔ strike lines require two clicks, reset on cancellation, and reject degenerate confirmation (0.211ms)
✔ strike preview caps length and all three strike patterns follow the selected endpoints (0.1978ms)
✔ phone ADS lends mouse/fire to the ride while keyboard movement remains available (0.0985ms)
✔ a shot resolves at the moment the shooter says it was rendering (1.9853ms)
✔ a claim about the future is refused down to the newest sample (0.1733ms)
✔ no claim at all earns no rewind, never the maximum (0.1642ms)
✔ a rewind past MAX_REWIND_MS is cut to it (0.1252ms)
✔ the ceiling is measured from the present, not from the newest sample (0.424ms)
✔ a server stalled longer than the window rewinds nothing (0.138ms)
✔ a body between two samples is interpolated, not snapped to the nearer one (0.2128ms)
✔ posture and aliveness take the earlier sample rather than being blended (0.1257ms)
✔ two samples stamped with the same millisecond carry no interval to blend across (0.1774ms)
✔ a time outside the history clamps to its ends instead of extrapolating (0.1865ms)
✔ history is evicted once it is older than the window (1.4869ms)
✔ a ray down the middle enters a standing capsule at its near face (0.2644ms)
✔ a ray just outside the capsule radius misses (0.1189ms)
✔ the capsule ends where the collider ends, above the head and below the feet (0.082ms)
✔ a shot straight down enters through the cap rather than missing the cylinder (0.082ms)
✔ a shot straight up enters through the lower cap (0.0805ms)
✔ a ray starting inside a capsule reports no hit (0.2267ms)
✔ a hit beyond maxDistance is not a hit (0.2506ms)
✔ a crouching target's hitbox drops with the collider instead of staying centred (0.5886ms)
✔ the level stops a rewound shot, because only bodies move backwards in time (0.106ms)
✔ the nearest body takes the round, and ties break on the lower id (0.2212ms)
✔ a piercing round is spent on every body in the line, nearest first (0.4984ms)
✔ a ray level with the head is a headshot, and one below it is a body hit (0.2472ms)
✔ the head region can never turn a miss into a hit (0.528ms)
✔ a crouched player's head drops with the collider, like the rest of their hitbox (0.411ms)
✔ a shot the Aimbot would take enters the torso and never touches the head (0.4823ms)
✔ a body that was dead at the rewound moment cannot be hit (0.2106ms)
✔ a strafing target is hit where the shooter saw it, not where it has got to (0.2338ms)
✔ colour carries damage: white for a graze, red at half a health bar (1.9833ms)
✔ every weapon's round lands somewhere on the ramp rather than off the end of it (0.792ms)
✔ shooting the same spot amplifies the colour, not the size (0.3391ms)
✔ a round outside a live ripple, or one that has gone, opens its own (0.4536ms)
✔ the ring overwrites the ripple that has been showing longest, and never grows (0.7438ms)
✔ the ring reports itself dead once its last ripple is over, so the shader can skip its whole test (0.3622ms)
✔ a ripple on a body is narrower than one on the street, so a head shot reads as a head shot (1.0545ms)
✔ a cheat's ripple covers the gun in the hand rather than a patch of it (0.213ms)
✔ ring pressure evicts the least recently hit patch rather than a sustained break (0.3042ms)
✔ a long burst keeps one original break alive and releases it after the final round (0.2573ms)
✔ short bullet hits do not evict a boss break before its recovery (0.2962ms)
✔ weapon fracture sizes distinguish a sidearm, sniper and blast without growing on repeated hits (0.9056ms)
✔ a mark held in a body's frame rides the body as it walks and turns (0.2335ms)
✔ stream alerts appear one at a time and clear between runs (1.4011ms)
✔ hype train fills from tips and big plays, rate limits bursts, and caps its end bonus (1.7405ms)
✔ a strong stream attracts an occasional fictional raid and grows its real audience (0.8521ms)
✔ chat predictions resolve from streaks and survival, with tips for beating long odds (0.3035ms)
✔ death resolves an open prediction as a loss (0.2082ms)
✔ tips grow with the audience: about $15 a minute at 15 viewers and $130 at 500 (0.1946ms)
✔ a big moment tips, builds hype and brings viewers; quiet drains it and viewers leak (0.6209ms)
✔ death clears hidden hype and costs fewer viewers on a ride; a raid brings viewers (0.2468ms)
✔ a held stream (a breather, an open box) neither drains nor leaks (0.3492ms)
✔ the style bonus scales tips and never goes below ×1 (0.2714ms)
✔ a missed challenge and a death are $1 each; a done challenge pays its price (0.2103ms)
✔ families open as the audience grows (0.4042ms)
✔ a challenge comes in 45-75 s after the last, pays when done and is an L when missed (1.3471ms)
✔ 5 aimbot kills in 15 s completes; spread out it doesn't (0.3899ms)
✔ knife the next elite fails if the elite dies to anything else (0.2589ms)
✔ no ADS for 30 s: aiming fails it, keeping off it and killing passes (0.2543ms)
✔ a detected style leans half the challenges toward it (1.3585ms)
✔ TipBot reads challenges and $10+ tips with a message, one every 12 s (0.3223ms)
✔ TipBot's nuke line interrupts speech and a streak hold (0.1402ms)
✔ streamer reactions pick one headline by priority and respect shared and local cooldowns (0.1422ms)
✔ a spotlight brings a visible viewer spike without losing the previous peak (0.1532ms)
✔ TipBot drops stale tips and reads numbers in words (0.2289ms)
✔ a stream settles one account score, and LiveTube appears at 50 (0.276ms)
✔ the best account and million-follower win survive a weaker next account (0.0987ms)
✔ completed train levels pay alongside tips at stream end (0.0393ms)
✔ the LiveTube shop opens at milestones and spends the wallet (0.2853ms)
✔ promote adds starting viewers; subs, ads and the sponsor pay (0.1501ms)
✔ a pinned request pays when the next stream plays it, else expires (0.132ms)
✔ the channel save round-trips and survives garbage (0.4031ms)
✔ overlaps settle Control, then Chain Reaction, then Sharpshooter, then the weapon (0.1215ms)
✔ a style needs 40% of the kills, and is only worked out after 40 (0.1815ms)
✔ variety pays, repeats cost nothing, and the best case is +80% (0.1369ms)
✔ feats pay once each (0.3344ms)
✔ a style request asks for something playable and not recent (0.1463ms)
✔ raid preview shares the production arrival cooldown and viewer cap (0.089ms)
✔ prediction preview keeps one active poll and the real rest after an outcome (0.0871ms)
✔ mantling locks attacks and swapping without changing either gun's ammunition (2.6031ms)
✔ a death or voluntary respawn clears the mantle lock (0.6797ms)
✔ the mantle clock has ordered holster, grab, climb and equip intervals (0.5974ms)
✔ the path clears the wall vertically before moving across and never overshoots (0.8614ms)
✔ the frame is the manifest's own origin and chunk size (3.5163ms)
✔ every manifest chunk is the chunk its own bounds fall in (0.6816ms)
✔ chunk ids floor toward negative infinity (0.1606ms)
✔ the origin is the manifest's lat/long, and -Z is north (0.7728ms)
✔ the approximation lands within a few metres of the manifest's own corners (12.4905ms)
✔ a position report names every frame it prints (0.3138ms)
✔ a marksman aims 1.5 s with its laser, then hits a still player for 40 across the street (1.1893ms)
✔ the sniper and DMR answer the marksman in one or two at its range (0.2656ms)
✔ a sniper aims only from in front of the player, one at a time (0.1451ms)
✔ snipers at one player together fire no faster than one alone (0.6535ms)
✔ run armour absorbs before health and never regenerates with health (2.014ms)
✔ input boundary rejects malformed values and clamps movement (1.0183ms)
✔ the pistol reloads between magazines but never exhausts its reserve (0.7157ms)
✔ survival's machine gun has unlimited ammunition but still reloads every magazine, Fat Mags included (1.7822ms)
✔ shotgun magazines refill only from a finite reserve that spawns with two magazines (0.3215ms)
✔ infinite ammo permits firing after both reserve and magazine reach zero (0.2672ms)
✔ shared protocol schemas validate every client input boundary (0.1504ms)
✔ sprinting blocks fire until the weapon has come back up (0.3169ms)
✔ the sprint-stop window covers the posture and the raise it leaves behind (0.259ms)
✔ a sprint-fire pull winds the speed down to the walk it fires at (0.3204ms)
✔ the sprint weapon-raise never shortens a longer draw lock, and death clears the sprint (0.4181ms)
✔ a match runs on the limits it was configured with, and its clock running out ends nothing (0.1794ms)
✔ a configured lobby cap turns the extra player away (0.2339ms)
✔ the configured limits survive an empty lobby and a restart (0.2708ms)
✔ the shipped defaults are what a match with no configuration runs on (0.144ms)
✔ clampMatchRules refuses limits the rest of the game cannot serve (0.2325ms)
✔ a waiting server starts the match clock when the first player connects (0.1647ms)
✔ the lobby holds one runner and sanitizes display names (0.1202ms)
✔ weapon swap toggles the primary and the pistol while preserving each magazine (0.2138ms)
✔ a debug-equipped weapon resets to the run's starting weapon on respawn (0.1622ms)
✔ an enemy's kill leaves a death credited to nobody (0.1348ms)
✔ debug invincibility ignores all but forced damage (0.2061ms)
✔ firing stamps a server-owned radar reveal at the position the shot came from (0.1582ms)
✔ death clears the radar reveal so a corpse never keeps pinging (0.1084ms)
✔ merging an unread intent keeps the newest state and every press (0.2611ms)
✔ a refused shot names combat's reason, and says whether it passes on its own (#601) (0.232ms)
✔ an identical state reports nothing at all (2.5885ms)
✔ a death reports the life it ended and the return it reserved (0.925ms)
✔ a respawn is reported as its own transition, with the life it came back on (0.345ms)
✔ armor is reported at the moment it is spent (0.1946ms)
✔ joining and leaving are reported (0.2316ms)
✔ a death records its corpse and the body does not expire on a clock (0.2779ms)
✔ the enemy roster is reported as arrivals and departures (0.4527ms)
✔ a roster that only changed its targeting reports nothing (0.2082ms)
✔ a medic holds up every other enemy inside its radius, and no other medic (1.5758ms)
✔ regen waits out the delay after a hit, stops at the overhealth cap, and carries fractions (1.2257ms)
✔ the rules raise a mended enemy toward its cap and strip overhealth from one no longer listed (0.846ms)
✔ a knife hits the nearest enemy in reach and in front (1.1506ms)
✔ nothing behind or beside the player is knifed (0.1966ms)
✔ an enemy just out of reach straight ahead is lunged at; one off to the side is not (0.8032ms)
✔ a target in reach beats a nearer-looking lunge; walls and height rule enemies out (0.1573ms)
✔ the facing, not the lock, picks the target (0.1593ms)
✔ a lunge stops short of the target (0.1938ms)
✔ the knife kills outright except elites and bosses (0.194ms)
✔ an enemy that has done nothing is not on the map (1.3123ms)
✔ a dead enemy is never on the map, even under Maphack (0.1068ms)
✔ Maphack draws every living enemy at full strength (0.2949ms)
✔ an enemy close enough to hear is on the map without firing (0.1328ms)
✔ an enemy the player can see is on the map (0.1174ms)
✔ a shot puts an enemy on the map and it fades out (0.1635ms)
✔ a melee enemy squaring up gives itself away too, and standing still does not (0.0848ms)
✔ the strongest reason wins: a firing enemy standing next to you is solid (0.0873ms)
✔ footsteps follow ground material and sprint cadence without changing movement (0.748ms)
✔ landing compresses under half a degree and settles fully (0.1533ms)
✔ dash direction has equal reach sideways and forward, and rotates with yaw (0.5522ms)
✔ the base speed is Call of Duty 4's, converted once into metres (0.0806ms)
✔ each weapon carries Call of Duty 4's published mobility, hip and aimed (0.2736ms)
✔ posture and cheat multipliers compose into one ground speed (0.2ms)
✔ the movement direction is unit length forwards and zero when nothing is pressed (0.6273ms)
✔ strafing and backpedalling are slower than advancing, and bend a diagonal (0.1852ms)
✔ a jump reaches Call of Duty 4's own apex, and no further (0.3606ms)
✔ a grounded jump takes the impulse and a crouched one does not (0.1682ms)
✔ gravity integrates only while airborne, and identically at either tick rate (0.2594ms)
✔ the head region lies wholly inside the capsule, so regions cannot make a player bigger (0.1585ms)
✔ the head is a tenth of the silhouette a standing player presents (0.0672ms)
✔ the head follows the capsule top down into a crouch rather than staying where it was (0.0504ms)
✔ the Aimbot aim point is clear of the head region in both postures (0.0597ms)
✔ an eye height is inside the head, which is why nothing may aim with one (0.0624ms)
✔ the client catches a dash cooldown the server cut short (0.0799ms)
✔ both word lists hold fifty distinct words (0.9324ms)
✔ every name fits inside the cap that sanitizeName truncates at (0.2085ms)
✔ words are printable ASCII, so sanitizeName passes them through unchanged (0.8001ms)
✔ rolls index the two lists independently and stay in range (0.1542ms)
✔ a random name takes one adjective and one noun, in that order (0.4054ms)
✔ a ladder link reverses and a drop does not (0.7291ms)
✔ a link is never cheaper than the ground it replaces (0.2118ms)
✔ a jump across is one a walking player makes: inside the reach and under the height of a jump (issue #275) (0.1833ms)
✔ link kinds round-trip through their codes (0.4194ms)
✔ pending navigation keeps the safe old path and does not age an unanswered plan (22.4202ms)
✔ an unanswered first route waits safely; moving the target and resetting cancel obsolete requests (14.6528ms)
✔ body and floor points differ by the capsule's half height and round-trip (0.1811ms)
✔ pathLength measures across the floor only (0.1397ms)
✔ pathPassesNear measures to the legs, not only the corners (0.1554ms)
✔ pointAlongPath walks the legs and stops at the end (0.1475ms)
✔ the flat fixture map snaps within its floor, refuses the air, and walks round a hole (4.206ms)
✔ a new weapon card says it is new, what it does at level 1, and the slot it takes (2.1459ms)
✔ an upgrade card reads its level now and next (0.5514ms)
✔ the card that makes an evolution ready says it completes it (0.5955ms)
✔ a stat only moves toward an evolution whose weapon is held (0.2535ms)
✔ a new perk says so and counts the run's perk slots, 3 to start and more with Extra Perk Slot (1.2524ms)
✔ a card says how far it goes, and what the last slot closes off (0.3332ms)
✔ an evolved weapon's slot reads as its evolution (0.2493ms)
✔ Lucky's two levels show in the note and the next level (0.1902ms)
✔ a stat says what it helps, marking what the build holds (0.3632ms)
✔ slots: a maxed weapon has no next level, and a ready one says so (0.7333ms)
✔ the gun lists Rail Rounds and the view's build round-trips (0.305ms)
✔ there are eight zone areas, each of real polygons (0.6488ms)
✔ a point is inside a square and not outside it, and knows how far the edge is (0.2081ms)
✔ a lane is as wide as asked, all the way along (0.1306ms)
✔ the fence runs end to end along open ground and stops at buildings (20.6861ms)
✔ the heartbeat starts under 30% health and races towards death (1.4248ms)
✔ a snapshot is measured against the frame it answers for, not the newest one (1.3485ms)
✔ an acknowledgement between two predicted frames uses the newer one it covers (0.1283ms)
✔ drift is corrected and a teleport is snapped (0.139ms)
✔ an unanswerable acknowledgement snaps, but a stale one is ignored (0.1172ms)
✔ an acknowledgement newer than anything predicted is refused rather than mismeasured (0.1393ms)
✔ applying a correction shifts the frames predicted after it, so it is not counted twice (0.2358ms)
✔ an intent merge puts the server's jump a sequence later than the client's, and bounds the error that leaves (0.3668ms)
✔ history is bounded, keeping the newest frames (0.1562ms)
✔ a correction offset halves over its half-life and is dropped once invisible (0.2129ms)
✔ the room-clear beat punches in fast, eases back, and ends at rest (0.7987ms)
✔ kill-feed rows enter quickly and settle without overshoot (0.7828ms)
✔ low-ammo cue fires only when shooting across the quarter-magazine threshold (0.1397ms)
✔ a hit shakes in proportion to its damage, never past the cap, and not at all when turned off (0.2154ms)
✔ Admin deaths within two seconds chain into DOUBLE, TRIPLE and beyond; a gap starts over (0.1614ms)
✔ the SMG fires fastest, handles quickest and owns the first ten metres (3.1151ms)
✔ one DMR pull is a 3-round burst: a body burst leaves a soldier standing, a head burst does not (0.2115ms)
✔ roguelite reloads take one and a half times as long; every other mode keeps its own (2.2182ms)
✔ interaction picks the nearest candidate on the look ray and in reach (0.8746ms)
✔ a run wakes with the pistol alone, a plinth arms it, a clear refills it, and a reset takes it back to the pistol (1.9078ms)
✔ voluntary restart immediately clears a live run without a death or reserved respawn (0.3982ms)
✔ real deaths keep their summary delay; an explicit restart can leave that screen immediately (0.56ms)
✔ an enemy's room is the one the player stands in, or the live room when they are in none (0.2128ms)
✔ requests do no work and catch-up ticks cannot refresh the drawn-frame budget (0.9926ms)
✔ time and step limits stop the pump, with remaining owners first next frame (1.7663ms)
✔ dormancy, obsolete requests and fence resets close generators without applying their answer (0.2473ms)
✔ touched jobs still expire; abandoned jobs are removed and owner capacity is bounded (0.1657ms)
✔ a seeded stream repeats for its seed and labels, and differs for any other (2.3295ms)
✔ seeds print as eight hex digits and parse back from either form (0.3682ms)
✔ the sandbox map is the three pieces it is meant to be, and nothing else (0.8711ms)
✔ every box sits inside the ground plane's extent (0.2875ms)
✔ every committed mesh name resolves to the semantic class the generator recorded (631.2742ms)
✔ water, cables and drawn-only detail are the surfaces a body passes through (0.1244ms)
✔ a detailed building collides as its solid shell, not as the walls its windows are cut out of (0.1113ms)
✔ a fresh install still names the two things a reset touches (0.7684ms)
✔ every category at once fits the rows the panel builds (0.2536ms)
✔ a category with nothing in it is left out rather than listed as empty (0.1197ms)
✔ counts read as English at one (0.1125ms)
✔ the phase follows the run: menu, walking, fighting, a boss, and the end (0.4766ms)
✔ every phase asks for exactly one track, and a fight and a boss sit over the calm one (0.2738ms)
✔ death silences the score and the city, so the loss sting stands alone (0.7428ms)
✔ battle music follows confirmed outgoing and incoming shots, including misses (0.208ms)
✔ the battle layer expires while enemies remain alive, on the server clock (0.282ms)
✔ its plate takes a quarter of a front round, its back pays half again, a flank pays in full (0.9053ms)
✔ its beam sweeps its arc back and forth and never leaves it (0.9757ms)
✔ it locks when the beam crosses the player, and cannot turn to face behind its van (0.1974ms)
✔ the van parks across the street and the turret stands on its roof (0.4353ms)
✔ the shield covers its front arc and nothing behind or beside it (0.8508ms)
✔ frontal bullets cannot wear down a shield; a flank or blast can hurt it (0.473ms)
✔ the planted pistol charge opens the shield to frontal fire (0.2079ms)
✔ a frontal shield hit cannot wear down its pool or body (1.1745ms)
✔ the weapon table: rifles burst from long range, pistols fire fast from mid, shotguns hit hardest up close (1.274ms)
✔ every Soldier is deadlier than the Gunner it replaces (13 damage every 2 s, 90% up close) (0.1219ms)
✔ aim falls off with distance and with the target's movement (0.2505ms)
✔ a shotgun's pellets lose damage past point blank; rifle and pistol rounds do not (0.0803ms)
✔ an aim and the cadence gate every volley (0.0918ms)
✔ the shot-token budget caps guns on the player at once, keeps a close shotgun's spare, and takes back stale tokens (0.3014ms)
✔ a Soldier picks a spot in its own band, beside cover, off another's line of fire (0.7007ms)
✔ encounter entries carry their kind, numbered on from the run's count, and spawn with their kind's health (0.1718ms)
✔ squad spacing is each Soldier's distance to its nearest squadmate, averaged, and the smallest of them (0.1377ms)
✔ a Soldier will not stand on a squadmate's spot, and holds its own range inside its band (0.273ms)
✔ a shotgun waiting its turn to push holds a mid ring; the other guns are unchanged (0.1355ms)
✔ a Soldier that can route nowhere asks again after a growing wait, not every tick (0.3841ms)
✔ a stranded squad's route queries stay inside one tick's budget plus one pick (1.39ms)
✔ the spawn clearance keeps two standing capsules apart, and every ring position clears the point it surrounds (1.1957ms)
✔ a spawn point is occupied by a standing body within the clearance on the same floor, and by nothing else (0.123ms)
✔ a taken spawn stands the player at the first clear, standable ring position, and gives up only when every one is taken (0.1996ms)
✔ a body that has not moved and is still pushing the same way skips the climb (0.4269ms)
✔ any movement at all, or any change of push, misses (0.1219ms)
✔ a memory is retried rather than trusted for ever (0.1708ms)
✔ a motion that has slid away to nothing is not worth a collision (0.459ms)
✔ a new save owns the kit's two streaks in two slots (0.8924ms)
✔ testing unlock exposes the full roster and five slots, then restores purchased slots (0.243ms)
✔ slot cards add slots up to five; Double Earn needs Streak Stack (0.0917ms)
✔ buying RC-XD before a third slot is the first real choice: it waits outside the loadout (0.2115ms)
✔ a slot takes any owned streak, swapping one already equipped, and can be emptied (0.1174ms)
✔ the ladder is the loadout by cost, keys 1 to N cheapest first (0.0726ms)
✔ Hardline cuts 15% a rank, rounded, never below 2, and two never share a cost (0.0908ms)
✔ the loadout travels in the run command and in the save (0.4374ms)
✔ ban wave is fixed per account and shop ranks extend it (0.6552ms)
✔ new account starts from an audience and a share of the last account (0.1285ms)
✔ one account wins at a million and keeps the best score after losses (0.1993ms)
✔ a killstreak ride death loses less audience (0.6384ms)
✔ growth cards make the same viewer moment earn more followers (0.116ms)
✔ respawn selects the nearest clear street point (0.294ms)
✔ the pools are large, short and free of duplicates (1.1203ms)
✔ a viewer keeps one colour (0.3318ms)
✔ templates take the streak and cheat names (0.1564ms)
✔ lines never arrive closer than the minimum gap, even in a flood (2.8948ms)
✔ background chatter keeps talking with nothing happening (0.2953ms)
✔ chat reacts to the event it was told about, a little late like real chat (0.2256ms)
✔ a more important event jumps the queue (0.1037ms)
✔ a raid brings a burst of its own viewer names (0.1434ms)
✔ poll bets and results reach chat with cheers and roasts (0.2878ms)
✔ big-play events produce authored bursts while preserving the chat pace (0.69ms)
✔ headline emotes form bounded waves and a repeat grows the combo (0.261ms)
✔ death has its own emote and Settings can silence emote waves (0.3854ms)
✔ a long quiet stretch gets called out (0.4813ms)
✔ stale reactions are dropped instead of arriving late (0.5948ms)
✔ kills close together become one multi-kill (0.2926ms)
✔ older lines are fainter and old lines fade out (0.0905ms)
✔ the small channel's chat is about 600 lines, all short (0.7619ms)
✔ regulars greet the stream and remember the dog deaths (3.589ms)
✔ tips and challenges arrive at once as their own kinds of line (0.3077ms)
✔ a big channel is a fast swarm, and mods strike the spam (0.8672ms)
✔ chat teases a repeated build and cheers a new one, never naming a style (0.4814ms)
✔ disabling emotes clears a pending wave and stops swarm glyph chatter (0.3829ms)
✔ a captured clip gets a short chat call and its viral follow count (0.1722ms)
✔ one big play clips, goes viral later, then waits out the cooldown (1.2108ms)
✔ sniper pressure scales with live audience (0.9158ms)
✔ each sniper has a visible cheat kit, respawn threshold and audience (0.3712ms)
✔ bot kills transfer viewers and killing a sniper has a bigger swing (1.289ms)
✔ a sniper quits after tier-based viewer loss from its highest audience (0.1342ms)
✔ outdraw requires a sustained lead and leaves with a bounded audience chunk (0.1622ms)
✔ the sniper targets a nearby regular bot and its hit has no player attribution (0.2161ms)
✔ rarity follows the weights, over the tiers unlocked only (2.4046ms)
✔ a blue card is a weapon or perk; higher cards deal an exclusive one tier above its own (0.3287ms)
✔ every crate offer has at least three distinct valid choices as pools drain (3.8762ms)
✔ crate armour plate is repeatable and only comes from a crate offer (0.2824ms)
✔ crates come often early and ease off: one curve (0.3207ms)
✔ the jitter bag holds evenly spaced factors around 1 (0.9649ms)
✔ each later gap is the pace at that minute, jittered by a marble (0.6829ms)
✔ each bagful deals every marble once before any repeats, and refills when empty (0.4943ms)
✔ the first crate comes 30-60 s in (0.3135ms)
✔ a dropped crate falls, bounces and settles on the floor, never above or below it (1.4276ms)
✔ a crate that drifts into a wall bounces off it and still settles on the floor (0.2611ms)
✔ Better Loot moves odds from blue to purple (0.2574ms)
✔ compound names resolve to the surface a bullet actually strikes (2.1723ms)
✔ classification ignores the case a source material happens to be named in (0.1326ms)
✔ an unrecognised material falls back to the default rather than failing (0.1102ms)
✔ every rule names a real surface family and matches on lower-case tokens (0.2805ms)
✔ a name that says what it is made of beats a name that only implies it (0.143ms)
✔ no rule's tokens are shadowed by an earlier rule's (0.9864ms)
✔ isSurfaceKind accepts exactly the published families (0.1359ms)
✔ an asset's triangles group into one entry per surface family (0.7755ms)
✔ adjacent runs of one family become a single range (0.1847ms)
✔ a family that reappears later joins the group it opened (0.2256ms)
✔ empty runs and an empty asset produce no group at all (0.1234ms)
✔ the penetration table answers for every surface family, and reads as thin versus structural (0.1696ms)
✔ penetration cost rises with how solid the family is (0.0957ms)
✔ a stream's tips go into the wallet whole, with the shelf's next cards (1.3505ms)
✔ floor rewards collect once, expire, and only pull visually toward a nearby player (0.2708ms)
✔ quick pickup chains rise by at most three semitones and reset after a gap (0.2649ms)
✔ a new save is the kit: three cards a box, no rerolls, no radar, finite ammo, the base streak pair (1.0777ms)
✔ owned cards change the run (1.0659ms)
✔ a broken or old save is a fresh save, and a good one survives a round trip (0.6224ms)
✔ a run's cards fit a survival command, and come back as they went (0.413ms)
✔ repeatable Stream Boost survives save reloads and increases future income (0.2272ms)
✔ account shop ranks tune follower growth, starting audience, carryover and ban delay (0.2387ms)
✔ a roster names every enemy once, a special by its kind and a gun as a soldier (1.6919ms)
✔ an enemy spawns with its kind's health and takes every bullet in full (1.3626ms)
✔ the roster holds exactly what the run placed, whatever the player's risk (0.3593ms)
✔ an enemy whose health empties dies and leaves the roster, recorded as admin.died (0.5726ms)
✔ an enemy keeps its wounds: no regeneration however long it waits (0.3981ms)
✔ enemies hunt a player with no exposure, at any distance, and a dead one breaks the commitment (0.3435ms)
✔ removing the encounter drops every enemy as a despawn, not a death (0.3216ms)
✔ an enemy arrives before it acts (0.1432ms)
✔ a dropped grenade clinks off the floor, bounces, then rolls to rest on it (2.1204ms)
✔ a wall sends it back (0.4372ms)
✔ paths play back between keyframes and hold at the end (0.7478ms)
✔ a tick's rays are granted up to the limit and refused after it, and counted either way (1.2012ms)
✔ a new player has no reload, no queued pull, no wind-down, no latch and no shot yet (1.336ms)
✔ a reload starts once, completes into the magazine and clears (0.8647ms)
✔ a magazine inserts once before the ready frame and survives a later cancel (0.2414ms)
✔ a reload for a weapon that is not in hand is refused (0.1015ms)
✔ a cancelled reload clears without moving a round, and cancelling nothing is a no-op (0.0982ms)
✔ a fired round stamps the cadence clock (0.085ms)
✔ queued pulls and the sprint latch toggle, and repeating a value returns the same state (0.1954ms)
✔ death clears every per-life trigger fact, and a respawn keeps the cadence clock (0.3073ms)
✔ one shotgun shell samples eight pellet rays without multiplying its total damage (1.0816ms)
✔ every weapon category has its own hip-fire cone, and the sights close it (0.1332ms)
✔ aiming is pinpoint on every weapon but the shotgun (0.2042ms)
✔ firing displaces the view, and the view settles back to the shooter's own aim (0.7686ms)
✔ movement, crouch, sustained fire, and recovery use each category's authoritative tuning (0.3251ms)
✔ authoritative dispersion samples stay inside the current cone (0.1979ms)
✔ reticle projection represents the same authoritative cone angle (0.0836ms)
✔ a round's climb and its wander are drawn separately, in Call of Duty 4's proportions (0.2154ms)
✔ the wander settles back to the shooter's own aim from either side (0.1727ms)
✔ every Call of Duty 4 weapon's falloff is that game's, ranges verbatim and floors as a ratio (0.6842ms)
✔ the sniper rifle is the one weapon whose damage never degrades (0.2065ms)
✔ damage is held to the full-damage range, interpolated, then floored (0.1158ms)
✔ reaching the floor costs each weapon a stated fraction of its damage (0.1877ms)
✔ a shotgun shell falls off pellet by pellet, on each pellet's own reach (0.0992ms)
✔ a hit too small to feel is not a hit at all (0.0971ms)
✔ reach stops being a balance number and effective range takes its place (0.429ms)
✔ a sniper body shot no longer kills, and the rifle keeps its identity in reach instead (0.1116ms)
✔ a headshot is worth 1.5x on every weapon that rewards precision, 2x on the DMR, and nothing on the shotgun or the launcher (0.1284ms)
✔ the head multiplier composes with the falloff rather than replacing it (0.1096ms)
✔ a headshot cannot rescue a hit too small to feel (0.0529ms)
✔ cover a round crossed composes with the falloff and the head multiplier (0.1097ms)
✔ a round that cover reduced below the registration floor lands as nothing (0.0687ms)
✔ a Buckshot shell buys back the one-shot kill #304 took, at the range every pellet still fits (0.0693ms)
✔ a Buckshot pellet keeps the rifle's head multiplier and its refusal to fall off (0.0634ms)
✔ the Buckshot cone is what limits the shell's range, and it is the shotgun's own width (0.158ms)
✔ weaponShell is every weapon's own round, so an ordinary shot is unchanged (0.1583ms)
✔ a shot-down flier spirals and lurches down, never through the street, and lands when it should (2.6441ms)
✔ its rotors sputter as it falls and stop when it hits (0.1697ms)
✔ it bounces and skids on the street, bursts when the skid runs out, then lies a moment (0.0983ms)
✔ one killed on the street skids and bursts at once; a fall has a floor (0.4216ms)
ℹ tests 702
ℹ suites 0
ℹ pass 702
ℹ fail 0
ℹ cancelled 0
ℹ skipped 0
ℹ todo 0
ℹ duration_ms 3690.358
[11/12] game-rules: ok in 6.7 s

[12/12] godot-cli

> @godmode/godot-cli@0.1.0 test D:\work\godmode-roguelite-worktrees\land-livetube-juice-20261007\tools\godot-cli
> pnpm run build && node --test dist/test/unit/**/*.test.js dist/test/fake-engine/**/*.test.js


> @godmode/godot-cli@0.1.0 build D:\work\godmode-roguelite-worktrees\land-livetube-juice-20261007\tools\godot-cli
> node -e "require('node:fs').rmSync('dist/test',{ recursive: true, force: true })" && tsc -p tsconfig.json

✔ concurrent screenshots for one project are serialized (488.6931ms)
✔ concurrent screenshots across different projects are also serialized (433.3511ms)
✔ game play still blocks when a launch-critical resource remains unimported (246.2875ms)
✔ game play starts nothing when compilation fails (199.9101ms)
✔ stale process records never signal an unrelated live process (383.4324ms)
✔ invalid Godot executable returns a versioned failure (99.5424ms)
✔ screenshot timeout kills a hung Godot process and reports diagnostics (871.6105ms)
✔ a frame-time window outside its bounds is refused before anything is measured (288.4431ms)
✔ project import refreshes source assets with existing cached outputs without starting the game (523.8814ms)
✔ project import reports a versioned failure when assets stay unimported (260.8158ms)
✔ game export imports first, creates the output directory, and proves the file was written (324.5844ms)
✔ game export runs an optional project export check before importing or packaging (236.7611ms)
✔ game export without --output writes where the preset's own export_path points (465.9791ms)
✔ game export drains the deferred character-GLB backlog instead of handing it to the exporter (284.637ms)
✔ project import still defers the character-GLB backlog rather than draining it (226.7419ms)
✔ a fault on the first import attempt is not reported once a later attempt exits cleanly (136.4988ms)
✔ game export gives up on a backlog that never drains rather than launching the engine forever (354.2987ms)
✔ game export fails loudly when Godot exits cleanly but writes nothing (253.283ms)
✔ game export reports a missing preset file rather than launching Godot (46.0375ms)
✔ an export retries when the engine crashes reimporting, and gives up on a real export failure (558.2627ms)
✔ game export refuses stale cached sources after an import fault and packages their refresh (760.5144ms)
✔ runtime action exits non-zero on a refusal unless the caller allows it (#597) (210.6294ms)
✔ runtime action waits out a notReady refusal and never excuses an invalid one (#601) (1173.292ms)
(node:11228) [DEP0190] DeprecationWarning: Passing args to a child process with shell option true can lead to security vulnerabilities, as the arguments are not escaped, only concatenated.
(Use `node --trace-deprecation ...` to show where the warning was created)
✔ a capture refuses when the project's capture:check fails (249.7123ms)
✔ --allow-unchecked skips the check, and a passing check lets the capture through (187.0779ms)
✔ a project without capture:check, or without a package.json, captures as before (3.4215ms)
✔ shader baking retains the GPU during export; ordinary exports stay headless (1.5672ms)
✔ Windows imports and pending macOS HDR imports use a GPU; Linux imports stay headless (0.3088ms)
✔ a capture tells the runner the window it wants, not only the engine (0.2714ms)
✔ macOS keeps a small window edge drawable and can request Compatibility (0.1625ms)
✔ pngDimensions reads a real PNG's IHDR and refuses anything else (75.1351ms)
✔ parseGlobalOptions separates global flags (0.2841ms)
✔ takeOption removes a named option (0.1612ms)
✔ managed game instance names are safe for process files (0.2925ms)
✔ game play plan compiles before launching a client on the main menu (0.5641ms)
✔ scene create, inspect, and edit form a safe local flow (5.5786ms)
✔ scene parser accepts attribute order and editor rejects unsafe structures (4.8107ms)
✔ project path validation reports missing and invalid projects (0.9944ms)
✔ versioned command envelopes validate success and failure output (0.1677ms)
✔ projectInfo reads Godot metadata and scenes (3.7929ms)
✔ runtimeInspect reads a development bridge snapshot (20.4544ms)
✔ runtime inspection filters nodes and runtime actions post JSON (19.8195ms)
✔ managed capture targets the named instance inspection bridge (9.2835ms)
✔ leasePort returns a usable port even before this machine has any managed-process state (31.8374ms)
✔ leasePort retries past a port already held by a live managed instance (1043.3807ms)
✔ leasePort retries past a live instance whose start token could not be read (547.9328ms)
✔ leasePort reuses a port recorded by a no-longer-owned (stale) instance without retrying (390.988ms)
✔ resolveInspectionUrl addresses a run by --instance instead of a bare port (5.3329ms)
✔ a record a machine-wide listing removes leaves a note saying who removed it and why (1971.1695ms)
✔ game stop leaves a note for both a stale record and a real stop (2755.3071ms)
✔ a record that exists but cannot be read reports the read error and no removal (3.9517ms)
✔ readProcessStartToken says why no token came back (822.5997ms)
✔ game ps lists live and stale instances scoped to their own project, and --all spans every project (1940.4252ms)
✔ game ps --all keeps a live record whose start token could not be read, and removes only proven-stale ones (3497.4956ms)
✔ game stop neither signals nor forgets an instance whose start token could not be read (2495.539ms)
✔ the Windows start token comes from CIM rather than the removed wmic (0.2195ms)
✔ termination escalates from a graceful attempt to a forced one on both platforms (0.1059ms)
✔ the build plan uses the shell only for the Windows pnpm shim (0.1672ms)
✔ processStartToken reads a live process and reports a dead one as null (805.5072ms)
✔ currentPlatform matches the host this suite is running on (0.2234ms)
✔ export presets are read from the file in order, ignoring unnamed entries (0.267ms)
✔ a preset's export_path names the artifact, and options blocks cannot supply one (0.2813ms)
✔ a preset's platform and options are read together, bounded by the next section (0.26ms)
✔ a Windows preset asking for D3D12 expects the Agility SDK runtime under its arch directory (0.1982ms)
✔ an explicit Yes stages the runtime whatever the project's renderer says (0.1024ms)
✔ multiarch off puts the same runtime beside the binary instead of under an arch directory (0.1097ms)
✔ D3D12 export set to No, or a non-Windows preset, expects no runtime at all (0.0841ms)
✔ D3D12 export left on Auto follows the project's renderer settings (0.0596ms)
✔ a complete Agility SDK runtime beside the binary reports no missing files (3.9547ms)
✔ a missing Agility SDK runtime is named file by file, with the rename as the remedy (2.5078ms)
✔ a preset that asks for no runtime is complete with nothing staged (0.1555ms)
✔ export templates resolve under the exporting account's APPDATA, keyed by version without the build suffix (0.3757ms)
✔ a self-contained editor keeps its export templates in editor_data beside itself (0.2701ms)
✔ export templates follow the host's data directory, and a preset's custom template overrides them (0.3074ms)
✔ a missing runtime names the templates directory and which arch-qualified sources it holds (3.2691ms)
✔ contained paths reject Windows escapes that leave no '..' behind (0.4025ms)
✔ contained paths behave the same way under POSIX semantics (0.1413ms)
✔ an import launch that hangs is stopped by its own timeout and named as one (935.8112ms)
✔ a drain that keeps making progress still stops at its wall-clock budget (379.6496ms)
✔ a drain clamps each launch to the budget it has left rather than overrunning it (1026.2987ms)
✔ a session id is required rather than defaulted, and validated when given (0.3872ms)
✔ session cleanup matches engines by session, and never the caller that named it (46.9685ms)
✔ a session id that is a prefix of another session's id does not match it (124.9947ms)
✔ an engine whose path contains a space is still found (58.3417ms)
✔ the editor carries its session stamp like any other started engine (0.3491ms)
✔ a process listing that cannot run fails loudly instead of reporting no engines (2.5201ms)
✔ reapProcessState removes logs and directories no live instance can reach (11.6514ms)
✔ reapProcessState spares a live instance's files however old they are, and anything recent (1630.5576ms)
✔ a restart neither replaces nor forgets an instance whose start token could not be read (1213.3118ms)
✔ reapProcessState spares an old live instance whose start token could not be read (841.9104ms)
✔ reapProcessState clears stale session heartbeats but never touches _global (6.3668ms)
✔ reapProcessStateIfDue walks the root at most once per interval (7.9508ms)
✔ leasePort still returns a checked port when the allocation lock is held by a live process (1292.4173ms)
✔ reapProcessState leaves a directory a start has just created, however empty it is (3.8922ms)
✔ a record's owner is verified, so a recycled pid cannot pin a directory's files forever (429.0509ms)
✔ the machine-wide scan still finds a live holder among many project directories (1052.6276ms)
✔ a start whose state directory is reaped mid-launch re-creates it instead of failing (5.1888ms)
✔ a reap that cannot run reports nothing rather than failing the teardown that triggered it (3.2177ms)
✔ a forced pass that uncovers a backlog is allowed to converge, not called stalled at once (623.227ms)
✔ frame-time percentiles are nearest-rank over real frames, never interpolated (0.4163ms)
✔ a wrapped ring reports exact whole-window counters and says the percentiles are a tail (0.2752ms)
✔ frame times are flagged when a cap, not the frame, decided how long it took (0.4938ms)
✔ a bridge that missed frames says so, rather than reporting the ones it caught as the whole window (0.1563ms)
✔ a window whose first frames ran slow is called out rather than reported as frame cost (0.2349ms)
✔ runtime frames brackets a window with a reset and a read instead of polling (48.0888ms)
✔ runtime frames names a bridge that cannot measure rather than reporting an empty window (3.2315ms)
✔ a window in which nothing was drawn fails loudly instead of reporting zeroes (42.4792ms)
✔ a stale cached character cannot be deferred or accepted after an importer fault (156.0105ms)
✔ HDR settings timestamps request rendering without stranding a current atlas (99.3646ms)
✔ an import failure says what happened and that running it again usually works (0.2428ms)
✔ a refused runtime action is reported as a failure, not as applied (#597) (11.0681ms)
✔ a refusal's kind says whether to wait or to fail (#601) (222.0559ms)
✔ live captures preserve the default and accept bounded review resolutions (1.4051ms)
✔ recording stays bounded and uses a container that preserves fine edges (1.4562ms)
✔ window input bounds keys, clicks, duration and console text before sending anything (1.2511ms)
✔ an exported run never supplies --path or --script and retains managed cleanup (3071.4829ms)
✔ exports refuse inspection and scene overrides before launching (0.6091ms)
✔ session end finds arbitrary export names without matching a shell mentioning them (169.9006ms)
ℹ tests 118
ℹ suites 0
ℹ pass 118
ℹ fail 0
ℹ cancelled 0
ℹ skipped 0
ℹ todo 0
ℹ duration_ms 26938.0739
[12/12] godot-cli: ok in 28.6 s

────────────────────────────────────────────────────────────────────────
  ROOT SUITE  OK

  steps run:   12 of 12
  passed:      12
  failed:      0
────────────────────────────────────────────────────────────────────────
