
> godmode-exe@ build:scripts D:\work\godmode-roguelite-worktrees\land-livetube-emotes-final-20261007
> node tools/build/write-build-info.mjs && pnpm --filter @godmode/game-rules build && pnpm --filter @godmode/godot-cli build && tsc -p tsconfig.json


> @godmode/game-rules@0.1.0 build D:\work\godmode-roguelite-worktrees\land-livetube-emotes-final-20261007\packages\game-rules
> node -e "require('node:fs').rmSync('dist/test',{ recursive: true, force: true })" && tsc -p tsconfig.json


> @godmode/godot-cli@0.1.0 build D:\work\godmode-roguelite-worktrees\land-livetube-emotes-final-20261007\tools\godot-cli
> node -e "require('node:fs').rmSync('dist/test',{ recursive: true, force: true })" && tsc -p tsconfig.json


> godmode-exe@ test:unit D:\work\godmode-roguelite-worktrees\land-livetube-emotes-final-20261007
> node --test tests/unit/*.test.mjs

✔ the same account simulation is repeatable and ends at its ban wave (12.6501ms)
✔ the first sniper arrives early enough for a new player to notice (2.4506ms)
✔ shop purchases obey shelf availability and wallet balance (0.3107ms)
✔ a bigger starting audience changes sniper pressure through the real tier rules (6.1533ms)
✔ account progression records the goal and does not erase prior gains (47.4769ms)
✔ a cloaker's wind-up draws back into its tell and holds it (1.3839ms)
✔ the juggernaut commander poses its roar and slam only once it has dropped its gun (0.7003ms)
✔ only the cloaker poses its attack; every other kind keeps its own clips (0.1792ms)
✔ a flinch snaps back, eases upright, and is still outside its window (0.1665ms)
✔ all eight travel directions follow rendered facing at every world heading (2.0221ms)
✔ turning the actual body changes local travel without changing world velocity (0.1302ms)
✔ diagonal stride speed uses mixed source travel and scaled native limb length (0.1367ms)
✔ directional lower-body blending leaves shooting joints alone (0.277ms)
✔ movement angles are read against the body's facing, right being -X at yaw 0 (0.7515ms)
✔ a body squared up to its target gets the gait for the way it walks (0.9884ms)
✔ one stray snapshot does not flick a walking body to idle or sideways (0.1714ms)
✔ a diagonal just past the sector edge keeps the current gait (0.1566ms)
✔ a gait is held for its minimum time before it changes (0.234ms)
✔ the stride speed glides instead of following each noisy snapshot (0.2379ms)
✔ a resting patrol pose is reused only while all replicated state is unchanged (0.3651ms)
✔ confirmed outcomes rise above ordinary hits and stream cues (0.9965ms)
✔ tip clears ambience briefly but stays below combat on the stream bus (1.1649ms)
✔ stronger outcomes suppress a weaker duplicate onset, not the next shot (0.826ms)
✔ combat transient ducks the stream and ambience, then releases (0.2171ms)
✔ drone retains 1.4 Hz / 30% strobes and its hunting lens colour (1.2365ms)
✔ only broken plates or a stun expose commander shells; only hover lights engines (0.1923ms)
✔ all nine rebuilt assets contain authored signal/belt surfaces and match provenance (57.5976ms)
✔ barrier runtime meshes stay within budget and bind to approved raw hashes (52.1073ms)
✔ all thirteen runtime props retain the approved #950 geometry and flat colours (26.4921ms)
✔ the muted-red newspaper colourway preserves glass and repaints only the warm body cluster (16.1624ms)
✔ the slate newspaper colourway preserves glass and repaints only the warm body cluster (9.9285ms)
✔ map preview GLBs preserve VEC4 flat vertex colours (0.749ms)
✔ bits read back in the order they were written, across byte boundaries (1.7203ms)
✔ a run of booleans costs one bit each (0.2316ms)
✔ variable-length integers round trip across every group boundary (0.234ms)
✔ signed integers round trip, and a small negative costs what a small positive costs (0.1847ms)
✔ a double round trips bit-for-bit (0.2992ms)
✔ fixed point represents zero exactly (0.1994ms)
✔ fixed-point error stays inside half a step (0.3621ms)
✔ a value outside the fixed-point range clamps rather than wrapping (0.3029ms)
✔ negative fixed-point values round trip through two's complement (0.1844ms)
✔ strings round trip, including non-ASCII and a lone surrogate (0.4647ms)
✔ UTF-8 encoding matches the platform's own, for everything well-formed (0.2194ms)
✔ malformed UTF-8 decodes to replacement characters instead of throwing (0.1174ms)
✔ reading past the end reports an overrun rather than inventing data (0.7502ms)
✔ a truncated string is refused rather than allocated against (0.0677ms)
✔ abort poisons the reader so one overrun check at the top rejects the packet (0.0609ms)
✔ the writer grows past its initial capacity without losing bits (1.9311ms)
✔ a package that tests from dist clears dist/test before it compiles (1.7736ms)
✔ test builds once, before any step that reads compiled output (1.4733ms)
✔ the root scripts test runs do not compile again (0.4582ms)
✔ test:integration builds once, before any step that reads compiled output (0.2851ms)
✔ the root scripts test:integration runs do not compile again (0.1554ms)
✔ mixed survey winding is repaired without moving the wall plane or mutating collision inputs (1.8436ms)
✔ masonry has open glass apertures and actual inward-facing 28 cm reveals (4.9912ms)
✔ continuous ground-floor base is cut around doors and follows a clipped facade (3.033ms)
✔ a waterfront landing's replaced building keeps no masonry inside the landing footprint (147.842ms)
✔ a rusticated base lays channelled courses up to the belt course, still cut around doors (2.4859ms)
✔ building tones use stable semantic names across chunk-local feature ids (1.2959ms)
✔ tone assignments cover exactly each range and all four finishes are reachable (1.0951ms)
✔ stride lookup retains the full new humanoid slug (0.7099ms)
✔ the minimap is heading-up: what the player faces plots straight up (1.1574ms)
✔ a wallhack box bounds its corners and clamps to the screen (0.7348ms)
✔ no wallhack box for an Admin behind or beside the camera, or centred off screen (0.6755ms)
✔ Wallhacks boxes fully inside its reach, faintly past it, and not at all far off (0.2246ms)
✔ curtain grids fit smaller towers, preserve identities and keep far members above a pixel (1.5446ms)
✔ horizon geometry is bounded, nondegenerate and entirely outside the arena barrier (4967.5625ms)
✔ river faces upward at the survey sea datum, and the landmark is a two-tower suspension span (8.3756ms)
✔ the horizon survey regenerates from retained source data without a network request (4498.9069ms)
✔ horizon tour poses stand on retained ground samples inside the C outline (1.3685ms)
✔ transport presentation preserves waterfront decks and optional upper-face filtering (0.3603ms)
✔ the map's own vehicles draw the approved models in flat palette colours, in their original +X frame (0.2074ms)
✔ all horizon eye poses clear source vehicles and the rule-placed parking boxes (413.178ms)
✔ a download is named by its pack folder and file, with no slash Godot would refuse (0.7838ms)
✔ assault: every state the game ships says where it comes from, and every clip it names is retained (17.506ms)
✔ breach: every state the game ships says where it comes from, and every clip it names is retained (22.1517ms)
✔ marksman: every state the game ships says where it comes from, and every clip it names is retained (20.2001ms)
✔ a state the catalog compiler replaces is credited to what it is made from, not its listed file (0.8374ms)
✔ a clip the game plays backwards is marked as reversed (0.1942ms)
✔ a clip retargeted from another character's download does not credit this character's file of the same name (0.1336ms)
✔ commander armor ships five independent textured meshes with recorded approved bytes (6.1152ms)
✔ removed survival platform families contribute no visual, collision or navigation boxes (3.0309ms)
✔ only the round that breaks a real plate confirms armour break to its attacker (1.4538ms)
✔ one blast breaking several plates confirms once; debug and unattributed damage do not (1.0193ms)
✔ concept capture refuses 06,06 before calling the game (91.4741ms)
✔ concept capture refuses missing before calling the game (147.5927ms)
✔ concept capture refuses an explicitly stale source before calling the game (286.895ms)
✔ a marker survives its own format and nothing else passes for one (1.8016ms)
✔ a marker left at launch is a crash, and no marker is a clean quit (0.2472ms)
✔ a clean quit deletes only the marker it wrote (0.1236ms)
✔ session ids differ by start and by process (0.1613ms)
✔ Godot's rotated logs are found newest first, without the live one (0.2852ms)
✔ a short log comes back whole (0.3239ms)
✔ a long log read whole keeps its first 20 and last 300 lines and says what it skipped (1.1302ms)
✔ a log read at both ends drops the line the tail read landed inside (0.3409ms)
✔ a chunk read from mid-file skips the torn character rather than decoding it (0.2728ms)
✔ an oversized attachment keeps its end, in whole characters, under the byte limit (0.4241ms)
✔ the last error line is the newest ERROR or engine error (0.2124ms)
✔ the message names the session, build, machine and last error, and fits Discord (0.2899ms)
✔ missing logs are said in the message and not attached (0.1784ms)
✔ the webhook body is multipart with payload_json and one files[n] part per attachment (0.4887ms)
✔ a body containing its boundary is refused (0.2265ms)
✔ boundaries are long and hex (0.1557ms)
✔ only an export uses the committed URL; an override reaches any run (0.1032ms)
✔ kerbstone top and footway partition the original grade without stacked surface overlap (1.1443ms)
✔ the damage arc keeps the old wedge's timing: 900 ms up, solid for the first half (0.7378ms)
✔ the red pulse keeps its 0.32 start easing out over 320 ms (0.1368ms)
✔ the arc is thin and short, tapers at its tips, and never folds into duplicate points (0.9601ms)
✔ debug_spawn_encounter accepts every enemy kind (1.3295ms)
✔ debug_character_detail accepts exactly the character-detail settings (5.83ms)
✔ debug_lighting accepts exactly LightingOptions, plus the antialiasing mode (4.1377ms)
✔ debug_lattice_study accepts exactly the fields read by its fixture (0.8176ms)
✔ every debug_* handler has an entry in the accepted-field table (2.1623ms)
✔ the table lists every field its handler reads (1.9844ms)
✔ the table lists no field its handler never reads (1.8228ms)
✔ a misspelled field is refused, and the reply says what the action takes (0.2482ms)
✔ an action with no entry, and an empty payload, are left alone (0.1322ms)
✔ DEBUG registry has unique controls, storage keys and grouped choices (2.1011ms)
✔ DEBUG settings persist and reject invalid stored values (0.3226ms)
✔ trainer fits supported desktop aspect ratios with room for its taskbar (1.1581ms)
✔ dragging cannot strand window controls off screen or under the taskbar (0.1619ms)
✔ default window preserves the approved reference proportions (0.0859ms)
✔ the manifest says its free-tier output may not ship (0.8887ms)
✔ every entry is a request the sound-effects API accepts (0.7864ms)
✔ nothing is generated for a sound the original game has (0.15ms)
✔ no two entries write the same file (0.1246ms)
✔ every sound in assets/audio is a recorded derivative (derivatives.json) or generated from the manifest (6.5164ms)
✔ every file the manifest writes is committed (4.7378ms)
✔ every downloaded music track records where it came from and a licence that allows the game (0.391ms)
✔ grunt uses the native nine-frame shot, restarting for each real burst round (0.8301ms)
✔ native shot window includes the full motion and restarts from each replicated round (0.1683ms)
✔ native deaths use reproducible supported full-body fall clips (0.7617ms)
✔ native death plays the full source fall before sinking and cleanup (0.6385ms)
✔ moving fire and hit reactions never replace pelvis or leg gait tracks (0.2587ms)
✔ each ranged enemy has a flash profile while lobbers and melee never emit false bullet tracers (1.0715ms)
✔ spatial radio calls choose their nearby officer or commander, not a grunt or distant voice (0.7879ms)
✔ radio hand blends in and releases without a permanent override (1.0331ms)
✔ slam native contact and recovery fit existing authority timing (0.3431ms)
✔ stun holds recoil before the death fall; pistol sits beyond shield's right edge (0.825ms)
✔ commander and minigun accelerate, coast and count each authoritative stamp once (0.8806ms)
✔ late snapshots do not fabricate feed/recoil or shots (0.1602ms)
(node:47344) [MODULE_TYPELESS_PACKAGE_JSON] Warning: Module type of file:///D:/work/godmode-roguelite-worktrees/land-livetube-emotes-final-20261007/scripts/environment_modules/module_contract.ts is not specified and it doesn't parse as CommonJS.
Reparsing as ES module because module syntax was detected. This incurs a performance overhead.
To eliminate this warning, add "type": "module" to \\?\D:\work\godmode-roguelite-worktrees\land-livetube-emotes-final-20261007\package.json.
(Use `node --trace-warnings ...` to show where the warning was created)
✔ furniture fronts share the kerb band and leave a full walking lane on narrow footways (0.7665ms)
✔ lamp clearance catches bed interiors and rotated planter edges (5.2369ms)
✔ bent branches share closed joint rings and outward terminal caps (1.7835ms)
✔ closure footings follow sloped and stepped paving with a closed buried contact skin (3.4086ms)
✔ closure clearance catches a fence crossing between clear endpoints (0.1966ms)
✔ every park walk uses surveyed top caps, never the terrain underside (4832.8452ms)
✔ roof service ducts close at cabinet ports and flashed penetrations (6.8036ms)
✔ nearby bench and bin approaches overlap instead of leaving a narrow grass strip (0.9608ms)
✔ all park and furniture paving joins have a single cap owner (26.0075ms)
✔ waterfront details reach Pier 1 and paving stays on finite ground within C (17.7595ms)
✔ ground fitting joins surveyed triangle seams and rejects unsupported/sloping footprints (0.4145ms)
✔ physical props must exclude nav interior plus the player's capsule clearance (0.2351ms)
✔ graded retaining pads follow each source corner and reject excessive rise or gaps (0.2891ms)
(node:43064) [MODULE_TYPELESS_PACKAGE_JSON] Warning: Module type of file:///D:/work/godmode-roguelite-worktrees/land-livetube-emotes-final-20261007/scripts/environment_modules/module_contract.ts is not specified and it doesn't parse as CommonJS.
Reparsing as ES module because module syntax was detected. This incurs a performance overhead.
To eliminate this warning, add "type": "module" to \\?\D:\work\godmode-roguelite-worktrees\land-livetube-emotes-final-20261007\package.json.
(Use `node --trace-warnings ...` to show where the warning was created)
✔ windowBay: honest bounds, valid facets and GLB round trip (9.9234ms)
✔ cornice: honest bounds, valid facets and GLB round trip (2.4717ms)
✔ parapet: honest bounds, valid facets and GLB round trip (1.3294ms)
✔ stoop: honest bounds, valid facets and GLB round trip (3.5262ms)
✔ doorSurround: honest bounds, valid facets and GLB round trip (2.7361ms)
✔ fireEscape: honest bounds, valid facets and GLB round trip (12.487ms)
✔ beltCourse: honest bounds, valid facets and GLB round trip (15.0155ms)
✔ storefront: honest bounds, valid facets and GLB round trip (3.7598ms)
✔ facade attaches to solid shells and retains downward stair clearance (4.786ms)
✔ all facade-family variants fit their honest bounds and have nondegenerate triangles (538.7238ms)
✔ one building keeps one architectural family and its trim tone across independent role picks (23.6405ms)
✔ alternating quoin widths terminate flush at the correct corner edge (0.5444ms)
✔ hanging corbels clear a centred window surround in their three-metre bay (0.1493ms)
✔ ground index retains triangle seams across negative-coordinate cell boundaries without duplication (1.5719ms)
✔ sidewalk interiors cancel and long boundary edges split into supported gutter spans (0.508ms)
✔ gutter requires opposite sidewalk and asphalt support, rejecting roof-height and ambiguous fits (0.5433ms)
✔ localized wear clips to exact nonplanar source faces and never bridges missing ground (0.7948ms)
(node:16836) [MODULE_TYPELESS_PACKAGE_JSON] Warning: Module type of file:///D:/work/godmode-roguelite-worktrees/land-livetube-emotes-final-20261007/scripts/environment_modules/module_contract.ts is not specified and it doesn't parse as CommonJS.
Reparsing as ES module because module syntax was detected. This incurs a performance overhead.
To eliminate this warning, add "type": "module" to \\?\D:\work\godmode-roguelite-worktrees\land-livetube-emotes-final-20261007\package.json.
(Use `node --trace-warnings ...` to show where the warning was created)
✔ facade: committed geometry and metadata reproduce from the engine-free builders (28.8136ms)
✔ roof: committed geometry and metadata reproduce from the engine-free builders (15.8287ms)
✔ street: committed geometry and metadata reproduce from the engine-free builders (12.3384ms)
✔ textured module bounds are validated after their native mesh transform (2.5125ms)
✔ every module in the library keeps the contract, and every role has at least one (552.4013ms)
✔ every placed role resolves to real faceted geometry rather than a stand-in (1.113ms)
✔ garden and yard completion fits the existing placement envelopes without tolerance slack (5.6437ms)
✔ the contract catches geometry outside the footprint, unknown slots and bad ids (0.6275ms)
✔ boxes face outward: every face normal points away from the box centre (0.2384ms)
✔ real modules replace stand-ins for their role, and picks are stable (0.6663ms)
✔ window bays fill every storey about every three metres, face out of the wall, and leave the door clear (12.0005ms)
✔ a street front without an inferred entrance gets one front door, lifted onto a stoop (2.6504ms)
✔ large roofs carry sparse varied individual installations with generous clear space (450.102ms)
✔ window dressing varies sparsely by bay while sash and trim stay coherent per building (21.2713ms)
✔ a door at street level too tight for a stoop gets one raised entry step and a canopy (2.6844ms)
✔ a wall with a neighbour close in front stays blank below the neighbour's roof (2.6776ms)
✔ the committed attach surfaces match the map chunks they were extracted from (2979.4525ms)
✔ the navigation bake cut out exactly the parked cars the rules place, so a rule change forces a rebake (470.3973ms)
✔ the arena's placements stay out of buildings, door paths and each other, and sit on the ground (17241.5865ms)
✔ no enemy spawn point stands inside a hedge, stoop, shed, tree trunk or any other visual prop (17866.7182ms)
✔ supply crates rest on the nearest prop-clear spawn point, on its floor, or nowhere when none is near (0.4013ms)
✔ a building's cornice, belt course and door surround come from one style family (11.8493ms)
✔ on a sloping street the storeys carry down to the pavement instead of leaving the low end blank (2.8259ms)
✔ picture-frame windows stay on rowhouse-scale buildings (12.2061ms)
✔ player-eye review cameras stand 1.7 metres above actual surveyed waterfront ground triangles (21.8098ms)
(node:10972) [MODULE_TYPELESS_PACKAGE_JSON] Warning: Module type of file:///D:/work/godmode-roguelite-worktrees/land-livetube-emotes-final-20261007/scripts/environment_modules/module_contract.ts is not specified and it doesn't parse as CommonJS.
Reparsing as ES module because module syntax was detected. This incurs a performance overhead.
To eliminate this warning, add "type": "module" to \\?\D:\work\godmode-roguelite-worktrees\land-livetube-emotes-final-20261007\package.json.
(Use `node --trace-warnings ...` to show where the warning was created)
✔ all three basic HVAC sizes share the approved flat model and fit their retained envelopes (58.835ms)
✔ acSmall: facets, support and measured bounds (118.1173ms)
✔ acMedium: facets, support and measured bounds (16.5615ms)
✔ acLarge: facets, support and measured bounds (8.9922ms)
✔ ductRun: facets, support and measured bounds (2.5114ms)
✔ ductElbow: facets, support and measured bounds (0.7544ms)
✔ roofVent: facets, support and measured bounds (18.728ms)
✔ roofHatch: facets, support and measured bounds (3.7437ms)
✔ waterTank: facets, support and measured bounds (20.1912ms)
✔ : facets, support and measured bounds (44.0233ms)
✔ : facets, support and measured bounds (19.864ms)
✔ : facets, support and measured bounds (52.138ms)
✔ : facets, support and measured bounds (105.5792ms)
✔ duct ports share width and elevation and elbow turns through 90 degrees (0.6021ms)
(node:28532) [MODULE_TYPELESS_PACKAGE_JSON] Warning: Module type of file:///D:/work/godmode-roguelite-worktrees/land-livetube-emotes-final-20261007/scripts/environment_modules/module_contract.ts is not specified and it doesn't parse as CommonJS.
Reparsing as ES module because module syntax was detected. This incurs a performance overhead.
To eliminate this warning, add "type": "module" to \\?\D:\work\godmode-roguelite-worktrees\land-livetube-emotes-final-20261007\package.json.
(Use `node --trace-warnings ...` to show where the warning was created)
✔ lampPost: complete footprint and nondegenerate facets (7.8342ms)
✔ roundTree: complete footprint and nondegenerate facets (2.6633ms)
✔ columnTree: complete footprint and nondegenerate facets (1.5009ms)
✔ planter: complete footprint and nondegenerate facets (2.3201ms)
✔ bin: complete footprint and nondegenerate facets (3.5025ms)
✔ utilityBox: complete footprint and nondegenerate facets (26.6215ms)
✔ bench: complete footprint and nondegenerate facets (5.8158ms)
✔ crosswalkStripe: complete footprint and nondegenerate facets (2.4752ms)
✔ manhole: complete footprint and nondegenerate facets (3.0152ms)
✔ drainGrate: complete footprint and nondegenerate facets (8.8773ms)
✔ hedge: complete footprint and nondegenerate facets (1.0007ms)
✔ curbBollard: complete footprint and nondegenerate facets (4.9903ms)
✔ street orientation and scale include lamp arm, crown and stripe long axis (0.6692ms)
✔ Godot's export filters are globs over whole paths, not directory rules (1.0608ms)
✔ every export preset excludes the runtime inspection bridge (0.9222ms)
✔ every export preset excludes all of tools/ and tests/ (213.3134ms)
✔ tools/ is hidden from the exporter a second time, by its own .gdignore (0.3879ms)
✔ no export preset excludes the game's own resources (3.6036ms)
✔ every raw .glb.bin model is packaged (45.5162ms)
✔ the export leaves out the parts of the maps only the tools read (0.587ms)
✔ the pack's byte scan finds a literal that straddles a chunk boundary (32.1522ms)
✔ the pack reader skips an embedded pack's alignment padding, and nothing more (57.687ms)
✔ approved assaultRifle ships its textured source and a sight picture on its own sights (270.4648ms)
✔ approved pistol ships its textured source and a sight picture on its own sights (492.886ms)
✔ approved shotgun ships its textured source and a sight picture on its own sights (2280.0799ms)
✔ approved sniperRifle ships its textured source and a sight picture on its own sights (158.595ms)
✔ each gun's sight sockets sit on the sight features place-weapon-sights.mjs measures on its mesh (2144.4482ms)
✔ FX ages hold through pause and resume with their remaining life (0.5961ms)
✔ widthAt reads the solid's x-extent where a line crosses it and misses elsewhere (1.8843ms)
✔ gripColumn puts the palm on the column's right face under the receiver, not on the receiver or the guard (16.9066ms)
✔ gripColumn finds nothing on a bare receiver (0.7799ms)
✔ designed facets exactly cover the surveyed triangle on its own plane (11.9579ms)
✔ facets are lattice-sized, not survey-sized, and vary in tone and normal (7.7192ms)
✔ one world lattice: a facet split by a survey edge keeps one tone on both sides (68.6238ms)
✔ blood coverage runs from clear at full health to complete at death (0.8957ms)
✔ the coverage curve turns at the rules' own instant-recovery threshold (0.1376ms)
✔ out-of-range health is treated as unhurt rather than drawn wrong (0.124ms)
✔ every audible channel is driven by the coverage actually drawn (0.1494ms)
✔ the wash arrives far faster than it clears (0.2274ms)
✔ a zero or negative frame moves the wash nowhere (0.1449ms)
✔ a channel below the silence floor is not played at all (0.1449ms)
✔ the heartbeat phase stays continuous when the rate changes (0.1294ms)
✔ one beat is one kick and a decay (0.1405ms)
✔ tip gains count up and further gains continue from the displayed amount (1.0209ms)
✔ first display, losses and a new stream show their current tip total immediately (0.1512ms)
✔ a kill survives the next target's hits, while new kills retrigger and expiry releases it (0.1789ms)
✔ confirmation pulses settle before fading, including extended fixture holds (0.8159ms)
✔ plate breaks survive following hits but yield to kills, and expire normally (0.1369ms)
✔ audience growth pulses once, settles, and throttles continuous gains (0.169ms)
✔ audience losses and hidden-stream resets do not celebrate gains (0.1005ms)
✔ the respawn countdown rounds up to whole seconds and never goes negative (0.1062ms)
✔ HUD families keep their requested screen corners (0.437ms)
✔ HUD stays in safe bounds at 1280x720 (1.3525ms)
✔ HUD stays in safe bounds at 3440x1440 (0.2468ms)
✔ HUD stays in safe bounds at 1100x735 (0.2018ms)
✔ HUD stays in safe bounds at 1024x768 (0.14ms)
✔ HUD stays in safe bounds at 800x600 (0.1855ms)
✔ HUD stays in safe bounds at 600x600 (0.1666ms)
✔ HUD stays in safe bounds at 640x360 (0.1158ms)
✔ HUD stays in safe bounds at 390x844 (0.1269ms)
✔ HUD stays in safe bounds at 320x320 (0.1168ms)
✔ HUD stays in safe bounds at 280x180 (0.0708ms)
✔ the frame-rate readout states both the rate and what a frame cost (0.1568ms)
✔ the frame-rate readout takes the top-left corner and the radar moves down for it (0.0943ms)
✔ the hit marker is centred on the crosshair, whatever it is confirming (0.4922ms)
✔ the hit marker gets heavier as the shot is worth more, and never depends on the viewport (0.1279ms)
✔ every shipped camera-arm asset uses the native Infima skeleton (505.2366ms)
✔ the selected rifle runtime prop contains the complete body and no trimmed ADS child (9.9479ms)
✔ pistol: magazine walls and hidden follower enclose volume without capping the feed slot (5.2639ms)
✔ pistol: solid loaded rounds share the magazine mesh and survive repeated imports (22.1953ms)
✔ pistol: importing a #989 solid magazine removes its mouth cap (26.4522ms)
✔ pistol: restore the exact tagged v0.28 gun (7.3241ms)
✔ pistol: fire has moving parts and no second whole-assembly recoil (13.0908ms)
✔ assault-rifle: magazine walls and hidden follower enclose volume without capping the feed slot (4.87ms)
✔ assault-rifle: solid loaded rounds share the magazine mesh and survive repeated imports (12.7454ms)
✔ assault-rifle: importing a #989 solid magazine removes its mouth cap (4.7277ms)
✔ assault-rifle: restore the exact tagged v0.28 gun (3.9575ms)
✔ assault-rifle: fire has moving parts and no second whole-assembly recoil (15.1821ms)
✔ an injection is installed while it holds, until it is first sampled, and inside its window (0.8485ms)
✔ only the fields a payload actually asks for count, in the handler's own terms (0.7417ms)
✔ every refused field is a debug_key_input field (0.1912ms)
✔ client_loop.ts still overwrites every intent field those taps feed (2.4302ms)
✔ the refusal names what would be dropped and how to send it instead (1.1763ms)
✔ every killstreak has an imported RGBA icon and its receipt: a generated source, or the script that drew it (198.679ms)
✔ native slash reaches its crossing at the authoritative 150ms contact and finishes at 600ms (1.8244ms)
✔ gun resumes its exact original pose after the slash (0.149ms)
✔ a flash takes the first dark light (0.8204ms)
✔ with every light lit, the one lit longest ago is stolen (0.1955ms)
✔ a flash starts at full energy, fades, and is dark at its end (0.1097ms)
✔ a file is published under its own digest, so every bake keeps its own asset (0.6428ms)
✔ a bake record must name both the atlas and its import sidecar (0.8483ms)
✔ the cache is per machine, and can be pointed elsewhere (0.3441ms)
✔ every atlas the tool restores is one git ignores, and its committed record names it (10.5282ms)
✔ every ignored lightmap atlas is restored or says why not, so a new bake cannot stay local by accident (2.8755ms)
✔ an explicit LIGHTMAP_BAKER_PATH always wins, and nothing is guessed (4.1368ms)
✔ an explicit path that does not exist still fails, rather than falling back (0.638ms)
✔ unset on Windows, the proven console build is used, checked, and named out loud (0.3686ms)
✔ the default is refused if it is not the official 4.6.1 build (0.3059ms)
✔ the windowed build is never a default: it has not been proven through a real bake (0.2011ms)
✔ unset anywhere but Windows fails loudly, as before (0.363ms)
✔ death, restart, menu, game quit and window close all bank the run (12.4636ms)
✔ approved grunt firing retains nine real Mixamo samples and native recoil (23.4442ms)
✔ enemy-rifle: native skin, PBR images and shared motion catalog remain usable (154.5316ms)
✔ enemy-smg: native skin, PBR images and shared motion catalog remain usable (36.4534ms)
✔ enemy-shotgun: native skin, PBR images and shared motion catalog remain usable (75.0746ms)
✔ enemy-grenadier: native skin, PBR images and shared motion catalog remain usable (44.9373ms)
✔ enemy-rpg: native skin, PBR images and shared motion catalog remain usable (40.901ms)
✔ enemy-marksman: native skin, PBR images and shared motion catalog remain usable (62.9648ms)
✔ enemy-medic: native skin, PBR images and shared motion catalog remain usable (35.8412ms)
✔ enemy-shield: native skin, PBR images and shared motion catalog remain usable (37.3062ms)
✔ enemy-heavy: native skin, PBR images and shared motion catalog remain usable (143.7868ms)
✔ enemy-minigun: native skin, PBR images and shared motion catalog remain usable (55.8306ms)
✔ enemy-officer: native skin, PBR images and shared motion catalog remain usable (36.4844ms)
✔ enemy-commander: native skin, PBR images and shared motion catalog remain usable (93.6131ms)
✔ enemy-pistol: native skin, PBR images and shared motion catalog remain usable (70.283ms)
✔ enemy-cloaker: native skin, PBR images and shared motion catalog remain usable (64.4316ms)
✔ assault: the raw-art index retains the Mixamo downloads the character was built from (2.2734ms)
✔ breach: the raw-art index retains the Mixamo downloads the character was built from (1.8968ms)
✔ marksman: the raw-art index retains the Mixamo downloads the character was built from (105.4474ms)
✔ daemon: the raw-art index retains the Mixamo downloads the character was built from (1.9177ms)
✔ assault: Mixamo migration preserves the body and binds every vertex (182.3087ms)
✔ breach: Mixamo migration preserves the body and binds every vertex (173.551ms)
✔ marksman: Mixamo migration preserves the body and binds every vertex (242.0759ms)
✔ daemon: Mixamo migration preserves the body and binds every vertex (160.0269ms)
✔ daemon: each shoe has its own skin influences and triangles (88.4003ms)
✔ fracture rigs fit the opaque packed-PBR replacement contract (95.6691ms)
✔ the planted foot measures the stride every clip's recorded source travel does (277.7442ms)
✔ every rig's own walk is drawn for the stride it measures, including one that kept its travel (23.3625ms)
✔ model showcase catalogs gameplay states that resolve on each native rig (4061.4066ms)
✔ model-specific clips leave unrelated showcase rigs in idle (0.5959ms)
✔ model showcase includes all six player death clips (296.4174ms)
✔ a pool keeps spares up to its cap and frees the rest (0.7898ms)
✔ the readout says what the pool is for: built against reused (0.7253ms)
✔ Pier 1 promenade covers its inshore centreline and closes outer paving edges (98.2372ms)
✔ the reference corner's footways sit at kerb-cap height and the rest a little proud of the road (0.2203ms)
✔ a footway triangle is one flat face on its surveyed grade: no slabs, joints, bevels or tone (0.8496ms)
✔ a new life clears what the life owned and keeps what the connection owns (1.0477ms)
✔ reading a player never creates a record; writing does, and a disconnect removes it (0.166ms)
✔ the arena's inputs are the same list, hashed the same, every time (1782.3637ms)
✔ fingerprint depends on content and paths, not ordering or file timestamps (5.6899ms)
✔ machine cache defaults outside the checkout and accepts an override (0.359ms)
✔ the fingerprint lock serializes worktrees and reclaims an abandoned holder (104.8084ms)
✔ cache publishes verified outputs and restores a worktree receipt (28.6547ms)
✔ a file whose size and time match its stamp keeps its recorded hash; any other is read again (2.2651ms)
✔ the receipt is current exactly when every input and output hash matches (0.4699ms)
✔ a receipt written for the tree as it is matches the tree's own inputs (1840.3904ms)
✔ a reload holds through a long pause and resumes with only unpaused time (2.0685ms)
✔ native animation, particles and world sound restore their original states after pause or teardown (1.5189ms)
✔ the log directory sits beside the file it is placed by, wherever that file is (0.7416ms)
✔ each boot gets its own file, named for its role and in UTC so the names sort in run order (0.1921ms)
✔ a line carries both clocks, and a message's own newline is not doubled (1.0586ms)
✔ a message spanning lines keeps its later lines indented under the entry (0.1986ms)
✔ an exported client logs beside its executable, and an editor client only beside a settings file it was given (0.1155ms)
✔ each boot deletes the oldest log files of its own role so that a fixed number remain, and leaves other files alone (0.8929ms)
✔ a console line reads the way GodotJS prints it, at the level of the method that wrote it (0.3817ms)
✔ no script registers an engine logger (499.1053ms)
✔ an exported client falls back to the user data directory when it cannot write beside the executable (0.3507ms)
✔ a heartbeat line says where the run is and how the process is doing (0.313ms)
✔ a repeating error is written once, then once per window with a count of the ones held back (0.233ms)
✔ the smoke-test termination ladder matches the CLI's for this platform (4.3573ms)
✔ the Windows ladder ends the whole tree, unforced before forced (0.3865ms)
✔ approved packs retain separate readable signal geometry within budget (7.2119ms)
✔ minigun housing remains separate from the centered -Z barrel pivot (2.2036ms)
✔ production dog retains a finite quadruped skin, 12k triangles and animated attack phases (21.7951ms)
✔ production supply crate preserves independently blinkable beacon geometry (2.6334ms)
✔ smg has embedded runtime textures and the camera-safe mesh contract (48.6389ms)
✔ dmr has embedded runtime textures and the camera-safe mesh contract (27.9335ms)
✔ grenade-launcher has embedded runtime textures and the camera-safe mesh contract (23.9747ms)
✔ waterfront park walks retain trunk and furniture clearance (1.1707ms)
✔ waterfront planting stays clear of park walk approaches (0.4793ms)
✔ the driver line is read out of a real boot log, teardown noise and CRLF included (2.0468ms)
✔ a Vulkan boot reports Vulkan, so a fallback cannot read as the requested driver (0.2764ms)
✔ a log with no driver line reports nothing rather than guessing (0.7143ms)
✔ the project's pinned Windows driver is read with the name the engine prints for it (0.4818ms)
✔ an unpinned or unmapped driver is reported as such, not as a driver (0.2104ms)
✔ a setting is read from its own section, not from anywhere in the file (0.9597ms)
✔ project.godot still carries the rendering settings an engine save can drop (2.4784ms)
✔ a soup of rotated, non-uniformly scaled copies is recovered copy by copy, in order (2.881ms)
✔ any vertex that is not a copy refuses the whole match rather than moving it (0.3763ms)
✔ normals are matched as append_from writes them: the basis times the base normal, normalised (1.5651ms)
✔ expanding the recovered copies gives back the soup (0.5865ms)
(node:43188) [MODULE_TYPELESS_PACKAGE_JSON] Warning: Module type of file:///D:/work/godmode-roguelite-worktrees/land-livetube-emotes-final-20261007/scripts/client/environment_study_regions.ts is not specified and it doesn't parse as CommonJS.
Reparsing as ES module because module syntax was detected. This incurs a performance overhead.
To eliminate this warning, add "type": "module" to \\?\D:\work\godmode-roguelite-worktrees\land-livetube-emotes-final-20261007\package.json.
(Use `node --trace-warnings ...` to show where the warning was created)
✔ source-keyed emission preserves physical envelopes and phantom hardware details (274.5498ms)
✔ capped exhaust joins the actual housing-side port and bears on its own roof (4.2516ms)
✔ occupied surfaces detect true crossing and reject coplanar disjoint pieces (0.4407ms)
✔ declared service strip stays outside every physical part (3.3296ms)
✔ closed miter elbows share oriented edges without open ends (0.6374ms)
✔ connector endpoints are cabinet side planes, inside housing heights (4.5326ms)
✔ stepped roof fits every separate foot and avoids transverse joint (10.9609ms)
✔ full rotated cap footprint is transformed, not nominal cabinet rectangle (11.1557ms)
✔ unsupported expanded footprint rejects an apparently supported cabinet centre (5.0974ms)
✔ frontage door ancestry is separate from hero roof ownership (5.9135ms)
✔ pnpm test runs the runner, and test:unit is the whole unit directory in one pass (1.0762ms)
✔ every test:* script is a step, folded into test:unit, or excluded with a reason (0.8169ms)
✔ the three gates are the ones whose failure makes the rest meaningless (0.2586ms)
✔ only the step that actually thrashes the machine takes the lock away from other lanes (0.7626ms)
✔ a run that stopped early can never be mistaken for one that finished (0.6865ms)
✔ the queue is FIFO, and a lane that died is not in it (0.4858ms)
✔ a waiting lane says what it is waiting for, so a stall is not mistaken for a hang (0.2245ms)
✔ two lanes cannot run a locked step at the same time, and the second one waits (1820.2677ms)
✔ GAME_RPC_NAMES is exactly the @rpc methods declared on Game (3.1262ms)
✔ server RPCs require the appropriate admission phase (1.6092ms)
✔ streak debug picks share the simulation clock after slow motion resumes (14.279ms)
✔ every refusal kind the dispatcher sends is one godot-cli knows (0.5689ms)
✔ the refusals the in-repo pollers wait on are marked notReady, and a misspelt field is invalid (2.7023ms)
✔ a well-formed placement outside the loaded map is a decline, not an invalid request (0.9534ms)
✔ 20 Hz NPC steps travel as far as 60 Hz physics without compounding speed (1.7056ms)
✔ a scheduled sweep keeps the wall's resolved velocity and cannot step through it (0.1395ms)
✔ a building's shops share one style and trim tone; only the door bays differ (0.7225ms)
✔ display and door glazing paint shop glass with a lit room; window bays paint home glass (15.8447ms)
✔ the bridge dressing's tower centres are the surveyed ones (12.2475ms)
✔ the shop awning faces up, out and to the sides, so back-face culling keeps it visible from the street (0.6226ms)
✔ every replicated field is covered by the fixture (1.6903ms)
✔ the wire layout is pinned per format version, so a changed layout cannot keep its number (0.7065ms)
✔ a dictionary change the field list cannot see still changes the layout (#593) (0.5368ms)
✔ the layout covers every lookup table and quantisation the codec reads through (0.4861ms)
✔ the wire field order is pinned, so a reorder cannot pass unversioned (0.1633ms)
✔ a self-contained snapshot round trips (2.6244ms)
✔ mantle paths arrive in deltas and late-join keyframes and clear on completion (5.4848ms)
✔ corpse FIFO additions and removals survive delta packets and late-join keyframes (1.9191ms)
✔ a delta against an identical baseline is a handful of bytes (0.4929ms)
✔ a moving lobby's delta fits inside one ENet fragment (0.634ms)
✔ a self-contained eight-player snapshot stays within two fragments (0.3319ms)
✔ an unchanged field is carried over from the baseline rather than re-sent (0.8132ms)
✔ a player joining or leaving re-keys the roster without disturbing the others (0.5937ms)
✔ a System Admin arriving mid-match is encoded against a baseline that had none (0.2727ms)
✔ a string outside a dictionary still round trips, as a literal (0.365ms)
✔ a truncated packet is refused rather than half-decoded (0.8328ms)
✔ packets from older layouts and unknown versions are refused (1.0339ms)
✔ a delta read against the wrong baseline is refused rather than trusted (0.2879ms)
✔ a delta claiming a baseline roster the receiver does not have is refused (0.2256ms)
✔ random bit flips are refused or decoded, never silently mixed up (30.3372ms)
✔ sequence comparison survives the wrap at 65536 (0.1933ms)
✔ publisher and receiver converge on deltas and stay there (1.8786ms)
✔ a client that stops acknowledging is put back on full snapshots and recovers (0.8526ms)
✔ a receiver that misses a packet keeps naming what it still holds (0.3702ms)
✔ a superseded packet arriving late is dropped rather than rewinding the world (0.3279ms)
✔ every peer gets its own baseline, and identical baselines are encoded once (0.3541ms)
✔ a disconnected peer's acknowledgement is forgotten before its id is reused (0.3904ms)
✔ a receiver reset drops the match it was in (0.2783ms)
✔ an acknowledgement for a snapshot the server never sent is ignored (0.1946ms)
✔ the same packet arriving twice is applied once (0.3266ms)
✔ a yaw outside [-pi, pi] wraps rather than clamping (0.2779ms)
✔ a fabricated negative acknowledgement cannot wedge a peer out of deltas (0.2358ms)
✔ the accepted full-snapshot receipt survives deltas and rejected packets, then resets (0.5441ms)
✔ Brooklyn positions beyond the old 512 m range survive full and delta snapshots (0.7564ms)
✔ all preloaded city enemies survive keyframes and removals beyond the old 256-body cap (9.8906ms)
✔ a steady walk is drawn at a steady speed, with no stall frames (3.6673ms)
✔ bodies are drawn about the interpolation delay behind the newest snapshot (3.1314ms)
✔ the render clock jumps to a first snapshot and never runs past the newest (0.2112ms)
✔ a track holds its ends, interpolates between, and restarts on a teleport (0.8609ms)
✔ every snapshot a client accepts under loss is the world the server recorded (74.2765ms)
✔ snapshots are lost at the link's rate, not a multiple of it (36.3372ms)
✔ a total outage longer than the history is recovered from, without intervention (5.2953ms)
✔ duplicated and delayed packets never rewind the world (36.4532ms)
✔ a packet that arrives after a newer one is dropped, not applied (27.1114ms)
✔ a client whose acknowledgements are lost still gets a usable stream (26.7386ms)
✔ the same seed reproduces the same run (18.4328ms)
✔ every humanoid kind is drawn as a player gun the stance solver can hold (0.9587ms)
✔ the off-hand goes on every gun but the SHIELD's pistol (0.292ms)
✔ only the HEAVY's LMG is drawn bigger (0.1854ms)
✔ the gun points along the line from the shoulder to the target (0.226ms)
✔ with nobody to shoot it carries the gun at a low ready (0.2404ms)
✔ a round kicks the muzzle up and it settles back (0.1623ms)
✔ a long gun blades the chest toward the off-side and sits back into the shoulder, within what reads as a stance (0.2258ms)
✔ startup phases partition the launch without counting nested resource spans twice (1.4713ms)
✔ an old readiness marker never counts as a presented gameplay frame (0.2076ms)
✔ phone retains its screen texture and assigns the material only when the feed changes (7.0063ms)
✔ prototype phone holds the ride feed, returns from its held pose, and keeps RC-XD a call-in (3.6609ms)
✔ phone shake rotates the rigid assembly and suppression clears it (0.9649ms)
✔ standard remote returns from close while direct-fade aircraft never raise a tablet (2.8254ms)
✔ prototype server keeps the exposed body in-world; bail releases it immediately and stops cover (13.0176ms)
✔ prototype timeout releases the body at seven seconds; console loadouts preserve the flow (2.0563ms)
✔ cover chooses nearest visible threat, respects cadence and damages at reduced gun power (1.3603ms)
✔ prototype map strike waits for click after phone tap; RC-XD is a call-in without a ride (1.458ms)
✔ an existing trainer hint stays out of the tablet and ride viewing area (1.463ms)
✔ tablet controller hands native gun playback through entry, put-away and remote return (1.115ms)
✔ gunner activation cancels a preceding tablet outro through ride, exit and restored gun (1.5646ms)
✔ exit cancels stale tablet independently of observing ride entry (0.8029ms)
✔ tablet call-ins still raise, tap once and finish; ride entry does not cancel LAUNCH (7.3291ms)
✔ Predator's tablet is cleared for control, exit and the restored gun (0.8201ms)
✔ every ride holds its exact activation position through the exit fade, without changing weapon or ammo (2.0695ms)
✔ remote ride returns through the close-held tablet and keeps the gun blocked until lowered (1.5187ms)
✔ gunners never restore a tablet; death cancels a remote return (0.8608ms)
✔ prototype feed holds the native approach and returns from the matching partial-close pose (2.4066ms)
✔ prototype RC-XD keeps its call-in pose and suppression clears phone hit feedback (0.8137ms)
✔ slow close-device preparation does not consume the return reveal (0.8798ms)
✔ tablet remains close through the black handoff hold before revealing (0.7247ms)
✔ completed strike awards wait for the phone and stay off its close return (12.3145ms)
✔ prototype exit returns the PiP phone immediately; standard exit prepares its black hold (2.5013ms)
✔ default prototype has no Auto Cover and body stays wherever movement put it (1.3945ms)
✔ two-click targeting and reset are shared by current and prototype flows (6.2106ms)
✔ prototype released phone restores the actual player gun; normal rides still hide it (2.2575ms)
✔ a missing phone-feed camera cannot leave thermal/static over the body view (1.407ms)
✔ paint and parking use the same setback at branching junctions (1.5257ms)
✔ parking reserves the full crossing width and an approach beyond the car centre (0.2999ms)
✔ angled vehicle corners and angled crossings share the same clearance (0.9345ms)
✔ fitting follows rotated slopes and refuses missing paving, steps and narrow routes (1.475ms)
✔ every committed base follows actual source paving, and every kind reaches the waterfront (1119.3718ms)
✔ dressing is batched by cell; shrubs share four shapes with correct numeric transforms (23.6295ms)
✔ new furnishing footprints do not overlap one another or closure lanes (5.119ms)
✔ navigation receipt matches all solid props and no enemy origin overlaps them (27.5411ms)
✔ a stacked vegetation pass cannot leave a pit after removing its tree (0.9386ms)
✔ street rules reject internal plaza kerbs, frontage pinch points and crowded bike racks (4.8896ms)
✔ every added street prop has a two-metre paved corridor clear of actual frontage and final props (19108.9771ms)
✔ street planter clusters vary between beds while retaining structure, cells and shape budget (3.7026ms)
✔ paint clips to each actual sloping road plane and refuses a hole (3.0941ms)
✔ lane centre measures the road instead of following a kerb-hugging routing point (2.7767ms)
✔ crossing geometry remains inside #893 vehicle reservation and lines clear its approach (1.762ms)
✔ kerb facets face outward, preserve grade and omit dropped ramps (0.6353ms)
✔ asphalt tones are broad flat facets, with grade normals and no geometric seams (2.3335ms)
✔ beveled box keeps the exact envelope and outward nondegenerate faces (1.2582ms)
✔ furniture keeps every original placement field and fits its existing envelope (575.7615ms)
✔ approved street props retain normal and albedo maps, UVs and matching provenance (94.5162ms)
✔ every hydrant family draws the approved model at its recorded fit, with no facets (49.6893ms)
✔ native export carries actual sky and spatial material overrides, excluding commented declarations (6.1361ms)
✔ large shared batches sample the actual world field on both sides and through its transition (0.3919ms)
✔ source_color conversion precedes mixing and linear vertex intensity multiplies afterward (0.1638ms)
✔ bake shader retains the actual source fragment, uniforms and vertex attributes (0.3698ms)
✔ release rejects fresh pilot, unknown, duplicate and incomplete region coverage (0.7347ms)
✔ absent development output differs from orphaned imported/baked files (11.1316ms)
✔ a lone atlas or atlas/data pair cannot bypass the source and binding manifest (6.4332ms)
✔ each approved study has static receivers and unique street probe positions (12.1534ms)
✔ crossing batches are exported wholly while unsupported out-of-volume probe meshes fall back (0.2043ms)
✔ an audit crop replaces the study regions for the bake set and parses strictly (0.7337ms)
✔ near misses cool down per direction and across the whole view (3.6428ms)
✔ direction sectors wrap at the rear and the flash leaves the centre clear quickly (0.2689ms)
✔ every surface family the server can report has a debris profile (1.306ms)
✔ every profile describes a burst that can actually be drawn (0.2946ms)
✔ a drag coefficient can never reverse a piece within one frame (0.1096ms)
✔ sparks are struck metal and nothing else (0.0877ms)
✔ glass is the only debris that lights up rather than being lit (0.119ms)
✔ light debris flutters and heavy debris drops (0.0987ms)
✔ the surfaces that powder raise dust and the ones that shatter do not (0.0781ms)
✔ concrete throws the widest cloud, because it has to read from across the arena (0.0827ms)
✔ every weapon category scales a burst, and a shotgun pellet is worth less than a rifle round (0.1278ms)
✔ a scaled burst always throws something, and only where the profile does (0.3113ms)
✔ each debris shape is cut to a silhouette the others are not (0.199ms)
✔ shop displays leave every entrance empty across display and trim variants (1.2953ms)
✔ physical display bays enclose goods behind glass without growing the storefront footprint (618.8047ms)
✔ uniform prop fitting grounds the base and keeps every bound inside the display envelope (0.4527ms)
✔ native planter keeps grounded leafy shrubs beside its separate structural model (71.257ms)
✔ semantic limb and legacy finger references resolve to native imported joint names (2.8605ms)
✔ human and bot world bodies use the same directional and reload animations (0.5244ms)
✔ animation transitions remain multi-frame under load (0.2071ms)
Navigation query removed 25643088 fitted coordinate values from 2557 placements
✔ numeric mesh upload preserves outward normals and reverses only Godot face winding (1.2392ms)
✔ bulk instance transforms preserve yaw, arbitrary surface tilt and independent shrub scales (0.3779ms)
✔ ground batch merging preserves fitted surfaces in world space without another ground fit (0.169ms)
✔ authored crowns reuse six meshes regardless of exact clearance width and keep roots grounded (95.6394ms)
✔ navigation footprint queries retain no fitted facets and exactly match presentation placements (35660.7979ms)
✔ tree tone and lean are uploaded in a bounded numeric buffer without moving roots (0.7556ms)
✔ detached furniture plots use pale paving while real tree and garden beds retain soil (6.0062ms)
✔ landscaping excludes every actual cordon, separates tree crowns, and preserves closure pieces (66.7747ms)
✔ planter coping follows a slope and a terrain seam across its entire footprint; unsupported footprints fail (3.7475ms)
✔ furniture paving reaches a real path, follows grade, and tree beds have no repeated shrub islands (10.0676ms)
✔ every registered vegetation module uses one flat leafy family within its actual footprint (728.875ms)
✔ family meshes are deterministic, manifold lobes with outward faces and several crown clusters (67.531ms)
✔ tree size family preserves placement ids, crown widths and grounded roots (6.8381ms)
✔ six crown silhouettes stay inside existing clearance envelopes after lean and scale (101.0684ms)
✔ clustered foliage preserves plant count and keeps every fitted shrub inside the original bed (0.5472ms)
✔ authored shrub clusters resample sloping soil without changing the source or boundaries (3.0863ms)
✔ vegetation is independently planted without tree pedestals or furniture-attached beds (1.433ms)
✔ shrub foliage preserves bench approaches and exposed tree roots (0.4344ms)
✔ placement paint survives reordering and gives a weighted city mix (24.0674ms)
✔ paint custom data preserves each transform and tree colour buffer (1.09ms)
✔ sprint-out sights wait for the exact authoritative ready deadline (0.7358ms)
✔ tablet gun handoffs enter from below with a monotonic, reversible assembly move (1.0323ms)
✔ tablet handoffs sample continuous native holster and draw, with no draw during remote entry (1.0904ms)
✔ draw and reload cannot be overridden by recoil or an aim request (0.219ms)
✔ live hip and ADS playback never adds a baked fire kick to procedural recoil (0.3221ms)
✔ sprint entry can be sampled backwards on release, and aiming takes over (0.1512ms)
✔ sprint uses the authored hold while the shared v0.28 sway supplies the run cycle (0.1271ms)
✔ native shot clips drive parts while reload and draw retain priority (0.1175ms)
...........
----------------------------------------------------------------------
Ran 11 tests in 0.011s

OK
✔ build selects one weapon; import accepts multiple files and --from before or after paths (1.6895ms)
✔ partial imports plan only present weapons and never copy the other weapon's files (0.5654ms)
✔ tablet build and partial import keep weapon edits isolated (0.1805ms)
✔ tablet retains native weighted hands, all baked frames and the editable prop seat (64.2356ms)
✔ local pose deltas reconstruct edits, carry each frame, preserve manual edits and protect reload motion (174.9788ms)
✔ pistol: saved Actions retain all clips, finite samples and independent prop tracks (257.6925ms)
✔ pistol: reject a lost magazine track before updating game files (18.6369ms)
✔ pistol: reject mismatched frame duration and native bone roster (12.3218ms)
✔ assault-rifle: saved Actions retain all clips, finite samples and independent prop tracks (273.6976ms)
✔ assault-rifle: reject a lost magazine track before updating game files (7.6376ms)
✔ assault-rifle: reject mismatched frame duration and native bone roster (27.614ms)
✔ all sixteen treatments retain closure panels and C13's two legs (2.0895ms)
✔ approved dimensions stay at native metres and all poses have source-fitted ground (2.7787ms)
✔ shoreline model variety is stable, reaches every prepared shape and excludes unavailable outputs (3.3445ms)
✔ native shoreline fitting preserves the old clearance envelope and puts the lowest point at its root (0.3913ms)
✔ constructed piers keep every source cap while replacing full-height concrete walls with thin fascia (14.4746ms)
✔ timber has flat cut caps and separate real bindings rather than an angled obelisk crown (3.5207ms)
✔ angular armour alternatives remain inside the approved rock clearance envelope (1.1616ms)
✔ landing structure keeps its supported cross-braced access and bindings while model fenders replace cylinder facets (1.7849ms)
✔ all usable surveyed ferry decks build grounded guards without treating isolated cap remnants as decks (36.3058ms)
✔ instanced Tencent shoreline stones stay closed, flat shaded and within the 400-triangle budget (14.579ms)
✔ riverfront ownership removes both legacy picket variants map-wide and retains inland gardens (18089.1757ms)
✔ every placed waterfront post and base-plate corner touches retained ground within 1 cm (11191.2638ms)
✔ approved riprap footprint forces a grounded, continuous rail landward of the rocks (0.4705ms)
✔ an overhanging bank extends posts down to ground while its rails stay above bank level (0.7393ms)
✔ a post shaft reaches its sloping plate, and split-level plates seek a single supporting surface (7.9592ms)
✔ sloping supports fit each plate corner and upright separately, with no midpoint interpolation (0.2975ms)
✔ a failed ground fit relocates to nearby ground without breaking the railing (0.7257ms)
✔ steep ground and centimetre survey seams retain continuous, uncrowded corner rails (10.4031ms)
✔ post spacing continues through short surveyed edges instead of clustering at each vertex (0.3539ms)
✔ river has finite upward facets and retains the fine grid beside candidate C (558.2003ms)
✔ shore dressing uses finite pier-top heights and records its retained sources (13.0493ms)
✔ approved pier props retain source approval hashes and fit the runtime triangle budgets (5.3225ms)
✔ visual shore placement includes both camera areas and bounded, scaled piling footprints (116.4119ms)
✔ varied riprap forms a visible belt outside the promenade and timber silhouettes remain readable in both approved views (172.0735ms)
✔ waterfront placement generation reproduces without changing the committed data (1542.9792ms)
✔ raised rock crowns leave every surveyed bank clear for the retained baked railing (212.7397ms)
✔ scattered riprap keeps varied small stones across both shore views (64.2746ms)
✔ 07 raised landing has grouped approved timber supports within foam capacity (54.8813ms)
✔ riprap descends through a broad apron with proportional boulder heights (95.3708ms)
✔ the full shoreline slope has dense armour in every alongshore and depth band (1017.5106ms)
✔ armour beside every bank stays exposed even when opposite shoreline aprons overlap (320.4246ms)
✔ every weapon category has a presentation definition (1.2774ms)
✔ muzzle flashes clear the barrel along each model's own bore (0.2566ms)
✔ every weapon model runs its bore down the canonical -Z (69.2618ms)
✔ every weapon model ships the sockets the runtime addresses by name (40.6742ms)
✔ a muzzle flash clears before the weapon can fire again (1.0161ms)
✔ weapon scene wiring is distinct per category (0.6747ms)
✔ weaponAnimation composes each category's authored clip names (0.2367ms)
✔ aiming narrows the view for every category (0.2776ms)
✔ every weapon is carried by a hold the pose table defines (0.2816ms)
✔ both holds are defined and fully specified (0.431ms)
✔ sprint bore constants exceed the resting swing and cant (0.1785ms)
✔ hand grips are stated as unit directions (0.2349ms)
✔ the shared world grip rotation is a unit quaternion (0.1065ms)
✔ the viewmodel pass magnifies with field of view rather than scale (0.107ms)
✔ native support calibration uses weapon-space metres and degrees (0.1758ms)
✔ pistol and rifle retain v0.28 kick, squared return and sustained bloom strength (1.6538ms)
✔ v0.28 ADS optics, transition and camera recoil random ranges remain pinned (0.8943ms)
✔ every weapon category has a feedback definition (0.1084ms)
✔ aiming down sights damps the kick for every category (0.2102ms)
✔ aimed recoil only slides the weapon along the optical axis, so the sights stay lined up (0.2812ms)
✔ hip-fire recoil keeps its full lift, travel and rotation (0.2051ms)
✔ per-shot kick follows the intended ordering across every channel (0.2346ms)
✔ the automatic categories trade the smallest per-shot kick for the worst sustained fire (0.2302ms)
✔ horizontal wander runs opposite to vertical kick (0.2318ms)
✔ viewmodel recovery is derived from the authoritative bloom rules (0.1835ms)
✔ recoil intensity spans exactly one to one-plus-the-sustained-multiplier (0.1909ms)
✔ recoil intensity never falls as bloom accumulates (0.5105ms)
✔ a category with no bloom ceiling does not divide its way to NaN (0.104ms)
✔ muzzle flash and shell casing dimensions are drawable (0.3879ms)
✔ the phase is the fraction of the server's duration, clamped to the reload (0.7194ms)
✔ Infima contacts keep distinct pistol/rifle and empty/loaded timings in order (0.2381ms)
✔ equipment footprint rejects roof edges, degenerate faces and unsupported corners (1.5931ms)
✔ sloped streets interpolate real ground height and reject steep prop supports (0.2978ms)
✔ source chunk fitting reaches all five approved study areas and rejects distant chunks (0.473ms)
✔ roof equipment crosses coplanar triangle seams but rejects different roof levels (0.3231ms)
✔ street frontages retain survey elevation, outward wall normal and reject roof faces (0.7844ms)
✔ frontage equipment flips inconsistent winding toward the exposed street side (0.2166ms)
✔ inset doorway fixtures snap to the outer shell wall rather than burying into it (0.3006ms)
✔ crossings use broad multi-way junction mouths, avoiding alleys and duplicate approaches (1.9844ms)
✔ paint fits across triangle seams and follows street grade (0.3695ms)
✔ paint rejects off-road corners, missing central support and ambiguous levels (0.1622ms)
✔ paint stays above millimetre-overlapping road faces instead of clipping into the visible layer (0.2012ms)
ℹ tests 666
ℹ suites 0
ℹ pass 666
ℹ fail 0
ℹ cancelled 0
ℹ skipped 0
ℹ todo 0
ℹ duration_ms 40238.8117

> @godmode/game-rules@0.1.0 test D:\work\godmode-roguelite-worktrees\land-livetube-emotes-final-20261007\packages\game-rules
> pnpm run build && node --test dist/test/**/*.test.js


> @godmode/game-rules@0.1.0 build D:\work\godmode-roguelite-worktrees\land-livetube-emotes-final-20261007\packages\game-rules
> node -e "require('node:fs').rmSync('dist/test',{ recursive: true, force: true })" && tsc -p tsconfig.json

ai_budget: 14 navigators, 300 ticks: mean 0.092 ms, p95 0.273 ms, max 7.791 ms, goals reached 11, unreachable 1
✔ fourteen navigators replanning every half second stay inside the per-tick budget (34.0854ms)
✔ locked aim cancels accumulated suit recoil in the submitted shot direction (0.8604ms)
✔ the RC bomb car is the weakest enemy and, however late and elite, slower than the player's base sprint (1.5261ms)
✔ the aim assist aims at the torso of every crowd kind, never the head, and regulars use the reduced health (0.2941ms)
✔ two rooms joined by a narrow corridor become two areas with one portal in the corridor (2.4546ms)
✔ a shared edge exactly as wide as the neck limit still joins its rooms (1.3505ms)
✔ a hall larger than the size cap is tiled into several areas (0.705ms)
✔ a ramp is its own area even across a wide shared edge (0.3629ms)
✔ a sliver merges into the neighbour it shares the most edge with (0.3856ms)
✔ polygons that meet at a T-junction are still adjacent (0.9578ms)
✔ farthest samples start at the medoid and spread across the area (0.3888ms)
✔ the same mesh clusters identically twice (2.1369ms)
✔ pruning keeps only the polygons connected to the seeded floor (0.7247ms)
✔ base64 encodes and decodes bytes the way the engine's Marshalls does, padding included (0.5235ms)
✔ armour absorbs damage before health (1.0035ms)
✔ a grant never passes the run's ceiling, and never takes plate away (0.1701ms)
✔ armour has no source that gives it back on its own: only a grant moves it up (0.1182ms)
✔ no boss up says nothing (0.7354ms)
✔ the commander says its phase and the plates still on, or that it is stunned (0.1739ms)
✔ the helicopter says what it is doing, and when its weak spot is open (0.1116ms)
✔ any other boss is its health (0.0877ms)
✔ every cheat-weapon sound file is wired to a cue or loop, and every wired file exists (1.7246ms)
✔ short numbers drop a trailing zero and keep one decimal (0.8568ms)
✔ every weapon and perk has short stats at every level, read from the rules' numbers (0.9441ms)
✔ the table lists weapons, perks, specials, the gun's evolution and crate exclusives in that order (0.8555ms)
✔ an evolved weapon shows under its evolved name, and a merged one without levels (0.5892ms)
✔ offer rows say the level a card takes a cheat to and what it then does (1.0595ms)
✔ the aimbot line is always on and names what changed it (0.2093ms)
✔ an id reads as a snake-cased file name (0.9048ms)
✔ a log stamp is the session clock in minutes and seconds (0.1936ms)
✔ every shop streak line takes its kill cost from the roster (0.9707ms)
✔ the comfort cheats lead the shelf and total $65 (0.5337ms)
✔ the account upgrades have ranked prices and sit in the shop catalogue (0.1251ms)
✔ cards arrive after each stream in order, three then two, within the shelf's cap (0.33ms)
✔ a ranked card holds one slot and shows its next rank until maxed (0.3778ms)
✔ buying is refused for cards not stocked, not affordable, or needing another first (0.0904ms)
✔ every card is in stock by run 21 for a player who buys everything (1.942ms)
✔ the shelf always offers an upgrade, including when authored cards are locked or exhausted (1.7622ms)
✔ armour shelf card states the protection and stops at the 150-point cap (0.2501ms)
✔ Auto Cover is off in a fresh run and enabled only by its purchased shop cheat (0.6202ms)
✔ the same seed builds the same city, and buildCityLevel caches it (17.4105ms)
✔ every body and pickup point is clear of every box (14.5788ms)
✔ every body point stands on a surface and is inside the bounds (10.2967ms)
✔ sites follow the route: six, ordered, spaced, and the start is safe (0.4818ms)
✔ the perimeter walls enclose the bounds (1.113ms)
✔ every spawn, site, boss, orb and the exit can be walked to from the player's spawn on the ground (139.3169ms)
✔ no street is blocked along its centre line (34.2374ms)
✔ a city is a few hundred boxes, with open ground floors, climbable roofs, plazas and cover (1.9458ms)
✔ different seeds lay out different cities (0.1755ms)
✔ streetlight poles collide, stand on a sidewalk or plaza, and touch nothing else (32.0661ms)
✔ bus shelters are only their back panel, so no roof leaves a navmesh island (1.5464ms)
✔ a far, still cloaker is a faint shimmer; close or on the run it shows (1.2793ms)
✔ its wind-up, a flinch, MARKED and WALLHACKS each show it whole (0.131ms)
✔ it stalks far off, rushes faster than a walk, and strikes for 30 from a step away (0.1962ms)
✔ the closest point matches a brute-force search on and off the mesh, across floors (22.0378ms)
✔ nothing is returned beyond the search distance (0.5739ms)
✔ the travel pace speeds a survival runner up (1.1093ms)
✔ the sprint widening eases toward its target and back without overshooting (0.1448ms)
✔ LEAK ticks and spreads inherit the hit that applied the status until another hit replaces it (1.1316ms)
✔ one pull settles after all burst rounds or delayed projectile damage (0.4217ms)
✔ an enemy attack resolves once and keeps its enemy (0.1933ms)
✔ localMove inverts the server's yaw rotation of body-relative input (2.2194ms)
✔ aimAngles matches the server hitscan direction convention (0.2912ms)
✔ a visible target is tracked at a bounded turn rate and shot only once the sights are on (1.6824ms)
✔ four ranged combatant brains independently pursue and fire without shared state (1.9161ms)
✔ an empty magazine reloads on a single press edge and the trigger stays off while reloading (0.2316ms)
✔ losing sight of a target never reloads a magazine that still has rounds (0.5063ms)
✔ a hunter walks a planned route round a wall to an unseen target (4.0188ms)
✔ a combatant never sprints and shoots in the same command (2.5033ms)
✔ a hunter holds range and strafes on walkable ground once a near target is visible (0.9441ms)
✔ a combatant circling at its hold range never cuts between strafing and closing in (1.9594ms)
✔ a hunter with one strafe side blocked takes the open one in the same tick (0.576ms)
✔ a dead hunter issues an idle command and forgets its route (0.7535ms)
✔ a bot aims at centre mass for the posture its target is in, never at their head (1.5053ms)
✔ a shot at a remembered position is aimed with the posture that was seen there (1.6573ms)
✔ an unanswered reload press is repeated, and nobody sprints on an empty magazine (0.229ms)
✔ a combatant wedged on both strafe sides holds its side and its ground instead of flipping every tick (5.1637ms)
✔ a route over the ladder presses jump on the way up and crouch on the way down, and nothing on the deck (2.1881ms)
✔ a navigator counts a climb as progress, never cuts the corner through a link, and never replans mid-link (1.5504ms)
✔ a body without ladder controls is carried up the shaft, across the exit, down again, and off a drop into a fall (1.6204ms)
✔ a jump across is jumped by a combatant, and a body without controls is lifted clear, carried across level and released over the far side (issue #275) (1.1933ms)
✔ a combatant on the ladder finishes the climb before it strafes, holds or forgets its route (0.9101ms)
✔ the straight-line shortcut waits for a link's end, even when the goal is in direct range from mid-air (2.905ms)
✔ a shooter's bearing picks the plate: chest in front, back behind, its own left and right at the sides, the helmet on a head hit (0.7798ms)
✔ a plate takes a round and passes a share on until it breaks, and then that zone takes more (0.1856ms)
✔ a blast reaches it for a share and strips every intact plate, which is how explosives open it up (0.8871ms)
✔ it drops the gun at 65% and calls its squad below 35%; its health is no boss sponge (0.2642ms)
✔ death selection covers five standing variants and preserves crouched posture (2.029ms)
✔ a corpse preserves the old life after respawn and a run reset (1.8732ms)
✔ the seventeenth death evicts the oldest body (3.9239ms)
✔ nonlethal hits, duplicate lethal events and voluntary restarts cannot manufacture corpses (0.347ms)
✔ an empty lobby clears every body (0.1754ms)
✔ direction k is the game's yaw k × 2π/16, and a bearing rounds to the nearest (1.1021ms)
✔ arcs wrap round the ring, and the peek edges are the open directions either side of the cover arc (0.3601ms)
✔ the torso heights the bake rays from are the bodies' own (0.2954ms)
✔ an index built from a list groups it by area (0.8966ms)
✔ every weapon but the merge evolves with one paired stat at 3 (1.228ms)
✔ ten cheat weapons can be offered, with the design's level 1 and 5 numbers (0.2342ms)
✔ every 4th offer is weapons only while a weapon slot is open (4.8034ms)
✔ with no cheat weapon held, every offer carries a new weapon (the run starts with the gun alone) (16.8891ms)
✔ a full slot type only offers upgrades to what it holds, and every offer upgrades something held (3.7027ms)
✔ stats that help a held weapon are weighted over ones that help nothing held; a banished card never comes (13.8031ms)
✔ a maxed weapon's paired stat is labelled as completing an evolution, and the evolution becomes ready at 3 (0.6142ms)
✔ Martyrdom and Claymores merge into Bouncing Betty and free a slot for good; Rail Rounds needs Crit and Pierce at 5 (1.4733ms)
✔ Lucky deals a 4th card and sometimes two levels (5.6799ms)
✔ head hits do torso damage unless the Headshots power is held: 2x at level 1, +0.5 a level (0.2408ms)
✔ with a perk slot open, a perk that evolves a held weapon is dealt more often and says so (4.0762ms)
✔ minute stings and boss warnings fire once when the run clock crosses their thresholds (1.8995ms)
✔ the roster runs 21 minutes: at most 3 regular types, every minute swaps one, and bosses at 10 and 20 (0.3226ms)
✔ the crowd starts at about 9 alive, reaches 71 by minute 8, thins on breathers, and empties for a boss (0.1847ms)
✔ each regular has 15% less health and 1/0.85 times the uncapped refill rate (0.2782ms)
✔ scripted squads add proportionate regulars but never extra elites (0.1873ms)
✔ health, damage and speed follow the plan's tables (0.2497ms)
✔ 1.5x as many grunts with every other kind's count unchanged (0.1791ms)
✔ the boss slot holds the juggernaut commander at 10:00 and the attack helicopter at 20:00 (0.1161ms)
✔ every regular type comes and goes: each is out in at least two minutes and absent from others (0.2246ms)
✔ each type is introduced beside riflemen or cheap pressure before it is doubled up with other hard picks (0.2418ms)
✔ the specialists are capped alive, dogs come in packs, and the RC car and sniper hit with their own damage (0.1685ms)
✔ each elite arrives alone before any two come together, and events never land in a breather or a boss's minute (0.2149ms)
✔ a blow's bearing is measured clockwise from where the player faces (0.6455ms)
✔ the source is the nearest within reach, or none (0.1705ms)
✔ a Soldier's landed shot is the source over a nearer Admin, and only while it is fresh (0.2398ms)
✔ a deposit lands on the area under the body and leaks a fraction to its portal neighbours (3.1042ms)
✔ danger halves every half-life and a quiet map returns to exact zeros (0.713ms)
✔ a route's danger counts each area it crosses once, samples inside long straights, and a route clear of it reads zero (3.1753ms)
✔ a deposit off the mesh is refused and reset clears everything (0.4904ms)
✔ visual setup names only supported events and commander zones (0.6084ms)
✔ arguments split on whitespace, and quotes keep spaces (0.5492ms)
✔ names match exactly or by a unique prefix, ignoring case (0.2518ms)
✔ numbers are bounded, and a left-out optional one takes its default (0.1182ms)
✔ tp takes a place's name or three coordinates (0.2004ms)
✔ every command has help and a unique name (0.1483ms)
✔ every scenario line names a console command and its first argument completes (0.1996ms)
✔ a dog runs faster than the player walks and crouches 700 ms before a 25 bite (0.8323ms)
✔ it lunges only in reach, in sight, rested, and while its pack has room (0.1747ms)
✔ a lunge goes at where the player stood, just past them, and bites a player who stays (0.2187ms)
✔ a dog waiting its turn in reach circles out at 3-4.5 m rather than at the player's feet (0.7119ms)
✔ a dog that has just bitten backs out to its hold-off before it crouches again, unless the player keeps closing (0.1334ms)
✔ a drone keeps its own ring 12-20 m out and 4-6 m up, on its own side of the player (1.0892ms)
✔ it holds its point, and hops straight round the ring between bursts (0.697ms)
✔ a drone is a gun: a locked-on burst that does damage, weaker than a rifleman's (0.1318ms)
✔ a blocked ray lifts it 2 m at a time, never over the ceiling; at the ceiling it turns round (0.229ms)
✔ it never flies faster than its speed, and eases in at its point (0.1586ms)
✔ walled off, it flies the street route under it at its own height (0.1498ms)
✔ a wedged drone is put back on its own ring, trying its own bearing first and working out both ways (0.2858ms)
✔ off the player's screen, it comes round in front of where they look (0.1132ms)
✔ player starts require a broad street centerline, not an alley or sidewalk (0.6836ms)
✔ player selection varies across the connected arena and never bypasses live clearance (3078.4072ms)
✔ hidden spawn rejects distance, sight, occupancy, and disconnected candidates without a fallback (0.969ms)
✔ changing view or moving the player rechecks actual visibility and distance (0.1971ms)
✔ angular selection can approach from every occupied sector, including behind the player (6.5323ms)
✔ C follows the waterfront and concave street cuts, excluding river and detached fragments (0.2396ms)
✔ an encounter Admin commits to a goal for 1.5 to 3 seconds (0.6376ms)
✔ a committed goal holds through small changes and lapses on time or a big one (0.1368ms)
✔ a waiting Admin stands its ground in the band around its ring while it sees the player (0.7263ms)
✔ a melee Admin closes the last metres at a steady advance, slower than its walk (0.1119ms)
✔ a wind-up phase is done exactly when its length has run (0.1102ms)
✔ a hit flinches an Admin and cancels its wind-up, but never a committed strike, and not again straight away (0.1159ms)
✔ a body that is where it should be is not stuck (0.8606ms)
✔ a Soldier that has not closed on its target for four seconds is stuck (0.1545ms)
✔ where it is beats what it has done, and falling beats everything (0.132ms)
✔ a roster arrives in even waves, the first the largest, every enemy once and in roster order (1.3858ms)
✔ rooms pace their fight: engaged caps and waves (0.213ms)
✔ every weapon's sustained damage and time to kill are finite and positive (0.1914ms)
✔ each kind's numbers are the design's (2.008ms)
✔ every gun can kill from a flank within two magazines (0.7288ms)
✔ at its own range, each kind's answer kills it inside one magazine (1.0148ms)
✔ an SMG rusher prefers a spot off the player's flank or back to one in front of them (0.3422ms)
✔ gunshot layers blend smoothly with bounded weights and preserve reports when voices are busy (1.7466ms)
✔ a flier's rotors rise with its speed, and a pass drops in pitch only slightly (0.1706ms)
✔ closing speed is the velocity along the line to the listener (0.1538ms)
✔ a wreck's hum sags and sputters with its rotors, and dies with them (0.2261ms)
✔ a heard flier keeps its voice; a new one takes a free one; the rest wait (0.2186ms)
✔ a dog revs through its crouch and snaps once, on the frame its bite lands (0.1795ms)
✔ a lunge that misses snaps on air as it runs out, and a broken crouch cuts its rev (0.1679ms)
✔ a kamikaze whines through its lock and never snaps (0.1254ms)
✔ a dog at a gallop patters several times as often as a Soldier walks (0.2863ms)
✔ an RC car's motor whines louder and higher the faster it drives, and is silent standing (0.2671ms)
✔ an RC car beeps once per period, whatever the frame rate (0.3244ms)
✔ a picket chirps when it picks the player up from idle, not when it spawns hunting or changes target (0.1025ms)
✔ a shield rings when what is left of it falls (0.0708ms)
✔ a sentry beeps and a marksman charges on their wind-ups; a shot cuts the charge (0.058ms)
✔ every enemy loop keeps at most a few voices and is heard no further than a street or so (0.6328ms)
✔ the helicopter hovers in the arena, near the player, and comes and goes from outside it (0.8918ms)
✔ its flight comes in at cruise height, holds its hover for the drop, climbs away, and is gone (0.3708ms)
✔ the UAV circles high over the player (0.6393ms)
✔ every enemy kind resolves to a finite hittable shape (1.4985ms)
✔ measured enemy models do not draw body geometry outside their hit shape (0.1741ms)
✔ plain humanoids keep their existing generous capsule while attachments opt into measured shapes (0.7277ms)
✔ a blast is full at its centre, the edge damage at its radius, and nothing past it (0.6209ms)
✔ a grenadier's throw lands short of the player on the flight time, then rolls, with most of its fuse left (1.206ms)
✔ a rocket flies on past where the player stood, and its pass is measured to the chest (0.6126ms)
✔ the grenade warning sits on the side of the crosshair the grenade is on (0.1642ms)
✔ an officer's mortar shells land far enough apart that one circle only ever holds one (0.1047ms)
✔ RPGs at one player shoulder apart, never in step (0.0873ms)
✔ the log keeps events in order with a resumable cursor (1.3443ms)
✔ the ring is bounded and says how much history it dropped (0.2085ms)
✔ a cursor resolves the same page however far behind or ahead it is (0.2021ms)
✔ a capacity that could not hold anything is rejected (0.8997ms)
✔ the player always leads the scoreboard, whatever the moment (2.7084ms)
✔ standings are deterministic for the same moment (0.1992ms)
✔ every victim name comes from the lobby (0.1743ms)
✔ a hint comes at its moment, once, and the first due wins (0.7973ms)
✔ hints name the player's own keys (0.1436ms)
✔ the save keeps the hints seen, and drops ids it does not know (0.8041ms)
✔ a walking Soldier lands a foot every stride, whatever the frame rate (1.607ms)
✔ standing still and a teleport land no foot (0.1255ms)
✔ a run is louder than a walk, and a wall takes some of it away (0.1723ms)
✔ only the nearest few inside the range are heard (0.6693ms)
✔ a walk never plays the same take twice in a row, and reaches every take (0.31ms)
✔ a still camera does not drift (1.1701ms)
✔ forward at yaw 0 is -Z, which is the map's grid north (0.1916ms)
✔ forward follows the pitch, so looking down and pushing forward descends (0.6144ms)
✔ lift is world up whatever the camera is looking at (0.1734ms)
✔ a diagonal travels the same distance as a straight line (0.1468ms)
✔ boost and slow scale the base speed and compose (0.155ms)
✔ the wheel winds the speed within its range and comes back where it started (0.1225ms)
✔ padded navigation tiles emit only their interior and interpolate edge heights (0.8571ms)
✔ tile clipping removes duplicated faces and sub-millimetre boundary slivers (0.543ms)
✔ a polygon Recast put in the sky is dropped, not clipped, and the ground beside it is kept (0.1457ms)
✔ the ceiling clears the tallest thing in the map, so nothing real is near it (0.0715ms)
✔ without a ceiling the crop behaves exactly as it did before (0.0619ms)
✔ the grenade launcher is a small, slow magazine of shells, not rays (0.6372ms)
✔ a shell flies a gravity arc: level at first, then dropping by g t² / 2 (0.4238ms)
✔ the blast is full at its centre, falls to the edge damage at 4 m and stops there (0.2492ms)
✔ a grenadier's lob lands where the player stood, two seconds later, on a high arc (0.8745ms)
✔ its burst is 35 at the centre, falling off to nothing past 3 m (0.1579ms)
✔ nothing recovers inside the five-second window after damage (1.0378ms)
✔ a grazed player snaps to full on the frame the delay expires (0.1313ms)
✔ a heavily damaged player ramps in ten-point steps every fifty milliseconds (0.1249ms)
✔ recovery from one health takes the delay plus half a second (0.2979ms)
✔ the ramp keeps its wall-clock rate whatever the frame length (0.3192ms)
✔ crossing the instant threshold mid-ramp does not skip the rest of it (0.2059ms)
✔ a long frame grants every step boundary it swallowed (0.1489ms)
✔ the dead and the untouched are left alone (0.1126ms)
✔ the match reducer restarts the recovery timer on every landed hit (1.2667ms)
✔ a respawned life starts unhurt and unstamped (0.3605ms)
✔ catch-up ticks never pay the same health recovery boundary twice (0.3552ms)
✔ the heavy's plate halves a bullet; a blast, a chain and a leak pay in full (3.3988ms)
✔ a heavy takes a machine gun magazine; bigger than a soldier, head and all (0.3457ms)
✔ its armour lets a fifth of a body round through, and its weak spot pays most while it hovers (1.3666ms)
✔ the player's killstreaks hit it harder than any other boss, and other blasts for a share (0.1231ms)
✔ a strafing run crosses the player and walks its salvo over where they stood, loosed on the way in (0.346ms)
✔ it circles over the roofs, and flies straight at its speed, arriving exactly (0.7357ms)
✔ a kamikaze hangs 8-12 m behind the player, 3-5 m up, inside a cone round straight behind (1.7954ms)
✔ its lock is a one-second tell, in sight and in reach, two of a pack at a time (0.1753ms)
✔ the dive goes straight at where the player stood, and bursts on them, on a wall, or when spent (0.204ms)
✔ its blast is 35 at the centre, 10 at 3 m, nothing past (0.232ms)
✔ every action ships a primary binding, and only crouch a secondary one (1.0774ms)
✔ the shipped defaults are conflict-free and fully bound (0.7673ms)
✔ the shipped defaults match the documented control scheme (0.3108ms)
✔ binding tokens round-trip and reject malformed input (0.248ms)
✔ the keys and buttons the menu consumes are not assignable (0.2152ms)
✔ debug-build keys stay assignable (0.1145ms)
✔ a secondary binding is added without disturbing the primary (0.1193ms)
✔ assigning does not steal an in-use binding; the clash blocks saving (0.1598ms)
✔ one action holding the same binding twice is a conflict (0.149ms)
✔ clearing both columns warns but still allows saving (0.9161ms)
✔ a conflict is reported ahead of an unbound row (0.2482ms)
✔ restoring one action's defaults leaves the rest of the scheme alone (0.1007ms)
✔ clone does not alias the source rows (0.0482ms)
✔ a hand-edited file loads as a scheme the menu itself would accept (1.1094ms)
✔ an empty section leaves every action on its shipped default (0.3899ms)
✔ an absent action's default never steals a binding the file assigned (0.2679ms)
✔ a key event matches on logical, physical, or unicode keycode (0.3458ms)
✔ labels cover mouse buttons, named keys, function keys, and printables (0.1182ms)
✔ crouch defaults to C with Ctrl as the second key (0.1626ms)
✔ interact and drop have their prompt keys (0.1495ms)
✔ nothing is bound to E or to 1-4, which survival reads itself; interact is F (0.4468ms)
✔ an enemy's kill has no killer and no gun (2.1906ms)
✔ damage that does not kill produces no line (0.1919ms)
✔ a voluntary restart is not a kill (0.1825ms)
✔ earned feedback survives consuming and earning a charge between snapshots (1.4946ms)
✔ Friendly Fire Off prevents every streak blast, including destroyed RC-XD and napalm canisters (0.2346ms)
✔ activation gates other streaks globally and the same streak by its equipped cost, without stopping earnings (0.4206ms)
✔ a 30-kill Nuke has a 120 second timer; always-ready testing bypasses both gates (0.2362ms)
✔ Streak Stack and Double Earn hold two charges through a per-streak cooldown (0.1963ms)
✔ prototype never grants damage protection: call-in, entry, full ride and return (0.2739ms)
✔ cover gun has reduced damage and no negative healing (0.1191ms)
✔ prototype rides last seven seconds even with duration upgrades; standard keeps its durations (0.1448ms)
✔ Adrenaline multiplies reload duration and gun damage only while active (0.7814ms)
✔ always ready charges only equipped streaks at the start and immediately after spending (0.2285ms)
✔ the roster has 12 streaks, with no Ground Robot, Cruise Missile or supply drop (0.1337ms)
✔ each rung of the run's ladder is earned the moment the counter reaches it (0.1034ms)
✔ a kill inside the window extends the chain; one after it starts a new chain (0.1081ms)
✔ a lapsed chain drops to zero: earned streaks are kept, one of each (0.192ms)
✔ killstreak kills feed the chain, and what they earn comes marked (⟳) (0.197ms)
✔ each rung once per chain: a long ride pushes the counter for medals but never re-earns a passed rung (0.1277ms)
✔ Streak Stack holds two of each, and Double Earn gives two a rung (0.1599ms)
✔ the Tactical Nuke is earned once a run (0.1608ms)
✔ callouts land on their milestones only, loudest last (0.1594ms)
✔ the use key fires the newest copy, and says whether it was marked (0.2001ms)
✔ the RC-XD tops out at 14 m/s, boosts to double for 2 s, then recharges (0.2815ms)
✔ napalm lays two rows of fire along the line, and the fire jumps once a burner (0.3005ms)
✔ a dog runs at its target and stops at biting reach (0.9408ms)
✔ guns prefer the nearest living visible dog, but keep the nearer player (0.2104ms)
✔ the second dog on one enemy flanks it rather than standing inside the first (0.2874ms)
✔ streak damage is soldiers at this minute's health, halved on a boss, with falloff (0.0962ms)
✔ the missile starts high behind the player and always dives (0.3181ms)
✔ airstrike and bomber lines land along the chosen direction (0.4164ms)
✔ AC-130 guns: 105 one round then a 5 s reload, which runs while switched away (0.202ms)
✔ predator launches and its initial ground aim stay inside a supplied circular fixture zone (5.2064ms)
✔ current smaller zones and the solid ceiling constrain the launch without changing control (0.1447ms)
✔ ordinary interior launch retains its original position and heading (0.1475ms)
✔ every streak uses tablet LAUNCH except the helicopter and AC-130 gunners (0.1538ms)
✔ activation: half a second unhurt for any streak, and a fade streak is black, then live, then clear (0.1941ms)
✔ a ride's end is the fade run backwards, and the return starts from the black (0.095ms)
✔ Predator and RC-XD bring the tablet screen to the eye before fading into control (0.0928ms)
✔ aimed airstrikes launch on foot without a targeting camera, extraction or return (0.0561ms)
✔ strike lines require two clicks, reset on cancellation, and reject degenerate confirmation (0.1421ms)
✔ strike preview caps length and all three strike patterns follow the selected endpoints (0.2536ms)
✔ phone ADS lends mouse/fire to the ride while keyboard movement remains available (0.1685ms)
✔ a shot resolves at the moment the shooter says it was rendering (1.5419ms)
✔ a claim about the future is refused down to the newest sample (0.1436ms)
✔ no claim at all earns no rewind, never the maximum (0.1361ms)
✔ a rewind past MAX_REWIND_MS is cut to it (0.1131ms)
✔ the ceiling is measured from the present, not from the newest sample (0.1594ms)
✔ a server stalled longer than the window rewinds nothing (0.0989ms)
✔ a body between two samples is interpolated, not snapped to the nearer one (0.2068ms)
✔ posture and aliveness take the earlier sample rather than being blended (0.1163ms)
✔ two samples stamped with the same millisecond carry no interval to blend across (0.1233ms)
✔ a time outside the history clamps to its ends instead of extrapolating (0.1801ms)
✔ history is evicted once it is older than the window (0.7581ms)
✔ a ray down the middle enters a standing capsule at its near face (0.2094ms)
✔ a ray just outside the capsule radius misses (0.0764ms)
✔ the capsule ends where the collider ends, above the head and below the feet (0.0628ms)
✔ a shot straight down enters through the cap rather than missing the cylinder (0.0528ms)
✔ a shot straight up enters through the lower cap (0.0502ms)
✔ a ray starting inside a capsule reports no hit (0.0695ms)
✔ a hit beyond maxDistance is not a hit (0.0622ms)
✔ a crouching target's hitbox drops with the collider instead of staying centred (0.2434ms)
✔ the level stops a rewound shot, because only bodies move backwards in time (0.0635ms)
✔ the nearest body takes the round, and ties break on the lower id (0.1157ms)
✔ a piercing round is spent on every body in the line, nearest first (0.1784ms)
✔ a ray level with the head is a headshot, and one below it is a body hit (0.1019ms)
✔ the head region can never turn a miss into a hit (0.5034ms)
✔ a crouched player's head drops with the collider, like the rest of their hitbox (0.1256ms)
✔ a shot the Aimbot would take enters the torso and never touches the head (0.2028ms)
✔ a body that was dead at the rewound moment cannot be hit (0.0528ms)
✔ a strafing target is hit where the shooter saw it, not where it has got to (0.1338ms)
✔ colour carries damage: white for a graze, red at half a health bar (0.8341ms)
✔ every weapon's round lands somewhere on the ramp rather than off the end of it (0.1663ms)
✔ shooting the same spot amplifies the colour, not the size (0.2403ms)
✔ a round outside a live ripple, or one that has gone, opens its own (0.1385ms)
✔ the ring overwrites the ripple that has been showing longest, and never grows (0.1145ms)
✔ the ring reports itself dead once its last ripple is over, so the shader can skip its whole test (0.0863ms)
✔ a ripple on a body is narrower than one on the street, so a head shot reads as a head shot (0.0645ms)
✔ a cheat's ripple covers the gun in the hand rather than a patch of it (0.063ms)
✔ ring pressure evicts the least recently hit patch rather than a sustained break (0.1035ms)
✔ a long burst keeps one original break alive and releases it after the final round (0.1513ms)
✔ short bullet hits do not evict a boss break before its recovery (0.1045ms)
✔ weapon fracture sizes distinguish a sidearm, sniper and blast without growing on repeated hits (0.6282ms)
✔ a mark held in a body's frame rides the body as it walks and turns (0.1948ms)
✔ stream alerts appear one at a time and clear between runs (1.1539ms)
✔ tips grow with the audience: about $15 a minute at 15 viewers and $130 at 500 (0.2071ms)
✔ a big moment tips, builds hype and brings viewers; quiet drains it and viewers leak (0.5108ms)
✔ death clears hidden hype and costs fewer viewers on a ride; a raid brings viewers (0.2002ms)
✔ a held stream (a breather, an open box) neither drains nor leaks (0.1449ms)
✔ the style bonus scales tips and never goes below ×1 (0.1568ms)
✔ a missed challenge and a death are $1 each; a done challenge pays its price (0.1392ms)
✔ families open as the audience grows (0.8338ms)
✔ a challenge comes in 45-75 s after the last, pays when done and is an L when missed (0.8109ms)
✔ 5 aimbot kills in 15 s completes; spread out it doesn't (0.323ms)
✔ knife the next elite fails if the elite dies to anything else (0.1631ms)
✔ no ADS for 30 s: aiming fails it, keeping off it and killing passes (0.1729ms)
✔ a detected style leans half the challenges toward it (0.8173ms)
✔ TipBot reads challenges and $10+ tips with a message, one every 12 s (0.3268ms)
✔ TipBot's nuke line interrupts speech and a streak hold (0.0794ms)
✔ streamer reactions pick one headline by priority and respect shared and local cooldowns (0.1205ms)
✔ a spotlight brings a visible viewer spike without losing the previous peak (0.0969ms)
✔ TipBot drops stale tips and reads numbers in words (0.4918ms)
✔ a stream settles one account score, and LiveTube appears at 50 (0.2975ms)
✔ the best account and million-follower win survive a weaker next account (0.1125ms)
✔ the LiveTube shop opens at milestones and spends the wallet (0.16ms)
✔ promote adds starting viewers; subs, ads and the sponsor pay (0.0977ms)
✔ a pinned request pays when the next stream plays it, else expires (0.084ms)
✔ the channel save round-trips and survives garbage (0.3271ms)
✔ overlaps settle Control, then Chain Reaction, then Sharpshooter, then the weapon (0.0859ms)
✔ a style needs 40% of the kills, and is only worked out after 40 (0.157ms)
✔ variety pays, repeats cost nothing, and the best case is +80% (0.1158ms)
✔ feats pay once each (0.3596ms)
✔ a style request asks for something playable and not recent (0.1806ms)
✔ mantling locks attacks and swapping without changing either gun's ammunition (3.1017ms)
✔ a death or voluntary respawn clears the mantle lock (0.2853ms)
✔ the mantle clock has ordered holster, grab, climb and equip intervals (0.32ms)
✔ the path clears the wall vertically before moving across and never overshoots (0.343ms)
✔ the frame is the manifest's own origin and chunk size (2.4383ms)
✔ every manifest chunk is the chunk its own bounds fall in (0.312ms)
✔ chunk ids floor toward negative infinity (0.1404ms)
✔ the origin is the manifest's lat/long, and -Z is north (0.2361ms)
✔ the approximation lands within a few metres of the manifest's own corners (10.5877ms)
✔ a position report names every frame it prints (0.3363ms)
✔ a marksman aims 1.5 s with its laser, then hits a still player for 40 across the street (1.5344ms)
✔ the sniper and DMR answer the marksman in one or two at its range (0.3168ms)
✔ a sniper aims only from in front of the player, one at a time (0.1729ms)
✔ snipers at one player together fire no faster than one alone (0.1868ms)
✔ run armour absorbs before health and never regenerates with health (2.3861ms)
✔ input boundary rejects malformed values and clamps movement (1.1518ms)
✔ the pistol reloads between magazines but never exhausts its reserve (0.7075ms)
✔ survival's machine gun has unlimited ammunition but still reloads every magazine, Fat Mags included (2.2512ms)
✔ shotgun magazines refill only from a finite reserve that spawns with two magazines (0.3108ms)
✔ infinite ammo permits firing after both reserve and magazine reach zero (0.1816ms)
✔ shared protocol schemas validate every client input boundary (0.0861ms)
✔ sprinting blocks fire until the weapon has come back up (1.0101ms)
✔ the sprint-stop window covers the posture and the raise it leaves behind (0.2624ms)
✔ a sprint-fire pull winds the speed down to the walk it fires at (0.2712ms)
✔ the sprint weapon-raise never shortens a longer draw lock, and death clears the sprint (0.4704ms)
✔ a match runs on the limits it was configured with, and its clock running out ends nothing (0.1724ms)
✔ a configured lobby cap turns the extra player away (0.1689ms)
✔ the configured limits survive an empty lobby and a restart (0.2106ms)
✔ the shipped defaults are what a match with no configuration runs on (0.135ms)
✔ clampMatchRules refuses limits the rest of the game cannot serve (0.2384ms)
✔ a waiting server starts the match clock when the first player connects (0.1043ms)
✔ the lobby holds one runner and sanitizes display names (0.0819ms)
✔ weapon swap toggles the primary and the pistol while preserving each magazine (0.2034ms)
✔ a debug-equipped weapon resets to the run's starting weapon on respawn (0.2025ms)
✔ an enemy's kill leaves a death credited to nobody (0.0995ms)
✔ debug invincibility ignores all but forced damage (0.2036ms)
✔ firing stamps a server-owned radar reveal at the position the shot came from (0.1914ms)
✔ death clears the radar reveal so a corpse never keeps pinging (0.1699ms)
✔ merging an unread intent keeps the newest state and every press (0.365ms)
✔ a refused shot names combat's reason, and says whether it passes on its own (#601) (0.2687ms)
✔ an identical state reports nothing at all (2.8337ms)
✔ a death reports the life it ended and the return it reserved (0.533ms)
✔ a respawn is reported as its own transition, with the life it came back on (0.1746ms)
✔ armor is reported at the moment it is spent (0.1355ms)
✔ joining and leaving are reported (0.1544ms)
✔ a death records its corpse and the body does not expire on a clock (0.1708ms)
✔ the enemy roster is reported as arrivals and departures (0.466ms)
✔ a roster that only changed its targeting reports nothing (0.2266ms)
✔ a medic holds up every other enemy inside its radius, and no other medic (0.7648ms)
✔ regen waits out the delay after a hit, stops at the overhealth cap, and carries fractions (0.6979ms)
✔ the rules raise a mended enemy toward its cap and strip overhealth from one no longer listed (0.8877ms)
✔ a knife hits the nearest enemy in reach and in front (1.2981ms)
✔ nothing behind or beside the player is knifed (0.1316ms)
✔ an enemy just out of reach straight ahead is lunged at; one off to the side is not (0.7387ms)
✔ a target in reach beats a nearer-looking lunge; walls and height rule enemies out (0.4079ms)
✔ the facing, not the lock, picks the target (0.4243ms)
✔ a lunge stops short of the target (0.1214ms)
✔ the knife kills outright except elites and bosses (0.1423ms)
✔ an enemy that has done nothing is not on the map (1.2569ms)
✔ a dead enemy is never on the map, even under Maphack (0.1426ms)
✔ Maphack draws every living enemy at full strength (0.243ms)
✔ an enemy close enough to hear is on the map without firing (0.2066ms)
✔ an enemy the player can see is on the map (0.1644ms)
✔ a shot puts an enemy on the map and it fades out (0.2076ms)
✔ a melee enemy squaring up gives itself away too, and standing still does not (0.1523ms)
✔ the strongest reason wins: a firing enemy standing next to you is solid (0.1476ms)
✔ footsteps follow ground material and sprint cadence without changing movement (0.7945ms)
✔ landing compresses under half a degree and settles fully (0.1855ms)
✔ dash direction has equal reach sideways and forward, and rotates with yaw (0.7116ms)
✔ the base speed is Call of Duty 4's, converted once into metres (0.1928ms)
✔ each weapon carries Call of Duty 4's published mobility, hip and aimed (0.2987ms)
✔ posture and cheat multipliers compose into one ground speed (0.7988ms)
✔ the movement direction is unit length forwards and zero when nothing is pressed (0.2737ms)
✔ strafing and backpedalling are slower than advancing, and bend a diagonal (0.261ms)
✔ a jump reaches Call of Duty 4's own apex, and no further (0.3208ms)
✔ a grounded jump takes the impulse and a crouched one does not (0.3109ms)
✔ gravity integrates only while airborne, and identically at either tick rate (0.1873ms)
✔ the head region lies wholly inside the capsule, so regions cannot make a player bigger (0.1446ms)
✔ the head is a tenth of the silhouette a standing player presents (0.0659ms)
✔ the head follows the capsule top down into a crouch rather than staying where it was (0.0641ms)
✔ the Aimbot aim point is clear of the head region in both postures (0.0678ms)
✔ an eye height is inside the head, which is why nothing may aim with one (0.0629ms)
✔ the client catches a dash cooldown the server cut short (0.2317ms)
✔ both word lists hold fifty distinct words (0.7733ms)
✔ every name fits inside the cap that sanitizeName truncates at (0.1676ms)
✔ words are printable ASCII, so sanitizeName passes them through unchanged (0.78ms)
✔ rolls index the two lists independently and stay in range (0.158ms)
✔ a random name takes one adjective and one noun, in that order (0.4073ms)
✔ a ladder link reverses and a drop does not (0.43ms)
✔ a link is never cheaper than the ground it replaces (0.1304ms)
✔ a jump across is one a walking player makes: inside the reach and under the height of a jump (issue #275) (0.0764ms)
✔ link kinds round-trip through their codes (0.2373ms)
✔ pending navigation keeps the safe old path and does not age an unanswered plan (10.6016ms)
✔ an unanswered first route waits safely; moving the target and resetting cancel obsolete requests (8.5309ms)
✔ body and floor points differ by the capsule's half height and round-trip (0.1023ms)
✔ pathLength measures across the floor only (0.0847ms)
✔ pathPassesNear measures to the legs, not only the corners (0.0912ms)
✔ pointAlongPath walks the legs and stops at the end (0.0886ms)
✔ the flat fixture map snaps within its floor, refuses the air, and walks round a hole (2.8469ms)
✔ a new weapon card says it is new, what it does at level 1, and the slot it takes (1.8622ms)
✔ an upgrade card reads its level now and next (0.272ms)
✔ the card that makes an evolution ready says it completes it (0.4004ms)
✔ a stat only moves toward an evolution whose weapon is held (0.2302ms)
✔ a new perk says so and counts the run's perk slots, 3 to start and more with Extra Perk Slot (0.2872ms)
✔ a card says how far it goes, and what the last slot closes off (0.2646ms)
✔ an evolved weapon's slot reads as its evolution (0.2511ms)
✔ Lucky's two levels show in the note and the next level (0.1369ms)
✔ a stat says what it helps, marking what the build holds (0.3978ms)
✔ slots: a maxed weapon has no next level, and a ready one says so (0.4562ms)
✔ the gun lists Rail Rounds and the view's build round-trips (0.8126ms)
✔ there are eight zone areas, each of real polygons (1.2211ms)
✔ a point is inside a square and not outside it, and knows how far the edge is (0.2919ms)
✔ a lane is as wide as asked, all the way along (0.1934ms)
✔ the fence runs end to end along open ground and stops at buildings (22.3532ms)
✔ the heartbeat starts under 30% health and races towards death (0.6564ms)
✔ a snapshot is measured against the frame it answers for, not the newest one (1.4802ms)
✔ an acknowledgement between two predicted frames uses the newer one it covers (0.1429ms)
✔ drift is corrected and a teleport is snapped (0.1494ms)
✔ an unanswerable acknowledgement snaps, but a stale one is ignored (0.336ms)
✔ an acknowledgement newer than anything predicted is refused rather than mismeasured (0.1745ms)
✔ applying a correction shifts the frames predicted after it, so it is not counted twice (0.4113ms)
✔ an intent merge puts the server's jump a sequence later than the client's, and bounds the error that leaves (0.6731ms)
✔ history is bounded, keeping the newest frames (0.3101ms)
✔ a correction offset halves over its half-life and is dropped once invisible (0.8677ms)
✔ the room-clear beat punches in fast, eases back, and ends at rest (0.7758ms)
✔ kill-feed rows enter quickly and settle without overshoot (0.6616ms)
✔ low-ammo cue fires only when shooting across the quarter-magazine threshold (0.1243ms)
✔ a hit shakes in proportion to its damage, never past the cap, and not at all when turned off (0.2682ms)
✔ Admin deaths within two seconds chain into DOUBLE, TRIPLE and beyond; a gap starts over (0.2567ms)
✔ the SMG fires fastest, handles quickest and owns the first ten metres (1.0616ms)
✔ one DMR pull is a 3-round burst: a body burst leaves a soldier standing, a head burst does not (0.2637ms)
✔ roguelite reloads take one and a half times as long; every other mode keeps its own (2.9295ms)
✔ interaction picks the nearest candidate on the look ray and in reach (1.1559ms)
✔ a run wakes with the pistol alone, a plinth arms it, a clear refills it, and a reset takes it back to the pistol (2.7706ms)
✔ voluntary restart immediately clears a live run without a death or reserved respawn (0.375ms)
✔ real deaths keep their summary delay; an explicit restart can leave that screen immediately (0.3726ms)
✔ an enemy's room is the one the player stands in, or the live room when they are in none (0.1839ms)
✔ requests do no work and catch-up ticks cannot refresh the drawn-frame budget (0.8533ms)
✔ time and step limits stop the pump, with remaining owners first next frame (1.2757ms)
✔ dormancy, obsolete requests and fence resets close generators without applying their answer (0.1769ms)
✔ touched jobs still expire; abandoned jobs are removed and owner capacity is bounded (0.1118ms)
✔ a seeded stream repeats for its seed and labels, and differs for any other (2.9614ms)
✔ seeds print as eight hex digits and parse back from either form (0.449ms)
✔ the sandbox map is the three pieces it is meant to be, and nothing else (0.8266ms)
✔ every box sits inside the ground plane's extent (0.2066ms)
✔ every committed mesh name resolves to the semantic class the generator recorded (178.1193ms)
✔ water, cables and drawn-only detail are the surfaces a body passes through (0.1309ms)
✔ a detailed building collides as its solid shell, not as the walls its windows are cut out of (0.1211ms)
✔ a fresh install still names the two things a reset touches (1.146ms)
✔ every category at once fits the rows the panel builds (0.3369ms)
✔ a category with nothing in it is left out rather than listed as empty (0.1829ms)
✔ counts read as English at one (0.1708ms)
✔ the phase follows the run: menu, walking, fighting, a boss, and the end (1.662ms)
✔ every phase asks for exactly one track, and a fight and a boss sit over the calm one (0.4437ms)
✔ death silences the score and the city, so the loss sting stands alone (0.6928ms)
✔ battle music follows confirmed outgoing and incoming shots, including misses (0.2125ms)
✔ the battle layer expires while enemies remain alive, on the server clock (0.1412ms)
✔ its plate takes a quarter of a front round, its back pays half again, a flank pays in full (1.696ms)
✔ its beam sweeps its arc back and forth and never leaves it (1.0267ms)
✔ it locks when the beam crosses the player, and cannot turn to face behind its van (0.2215ms)
✔ the van parks across the street and the turret stands on its roof (0.8026ms)
✔ the shield covers its front arc and nothing behind or beside it (0.6129ms)
✔ frontal bullets cannot wear down a shield; a flank or blast can hurt it (0.2799ms)
✔ the planted pistol charge opens the shield to frontal fire (0.1257ms)
✔ a frontal shield hit cannot wear down its pool or body (1.1382ms)
✔ the weapon table: rifles burst from long range, pistols fire fast from mid, shotguns hit hardest up close (0.747ms)
✔ every Soldier is deadlier than the Gunner it replaces (13 damage every 2 s, 90% up close) (0.1153ms)
✔ aim falls off with distance and with the target's movement (0.2603ms)
✔ a shotgun's pellets lose damage past point blank; rifle and pistol rounds do not (0.0801ms)
✔ an aim and the cadence gate every volley (0.0908ms)
✔ the shot-token budget caps guns on the player at once, keeps a close shotgun's spare, and takes back stale tokens (0.3029ms)
✔ a Soldier picks a spot in its own band, beside cover, off another's line of fire (0.7187ms)
✔ encounter entries carry their kind, numbered on from the run's count, and spawn with their kind's health (0.2811ms)
✔ squad spacing is each Soldier's distance to its nearest squadmate, averaged, and the smallest of them (0.1664ms)
✔ a Soldier will not stand on a squadmate's spot, and holds its own range inside its band (0.2586ms)
✔ a shotgun waiting its turn to push holds a mid ring; the other guns are unchanged (0.1587ms)
✔ a Soldier that can route nowhere asks again after a growing wait, not every tick (0.5874ms)
✔ a stranded squad's route queries stay inside one tick's budget plus one pick (1.4053ms)
✔ the spawn clearance keeps two standing capsules apart, and every ring position clears the point it surrounds (1.2895ms)
✔ a spawn point is occupied by a standing body within the clearance on the same floor, and by nothing else (0.1348ms)
✔ a taken spawn stands the player at the first clear, standable ring position, and gives up only when every one is taken (0.3261ms)
✔ a body that has not moved and is still pushing the same way skips the climb (0.5967ms)
✔ any movement at all, or any change of push, misses (0.1663ms)
✔ a memory is retried rather than trusted for ever (0.1436ms)
✔ a motion that has slid away to nothing is not worth a collision (0.8319ms)
✔ a new save owns the kit's two streaks in two slots (1.0382ms)
✔ testing unlock exposes the full roster and five slots, then restores purchased slots (0.3065ms)
✔ slot cards add slots up to five; Double Earn needs Streak Stack (0.1462ms)
✔ buying RC-XD before a third slot is the first real choice: it waits outside the loadout (0.1589ms)
✔ a slot takes any owned streak, swapping one already equipped, and can be emptied (0.1421ms)
✔ the ladder is the loadout by cost, keys 1 to N cheapest first (0.0903ms)
✔ Hardline cuts 15% a rank, rounded, never below 2, and two never share a cost (0.1321ms)
✔ the loadout travels in the run command and in the save (0.3985ms)
✔ ban wave is fixed per account and shop ranks extend it (0.4811ms)
✔ new account starts from an audience and a share of the last account (0.1184ms)
✔ one account wins at a million and keeps the best score after losses (0.1284ms)
✔ a killstreak ride death loses less audience (0.5726ms)
✔ growth cards make the same viewer moment earn more followers (0.1575ms)
✔ respawn selects the nearest clear street point (0.3264ms)
✔ the pools are large, short and free of duplicates (1.0912ms)
✔ a viewer keeps one colour (0.2622ms)
✔ templates take the streak and cheat names (0.178ms)
✔ lines never arrive closer than the minimum gap, even in a flood (1.4527ms)
✔ background chatter keeps talking with nothing happening (0.1263ms)
✔ chat reacts to the event it was told about, a little late like real chat (0.147ms)
✔ a more important event jumps the queue (0.0909ms)
✔ big-play events produce authored bursts while preserving the chat pace (0.388ms)
✔ headline emotes form bounded waves and a repeat grows the combo (0.2766ms)
✔ death has its own emote and Settings can silence emote waves (0.2477ms)
✔ a long quiet stretch gets called out (0.3658ms)
✔ stale reactions are dropped instead of arriving late (0.4815ms)
✔ kills close together become one multi-kill (0.1984ms)
✔ older lines are fainter and old lines fade out (0.0566ms)
✔ the small channel's chat is about 600 lines, all short (0.4799ms)
✔ regulars greet the stream and remember the dog deaths (2.0952ms)
✔ tips and challenges arrive at once as their own kinds of line (0.2996ms)
✔ a big channel is a fast swarm, and mods strike the spam (0.4297ms)
✔ chat teases a repeated build and cheers a new one, never naming a style (0.3466ms)
✔ disabling emotes clears a pending wave and stops swarm glyph chatter (0.2252ms)
✔ sniper pressure scales with live audience (0.6987ms)
✔ each sniper has a visible cheat kit, respawn threshold and audience (0.2567ms)
✔ bot kills transfer viewers and killing a sniper has a bigger swing (1.1735ms)
✔ a sniper quits after tier-based viewer loss from its highest audience (0.1367ms)
✔ outdraw requires a sustained lead and leaves with a bounded audience chunk (0.1705ms)
✔ the sniper targets a nearby regular bot and its hit has no player attribution (0.2181ms)
✔ rarity follows the weights, over the tiers unlocked only (1.6872ms)
✔ a blue card is a weapon or perk; higher cards deal an exclusive one tier above its own (0.4258ms)
✔ every crate offer has at least three distinct valid choices as pools drain (6.1716ms)
✔ crate armour plate is repeatable and only comes from a crate offer (0.5307ms)
✔ crates come often early and ease off: one curve (0.3139ms)
✔ the jitter bag holds evenly spaced factors around 1 (3.0448ms)
✔ each later gap is the pace at that minute, jittered by a marble (0.7267ms)
✔ each bagful deals every marble once before any repeats, and refills when empty (0.8481ms)
✔ the first crate comes 30-60 s in (0.698ms)
✔ a dropped crate falls, bounces and settles on the floor, never above or below it (2.1105ms)
✔ a crate that drifts into a wall bounces off it and still settles on the floor (0.3719ms)
✔ Better Loot moves odds from blue to purple (0.133ms)
✔ compound names resolve to the surface a bullet actually strikes (1.6359ms)
✔ classification ignores the case a source material happens to be named in (0.1493ms)
✔ an unrecognised material falls back to the default rather than failing (0.0998ms)
✔ every rule names a real surface family and matches on lower-case tokens (0.2617ms)
✔ a name that says what it is made of beats a name that only implies it (0.1463ms)
✔ no rule's tokens are shadowed by an earlier rule's (1.5141ms)
✔ isSurfaceKind accepts exactly the published families (0.2219ms)
✔ an asset's triangles group into one entry per surface family (0.8287ms)
✔ adjacent runs of one family become a single range (0.236ms)
✔ a family that reappears later joins the group it opened (0.288ms)
✔ empty runs and an empty asset produce no group at all (0.1783ms)
✔ the penetration table answers for every surface family, and reads as thin versus structural (0.1963ms)
✔ penetration cost rises with how solid the family is (0.0977ms)
✔ a stream's tips go into the wallet whole, with the shelf's next cards (2.6043ms)
✔ floor rewards collect once, expire, and only pull visually toward a nearby player (0.3933ms)
✔ quick pickup chains rise by at most three semitones and reset after a gap (0.1942ms)
✔ a new save is the kit: three cards a box, no rerolls, no radar, finite ammo, the base streak pair (1.2965ms)
✔ owned cards change the run (1.0526ms)
✔ a broken or old save is a fresh save, and a good one survives a round trip (0.5848ms)
✔ a run's cards fit a survival command, and come back as they went (0.381ms)
✔ repeatable Stream Boost survives save reloads and increases future income (0.2152ms)
✔ account shop ranks tune follower growth, starting audience, carryover and ban delay (0.1921ms)
✔ a roster names every enemy once, a special by its kind and a gun as a soldier (1.4801ms)
✔ an enemy spawns with its kind's health and takes every bullet in full (1.8416ms)
✔ the roster holds exactly what the run placed, whatever the player's risk (0.3734ms)
✔ an enemy whose health empties dies and leaves the roster, recorded as admin.died (0.6272ms)
✔ an enemy keeps its wounds: no regeneration however long it waits (0.389ms)
✔ enemies hunt a player with no exposure, at any distance, and a dead one breaks the commitment (0.3977ms)
✔ removing the encounter drops every enemy as a despawn, not a death (0.2156ms)
✔ an enemy arrives before it acts (0.1384ms)
✔ a dropped grenade clinks off the floor, bounces, then rolls to rest on it (1.5893ms)
✔ a wall sends it back (0.2705ms)
✔ paths play back between keyframes and hold at the end (0.8574ms)
✔ a tick's rays are granted up to the limit and refused after it, and counted either way (1.1179ms)
✔ a new player has no reload, no queued pull, no wind-down, no latch and no shot yet (1.7746ms)
✔ a reload starts once, completes into the magazine and clears (0.5301ms)
✔ a magazine inserts once before the ready frame and survives a later cancel (0.1365ms)
✔ a reload for a weapon that is not in hand is refused (0.0753ms)
✔ a cancelled reload clears without moving a round, and cancelling nothing is a no-op (0.0846ms)
✔ a fired round stamps the cadence clock (0.1248ms)
✔ queued pulls and the sprint latch toggle, and repeating a value returns the same state (0.0989ms)
✔ death clears every per-life trigger fact, and a respawn keeps the cadence clock (0.2256ms)
✔ one shotgun shell samples eight pellet rays without multiplying its total damage (1.232ms)
✔ every weapon category has its own hip-fire cone, and the sights close it (0.1528ms)
✔ aiming is pinpoint on every weapon but the shotgun (0.1362ms)
✔ firing displaces the view, and the view settles back to the shooter's own aim (1.1361ms)
✔ movement, crouch, sustained fire, and recovery use each category's authoritative tuning (0.3884ms)
✔ authoritative dispersion samples stay inside the current cone (0.1806ms)
✔ reticle projection represents the same authoritative cone angle (0.0805ms)
✔ a round's climb and its wander are drawn separately, in Call of Duty 4's proportions (0.2718ms)
✔ the wander settles back to the shooter's own aim from either side (0.2489ms)
✔ every Call of Duty 4 weapon's falloff is that game's, ranges verbatim and floors as a ratio (0.5908ms)
✔ the sniper rifle is the one weapon whose damage never degrades (0.3401ms)
✔ damage is held to the full-damage range, interpolated, then floored (0.3382ms)
✔ reaching the floor costs each weapon a stated fraction of its damage (0.1443ms)
✔ a shotgun shell falls off pellet by pellet, on each pellet's own reach (0.0945ms)
✔ a hit too small to feel is not a hit at all (0.1003ms)
✔ reach stops being a balance number and effective range takes its place (0.4408ms)
✔ a sniper body shot no longer kills, and the rifle keeps its identity in reach instead (0.1054ms)
✔ a headshot is worth 1.5x on every weapon that rewards precision, 2x on the DMR, and nothing on the shotgun or the launcher (0.1312ms)
✔ the head multiplier composes with the falloff rather than replacing it (0.1095ms)
✔ a headshot cannot rescue a hit too small to feel (0.0583ms)
✔ cover a round crossed composes with the falloff and the head multiplier (0.1182ms)
✔ a round that cover reduced below the registration floor lands as nothing (0.0836ms)
✔ a Buckshot shell buys back the one-shot kill #304 took, at the range every pellet still fits (0.1016ms)
✔ a Buckshot pellet keeps the rifle's head multiplier and its refusal to fall off (0.2038ms)
✔ the Buckshot cone is what limits the shell's range, and it is the shotgun's own width (0.1221ms)
✔ weaponShell is every weapon's own round, so an ordinary shot is unchanged (0.2221ms)
✔ a shot-down flier spirals and lurches down, never through the street, and lands when it should (3.4187ms)
✔ its rotors sputter as it falls and stop when it hits (0.2216ms)
✔ it bounces and skids on the street, bursts when the skid runs out, then lies a moment (0.1598ms)
✔ one killed on the street skids and bursts at once; a fall has a floor (0.5633ms)
ℹ tests 691
ℹ suites 0
ℹ pass 691
ℹ fail 0
ℹ cancelled 0
ℹ skipped 0
ℹ todo 0
ℹ duration_ms 3552.9891
