
> godmode-exe@ test D:\work\godmode-roguelite-worktrees\land-livetube-juice-20261007
> node tools/test/run-root-suite.mjs


[ 1/12] lint

> godmode-exe@ lint D:\work\godmode-roguelite-worktrees\land-livetube-juice-20261007
> eslint


D:\work\godmode-roguelite-worktrees\land-livetube-juice-20261007\scripts\client\killstreak_view.ts
  1501:1  warning  File has too many lines (1613). Maximum allowed is 1500  max-lines

D:\work\godmode-roguelite-worktrees\land-livetube-juice-20261007\scripts\environment_modules\placement_rules.ts
  1501:1  warning  File has too many lines (1678). Maximum allowed is 1500  max-lines

D:\work\godmode-roguelite-worktrees\land-livetube-juice-20261007\scripts\game_world.ts
  1501:1  warning  File has too many lines (2592). Maximum allowed is 1500  max-lines

D:\work\godmode-roguelite-worktrees\land-livetube-juice-20261007\scripts\mixamo_clip_data.ts
  1501:1  warning  File has too many lines (3213). Maximum allowed is 1500  max-lines

D:\work\godmode-roguelite-worktrees\land-livetube-juice-20261007\scripts\runtime_actions\runtime_actions.ts
  1501:1  warning  File has too many lines (1814). Maximum allowed is 1500  max-lines

D:\work\godmode-roguelite-worktrees\land-livetube-juice-20261007\scripts\server\survival_run.ts
  1501:1  warning  File has too many lines (2016). Maximum allowed is 1500  max-lines

✖ 6 problems (0 errors, 6 warnings)

[ 1/12] lint: ok in 5.2 s

[ 2/12] format:check

> godmode-exe@ format:check D:\work\godmode-roguelite-worktrees\land-livetube-juice-20261007
> prettier --check "**/*.{js,cjs,mjs,ts,cts,mts}"

Checking formatting...
All matched files use Prettier code style!
[ 2/12] format:check: ok in 7.9 s

[ 3/12] build

> godmode-exe@ build D:\work\godmode-roguelite-worktrees\land-livetube-juice-20261007
> pnpm build:scripts


> godmode-exe@ build:scripts D:\work\godmode-roguelite-worktrees\land-livetube-juice-20261007
> node tools/build/write-build-info.mjs && pnpm --filter @godmode/game-rules build && pnpm --filter @godmode/godot-cli build && tsc -p tsconfig.json


> @godmode/game-rules@0.1.0 build D:\work\godmode-roguelite-worktrees\land-livetube-juice-20261007\packages\game-rules
> node -e "require('node:fs').rmSync('dist/test',{ recursive: true, force: true })" && tsc -p tsconfig.json


> @godmode/godot-cli@0.1.0 build D:\work\godmode-roguelite-worktrees\land-livetube-juice-20261007\tools\godot-cli
> node -e "require('node:fs').rmSync('dist/test',{ recursive: true, force: true })" && tsc -p tsconfig.json

[ 3/12] build: ok in 12.2 s

[ 4/12] test:unit

> godmode-exe@ test:unit D:\work\godmode-roguelite-worktrees\land-livetube-juice-20261007
> node --test tests/unit/*.test.mjs

✔ the same account simulation is repeatable and ends at its ban wave (13.5944ms)
✔ the first sniper arrives early enough for a new player to notice (2.7755ms)
✔ shop purchases obey shelf availability and wallet balance (0.2662ms)
✔ a bigger starting audience changes sniper pressure through the real tier rules (5.7988ms)
✔ account progression records the goal and does not erase prior gains (39.5129ms)
✔ a cloaker's wind-up draws back into its tell and holds it (1.2943ms)
✔ the juggernaut commander poses its roar and slam only once it has dropped its gun (0.939ms)
✔ only the cloaker poses its attack; every other kind keeps its own clips (0.1449ms)
✔ a flinch snaps back, eases upright, and is still outside its window (0.1548ms)
✔ all eight travel directions follow rendered facing at every world heading (2.4345ms)
✔ turning the actual body changes local travel without changing world velocity (0.1208ms)
✔ diagonal stride speed uses mixed source travel and scaled native limb length (0.0969ms)
✔ directional lower-body blending leaves shooting joints alone (0.1771ms)
✔ movement angles are read against the body's facing, right being -X at yaw 0 (0.7803ms)
✔ a body squared up to its target gets the gait for the way it walks (1.0027ms)
✔ one stray snapshot does not flick a walking body to idle or sideways (0.1703ms)
✔ a diagonal just past the sector edge keeps the current gait (0.1629ms)
✔ a gait is held for its minimum time before it changes (0.2116ms)
✔ the stride speed glides instead of following each noisy snapshot (0.1806ms)
✔ a resting patrol pose is reused only while all replicated state is unchanged (0.2952ms)
✔ confirmed outcomes rise above ordinary hits and stream cues (0.9058ms)
✔ tip clears ambience briefly but stays below combat on the stream bus (0.7068ms)
✔ stronger outcomes suppress a weaker duplicate onset, not the next shot (0.7523ms)
✔ combat transient ducks the stream and ambience, then releases (0.1999ms)
✔ drone retains 1.4 Hz / 30% strobes and its hunting lens colour (1.2073ms)
✔ only broken plates or a stun expose commander shells; only hover lights engines (0.1995ms)
✔ all nine rebuilt assets contain authored signal/belt surfaces and match provenance (133.7419ms)
✔ barrier runtime meshes stay within budget and bind to approved raw hashes (126.5997ms)
✔ all thirteen runtime props retain the approved #950 geometry and flat colours (100.4053ms)
✔ the muted-red newspaper colourway preserves glass and repaints only the warm body cluster (15.5685ms)
✔ the slate newspaper colourway preserves glass and repaints only the warm body cluster (8.7529ms)
✔ map preview GLBs preserve VEC4 flat vertex colours (0.7373ms)
✔ bits read back in the order they were written, across byte boundaries (1.6427ms)
✔ a run of booleans costs one bit each (0.2245ms)
✔ variable-length integers round trip across every group boundary (0.3226ms)
✔ signed integers round trip, and a small negative costs what a small positive costs (0.2401ms)
✔ a double round trips bit-for-bit (0.3159ms)
✔ fixed point represents zero exactly (0.2204ms)
✔ fixed-point error stays inside half a step (0.2515ms)
✔ a value outside the fixed-point range clamps rather than wrapping (0.1581ms)
✔ negative fixed-point values round trip through two's complement (0.1797ms)
✔ strings round trip, including non-ASCII and a lone surrogate (0.5241ms)
✔ UTF-8 encoding matches the platform's own, for everything well-formed (0.1953ms)
✔ malformed UTF-8 decodes to replacement characters instead of throwing (0.0991ms)
✔ reading past the end reports an overrun rather than inventing data (0.7162ms)
✔ a truncated string is refused rather than allocated against (0.1087ms)
✔ abort poisons the reader so one overrun check at the top rejects the packet (0.0835ms)
✔ the writer grows past its initial capacity without losing bits (1.9296ms)
✔ a package that tests from dist clears dist/test before it compiles (1.7403ms)
✔ test builds once, before any step that reads compiled output (0.8433ms)
✔ the root scripts test runs do not compile again (0.3189ms)
✔ test:integration builds once, before any step that reads compiled output (0.1ms)
✔ the root scripts test:integration runs do not compile again (0.0905ms)
✔ mixed survey winding is repaired without moving the wall plane or mutating collision inputs (4.0574ms)
✔ masonry has open glass apertures and actual inward-facing 28 cm reveals (4.8987ms)
✔ continuous ground-floor base is cut around doors and follows a clipped facade (3.4459ms)
✔ a waterfront landing's replaced building keeps no masonry inside the landing footprint (199.4835ms)
✔ a rusticated base lays channelled courses up to the belt course, still cut around doors (3.8376ms)
✔ building tones use stable semantic names across chunk-local feature ids (1.161ms)
✔ tone assignments cover exactly each range and all four finishes are reachable (1.2299ms)
✔ stride lookup retains the full new humanoid slug (0.6783ms)
✔ the minimap is heading-up: what the player faces plots straight up (0.8539ms)
✔ a wallhack box bounds its corners and clamps to the screen (0.6571ms)
✔ no wallhack box for an Admin behind or beside the camera, or centred off screen (0.7001ms)
✔ Wallhacks boxes fully inside its reach, faintly past it, and not at all far off (0.2511ms)
✔ curtain grids fit smaller towers, preserve identities and keep far members above a pixel (4.706ms)
✔ horizon geometry is bounded, nondegenerate and entirely outside the arena barrier (5400.9535ms)
✔ river faces upward at the survey sea datum, and the landmark is a two-tower suspension span (7.9265ms)
✔ the horizon survey regenerates from retained source data without a network request (4532.126ms)
✔ horizon tour poses stand on retained ground samples inside the C outline (1.2604ms)
✔ transport presentation preserves waterfront decks and optional upper-face filtering (0.3454ms)
✔ the map's own vehicles draw the approved models in flat palette colours, in their original +X frame (0.1895ms)
✔ all horizon eye poses clear source vehicles and the rule-placed parking boxes (417.6334ms)
✔ a download is named by its pack folder and file, with no slash Godot would refuse (0.8659ms)
✔ assault: every state the game ships says where it comes from, and every clip it names is retained (22.5065ms)
✔ breach: every state the game ships says where it comes from, and every clip it names is retained (36.3179ms)
✔ marksman: every state the game ships says where it comes from, and every clip it names is retained (42.13ms)
✔ a state the catalog compiler replaces is credited to what it is made from, not its listed file (1.4028ms)
✔ a clip the game plays backwards is marked as reversed (0.4596ms)
✔ a clip retargeted from another character's download does not credit this character's file of the same name (0.3111ms)
✔ commander armor ships five independent textured meshes with recorded approved bytes (6.5039ms)
✔ removed survival platform families contribute no visual, collision or navigation boxes (0.8974ms)
✔ only the round that breaks a real plate confirms armour break to its attacker (1.4506ms)
✔ one blast breaking several plates confirms once; debug and unattributed damage do not (0.8983ms)
✔ concept capture refuses 06,06 before calling the game (111.0934ms)
✔ concept capture refuses missing before calling the game (201.4423ms)
✔ concept capture refuses an explicitly stale source before calling the game (339.5137ms)
✔ a marker survives its own format and nothing else passes for one (1.7254ms)
✔ a marker left at launch is a crash, and no marker is a clean quit (0.1774ms)
✔ a clean quit deletes only the marker it wrote (0.1106ms)
✔ session ids differ by start and by process (0.1249ms)
✔ Godot's rotated logs are found newest first, without the live one (0.1877ms)
✔ a short log comes back whole (0.2682ms)
✔ a long log read whole keeps its first 20 and last 300 lines and says what it skipped (1.0644ms)
✔ a log read at both ends drops the line the tail read landed inside (0.3122ms)
✔ a chunk read from mid-file skips the torn character rather than decoding it (0.2354ms)
✔ an oversized attachment keeps its end, in whole characters, under the byte limit (0.4028ms)
✔ the last error line is the newest ERROR or engine error (0.2244ms)
✔ the message names the session, build, machine and last error, and fits Discord (0.2708ms)
✔ missing logs are said in the message and not attached (0.2256ms)
✔ the webhook body is multipart with payload_json and one files[n] part per attachment (1.0347ms)
✔ a body containing its boundary is refused (0.3583ms)
✔ boundaries are long and hex (0.2938ms)
✔ only an export uses the committed URL; an override reaches any run (0.128ms)
✔ kerbstone top and footway partition the original grade without stacked surface overlap (1.6572ms)
✔ the damage arc keeps the old wedge's timing: 900 ms up, solid for the first half (1.3552ms)
✔ the red pulse keeps its 0.32 start easing out over 320 ms (0.1322ms)
✔ the arc is thin and short, tapers at its tips, and never folds into duplicate points (1.4631ms)
✔ debug_spawn_encounter accepts every enemy kind (1.2789ms)
✔ debug_character_detail accepts exactly the character-detail settings (2.152ms)
✔ debug_lighting accepts exactly LightingOptions, plus the antialiasing mode (3.2808ms)
✔ debug_lattice_study accepts exactly the fields read by its fixture (1.9962ms)
✔ every debug_* handler has an entry in the accepted-field table (2.3383ms)
✔ the table lists every field its handler reads (2.231ms)
✔ the table lists no field its handler never reads (1.6619ms)
✔ a misspelled field is refused, and the reply says what the action takes (0.21ms)
✔ an action with no entry, and an empty payload, are left alone (0.1215ms)
✔ DEBUG registry has unique controls, storage keys and grouped choices (1.816ms)
✔ DEBUG settings persist and reject invalid stored values (0.3465ms)
✔ trainer fits supported desktop aspect ratios with room for its taskbar (4.0265ms)
✔ dragging cannot strand window controls off screen or under the taskbar (0.2547ms)
✔ default window preserves the approved reference proportions (0.1747ms)
✔ the manifest says its free-tier output may not ship (0.8179ms)
✔ every entry is a request the sound-effects API accepts (1.0498ms)
✔ nothing is generated for a sound the original game has (0.1737ms)
✔ no two entries write the same file (0.1403ms)
✔ every sound in assets/audio is a recorded derivative (derivatives.json) or generated from the manifest (6.208ms)
✔ every file the manifest writes is committed (6.4416ms)
✔ every downloaded music track records where it came from and a licence that allows the game (0.3632ms)
✔ grunt uses the native nine-frame shot, restarting for each real burst round (1.9535ms)
✔ native shot window includes the full motion and restarts from each replicated round (0.139ms)
✔ native deaths use reproducible supported full-body fall clips (0.8053ms)
✔ native death plays the full source fall before sinking and cleanup (0.6344ms)
✔ moving fire and hit reactions never replace pelvis or leg gait tracks (0.216ms)
✔ each ranged enemy has a flash profile while lobbers and melee never emit false bullet tracers (2.4468ms)
✔ spatial radio calls choose their nearby officer or commander, not a grunt or distant voice (0.7774ms)
✔ radio hand blends in and releases without a permanent override (0.7584ms)
✔ slam native contact and recovery fit existing authority timing (0.2769ms)
✔ stun holds recoil before the death fall; pistol sits beyond shield's right edge (0.6488ms)
✔ commander and minigun accelerate, coast and count each authoritative stamp once (0.8438ms)
✔ late snapshots do not fabricate feed/recoil or shots (0.1293ms)
(node:51796) [MODULE_TYPELESS_PACKAGE_JSON] Warning: Module type of file:///D:/work/godmode-roguelite-worktrees/land-livetube-juice-20261007/scripts/environment_modules/module_contract.ts is not specified and it doesn't parse as CommonJS.
Reparsing as ES module because module syntax was detected. This incurs a performance overhead.
To eliminate this warning, add "type": "module" to \\?\D:\work\godmode-roguelite-worktrees\land-livetube-juice-20261007\package.json.
(Use `node --trace-warnings ...` to show where the warning was created)
✔ furniture fronts share the kerb band and leave a full walking lane on narrow footways (1.0194ms)
✔ lamp clearance catches bed interiors and rotated planter edges (5.4441ms)
✔ bent branches share closed joint rings and outward terminal caps (1.8281ms)
✔ closure footings follow sloped and stepped paving with a closed buried contact skin (3.2993ms)
✔ closure clearance catches a fence crossing between clear endpoints (0.1849ms)
✔ every park walk uses surveyed top caps, never the terrain underside (4979.8172ms)
✔ roof service ducts close at cabinet ports and flashed penetrations (7.0844ms)
✔ nearby bench and bin approaches overlap instead of leaving a narrow grass strip (0.8627ms)
✔ all park and furniture paving joins have a single cap owner (30.2461ms)
✔ waterfront details reach Pier 1 and paving stays on finite ground within C (17.6256ms)
✔ ground fitting joins surveyed triangle seams and rejects unsupported/sloping footprints (0.3079ms)
✔ physical props must exclude nav interior plus the player's capsule clearance (0.1674ms)
✔ graded retaining pads follow each source corner and reject excessive rise or gaps (0.2374ms)
(node:27048) [MODULE_TYPELESS_PACKAGE_JSON] Warning: Module type of file:///D:/work/godmode-roguelite-worktrees/land-livetube-juice-20261007/scripts/environment_modules/module_contract.ts is not specified and it doesn't parse as CommonJS.
Reparsing as ES module because module syntax was detected. This incurs a performance overhead.
To eliminate this warning, add "type": "module" to \\?\D:\work\godmode-roguelite-worktrees\land-livetube-juice-20261007\package.json.
(Use `node --trace-warnings ...` to show where the warning was created)
✔ windowBay: honest bounds, valid facets and GLB round trip (9.0845ms)
✔ cornice: honest bounds, valid facets and GLB round trip (2.4259ms)
✔ parapet: honest bounds, valid facets and GLB round trip (0.9313ms)
✔ stoop: honest bounds, valid facets and GLB round trip (3.3743ms)
✔ doorSurround: honest bounds, valid facets and GLB round trip (2.0441ms)
✔ fireEscape: honest bounds, valid facets and GLB round trip (11.9001ms)
✔ beltCourse: honest bounds, valid facets and GLB round trip (0.9697ms)
✔ storefront: honest bounds, valid facets and GLB round trip (2.6052ms)
✔ facade attaches to solid shells and retains downward stair clearance (3.3235ms)
✔ all facade-family variants fit their honest bounds and have nondegenerate triangles (593.2638ms)
✔ one building keeps one architectural family and its trim tone across independent role picks (20.5319ms)
✔ alternating quoin widths terminate flush at the correct corner edge (0.6665ms)
✔ hanging corbels clear a centred window surround in their three-metre bay (0.1472ms)
✔ ground index retains triangle seams across negative-coordinate cell boundaries without duplication (1.3616ms)
✔ sidewalk interiors cancel and long boundary edges split into supported gutter spans (0.7214ms)
✔ gutter requires opposite sidewalk and asphalt support, rejecting roof-height and ambiguous fits (0.5629ms)
✔ localized wear clips to exact nonplanar source faces and never bridges missing ground (0.8681ms)
(node:40880) [MODULE_TYPELESS_PACKAGE_JSON] Warning: Module type of file:///D:/work/godmode-roguelite-worktrees/land-livetube-juice-20261007/scripts/environment_modules/module_contract.ts is not specified and it doesn't parse as CommonJS.
Reparsing as ES module because module syntax was detected. This incurs a performance overhead.
To eliminate this warning, add "type": "module" to \\?\D:\work\godmode-roguelite-worktrees\land-livetube-juice-20261007\package.json.
(Use `node --trace-warnings ...` to show where the warning was created)
✔ facade: committed geometry and metadata reproduce from the engine-free builders (29.8164ms)
✔ roof: committed geometry and metadata reproduce from the engine-free builders (19.4155ms)
✔ street: committed geometry and metadata reproduce from the engine-free builders (13.3768ms)
✔ textured module bounds are validated after their native mesh transform (3.1848ms)
✔ every module in the library keeps the contract, and every role has at least one (593.2965ms)
✔ every placed role resolves to real faceted geometry rather than a stand-in (0.9217ms)
✔ garden and yard completion fits the existing placement envelopes without tolerance slack (8.1316ms)
✔ the contract catches geometry outside the footprint, unknown slots and bad ids (0.7069ms)
✔ boxes face outward: every face normal points away from the box centre (0.5081ms)
✔ real modules replace stand-ins for their role, and picks are stable (0.995ms)
✔ window bays fill every storey about every three metres, face out of the wall, and leave the door clear (11.3779ms)
✔ a street front without an inferred entrance gets one front door, lifted onto a stoop (2.3238ms)
✔ large roofs carry sparse varied individual installations with generous clear space (496.3339ms)
✔ window dressing varies sparsely by bay while sash and trim stay coherent per building (15.031ms)
✔ a door at street level too tight for a stoop gets one raised entry step and a canopy (2.1155ms)
✔ a wall with a neighbour close in front stays blank below the neighbour's roof (1.5288ms)
✔ the committed attach surfaces match the map chunks they were extracted from (3067.543ms)
✔ the navigation bake cut out exactly the parked cars the rules place, so a rule change forces a rebake (494.107ms)
✔ the arena's placements stay out of buildings, door paths and each other, and sit on the ground (17585.5196ms)
✔ no enemy spawn point stands inside a hedge, stoop, shed, tree trunk or any other visual prop (18414.0762ms)
✔ supply crates rest on the nearest prop-clear spawn point, on its floor, or nowhere when none is near (0.4163ms)
✔ a building's cornice, belt course and door surround come from one style family (13.7023ms)
✔ on a sloping street the storeys carry down to the pavement instead of leaving the low end blank (2.4766ms)
✔ picture-frame windows stay on rowhouse-scale buildings (12.4884ms)
✔ player-eye review cameras stand 1.7 metres above actual surveyed waterfront ground triangles (23.1651ms)
(node:17932) [MODULE_TYPELESS_PACKAGE_JSON] Warning: Module type of file:///D:/work/godmode-roguelite-worktrees/land-livetube-juice-20261007/scripts/environment_modules/module_contract.ts is not specified and it doesn't parse as CommonJS.
Reparsing as ES module because module syntax was detected. This incurs a performance overhead.
To eliminate this warning, add "type": "module" to \\?\D:\work\godmode-roguelite-worktrees\land-livetube-juice-20261007\package.json.
(Use `node --trace-warnings ...` to show where the warning was created)
✔ all three basic HVAC sizes share the approved flat model and fit their retained envelopes (60.8893ms)
✔ acSmall: facets, support and measured bounds (63.9392ms)
✔ acMedium: facets, support and measured bounds (124.7132ms)
✔ acLarge: facets, support and measured bounds (18.2887ms)
✔ ductRun: facets, support and measured bounds (2.4346ms)
✔ ductElbow: facets, support and measured bounds (0.7282ms)
✔ roofVent: facets, support and measured bounds (29.5758ms)
✔ roofHatch: facets, support and measured bounds (3.2298ms)
✔ waterTank: facets, support and measured bounds (15.4905ms)
✔ : facets, support and measured bounds (142.3289ms)
✔ : facets, support and measured bounds (20.5663ms)
✔ : facets, support and measured bounds (35.8852ms)
✔ : facets, support and measured bounds (12.9409ms)
✔ duct ports share width and elevation and elbow turns through 90 degrees (0.5085ms)
(node:28952) [MODULE_TYPELESS_PACKAGE_JSON] Warning: Module type of file:///D:/work/godmode-roguelite-worktrees/land-livetube-juice-20261007/scripts/environment_modules/module_contract.ts is not specified and it doesn't parse as CommonJS.
Reparsing as ES module because module syntax was detected. This incurs a performance overhead.
To eliminate this warning, add "type": "module" to \\?\D:\work\godmode-roguelite-worktrees\land-livetube-juice-20261007\package.json.
(Use `node --trace-warnings ...` to show where the warning was created)
✔ lampPost: complete footprint and nondegenerate facets (12.8218ms)
✔ roundTree: complete footprint and nondegenerate facets (2.7811ms)
✔ columnTree: complete footprint and nondegenerate facets (3.0831ms)
✔ planter: complete footprint and nondegenerate facets (4.1868ms)
✔ bin: complete footprint and nondegenerate facets (4.1856ms)
✔ utilityBox: complete footprint and nondegenerate facets (39.2371ms)
✔ bench: complete footprint and nondegenerate facets (5.0419ms)
✔ crosswalkStripe: complete footprint and nondegenerate facets (0.5527ms)
✔ manhole: complete footprint and nondegenerate facets (4.1806ms)
✔ drainGrate: complete footprint and nondegenerate facets (2.9146ms)
✔ hedge: complete footprint and nondegenerate facets (1.0737ms)
✔ curbBollard: complete footprint and nondegenerate facets (6.7927ms)
✔ street orientation and scale include lamp arm, crown and stripe long axis (0.6724ms)
✔ Godot's export filters are globs over whole paths, not directory rules (1.3795ms)
✔ every export preset excludes the runtime inspection bridge (0.9885ms)
✔ every export preset excludes all of tools/ and tests/ (265.7388ms)
✔ tools/ is hidden from the exporter a second time, by its own .gdignore (0.3673ms)
✔ no export preset excludes the game's own resources (4.3075ms)
✔ every raw .glb.bin model is packaged (59.3962ms)
✔ the export leaves out the parts of the maps only the tools read (0.7342ms)
✔ the pack's byte scan finds a literal that straddles a chunk boundary (31.6012ms)
✔ the pack reader skips an embedded pack's alignment padding, and nothing more (13.9975ms)
✔ approved assaultRifle ships its textured source and a sight picture on its own sights (303.987ms)
✔ approved pistol ships its textured source and a sight picture on its own sights (449.9895ms)
✔ approved shotgun ships its textured source and a sight picture on its own sights (2544.9752ms)
✔ approved sniperRifle ships its textured source and a sight picture on its own sights (164.4093ms)
✔ each gun's sight sockets sit on the sight features place-weapon-sights.mjs measures on its mesh (2208.8644ms)
✔ FX ages hold through pause and resume with their remaining life (0.6022ms)
✔ widthAt reads the solid's x-extent where a line crosses it and misses elsewhere (2.0202ms)
✔ gripColumn puts the palm on the column's right face under the receiver, not on the receiver or the guard (16.3473ms)
✔ gripColumn finds nothing on a bare receiver (2.1604ms)
✔ designed facets exactly cover the surveyed triangle on its own plane (12.3645ms)
✔ facets are lattice-sized, not survey-sized, and vary in tone and normal (4.1016ms)
✔ one world lattice: a facet split by a survey edge keeps one tone on both sides (72.7539ms)
✔ blood coverage runs from clear at full health to complete at death (0.9678ms)
✔ the coverage curve turns at the rules' own instant-recovery threshold (0.149ms)
✔ out-of-range health is treated as unhurt rather than drawn wrong (0.1324ms)
✔ every audible channel is driven by the coverage actually drawn (0.1746ms)
✔ the wash arrives far faster than it clears (0.2744ms)
✔ a zero or negative frame moves the wash nowhere (0.1064ms)
✔ a channel below the silence floor is not played at all (0.1367ms)
✔ the heartbeat phase stays continuous when the rate changes (0.1238ms)
✔ one beat is one kick and a decay (0.1357ms)
✔ tip gains count up and further gains continue from the displayed amount (1.2054ms)
✔ first display, losses and a new stream show their current tip total immediately (0.1552ms)
✔ a kill survives the next target's hits, while new kills retrigger and expiry releases it (0.1237ms)
✔ confirmation pulses settle before fading, including extended fixture holds (0.8612ms)
✔ plate breaks survive following hits but yield to kills, and expire normally (0.1517ms)
✔ audience growth pulses once, settles, and throttles continuous gains (0.2277ms)
✔ audience losses and hidden-stream resets do not celebrate gains (0.1265ms)
✔ the respawn countdown rounds up to whole seconds and never goes negative (0.1027ms)
✔ HUD families keep their requested screen corners (0.3759ms)
✔ HUD stays in safe bounds at 1280x720 (1.5748ms)
✔ HUD stays in safe bounds at 3440x1440 (2.8336ms)
✔ HUD stays in safe bounds at 1100x735 (0.4289ms)
✔ HUD stays in safe bounds at 1024x768 (0.2106ms)
✔ HUD stays in safe bounds at 800x600 (0.1774ms)
✔ HUD stays in safe bounds at 600x600 (0.1677ms)
✔ HUD stays in safe bounds at 640x360 (0.1511ms)
✔ HUD stays in safe bounds at 390x844 (0.1314ms)
✔ HUD stays in safe bounds at 320x320 (0.154ms)
✔ HUD stays in safe bounds at 280x180 (0.1204ms)
✔ the frame-rate readout states both the rate and what a frame cost (0.1804ms)
✔ the frame-rate readout takes the top-left corner and the radar moves down for it (0.1448ms)
✔ the hit marker is centred on the crosshair, whatever it is confirming (0.5886ms)
✔ the hit marker gets heavier as the shot is worth more, and never depends on the viewport (0.1803ms)
✔ every shipped camera-arm asset uses the native Infima skeleton (519.7263ms)
✔ the selected rifle runtime prop contains the complete body and no trimmed ADS child (53.1778ms)
✔ pistol: magazine walls and hidden follower enclose volume without capping the feed slot (5.42ms)
✔ pistol: solid loaded rounds share the magazine mesh and survive repeated imports (15.5441ms)
✔ pistol: importing a #989 solid magazine removes its mouth cap (13.1426ms)
✔ pistol: restore the exact tagged v0.28 gun (9.1229ms)
✔ pistol: fire has moving parts and no second whole-assembly recoil (14.8777ms)
✔ assault-rifle: magazine walls and hidden follower enclose volume without capping the feed slot (3.7419ms)
✔ assault-rifle: solid loaded rounds share the magazine mesh and survive repeated imports (11.4458ms)
✔ assault-rifle: importing a #989 solid magazine removes its mouth cap (4.3125ms)
✔ assault-rifle: restore the exact tagged v0.28 gun (4.9197ms)
✔ assault-rifle: fire has moving parts and no second whole-assembly recoil (23.9401ms)
✔ an injection is installed while it holds, until it is first sampled, and inside its window (0.8263ms)
✔ only the fields a payload actually asks for count, in the handler's own terms (0.6782ms)
✔ every refused field is a debug_key_input field (0.1945ms)
✔ client_loop.ts still overwrites every intent field those taps feed (8.7295ms)
✔ the refusal names what would be dropped and how to send it instead (1.1737ms)
✔ every killstreak has an imported RGBA icon and its receipt: a generated source, or the script that drew it (193.426ms)
✔ native slash reaches its crossing at the authoritative 150ms contact and finishes at 600ms (10.6186ms)
✔ gun resumes its exact original pose after the slash (0.3315ms)
✔ a flash takes the first dark light (0.6957ms)
✔ with every light lit, the one lit longest ago is stolen (0.1908ms)
✔ a flash starts at full energy, fades, and is dark at its end (0.116ms)
✔ a file is published under its own digest, so every bake keeps its own asset (0.7143ms)
✔ a bake record must name both the atlas and its import sidecar (0.9577ms)
✔ the cache is per machine, and can be pointed elsewhere (0.3376ms)
✔ every atlas the tool restores is one git ignores, and its committed record names it (4.3674ms)
✔ every ignored lightmap atlas is restored or says why not, so a new bake cannot stay local by accident (0.7662ms)
✔ an explicit LIGHTMAP_BAKER_PATH always wins, and nothing is guessed (1.3025ms)
✔ an explicit path that does not exist still fails, rather than falling back (0.3781ms)
✔ unset on Windows, the proven console build is used, checked, and named out loud (0.4113ms)
✔ the default is refused if it is not the official 4.6.1 build (0.2987ms)
✔ the windowed build is never a default: it has not been proven through a real bake (0.1805ms)
✔ unset anywhere but Windows fails loudly, as before (0.3369ms)
✔ death, restart, menu, game quit and window close all bank the run (102.7091ms)
✔ approved grunt firing retains nine real Mixamo samples and native recoil (23.6604ms)
✔ enemy-rifle: native skin, PBR images and shared motion catalog remain usable (165.7869ms)
✔ enemy-smg: native skin, PBR images and shared motion catalog remain usable (133.2501ms)
✔ enemy-shotgun: native skin, PBR images and shared motion catalog remain usable (38.1883ms)
✔ enemy-grenadier: native skin, PBR images and shared motion catalog remain usable (69.9242ms)
✔ enemy-rpg: native skin, PBR images and shared motion catalog remain usable (55.387ms)
✔ enemy-marksman: native skin, PBR images and shared motion catalog remain usable (60.9131ms)
✔ enemy-medic: native skin, PBR images and shared motion catalog remain usable (58.0996ms)
✔ enemy-shield: native skin, PBR images and shared motion catalog remain usable (38.1026ms)
✔ enemy-heavy: native skin, PBR images and shared motion catalog remain usable (59.8572ms)
✔ enemy-minigun: native skin, PBR images and shared motion catalog remain usable (44.7962ms)
✔ enemy-officer: native skin, PBR images and shared motion catalog remain usable (152.3894ms)
✔ enemy-commander: native skin, PBR images and shared motion catalog remain usable (51.7657ms)
✔ enemy-pistol: native skin, PBR images and shared motion catalog remain usable (65.6651ms)
✔ enemy-cloaker: native skin, PBR images and shared motion catalog remain usable (51.4135ms)
✔ assault: the raw-art index retains the Mixamo downloads the character was built from (4.5053ms)
✔ breach: the raw-art index retains the Mixamo downloads the character was built from (3.9415ms)
✔ marksman: the raw-art index retains the Mixamo downloads the character was built from (2.4557ms)
✔ daemon: the raw-art index retains the Mixamo downloads the character was built from (2.2917ms)
✔ assault: Mixamo migration preserves the body and binds every vertex (186.363ms)
✔ breach: Mixamo migration preserves the body and binds every vertex (208.8925ms)
✔ marksman: Mixamo migration preserves the body and binds every vertex (296.2495ms)
✔ daemon: Mixamo migration preserves the body and binds every vertex (172.8082ms)
✔ daemon: each shoe has its own skin influences and triangles (109.4385ms)
✔ fracture rigs fit the opaque packed-PBR replacement contract (88.5554ms)
✔ the planted foot measures the stride every clip's recorded source travel does (248.7054ms)
✔ every rig's own walk is drawn for the stride it measures, including one that kept its travel (31.1653ms)
✔ model showcase catalogs gameplay states that resolve on each native rig (4629.7549ms)
✔ model-specific clips leave unrelated showcase rigs in idle (0.5179ms)
✔ model showcase includes all six player death clips (288.8721ms)
✔ a pool keeps spares up to its cap and frees the rest (0.6442ms)
✔ the readout says what the pool is for: built against reused (1.0577ms)
✔ Pier 1 promenade covers its inshore centreline and closes outer paving edges (149.1616ms)
✔ the reference corner's footways sit at kerb-cap height and the rest a little proud of the road (0.2851ms)
✔ a footway triangle is one flat face on its surveyed grade: no slabs, joints, bevels or tone (1.0632ms)
✔ a new life clears what the life owned and keeps what the connection owns (1.0664ms)
✔ reading a player never creates a record; writing does, and a disconnect removes it (0.1821ms)
✔ the arena's inputs are the same list, hashed the same, every time (2116.2907ms)
✔ fingerprint depends on content and paths, not ordering or file timestamps (99.5039ms)
✔ machine cache defaults outside the checkout and accepts an override (1.6181ms)
✔ the fingerprint lock serializes worktrees and reclaims an abandoned holder (191.3547ms)
✔ cache publishes verified outputs and restores a worktree receipt (28.9515ms)
✔ a file whose size and time match its stamp keeps its recorded hash; any other is read again (2.8955ms)
✔ the receipt is current exactly when every input and output hash matches (0.4394ms)
✔ a receipt written for the tree as it is matches the tree's own inputs (2053.317ms)
✔ PR gates never ensure an arena; release export does (0.5351ms)
✔ development reuses a stale cached arena without generating (19.5537ms)
✔ a reload holds through a long pause and resumes with only unpaused time (2.6585ms)
✔ native animation, particles and world sound restore their original states after pause or teardown (1.3056ms)
✔ the log directory sits beside the file it is placed by, wherever that file is (0.9524ms)
✔ each boot gets its own file, named for its role and in UTC so the names sort in run order (0.2084ms)
✔ a line carries both clocks, and a message's own newline is not doubled (2.9617ms)
✔ a message spanning lines keeps its later lines indented under the entry (0.18ms)
✔ an exported client logs beside its executable, and an editor client only beside a settings file it was given (0.1538ms)
✔ each boot deletes the oldest log files of its own role so that a fixed number remain, and leaves other files alone (1.6878ms)
✔ a console line reads the way GodotJS prints it, at the level of the method that wrote it (0.3342ms)
✔ no script registers an engine logger (803.978ms)
✔ an exported client falls back to the user data directory when it cannot write beside the executable (0.3934ms)
✔ a heartbeat line says where the run is and how the process is doing (0.4223ms)
✔ a repeating error is written once, then once per window with a count of the ones held back (0.1867ms)
✔ the smoke-test termination ladder matches the CLI's for this platform (4.618ms)
✔ the Windows ladder ends the whole tree, unforced before forced (0.2798ms)
✔ approved packs retain separate readable signal geometry within budget (6.7026ms)
✔ minigun housing remains separate from the centered -Z barrel pivot (2.3321ms)
✔ production dog retains a finite quadruped skin, 12k triangles and animated attack phases (15.2856ms)
✔ production supply crate preserves independently blinkable beacon geometry (3.244ms)
✔ smg has embedded runtime textures and the camera-safe mesh contract (40.9801ms)
✔ dmr has embedded runtime textures and the camera-safe mesh contract (29.3794ms)
✔ grenade-launcher has embedded runtime textures and the camera-safe mesh contract (21.8662ms)
✔ waterfront park walks retain trunk and furniture clearance (2.2673ms)
✔ waterfront planting stays clear of park walk approaches (0.3664ms)
✔ the driver line is read out of a real boot log, teardown noise and CRLF included (1.9849ms)
✔ a Vulkan boot reports Vulkan, so a fallback cannot read as the requested driver (0.2037ms)
✔ a log with no driver line reports nothing rather than guessing (0.0814ms)
✔ the project's pinned Windows driver is read with the name the engine prints for it (0.1953ms)
✔ an unpinned or unmapped driver is reported as such, not as a driver (0.1053ms)
✔ a setting is read from its own section, not from anywhere in the file (0.2137ms)
✔ project.godot still carries the rendering settings an engine save can drop (0.1269ms)
✔ a soup of rotated, non-uniformly scaled copies is recovered copy by copy, in order (2.7886ms)
✔ any vertex that is not a copy refuses the whole match rather than moving it (0.3514ms)
✔ normals are matched as append_from writes them: the basis times the base normal, normalised (1.2345ms)
✔ expanding the recovered copies gives back the soup (0.5299ms)
(node:19192) [MODULE_TYPELESS_PACKAGE_JSON] Warning: Module type of file:///D:/work/godmode-roguelite-worktrees/land-livetube-juice-20261007/scripts/client/environment_study_regions.ts is not specified and it doesn't parse as CommonJS.
Reparsing as ES module because module syntax was detected. This incurs a performance overhead.
To eliminate this warning, add "type": "module" to \\?\D:\work\godmode-roguelite-worktrees\land-livetube-juice-20261007\package.json.
(Use `node --trace-warnings ...` to show where the warning was created)
✔ source-keyed emission preserves physical envelopes and phantom hardware details (260.6432ms)
✔ capped exhaust joins the actual housing-side port and bears on its own roof (4.1238ms)
✔ occupied surfaces detect true crossing and reject coplanar disjoint pieces (0.514ms)
✔ declared service strip stays outside every physical part (3.6691ms)
✔ closed miter elbows share oriented edges without open ends (0.7026ms)
✔ connector endpoints are cabinet side planes, inside housing heights (4.0785ms)
✔ stepped roof fits every separate foot and avoids transverse joint (3.4643ms)
✔ full rotated cap footprint is transformed, not nominal cabinet rectangle (6.3578ms)
✔ unsupported expanded footprint rejects an apparently supported cabinet centre (4.1897ms)
✔ frontage door ancestry is separate from hero roof ownership (12.338ms)
✔ pnpm test runs the runner, and test:unit is the whole unit directory in one pass (0.9749ms)
✔ every test:* script is a step, folded into test:unit, or excluded with a reason (0.7275ms)
✔ the three gates are the ones whose failure makes the rest meaningless (0.2161ms)
✔ PR gates never run the expensive map freshness check (0.1124ms)
✔ a run that stopped early can never be mistaken for one that finished (0.5184ms)
✔ the queue is FIFO, and a lane that died is not in it (0.3321ms)
✔ a waiting lane says what it is waiting for, so a stall is not mistaken for a hang (0.248ms)
✔ two lanes cannot run a locked step at the same time, and the second one waits (1741.7924ms)
✔ GAME_RPC_NAMES is exactly the @rpc methods declared on Game (4.4126ms)
✔ server RPCs require the appropriate admission phase (4.3249ms)
✔ streak debug picks share the simulation clock after slow motion resumes (17.5964ms)
✔ every refusal kind the dispatcher sends is one godot-cli knows (0.4985ms)
✔ the refusals the in-repo pollers wait on are marked notReady, and a misspelt field is invalid (1.7502ms)
✔ a well-formed placement outside the loaded map is a decline, not an invalid request (1.0029ms)
✔ 20 Hz NPC steps travel as far as 60 Hz physics without compounding speed (1.9169ms)
✔ a scheduled sweep keeps the wall's resolved velocity and cannot step through it (0.146ms)
✔ a building's shops share one style and trim tone; only the door bays differ (0.8151ms)
✔ display and door glazing paint shop glass with a lit room; window bays paint home glass (10.2484ms)
✔ the bridge dressing's tower centres are the surveyed ones (40.6628ms)
✔ the shop awning faces up, out and to the sides, so back-face culling keeps it visible from the street (0.5074ms)
✔ every replicated field is covered by the fixture (1.9251ms)
✔ the wire layout is pinned per format version, so a changed layout cannot keep its number (0.662ms)
✔ a dictionary change the field list cannot see still changes the layout (#593) (0.4059ms)
✔ the layout covers every lookup table and quantisation the codec reads through (0.4475ms)
✔ the wire field order is pinned, so a reorder cannot pass unversioned (0.1661ms)
✔ a self-contained snapshot round trips (2.5941ms)
✔ mantle paths arrive in deltas and late-join keyframes and clear on completion (4.3777ms)
✔ corpse FIFO additions and removals survive delta packets and late-join keyframes (1.6194ms)
✔ a delta against an identical baseline is a handful of bytes (0.3801ms)
✔ a moving lobby's delta fits inside one ENet fragment (1.507ms)
✔ a self-contained eight-player snapshot stays within two fragments (0.3203ms)
✔ an unchanged field is carried over from the baseline rather than re-sent (1.1291ms)
✔ a player joining or leaving re-keys the roster without disturbing the others (0.5775ms)
✔ a System Admin arriving mid-match is encoded against a baseline that had none (0.283ms)
✔ a string outside a dictionary still round trips, as a literal (0.4011ms)
✔ a truncated packet is refused rather than half-decoded (0.924ms)
✔ packets from older layouts and unknown versions are refused (0.4579ms)
✔ a delta read against the wrong baseline is refused rather than trusted (1.2143ms)
✔ a delta claiming a baseline roster the receiver does not have is refused (0.2432ms)
✔ random bit flips are refused or decoded, never silently mixed up (28.9208ms)
✔ sequence comparison survives the wrap at 65536 (0.1672ms)
✔ publisher and receiver converge on deltas and stay there (2.4071ms)
✔ a client that stops acknowledging is put back on full snapshots and recovers (0.8478ms)
✔ a receiver that misses a packet keeps naming what it still holds (0.3517ms)
✔ a superseded packet arriving late is dropped rather than rewinding the world (0.3594ms)
✔ every peer gets its own baseline, and identical baselines are encoded once (0.356ms)
✔ a disconnected peer's acknowledgement is forgotten before its id is reused (0.5271ms)
✔ a receiver reset drops the match it was in (0.5432ms)
✔ an acknowledgement for a snapshot the server never sent is ignored (0.2298ms)
✔ the same packet arriving twice is applied once (0.3461ms)
✔ a yaw outside [-pi, pi] wraps rather than clamping (0.3429ms)
✔ a fabricated negative acknowledgement cannot wedge a peer out of deltas (0.2939ms)
✔ the accepted full-snapshot receipt survives deltas and rejected packets, then resets (0.8089ms)
✔ Brooklyn positions beyond the old 512 m range survive full and delta snapshots (1.4541ms)
✔ all preloaded city enemies survive keyframes and removals beyond the old 256-body cap (9.6865ms)
✔ a steady walk is drawn at a steady speed, with no stall frames (2.2101ms)
✔ bodies are drawn about the interpolation delay behind the newest snapshot (0.4694ms)
✔ the render clock jumps to a first snapshot and never runs past the newest (0.1265ms)
✔ a track holds its ends, interpolates between, and restarts on a teleport (0.6353ms)
✔ every snapshot a client accepts under loss is the world the server recorded (79.536ms)
✔ snapshots are lost at the link's rate, not a multiple of it (26.9271ms)
✔ a total outage longer than the history is recovered from, without intervention (4.1425ms)
✔ duplicated and delayed packets never rewind the world (21.6474ms)
✔ a packet that arrives after a newer one is dropped, not applied (21.6642ms)
✔ a client whose acknowledgements are lost still gets a usable stream (18.3755ms)
✔ the same seed reproduces the same run (25.2446ms)
✔ every humanoid kind is drawn as a player gun the stance solver can hold (0.792ms)
✔ the off-hand goes on every gun but the SHIELD's pistol (0.1573ms)
✔ only the HEAVY's LMG is drawn bigger (0.0782ms)
✔ the gun points along the line from the shoulder to the target (0.1279ms)
✔ with nobody to shoot it carries the gun at a low ready (0.086ms)
✔ a round kicks the muzzle up and it settles back (0.0878ms)
✔ a long gun blades the chest toward the off-side and sits back into the shoulder, within what reads as a stance (0.1023ms)
✔ startup phases partition the launch without counting nested resource spans twice (1.4591ms)
✔ an old readiness marker never counts as a presented gameplay frame (0.1667ms)
✔ phone retains its screen texture and assigns the material only when the feed changes (10.651ms)
✔ prototype phone holds the ride feed, returns from its held pose, and keeps RC-XD a call-in (2.9707ms)
✔ phone shake rotates the rigid assembly and suppression clears it (0.7171ms)
✔ standard remote returns from close while direct-fade aircraft never raise a tablet (2.7546ms)
✔ prototype server keeps the exposed body in-world; bail releases it immediately and stops cover (19.1847ms)
✔ prototype timeout releases the body at seven seconds; console loadouts preserve the flow (1.9846ms)
✔ cover chooses nearest visible threat, respects cadence and damages at reduced gun power (5.1875ms)
✔ prototype map strike waits for click after phone tap; RC-XD is a call-in without a ride (1.4755ms)
✔ an existing trainer hint stays out of the tablet and ride viewing area (3.1802ms)
✔ tablet controller hands native gun playback through entry, put-away and remote return (1.4846ms)
✔ gunner activation cancels a preceding tablet outro through ride, exit and restored gun (1.6558ms)
✔ exit cancels stale tablet independently of observing ride entry (0.9661ms)
✔ tablet call-ins still raise, tap once and finish; ride entry does not cancel LAUNCH (9.3502ms)
✔ Predator's tablet is cleared for control, exit and the restored gun (0.792ms)
✔ every ride holds its exact activation position through the exit fade, without changing weapon or ammo (1.9265ms)
✔ remote ride returns through the close-held tablet and keeps the gun blocked until lowered (1.3805ms)
✔ gunners never restore a tablet; death cancels a remote return (0.8526ms)
✔ prototype feed holds the native approach and returns from the matching partial-close pose (2.0207ms)
✔ prototype RC-XD keeps its call-in pose and suppression clears phone hit feedback (0.7774ms)
✔ slow close-device preparation does not consume the return reveal (0.8032ms)
✔ tablet remains close through the black handoff hold before revealing (0.699ms)
✔ completed strike awards wait for the phone and stay off its close return (26.3049ms)
✔ prototype exit returns the PiP phone immediately; standard exit prepares its black hold (3.1301ms)
✔ default prototype has no Auto Cover and body stays wherever movement put it (2.2119ms)
✔ two-click targeting and reset are shared by current and prototype flows (8.493ms)
✔ prototype released phone restores the actual player gun; normal rides still hide it (2.2311ms)
✔ a missing phone-feed camera cannot leave thermal/static over the body view (1.3312ms)
✔ paint and parking use the same setback at branching junctions (1.2534ms)
✔ parking reserves the full crossing width and an approach beyond the car centre (0.2589ms)
✔ angled vehicle corners and angled crossings share the same clearance (1.1756ms)
✔ fitting follows rotated slopes and refuses missing paving, steps and narrow routes (1.1055ms)
✔ every committed base follows actual source paving, and every kind reaches the waterfront (1442.1776ms)
✔ dressing is batched by cell; shrubs share four shapes with correct numeric transforms (22.4487ms)
✔ new furnishing footprints do not overlap one another or closure lanes (6.0175ms)
✔ navigation receipt matches all solid props and no enemy origin overlaps them (70.6363ms)
✔ a stacked vegetation pass cannot leave a pit after removing its tree (0.4573ms)
✔ street rules reject internal plaza kerbs, frontage pinch points and crowded bike racks (3.4773ms)
✔ every added street prop has a two-metre paved corridor clear of actual frontage and final props (19275.1424ms)
✔ street planter clusters vary between beds while retaining structure, cells and shape budget (4.0286ms)
✔ paint clips to each actual sloping road plane and refuses a hole (5.9264ms)
✔ lane centre measures the road instead of following a kerb-hugging routing point (3.7758ms)
✔ crossing geometry remains inside #893 vehicle reservation and lines clear its approach (2.0433ms)
✔ kerb facets face outward, preserve grade and omit dropped ramps (0.606ms)
✔ asphalt tones are broad flat facets, with grade normals and no geometric seams (2.2335ms)
✔ beveled box keeps the exact envelope and outward nondegenerate faces (1.453ms)
✔ furniture keeps every original placement field and fits its existing envelope (692.1188ms)
✔ approved street props retain normal and albedo maps, UVs and matching provenance (124.7027ms)
✔ every hydrant family draws the approved model at its recorded fit, with no facets (41.5532ms)
✔ native export carries actual sky and spatial material overrides, excluding commented declarations (3.8609ms)
✔ large shared batches sample the actual world field on both sides and through its transition (0.7046ms)
✔ source_color conversion precedes mixing and linear vertex intensity multiplies afterward (0.3444ms)
✔ bake shader retains the actual source fragment, uniforms and vertex attributes (0.4761ms)
✔ release rejects fresh pilot, unknown, duplicate and incomplete region coverage (0.768ms)
✔ absent development output differs from orphaned imported/baked files (66.8137ms)
✔ a lone atlas or atlas/data pair cannot bypass the source and binding manifest (92.9981ms)
✔ each approved study has static receivers and unique street probe positions (8.7433ms)
✔ crossing batches are exported wholly while unsupported out-of-volume probe meshes fall back (0.1862ms)
✔ an audit crop replaces the study regions for the bake set and parses strictly (0.9346ms)
✔ near misses cool down per direction and across the whole view (0.7844ms)
✔ direction sectors wrap at the rear and the flash leaves the centre clear quickly (0.1762ms)
✔ every surface family the server can report has a debris profile (1.428ms)
✔ every profile describes a burst that can actually be drawn (0.4503ms)
✔ a drag coefficient can never reverse a piece within one frame (0.1362ms)
✔ sparks are struck metal and nothing else (0.1054ms)
✔ glass is the only debris that lights up rather than being lit (0.1032ms)
✔ light debris flutters and heavy debris drops (0.1173ms)
✔ the surfaces that powder raise dust and the ones that shatter do not (0.0921ms)
✔ concrete throws the widest cloud, because it has to read from across the arena (0.0849ms)
✔ every weapon category scales a burst, and a shotgun pellet is worth less than a rifle round (0.1204ms)
✔ a scaled burst always throws something, and only where the profile does (0.3421ms)
✔ each debris shape is cut to a silhouette the others are not (0.2306ms)
✔ shop displays leave every entrance empty across display and trim variants (0.7612ms)
✔ physical display bays enclose goods behind glass without growing the storefront footprint (685.5987ms)
✔ uniform prop fitting grounds the base and keeps every bound inside the display envelope (0.3794ms)
✔ native planter keeps grounded leafy shrubs beside its separate structural model (68.8427ms)
✔ semantic limb and legacy finger references resolve to native imported joint names (10.6893ms)
✔ human and bot world bodies use the same directional and reload animations (0.4861ms)
✔ animation transitions remain multi-frame under load (0.2787ms)
Navigation query removed 25643088 fitted coordinate values from 2557 placements
✔ numeric mesh upload preserves outward normals and reverses only Godot face winding (1.4924ms)
✔ bulk instance transforms preserve yaw, arbitrary surface tilt and independent shrub scales (0.5211ms)
✔ ground batch merging preserves fitted surfaces in world space without another ground fit (0.2239ms)
✔ authored crowns reuse six meshes regardless of exact clearance width and keep roots grounded (8.9193ms)
✔ navigation footprint queries retain no fitted facets and exactly match presentation placements (36291.2501ms)
✔ tree tone and lean are uploaded in a bounded numeric buffer without moving roots (0.6583ms)
✔ detached furniture plots use pale paving while real tree and garden beds retain soil (9.1879ms)
✔ landscaping excludes every actual cordon, separates tree crowns, and preserves closure pieces (178.8149ms)
✔ planter coping follows a slope and a terrain seam across its entire footprint; unsupported footprints fail (3.4143ms)
✔ furniture paving reaches a real path, follows grade, and tree beds have no repeated shrub islands (7.1123ms)
✔ every registered vegetation module uses one flat leafy family within its actual footprint (761.9741ms)
✔ family meshes are deterministic, manifold lobes with outward faces and several crown clusters (64.13ms)
✔ tree size family preserves placement ids, crown widths and grounded roots (7.9762ms)
✔ six crown silhouettes stay inside existing clearance envelopes after lean and scale (106.6155ms)
✔ clustered foliage preserves plant count and keeps every fitted shrub inside the original bed (0.7847ms)
✔ authored shrub clusters resample sloping soil without changing the source or boundaries (2.3859ms)
✔ vegetation is independently planted without tree pedestals or furniture-attached beds (0.8984ms)
✔ shrub foliage preserves bench approaches and exposed tree roots (0.3293ms)
✔ placement paint survives reordering and gives a weighted city mix (35.6569ms)
✔ paint custom data preserves each transform and tree colour buffer (1.1473ms)
✔ sprint-out sights wait for the exact authoritative ready deadline (0.7757ms)
✔ tablet gun handoffs enter from below with a monotonic, reversible assembly move (1.0469ms)
✔ tablet handoffs sample continuous native holster and draw, with no draw during remote entry (1.1534ms)
✔ draw and reload cannot be overridden by recoil or an aim request (0.2173ms)
✔ live hip and ADS playback never adds a baked fire kick to procedural recoil (0.3231ms)
✔ sprint entry can be sampled backwards on release, and aiming takes over (0.1553ms)
✔ sprint uses the authored hold while the shared v0.28 sway supplies the run cycle (0.1491ms)
✔ native shot clips drive parts while reload and draw retain priority (0.1946ms)
...........
----------------------------------------------------------------------
Ran 11 tests in 0.007s

OK
✔ build selects one weapon; import accepts multiple files and --from before or after paths (1.7617ms)
✔ partial imports plan only present weapons and never copy the other weapon's files (0.4411ms)
✔ tablet build and partial import keep weapon edits isolated (0.1325ms)
✔ tablet retains native weighted hands, all baked frames and the editable prop seat (70.3311ms)
✔ local pose deltas reconstruct edits, carry each frame, preserve manual edits and protect reload motion (157.2362ms)
✔ pistol: saved Actions retain all clips, finite samples and independent prop tracks (237.7326ms)
✔ pistol: reject a lost magazine track before updating game files (8.2436ms)
✔ pistol: reject mismatched frame duration and native bone roster (35.8107ms)
✔ assault-rifle: saved Actions retain all clips, finite samples and independent prop tracks (295.9138ms)
✔ assault-rifle: reject a lost magazine track before updating game files (15.5884ms)
✔ assault-rifle: reject mismatched frame duration and native bone roster (21.3713ms)
✔ all sixteen treatments retain closure panels and C13's two legs (1.8646ms)
✔ approved dimensions stay at native metres and all poses have source-fitted ground (5.7303ms)
✔ shoreline model variety is stable, reaches every prepared shape and excludes unavailable outputs (2.1043ms)
✔ native shoreline fitting preserves the old clearance envelope and puts the lowest point at its root (0.2696ms)
✔ constructed piers keep every source cap while replacing full-height concrete walls with thin fascia (17.7517ms)
✔ timber has flat cut caps and separate real bindings rather than an angled obelisk crown (0.2917ms)
✔ angular armour alternatives remain inside the approved rock clearance envelope (0.8215ms)
✔ landing structure keeps its supported cross-braced access and bindings while model fenders replace cylinder facets (1.4669ms)
✔ all usable surveyed ferry decks build grounded guards without treating isolated cap remnants as decks (52.7054ms)
✔ instanced Tencent shoreline stones stay closed, flat shaded and within the 400-triangle budget (17.2534ms)
✔ riverfront ownership removes both legacy picket variants map-wide and retains inland gardens (18391.4763ms)
✔ every placed waterfront post and base-plate corner touches retained ground within 1 cm (11755.4901ms)
✔ approved riprap footprint forces a grounded, continuous rail landward of the rocks (0.433ms)
✔ an overhanging bank extends posts down to ground while its rails stay above bank level (0.5333ms)
✔ a post shaft reaches its sloping plate, and split-level plates seek a single supporting surface (8.6257ms)
✔ sloping supports fit each plate corner and upright separately, with no midpoint interpolation (0.2573ms)
✔ a failed ground fit relocates to nearby ground without breaking the railing (0.5143ms)
✔ steep ground and centimetre survey seams retain continuous, uncrowded corner rails (10.8688ms)
✔ post spacing continues through short surveyed edges instead of clustering at each vertex (0.3341ms)
✔ river has finite upward facets and retains the fine grid beside candidate C (575.7161ms)
✔ shore dressing uses finite pier-top heights and records its retained sources (19.6769ms)
✔ approved pier props retain source approval hashes and fit the runtime triangle budgets (8.3029ms)
✔ visual shore placement includes both camera areas and bounded, scaled piling footprints (130.214ms)
✔ varied riprap forms a visible belt outside the promenade and timber silhouettes remain readable in both approved views (174.2366ms)
✔ committed waterfront placements have valid visual metadata (77.6242ms)
✔ raised rock crowns leave every surveyed bank clear for the retained baked railing (380.1374ms)
✔ scattered riprap keeps varied small stones across both shore views (72.1845ms)
✔ 07 raised landing has grouped approved timber supports within foam capacity (75.5376ms)
✔ riprap descends through a broad apron with proportional boulder heights (145.5183ms)
✔ the full shoreline slope has dense armour in every alongshore and depth band (1242.0732ms)
✔ armour beside every bank stays exposed even when opposite shoreline aprons overlap (371.2594ms)
✔ every weapon category has a presentation definition (1.4791ms)
✔ muzzle flashes clear the barrel along each model's own bore (0.2727ms)
✔ every weapon model runs its bore down the canonical -Z (68.6704ms)
✔ every weapon model ships the sockets the runtime addresses by name (186.6269ms)
✔ a muzzle flash clears before the weapon can fire again (0.3238ms)
✔ weapon scene wiring is distinct per category (0.7076ms)
✔ weaponAnimation composes each category's authored clip names (0.286ms)
✔ aiming narrows the view for every category (0.1983ms)
✔ every weapon is carried by a hold the pose table defines (0.232ms)
✔ both holds are defined and fully specified (0.533ms)
✔ sprint bore constants exceed the resting swing and cant (1.1625ms)
✔ hand grips are stated as unit directions (0.2372ms)
✔ the shared world grip rotation is a unit quaternion (0.0844ms)
✔ the viewmodel pass magnifies with field of view rather than scale (0.0561ms)
✔ native support calibration uses weapon-space metres and degrees (0.1226ms)
✔ pistol and rifle retain v0.28 kick, squared return and sustained bloom strength (1.4265ms)
✔ v0.28 ADS optics, transition and camera recoil random ranges remain pinned (0.8591ms)
✔ every weapon category has a feedback definition (0.1137ms)
✔ aiming down sights damps the kick for every category (0.2099ms)
✔ aimed recoil only slides the weapon along the optical axis, so the sights stay lined up (0.2301ms)
✔ hip-fire recoil keeps its full lift, travel and rotation (0.1885ms)
✔ per-shot kick follows the intended ordering across every channel (0.2258ms)
✔ the automatic categories trade the smallest per-shot kick for the worst sustained fire (0.2252ms)
✔ horizontal wander runs opposite to vertical kick (0.236ms)
✔ viewmodel recovery is derived from the authoritative bloom rules (0.2005ms)
✔ recoil intensity spans exactly one to one-plus-the-sustained-multiplier (0.2162ms)
✔ recoil intensity never falls as bloom accumulates (0.4978ms)
✔ a category with no bloom ceiling does not divide its way to NaN (0.1124ms)
✔ muzzle flash and shell casing dimensions are drawable (0.2593ms)
✔ the phase is the fraction of the server's duration, clamped to the reload (0.6939ms)
✔ Infima contacts keep distinct pistol/rifle and empty/loaded timings in order (0.2441ms)
✔ equipment footprint rejects roof edges, degenerate faces and unsupported corners (2.7391ms)
✔ sloped streets interpolate real ground height and reject steep prop supports (0.2661ms)
✔ source chunk fitting reaches all five approved study areas and rejects distant chunks (0.4992ms)
✔ roof equipment crosses coplanar triangle seams but rejects different roof levels (0.3354ms)
✔ street frontages retain survey elevation, outward wall normal and reject roof faces (0.8746ms)
✔ frontage equipment flips inconsistent winding toward the exposed street side (0.2779ms)
✔ inset doorway fixtures snap to the outer shell wall rather than burying into it (0.3388ms)
✔ crossings use broad multi-way junction mouths, avoiding alleys and duplicate approaches (2.2203ms)
✔ paint fits across triangle seams and follows street grade (0.4167ms)
✔ paint rejects off-road corners, missing central support and ambiguous levels (0.2063ms)
✔ paint stays above millimetre-overlapping road faces instead of clipping into the visible layer (0.2514ms)
ℹ tests 668
ℹ suites 0
ℹ pass 668
ℹ fail 0
ℹ cancelled 0
ℹ skipped 0
ℹ todo 0
ℹ duration_ms 41358.7914
[ 4/12] test:unit: ok in 41.7 s

[ 5/12] test:muse-image

> godmode-exe@ test:muse-image D:\work\godmode-roguelite-worktrees\land-livetube-juice-20261007
> node --test tools/assets/muse-image.test.mjs tools/assets/generate-image.test.mjs

✔ parseArguments reads flags, repeats --edit, and rejects unknown ones (1.2719ms)
✔ redactKey removes every occurrence of the key and passes other text through (0.0944ms)
✔ --dry-run prints a JSON envelope with the request and touches no network (0.3912ms)
✔ --help --json prints the usage text inside the standard envelope (0.1493ms)
✔ an unreadable --edit input fails with a clean message, not a raw stack trace (4.4435ms)
✔ generation requests carry the documented fields and default to base64 PNG (1.7951ms)
✔ generation requests reject bad input before any network call (3.4495ms)
✔ edit requests wrap each data URL as an image_url entry (0.3287ms)
✔ responses decode base64 payloads and surface usage (0.371ms)
✔ the committed API key is used when none is passed (15.419ms)
✔ requestImages posts JSON with a bearer token to the images endpoint (0.3348ms)
✔ requestImages times out a request whose body stream stalls after headers arrive (60.8719ms)
✔ requestImages turns HTTP errors into MuseImageError with the API message (0.6553ms)
✔ images are written as NAME.EXT then NAME-2.EXT, with jpeg mapped to .jpg (5.4316ms)
✔ prompt slugs are filesystem-safe and bounded (0.4412ms)
ℹ tests 15
ℹ suites 0
ℹ pass 15
ℹ fail 0
ℹ cancelled 0
ℹ skipped 0
ℹ todo 0
ℹ duration_ms 231.3551
[ 5/12] test:muse-image: ok in 0.5 s

[ 6/12] test:hunyuan-3d

> godmode-exe@ test:hunyuan-3d D:\work\godmode-roguelite-worktrees\land-livetube-juice-20261007
> node --test tools/hunyuan-3d/cli.test.mjs

✔ result matching ignores older completed gallery assets and identifies the submitted task (0.8715ms)
✔ parseArguments resolves paths and fixed generation settings (0.4147ms)
✔ validateImage accepts supported files and rejects unsafe inputs (4.3551ms)
✔ dry run describes the exact source, model, and 500k selection without opening a browser (2.4293ms)
✔ downloadableUrls finds supported model archives in nested responses (0.6413ms)
✔ finalModelUrl ignores intermediate geometry and selects the successful textured 500k result (0.1435ms)
✔ usage documents the Gmail-delivered email code input (0.1205ms)
ℹ tests 7
ℹ suites 0
ℹ pass 7
ℹ fail 0
ℹ cancelled 0
ℹ skipped 0
ℹ todo 0
ℹ duration_ms 317.6275
[ 6/12] test:hunyuan-3d: ok in 0.6 s

[ 7/12] test:mixamo-tool

> godmode-exe@ test:mixamo-tool D:\work\godmode-roguelite-worktrees\land-livetube-juice-20261007
> node --test tools/mixamo/cli.test.mjs

✔ validates model and clip names (0.7846ms)
✔ records a binary FBX in raw art and protects saved files (10.9742ms)
ℹ tests 2
ℹ suites 0
ℹ pass 2
ℹ fail 0
ℹ cancelled 0
ℹ skipped 0
ℹ todo 0
ℹ duration_ms 136.0297
[ 7/12] test:mixamo-tool: ok in 0.5 s

[ 8/12] test:pr-image

> godmode-exe@ test:pr-image D:\work\godmode-roguelite-worktrees\land-livetube-juice-20261007
> python3 -m unittest discover -s tools/pr-image -p "test_*.py"

..pr-image: --prefix must not contain a '..' segment
...............pr-image: upload of hud.png failed: HTTP 404
....
----------------------------------------------------------------------
Ran 21 tests in 0.107s

OK
[ 8/12] test:pr-image: ok in 0.5 s

[ 9/12] test:audio-decisions

> godmode-exe@ test:audio-decisions D:\work\godmode-roguelite-worktrees\land-livetube-juice-20261007
> node --test tools/audio/import-decisions.test.mjs

✔ imports preserve exact notes, unchecked decisions and reviewed status with immutable history (838.577ms)
✔ invalid role data fails before writing a current decision record (0.3819ms)
ℹ tests 2
ℹ suites 0
ℹ pass 2
ℹ fail 0
ℹ cancelled 0
ℹ skipped 0
ℹ todo 0
ℹ duration_ms 914.9099
[ 9/12] test:audio-decisions: ok in 1.2 s

[10/12] maps:test

> godmode-exe@ maps:test D:\work\godmode-roguelite-worktrees\land-livetube-juice-20261007
> node --test tools/maps/*.test.mjs

✔ shoreline and all waterfront props attach to retained water, never filled inland cuts (312.544ms)
✔ inland Pier 1 pond and stream cuts get ground without moving the river or water outside C (53.8479ms)
✔ every survival spawn and the three Pier 1 failure sites have collision floor at walking height (3412.6437ms)
✔ the reported bridge-wall location no longer receives an eleven-metre downward spike (33.5111ms)
✔ a broad grade or a lasting level change is not flattened (0.8052ms)
✔ CityGML vertical walls preserve holes and their source winding (1.3561ms)
✔ chunk clipping preserves a sloped 3D surface and its height at seams (0.3134ms)
✔ an unambiguous PLUTO lot supplies the floor count, and an ambiguous one falls back to height (27.8035ms)
✔ newer buildings and mismatched IDs retain current footprints (0.1686ms)
✔ whole-map selection joins CityGML and PLUTO without losing source identity (1062.4708ms)
✔ map-edge clipping does not reject a matching complete CityGML building (8.4976ms)
✔ entrance measurement joins a chunk split and retains threshold and outward face (1.3965ms)
✔ horizontal surfaces and fragments too small for a door are not entrances (0.1836ms)
✔ park maintenance buildings leave both authored walking lanes clear (1.3712ms)
✔ site kit keeps its body above terrain and records authored placements (2.1226ms)
✔ promenade covers the full selected edge, stays on land and has a level eight-metre apron (7.2915ms)
✔ long source edges are selected by arena overlap rather than their midpoint (2.4769ms)
✔ empty inland arenas have no fabricated waterfront (1.1922ms)
✔ bulkheads split at a partial promenade interval and meet its flat floor at both joins (0.6839ms)
✔ review cameras stand on the apron without changing their concept aim (1.3082ms)
✔ window apertures remove wall area and put glass behind the retained collision plane (9.5233ms)
✔ an ambiguous lot falls back to the shell's own height rather than drawing nothing (3.329ms)
✔ a shell whose height will not divide into storeys still draws nothing (0.4249ms)
✔ entrances need real sidewalk frontage and steps need enough sidewalk depth (7.01ms)
✔ detail caps preserve shell generation and report omitted windows deterministically (81.2848ms)
✔ oriented box has outward winding and preserves volume (0.2597ms)
✔ street placement requires supported sidewalk and excludes buildings and elevated transport (27.9779ms)
✔ nothing is placed where a barricade will stand across a street mouth (18.3504ms)
✔ whole-map selector keeps intersecting footprints and excludes outside ones (0.9146ms)
✔ authored setback entrance cuts the facade and bridges its garden to the sidewalk (2.1911ms)
✔ DEM metre values, north/south orientation and diagonal interpolation match the actual triangle planes (1.482ms)
✔ nonlinear shore grading remains one plane under grass and extra paving vertices (0.3361ms)
✔ DEM cannot silently extrapolate, fill missing land, or accept incorrect vertical units (0.487ms)
✔ footprint grounding samples long edges, including lower contacts between footprint corners (0.3039ms)
✔ a building's floor sits at its own surveyed grade, and the solid runs down to the lowest contact (0.2152ms)
✔ a surveyed grade outside the ground the footprint touches is held to it, so a building never floats (0.1915ms)
✔ transport deck elevations retain their own survey-foot conversion and do not inherit bare-earth height (0.3572ms)
✔ retained DEM is hash-verified and fixes the erroneous high terrain at 95 York Street (81.7656ms)
✔ draped boundaries split at cell edges and diagonals without extra internal walls (1.6749ms)
✔ conditioning removes a bare-earth wall under the street and leaves the terrain beside it alone (3.377ms)
✔ a street that genuinely climbs inside the grade keeps its climb (0.3286ms)
✔ a conditioned grid keeps the raw vertical datum, so conditioning cannot move the whole map (0.1162ms)
✔ NY State Plane survey feet become local metre coordinates with north at -Z (1.0089ms)
✔ GIS holes stay open, including when a crop cuts through an outer ring (2.5105ms)
✔ courtyard prism triangulates outward without filling the courtyard (1.0805ms)
✔ generated geographic extract is chunked, cropped to the expanded waterfront boundary, and contains river and bridge (207.7362ms)
✔ every mesh has semantic attribution and triangle ranges without geometry duplication (589.1952ms)
ℹ tests 47
ℹ suites 0
ℹ pass 47
ℹ fail 0
ℹ cancelled 0
ℹ skipped 0
ℹ todo 0
ℹ duration_ms 3943.3758
[10/12] maps:test: ok in 4.4 s

[11/12] game-rules

> @godmode/game-rules@0.1.0 test D:\work\godmode-roguelite-worktrees\land-livetube-juice-20261007\packages\game-rules
> pnpm run build && node --test dist/test/**/*.test.js


> @godmode/game-rules@0.1.0 build D:\work\godmode-roguelite-worktrees\land-livetube-juice-20261007\packages\game-rules
> node -e "require('node:fs').rmSync('dist/test',{ recursive: true, force: true })" && tsc -p tsconfig.json

ai_budget: 14 navigators, 300 ticks: mean 0.099 ms, p95 0.296 ms, max 8.840 ms, goals reached 11, unreachable 1
✔ fourteen navigators replanning every half second stay inside the per-tick budget (37.7776ms)
✔ locked aim cancels accumulated suit recoil in the submitted shot direction (0.8537ms)
✔ the RC bomb car is the weakest enemy and, however late and elite, slower than the player's base sprint (0.8585ms)
✔ the aim assist aims at the torso of every crowd kind, never the head, and regulars use the reduced health (0.3486ms)
✔ two rooms joined by a narrow corridor become two areas with one portal in the corridor (2.9981ms)
✔ a shared edge exactly as wide as the neck limit still joins its rooms (5.841ms)
✔ a hall larger than the size cap is tiled into several areas (0.6603ms)
✔ a ramp is its own area even across a wide shared edge (0.586ms)
✔ a sliver merges into the neighbour it shares the most edge with (0.4208ms)
✔ polygons that meet at a T-junction are still adjacent (1.8883ms)
✔ farthest samples start at the medoid and spread across the area (0.4753ms)
✔ the same mesh clusters identically twice (1.0684ms)
✔ pruning keeps only the polygons connected to the seeded floor (0.5902ms)
✔ base64 encodes and decodes bytes the way the engine's Marshalls does, padding included (0.5866ms)
✔ armour absorbs damage before health (1.2448ms)
✔ a grant never passes the run's ceiling, and never takes plate away (0.177ms)
✔ armour has no source that gives it back on its own: only a grant moves it up (0.1393ms)
✔ no boss up says nothing (0.7033ms)
✔ the commander says its phase and the plates still on, or that it is stunned (0.1788ms)
✔ the helicopter says what it is doing, and when its weak spot is open (0.0909ms)
✔ any other boss is its health (0.0682ms)
✔ every cheat-weapon sound file is wired to a cue or loop, and every wired file exists (1.2085ms)
✔ short numbers drop a trailing zero and keep one decimal (0.9964ms)
✔ every weapon and perk has short stats at every level, read from the rules' numbers (1.0988ms)
✔ the table lists weapons, perks, specials, the gun's evolution and crate exclusives in that order (0.9463ms)
✔ an evolved weapon shows under its evolved name, and a merged one without levels (0.2485ms)
✔ offer rows say the level a card takes a cheat to and what it then does (1.1419ms)
✔ the aimbot line is always on and names what changed it (0.1902ms)
✔ an id reads as a snake-cased file name (0.62ms)
✔ a log stamp is the session clock in minutes and seconds (0.1577ms)
✔ every shop streak line takes its kill cost from the roster (1.2503ms)
✔ the comfort cheats lead the shelf and total $65 (0.7499ms)
✔ the account upgrades have ranked prices and sit in the shop catalogue (0.1528ms)
✔ cards arrive after each stream in order, three then two, within the shelf's cap (0.4267ms)
✔ a ranked card holds one slot and shows its next rank until maxed (0.4606ms)
✔ buying is refused for cards not stocked, not affordable, or needing another first (0.1216ms)
✔ every card is in stock by run 21 for a player who buys everything (2.751ms)
✔ the shelf always offers an upgrade, including when authored cards are locked or exhausted (2.1288ms)
✔ armour shelf card states the protection and stops at the 150-point cap (0.6418ms)
✔ Auto Cover is off in a fresh run and enabled only by its purchased shop cheat (0.6882ms)
✔ the same seed builds the same city, and buildCityLevel caches it (28.8066ms)
✔ every body and pickup point is clear of every box (21.2392ms)
✔ every body point stands on a surface and is inside the bounds (13.1462ms)
✔ sites follow the route: six, ordered, spaced, and the start is safe (0.6162ms)
✔ the perimeter walls enclose the bounds (1.098ms)
✔ every spawn, site, boss, orb and the exit can be walked to from the player's spawn on the ground (163.9755ms)
✔ no street is blocked along its centre line (54.9948ms)
✔ a city is a few hundred boxes, with open ground floors, climbable roofs, plazas and cover (4.715ms)
✔ different seeds lay out different cities (0.2694ms)
✔ streetlight poles collide, stand on a sidewalk or plaza, and touch nothing else (68.3802ms)
✔ bus shelters are only their back panel, so no roof leaves a navmesh island (2.9742ms)
✔ a far, still cloaker is a faint shimmer; close or on the run it shows (1.3481ms)
✔ its wind-up, a flinch, MARKED and WALLHACKS each show it whole (0.1593ms)
✔ it stalks far off, rushes faster than a walk, and strikes for 30 from a step away (0.2707ms)
✔ the closest point matches a brute-force search on and off the mesh, across floors (37.5841ms)
✔ nothing is returned beyond the search distance (0.9438ms)
✔ the travel pace speeds a survival runner up (1.6503ms)
✔ the sprint widening eases toward its target and back without overshooting (0.3109ms)
✔ LEAK ticks and spreads inherit the hit that applied the status until another hit replaces it (1.0798ms)
✔ one pull settles after all burst rounds or delayed projectile damage (0.2472ms)
✔ an enemy attack resolves once and keeps its enemy (0.1274ms)
✔ localMove inverts the server's yaw rotation of body-relative input (1.2773ms)
✔ aimAngles matches the server hitscan direction convention (0.2109ms)
✔ a visible target is tracked at a bounded turn rate and shot only once the sights are on (1.428ms)
✔ four ranged combatant brains independently pursue and fire without shared state (1.9851ms)
✔ an empty magazine reloads on a single press edge and the trigger stays off while reloading (0.2789ms)
✔ losing sight of a target never reloads a magazine that still has rounds (1.7792ms)
✔ a hunter walks a planned route round a wall to an unseen target (3.7899ms)
✔ a combatant never sprints and shoots in the same command (2.3067ms)
✔ a hunter holds range and strafes on walkable ground once a near target is visible (1.1839ms)
✔ a combatant circling at its hold range never cuts between strafing and closing in (1.8444ms)
✔ a hunter with one strafe side blocked takes the open one in the same tick (0.7716ms)
✔ a dead hunter issues an idle command and forgets its route (0.8842ms)
✔ a bot aims at centre mass for the posture its target is in, never at their head (1.6994ms)
✔ a shot at a remembered position is aimed with the posture that was seen there (3.2314ms)
✔ an unanswered reload press is repeated, and nobody sprints on an empty magazine (0.2465ms)
✔ a combatant wedged on both strafe sides holds its side and its ground instead of flipping every tick (5.1252ms)
✔ a route over the ladder presses jump on the way up and crouch on the way down, and nothing on the deck (2.7604ms)
✔ a navigator counts a climb as progress, never cuts the corner through a link, and never replans mid-link (1.6763ms)
✔ a body without ladder controls is carried up the shaft, across the exit, down again, and off a drop into a fall (8.6187ms)
✔ a jump across is jumped by a combatant, and a body without controls is lifted clear, carried across level and released over the far side (issue #275) (0.9881ms)
✔ a combatant on the ladder finishes the climb before it strafes, holds or forgets its route (0.9025ms)
✔ the straight-line shortcut waits for a link's end, even when the goal is in direct range from mid-air (1.1169ms)
✔ a shooter's bearing picks the plate: chest in front, back behind, its own left and right at the sides, the helmet on a head hit (1.5303ms)
✔ a plate takes a round and passes a share on until it breaks, and then that zone takes more (0.2988ms)
✔ a blast reaches it for a share and strips every intact plate, which is how explosives open it up (0.4287ms)
✔ it drops the gun at 65% and calls its squad below 35%; its health is no boss sponge (0.203ms)
✔ death selection covers five standing variants and preserves crouched posture (1.1845ms)
✔ a corpse preserves the old life after respawn and a run reset (1.9103ms)
✔ the seventeenth death evicts the oldest body (0.8078ms)
✔ nonlethal hits, duplicate lethal events and voluntary restarts cannot manufacture corpses (0.166ms)
✔ an empty lobby clears every body (0.1496ms)
✔ direction k is the game's yaw k × 2π/16, and a bearing rounds to the nearest (1.4996ms)
✔ arcs wrap round the ring, and the peek edges are the open directions either side of the cover arc (0.3167ms)
✔ the torso heights the bake rays from are the bodies' own (0.6718ms)
✔ an index built from a list groups it by area (1.2528ms)
✔ every weapon but the merge evolves with one paired stat at 3 (1.2825ms)
✔ ten cheat weapons can be offered, with the design's level 1 and 5 numbers (0.2978ms)
✔ every 4th offer is weapons only while a weapon slot is open (4.2237ms)
✔ with no cheat weapon held, every offer carries a new weapon (the run starts with the gun alone) (25.9994ms)
✔ a full slot type only offers upgrades to what it holds, and every offer upgrades something held (4.2854ms)
✔ stats that help a held weapon are weighted over ones that help nothing held; a banished card never comes (18.1585ms)
✔ a maxed weapon's paired stat is labelled as completing an evolution, and the evolution becomes ready at 3 (1.0914ms)
✔ Martyrdom and Claymores merge into Bouncing Betty and free a slot for good; Rail Rounds needs Crit and Pierce at 5 (2.0264ms)
✔ Lucky deals a 4th card and sometimes two levels (6.5642ms)
✔ head hits do torso damage unless the Headshots power is held: 2x at level 1, +0.5 a level (0.3429ms)
✔ with a perk slot open, a perk that evolves a held weapon is dealt more often and says so (4.4856ms)
✔ minute stings and boss warnings fire once when the run clock crosses their thresholds (2.3734ms)
✔ the roster runs 21 minutes: at most 3 regular types, every minute swaps one, and bosses at 10 and 20 (0.3007ms)
✔ the crowd starts at about 9 alive, reaches 71 by minute 8, thins on breathers, and empties for a boss (0.1542ms)
✔ each regular has 15% less health and 1/0.85 times the uncapped refill rate (0.2381ms)
✔ scripted squads add proportionate regulars but never extra elites (0.157ms)
✔ health, damage and speed follow the plan's tables (0.1921ms)
✔ 1.5x as many grunts with every other kind's count unchanged (0.1344ms)
✔ the boss slot holds the juggernaut commander at 10:00 and the attack helicopter at 20:00 (0.091ms)
✔ every regular type comes and goes: each is out in at least two minutes and absent from others (0.1922ms)
✔ each type is introduced beside riflemen or cheap pressure before it is doubled up with other hard picks (0.2086ms)
✔ the specialists are capped alive, dogs come in packs, and the RC car and sniper hit with their own damage (0.1231ms)
✔ each elite arrives alone before any two come together, and events never land in a breather or a boss's minute (0.1838ms)
✔ a blow's bearing is measured clockwise from where the player faces (1.2227ms)
✔ the source is the nearest within reach, or none (0.4313ms)
✔ a Soldier's landed shot is the source over a nearer Admin, and only while it is fresh (0.3595ms)
✔ a deposit lands on the area under the body and leaks a fraction to its portal neighbours (4.0616ms)
✔ danger halves every half-life and a quiet map returns to exact zeros (0.8917ms)
✔ a route's danger counts each area it crosses once, samples inside long straights, and a route clear of it reads zero (5.5992ms)
✔ a deposit off the mesh is refused and reset clears everything (0.7236ms)
✔ visual setup names only supported events and commander zones (0.8656ms)
✔ arguments split on whitespace, and quotes keep spaces (0.7681ms)
✔ names match exactly or by a unique prefix, ignoring case (0.354ms)
✔ numbers are bounded, and a left-out optional one takes its default (0.1447ms)
✔ tp takes a place's name or three coordinates (0.3737ms)
✔ every command has help and a unique name (0.2106ms)
✔ every scenario line names a console command and its first argument completes (0.2611ms)
✔ a dog runs faster than the player walks and crouches 700 ms before a 25 bite (0.7271ms)
✔ it lunges only in reach, in sight, rested, and while its pack has room (0.1591ms)
✔ a lunge goes at where the player stood, just past them, and bites a player who stays (0.177ms)
✔ a dog waiting its turn in reach circles out at 3-4.5 m rather than at the player's feet (0.6393ms)
✔ a dog that has just bitten backs out to its hold-off before it crouches again, unless the player keeps closing (0.1029ms)
✔ a drone keeps its own ring 12-20 m out and 4-6 m up, on its own side of the player (2.1223ms)
✔ it holds its point, and hops straight round the ring between bursts (1.3404ms)
✔ a drone is a gun: a locked-on burst that does damage, weaker than a rifleman's (0.1099ms)
✔ a blocked ray lifts it 2 m at a time, never over the ceiling; at the ceiling it turns round (0.1804ms)
✔ it never flies faster than its speed, and eases in at its point (0.7545ms)
✔ walled off, it flies the street route under it at its own height (0.1684ms)
✔ a wedged drone is put back on its own ring, trying its own bearing first and working out both ways (0.2366ms)
✔ off the player's screen, it comes round in front of where they look (0.1231ms)
✔ player starts require a broad street centerline, not an alley or sidewalk (0.8181ms)
✔ player selection varies across the connected arena and never bypasses live clearance (3777.2253ms)
✔ hidden spawn rejects distance, sight, occupancy, and disconnected candidates without a fallback (0.964ms)
✔ changing view or moving the player rechecks actual visibility and distance (0.189ms)
✔ angular selection can approach from every occupied sector, including behind the player (6.699ms)
✔ C follows the waterfront and concave street cuts, excluding river and detached fragments (0.2073ms)
✔ an encounter Admin commits to a goal for 1.5 to 3 seconds (0.7873ms)
✔ a committed goal holds through small changes and lapses on time or a big one (0.1725ms)
✔ a waiting Admin stands its ground in the band around its ring while it sees the player (0.7329ms)
✔ a melee Admin closes the last metres at a steady advance, slower than its walk (0.1589ms)
✔ a wind-up phase is done exactly when its length has run (0.1815ms)
✔ a hit flinches an Admin and cancels its wind-up, but never a committed strike, and not again straight away (0.1866ms)
✔ a body that is where it should be is not stuck (0.6285ms)
✔ a Soldier that has not closed on its target for four seconds is stuck (0.1732ms)
✔ where it is beats what it has done, and falling beats everything (0.1258ms)
✔ a roster arrives in even waves, the first the largest, every enemy once and in roster order (1.1632ms)
✔ rooms pace their fight: engaged caps and waves (0.191ms)
✔ every weapon's sustained damage and time to kill are finite and positive (0.1927ms)
✔ each kind's numbers are the design's (3.7233ms)
✔ every gun can kill from a flank within two magazines (0.7274ms)
✔ at its own range, each kind's answer kills it inside one magazine (1.2976ms)
✔ an SMG rusher prefers a spot off the player's flank or back to one in front of them (0.2568ms)
✔ gunshot layers blend smoothly with bounded weights and preserve reports when voices are busy (1.5894ms)
✔ a flier's rotors rise with its speed, and a pass drops in pitch only slightly (0.1938ms)
✔ closing speed is the velocity along the line to the listener (0.1502ms)
✔ a wreck's hum sags and sputters with its rotors, and dies with them (0.137ms)
✔ a heard flier keeps its voice; a new one takes a free one; the rest wait (0.2041ms)
✔ a dog revs through its crouch and snaps once, on the frame its bite lands (0.2053ms)
✔ a lunge that misses snaps on air as it runs out, and a broken crouch cuts its rev (0.1702ms)
✔ a kamikaze whines through its lock and never snaps (0.1703ms)
✔ a dog at a gallop patters several times as often as a Soldier walks (0.357ms)
✔ an RC car's motor whines louder and higher the faster it drives, and is silent standing (0.1843ms)
✔ an RC car beeps once per period, whatever the frame rate (0.308ms)
✔ a picket chirps when it picks the player up from idle, not when it spawns hunting or changes target (0.0784ms)
✔ a shield rings when what is left of it falls (0.0767ms)
✔ a sentry beeps and a marksman charges on their wind-ups; a shot cuts the charge (0.1266ms)
✔ every enemy loop keeps at most a few voices and is heard no further than a street or so (0.166ms)
✔ the helicopter hovers in the arena, near the player, and comes and goes from outside it (0.804ms)
✔ its flight comes in at cruise height, holds its hover for the drop, climbs away, and is gone (0.2989ms)
✔ the UAV circles high over the player (0.7953ms)
✔ every enemy kind resolves to a finite hittable shape (0.8655ms)
✔ measured enemy models do not draw body geometry outside their hit shape (0.2318ms)
✔ plain humanoids keep their existing generous capsule while attachments opt into measured shapes (0.7613ms)
✔ a blast is full at its centre, the edge damage at its radius, and nothing past it (0.7133ms)
✔ a grenadier's throw lands short of the player on the flight time, then rolls, with most of its fuse left (1.3547ms)
✔ a rocket flies on past where the player stood, and its pass is measured to the chest (0.7827ms)
✔ the grenade warning sits on the side of the crosshair the grenade is on (0.2028ms)
✔ an officer's mortar shells land far enough apart that one circle only ever holds one (0.2532ms)
✔ RPGs at one player shoulder apart, never in step (0.2567ms)
✔ the log keeps events in order with a resumable cursor (1.138ms)
✔ the ring is bounded and says how much history it dropped (0.1743ms)
✔ a cursor resolves the same page however far behind or ahead it is (0.3171ms)
✔ a capacity that could not hold anything is rejected (1.218ms)
✔ the player always leads the scoreboard, whatever the moment (2.4278ms)
✔ standings are deterministic for the same moment (0.1618ms)
✔ every victim name comes from the lobby (0.1782ms)
✔ a hint comes at its moment, once, and the first due wins (0.7821ms)
✔ hints name the player's own keys (0.1683ms)
✔ the save keeps the hints seen, and drops ids it does not know (0.9134ms)
✔ a walking Soldier lands a foot every stride, whatever the frame rate (4.2255ms)
✔ standing still and a teleport land no foot (0.1274ms)
✔ a run is louder than a walk, and a wall takes some of it away (0.1443ms)
✔ only the nearest few inside the range are heard (0.6586ms)
✔ a walk never plays the same take twice in a row, and reaches every take (0.2895ms)
✔ a still camera does not drift (1.0851ms)
✔ forward at yaw 0 is -Z, which is the map's grid north (0.1593ms)
✔ forward follows the pitch, so looking down and pushing forward descends (1.722ms)
✔ lift is world up whatever the camera is looking at (0.1535ms)
✔ a diagonal travels the same distance as a straight line (0.1265ms)
✔ boost and slow scale the base speed and compose (0.1903ms)
✔ the wheel winds the speed within its range and comes back where it started (0.1576ms)
✔ padded navigation tiles emit only their interior and interpolate edge heights (1.0663ms)
✔ tile clipping removes duplicated faces and sub-millimetre boundary slivers (0.9694ms)
✔ a polygon Recast put in the sky is dropped, not clipped, and the ground beside it is kept (0.2406ms)
✔ the ceiling clears the tallest thing in the map, so nothing real is near it (0.143ms)
✔ without a ceiling the crop behaves exactly as it did before (0.0978ms)
✔ the grenade launcher is a small, slow magazine of shells, not rays (0.6591ms)
✔ a shell flies a gravity arc: level at first, then dropping by g t² / 2 (0.6016ms)
✔ the blast is full at its centre, falls to the edge damage at 4 m and stops there (0.1619ms)
✔ a grenadier's lob lands where the player stood, two seconds later, on a high arc (0.6246ms)
✔ its burst is 35 at the centre, falling off to nothing past 3 m (0.1639ms)
✔ nothing recovers inside the five-second window after damage (0.718ms)
✔ a grazed player snaps to full on the frame the delay expires (0.105ms)
✔ a heavily damaged player ramps in ten-point steps every fifty milliseconds (0.1025ms)
✔ recovery from one health takes the delay plus half a second (0.2131ms)
✔ the ramp keeps its wall-clock rate whatever the frame length (0.383ms)
✔ crossing the instant threshold mid-ramp does not skip the rest of it (0.195ms)
✔ a long frame grants every step boundary it swallowed (0.0869ms)
✔ the dead and the untouched are left alone (0.0759ms)
✔ the match reducer restarts the recovery timer on every landed hit (1.1725ms)
✔ a respawned life starts unhurt and unstamped (0.3637ms)
✔ catch-up ticks never pay the same health recovery boundary twice (0.177ms)
✔ the heavy's plate halves a bullet; a blast, a chain and a leak pay in full (1.7743ms)
✔ a heavy takes a machine gun magazine; bigger than a soldier, head and all (0.2681ms)
✔ its armour lets a fifth of a body round through, and its weak spot pays most while it hovers (1.4319ms)
✔ the player's killstreaks hit it harder than any other boss, and other blasts for a share (0.144ms)
✔ a strafing run crosses the player and walks its salvo over where they stood, loosed on the way in (0.3679ms)
✔ it circles over the roofs, and flies straight at its speed, arriving exactly (0.8176ms)
✔ a kamikaze hangs 8-12 m behind the player, 3-5 m up, inside a cone round straight behind (3.8117ms)
✔ its lock is a one-second tell, in sight and in reach, two of a pack at a time (0.6714ms)
✔ the dive goes straight at where the player stood, and bursts on them, on a wall, or when spent (0.192ms)
✔ its blast is 35 at the centre, 10 at 3 m, nothing past (0.1325ms)
✔ every action ships a primary binding, and only crouch a secondary one (0.9506ms)
✔ the shipped defaults are conflict-free and fully bound (0.7441ms)
✔ the shipped defaults match the documented control scheme (0.3044ms)
✔ binding tokens round-trip and reject malformed input (0.2256ms)
✔ the keys and buttons the menu consumes are not assignable (0.2007ms)
✔ debug-build keys stay assignable (0.2887ms)
✔ a secondary binding is added without disturbing the primary (0.2626ms)
✔ assigning does not steal an in-use binding; the clash blocks saving (0.2146ms)
✔ one action holding the same binding twice is a conflict (0.2066ms)
✔ clearing both columns warns but still allows saving (0.8393ms)
✔ a conflict is reported ahead of an unbound row (0.3029ms)
✔ restoring one action's defaults leaves the rest of the scheme alone (0.1214ms)
✔ clone does not alias the source rows (0.0607ms)
✔ a hand-edited file loads as a scheme the menu itself would accept (0.3584ms)
✔ an empty section leaves every action on its shipped default (0.1371ms)
✔ an absent action's default never steals a binding the file assigned (0.1525ms)
✔ a key event matches on logical, physical, or unicode keycode (0.0963ms)
✔ labels cover mouse buttons, named keys, function keys, and printables (0.0845ms)
✔ crouch defaults to C with Ctrl as the second key (0.092ms)
✔ interact and drop have their prompt keys (0.0662ms)
✔ nothing is bound to E or to 1-4, which survival reads itself; interact is F (0.1872ms)
✔ an enemy's kill has no killer and no gun (2.3372ms)
✔ damage that does not kill produces no line (0.1672ms)
✔ a voluntary restart is not a kill (0.1689ms)
✔ earned feedback survives consuming and earning a charge between snapshots (1.0087ms)
✔ Friendly Fire Off prevents every streak blast, including destroyed RC-XD and napalm canisters (0.234ms)
✔ activation gates other streaks globally and the same streak by its equipped cost, without stopping earnings (0.4348ms)
✔ a 30-kill Nuke has a 120 second timer; always-ready testing bypasses both gates (0.1743ms)
✔ Streak Stack and Double Earn hold two charges through a per-streak cooldown (0.4806ms)
✔ prototype never grants damage protection: call-in, entry, full ride and return (0.2692ms)
✔ cover gun has reduced damage and no negative healing (0.2019ms)
✔ prototype rides last seven seconds even with duration upgrades; standard keeps its durations (0.1909ms)
✔ Adrenaline multiplies reload duration and gun damage only while active (0.8002ms)
✔ always ready charges only equipped streaks at the start and immediately after spending (0.3287ms)
✔ the roster has 12 streaks, with no Ground Robot, Cruise Missile or supply drop (0.173ms)
✔ each rung of the run's ladder is earned the moment the counter reaches it (0.1863ms)
✔ a kill inside the window extends the chain; one after it starts a new chain (0.1265ms)
✔ a lapsed chain drops to zero: earned streaks are kept, one of each (0.1468ms)
✔ killstreak kills feed the chain, and what they earn comes marked (⟳) (0.1231ms)
✔ each rung once per chain: a long ride pushes the counter for medals but never re-earns a passed rung (0.0882ms)
✔ Streak Stack holds two of each, and Double Earn gives two a rung (0.1023ms)
✔ the Tactical Nuke is earned once a run (0.1253ms)
✔ callouts land on their milestones only, loudest last (0.1335ms)
✔ the use key fires the newest copy, and says whether it was marked (0.1521ms)
✔ the RC-XD tops out at 14 m/s, boosts to double for 2 s, then recharges (0.3936ms)
✔ napalm lays two rows of fire along the line, and the fire jumps once a burner (0.5566ms)
✔ a dog runs at its target and stops at biting reach (1.5788ms)
✔ guns prefer the nearest living visible dog, but keep the nearer player (0.3549ms)
✔ the second dog on one enemy flanks it rather than standing inside the first (0.3571ms)
✔ streak damage is soldiers at this minute's health, halved on a boss, with falloff (0.1185ms)
✔ the missile starts high behind the player and always dives (0.3201ms)
✔ airstrike and bomber lines land along the chosen direction (0.5342ms)
✔ AC-130 guns: 105 one round then a 5 s reload, which runs while switched away (0.2749ms)
✔ predator launches and its initial ground aim stay inside a supplied circular fixture zone (7.4074ms)
✔ current smaller zones and the solid ceiling constrain the launch without changing control (0.1713ms)
✔ ordinary interior launch retains its original position and heading (0.0976ms)
✔ every streak uses tablet LAUNCH except the helicopter and AC-130 gunners (0.1316ms)
✔ activation: half a second unhurt for any streak, and a fade streak is black, then live, then clear (0.146ms)
✔ a ride's end is the fade run backwards, and the return starts from the black (0.3677ms)
✔ Predator and RC-XD bring the tablet screen to the eye before fading into control (0.1355ms)
✔ aimed airstrikes launch on foot without a targeting camera, extraction or return (0.0845ms)
✔ strike lines require two clicks, reset on cancellation, and reject degenerate confirmation (0.1897ms)
✔ strike preview caps length and all three strike patterns follow the selected endpoints (0.2077ms)
✔ phone ADS lends mouse/fire to the ride while keyboard movement remains available (0.2558ms)
✔ a shot resolves at the moment the shooter says it was rendering (5.7022ms)
✔ a claim about the future is refused down to the newest sample (1.1505ms)
✔ no claim at all earns no rewind, never the maximum (0.3141ms)
✔ a rewind past MAX_REWIND_MS is cut to it (0.1083ms)
✔ the ceiling is measured from the present, not from the newest sample (0.1971ms)
✔ a server stalled longer than the window rewinds nothing (0.1329ms)
✔ a body between two samples is interpolated, not snapped to the nearer one (0.2018ms)
✔ posture and aliveness take the earlier sample rather than being blended (0.0935ms)
✔ two samples stamped with the same millisecond carry no interval to blend across (0.1223ms)
✔ a time outside the history clamps to its ends instead of extrapolating (0.1504ms)
✔ history is evicted once it is older than the window (0.6366ms)
✔ a ray down the middle enters a standing capsule at its near face (0.1871ms)
✔ a ray just outside the capsule radius misses (0.074ms)
✔ the capsule ends where the collider ends, above the head and below the feet (0.0719ms)
✔ a shot straight down enters through the cap rather than missing the cylinder (0.0721ms)
✔ a shot straight up enters through the lower cap (0.0614ms)
✔ a ray starting inside a capsule reports no hit (0.0752ms)
✔ a hit beyond maxDistance is not a hit (0.071ms)
✔ a crouching target's hitbox drops with the collider instead of staying centred (0.3863ms)
✔ the level stops a rewound shot, because only bodies move backwards in time (0.1464ms)
✔ the nearest body takes the round, and ties break on the lower id (1.2159ms)
✔ a piercing round is spent on every body in the line, nearest first (0.362ms)
✔ a ray level with the head is a headshot, and one below it is a body hit (0.2412ms)
✔ the head region can never turn a miss into a hit (0.4913ms)
✔ a crouched player's head drops with the collider, like the rest of their hitbox (0.1392ms)
✔ a shot the Aimbot would take enters the torso and never touches the head (0.2485ms)
✔ a body that was dead at the rewound moment cannot be hit (0.0738ms)
✔ a strafing target is hit where the shooter saw it, not where it has got to (0.219ms)
✔ colour carries damage: white for a graze, red at half a health bar (0.7727ms)
✔ every weapon's round lands somewhere on the ramp rather than off the end of it (0.1689ms)
✔ shooting the same spot amplifies the colour, not the size (0.2715ms)
✔ a round outside a live ripple, or one that has gone, opens its own (0.1547ms)
✔ the ring overwrites the ripple that has been showing longest, and never grows (0.127ms)
✔ the ring reports itself dead once its last ripple is over, so the shader can skip its whole test (0.0998ms)
✔ a ripple on a body is narrower than one on the street, so a head shot reads as a head shot (0.0791ms)
✔ a cheat's ripple covers the gun in the hand rather than a patch of it (0.0767ms)
✔ ring pressure evicts the least recently hit patch rather than a sustained break (0.1419ms)
✔ a long burst keeps one original break alive and releases it after the final round (0.1939ms)
✔ short bullet hits do not evict a boss break before its recovery (0.7508ms)
✔ weapon fracture sizes distinguish a sidearm, sniper and blast without growing on repeated hits (0.1682ms)
✔ a mark held in a body's frame rides the body as it walks and turns (0.2006ms)
✔ stream alerts appear one at a time and clear between runs (1.4174ms)
✔ hype train fills from tips and big plays, rate limits bursts, and caps its end bonus (0.8017ms)
✔ tips grow with the audience: about $15 a minute at 15 viewers and $130 at 500 (0.2053ms)
✔ a big moment tips, builds hype and brings viewers; quiet drains it and viewers leak (0.6516ms)
✔ death clears hidden hype and costs fewer viewers on a ride; a raid brings viewers (0.419ms)
✔ a held stream (a breather, an open box) neither drains nor leaks (0.2208ms)
✔ the style bonus scales tips and never goes below ×1 (0.274ms)
✔ a missed challenge and a death are $1 each; a done challenge pays its price (0.2661ms)
✔ families open as the audience grows (2.7143ms)
✔ a challenge comes in 45-75 s after the last, pays when done and is an L when missed (1.9745ms)
✔ 5 aimbot kills in 15 s completes; spread out it doesn't (0.5234ms)
✔ knife the next elite fails if the elite dies to anything else (0.2271ms)
✔ no ADS for 30 s: aiming fails it, keeping off it and killing passes (0.2812ms)
✔ a detected style leans half the challenges toward it (1.3812ms)
✔ TipBot reads challenges and $10+ tips with a message, one every 12 s (0.5102ms)
✔ TipBot's nuke line interrupts speech and a streak hold (0.1132ms)
✔ streamer reactions pick one headline by priority and respect shared and local cooldowns (0.1342ms)
✔ a spotlight brings a visible viewer spike without losing the previous peak (0.0905ms)
✔ TipBot drops stale tips and reads numbers in words (0.1382ms)
✔ a stream settles one account score, and LiveTube appears at 50 (0.4671ms)
✔ the best account and million-follower win survive a weaker next account (0.193ms)
✔ completed train levels pay alongside tips at stream end (0.1188ms)
✔ the LiveTube shop opens at milestones and spends the wallet (0.3181ms)
✔ promote adds starting viewers; subs, ads and the sponsor pay (0.1859ms)
✔ a pinned request pays when the next stream plays it, else expires (0.1109ms)
✔ the channel save round-trips and survives garbage (0.4224ms)
✔ overlaps settle Control, then Chain Reaction, then Sharpshooter, then the weapon (0.2868ms)
✔ a style needs 40% of the kills, and is only worked out after 40 (0.2761ms)
✔ variety pays, repeats cost nothing, and the best case is +80% (0.2088ms)
✔ feats pay once each (0.8571ms)
✔ a style request asks for something playable and not recent (6.5123ms)
✔ mantling locks attacks and swapping without changing either gun's ammunition (2.4785ms)
✔ a death or voluntary respawn clears the mantle lock (0.4529ms)
✔ the mantle clock has ordered holster, grab, climb and equip intervals (0.6624ms)
✔ the path clears the wall vertically before moving across and never overshoots (0.7456ms)
✔ the frame is the manifest's own origin and chunk size (1.5184ms)
✔ every manifest chunk is the chunk its own bounds fall in (0.3617ms)
✔ chunk ids floor toward negative infinity (0.1554ms)
✔ the origin is the manifest's lat/long, and -Z is north (0.2709ms)
✔ the approximation lands within a few metres of the manifest's own corners (11.0521ms)
✔ a position report names every frame it prints (0.3337ms)
✔ a marksman aims 1.5 s with its laser, then hits a still player for 40 across the street (0.831ms)
✔ the sniper and DMR answer the marksman in one or two at its range (0.2801ms)
✔ a sniper aims only from in front of the player, one at a time (0.1788ms)
✔ snipers at one player together fire no faster than one alone (0.1109ms)
✔ run armour absorbs before health and never regenerates with health (3.0455ms)
✔ input boundary rejects malformed values and clamps movement (1.4331ms)
✔ the pistol reloads between magazines but never exhausts its reserve (0.8531ms)
✔ survival's machine gun has unlimited ammunition but still reloads every magazine, Fat Mags included (1.8288ms)
✔ shotgun magazines refill only from a finite reserve that spawns with two magazines (0.5598ms)
✔ infinite ammo permits firing after both reserve and magazine reach zero (0.2071ms)
✔ shared protocol schemas validate every client input boundary (0.1111ms)
✔ sprinting blocks fire until the weapon has come back up (0.3944ms)
✔ the sprint-stop window covers the posture and the raise it leaves behind (0.2512ms)
✔ a sprint-fire pull winds the speed down to the walk it fires at (0.2909ms)
✔ the sprint weapon-raise never shortens a longer draw lock, and death clears the sprint (0.4358ms)
✔ a match runs on the limits it was configured with, and its clock running out ends nothing (0.156ms)
✔ a configured lobby cap turns the extra player away (0.1499ms)
✔ the configured limits survive an empty lobby and a restart (0.1964ms)
✔ the shipped defaults are what a match with no configuration runs on (0.0893ms)
✔ clampMatchRules refuses limits the rest of the game cannot serve (0.1475ms)
✔ a waiting server starts the match clock when the first player connects (0.0819ms)
✔ the lobby holds one runner and sanitizes display names (0.0682ms)
✔ weapon swap toggles the primary and the pistol while preserving each magazine (0.1606ms)
✔ a debug-equipped weapon resets to the run's starting weapon on respawn (0.1232ms)
✔ an enemy's kill leaves a death credited to nobody (0.0746ms)
✔ debug invincibility ignores all but forced damage (0.104ms)
✔ firing stamps a server-owned radar reveal at the position the shot came from (0.0966ms)
✔ death clears the radar reveal so a corpse never keeps pinging (0.0813ms)
✔ merging an unread intent keeps the newest state and every press (0.2423ms)
✔ a refused shot names combat's reason, and says whether it passes on its own (#601) (0.145ms)
✔ an identical state reports nothing at all (2.7118ms)
✔ a death reports the life it ended and the return it reserved (0.8035ms)
✔ a respawn is reported as its own transition, with the life it came back on (0.2443ms)
✔ armor is reported at the moment it is spent (0.1918ms)
✔ joining and leaving are reported (0.4497ms)
✔ a death records its corpse and the body does not expire on a clock (0.8556ms)
✔ the enemy roster is reported as arrivals and departures (0.7862ms)
✔ a roster that only changed its targeting reports nothing (0.2542ms)
✔ a medic holds up every other enemy inside its radius, and no other medic (1.1551ms)
✔ regen waits out the delay after a hit, stops at the overhealth cap, and carries fractions (0.7803ms)
✔ the rules raise a mended enemy toward its cap and strip overhealth from one no longer listed (2.0641ms)
✔ a knife hits the nearest enemy in reach and in front (1.2211ms)
✔ nothing behind or beside the player is knifed (0.1379ms)
✔ an enemy just out of reach straight ahead is lunged at; one off to the side is not (0.7646ms)
✔ a target in reach beats a nearer-looking lunge; walls and height rule enemies out (0.1324ms)
✔ the facing, not the lock, picks the target (0.1041ms)
✔ a lunge stops short of the target (0.0764ms)
✔ the knife kills outright except elites and bosses (0.1215ms)
✔ an enemy that has done nothing is not on the map (1.156ms)
✔ a dead enemy is never on the map, even under Maphack (0.1217ms)
✔ Maphack draws every living enemy at full strength (0.1637ms)
✔ an enemy close enough to hear is on the map without firing (0.1272ms)
✔ an enemy the player can see is on the map (0.1126ms)
✔ a shot puts an enemy on the map and it fades out (0.1693ms)
✔ a melee enemy squaring up gives itself away too, and standing still does not (0.0913ms)
✔ the strongest reason wins: a firing enemy standing next to you is solid (0.0844ms)
✔ footsteps follow ground material and sprint cadence without changing movement (0.9864ms)
✔ landing compresses under half a degree and settles fully (0.2214ms)
✔ dash direction has equal reach sideways and forward, and rotates with yaw (0.6853ms)
✔ the base speed is Call of Duty 4's, converted once into metres (0.1282ms)
✔ each weapon carries Call of Duty 4's published mobility, hip and aimed (0.2607ms)
✔ posture and cheat multipliers compose into one ground speed (0.2132ms)
✔ the movement direction is unit length forwards and zero when nothing is pressed (0.9457ms)
✔ strafing and backpedalling are slower than advancing, and bend a diagonal (0.2321ms)
✔ a jump reaches Call of Duty 4's own apex, and no further (0.3594ms)
✔ a grounded jump takes the impulse and a crouched one does not (0.2384ms)
✔ gravity integrates only while airborne, and identically at either tick rate (0.1338ms)
✔ the head region lies wholly inside the capsule, so regions cannot make a player bigger (0.1735ms)
✔ the head is a tenth of the silhouette a standing player presents (0.1073ms)
✔ the head follows the capsule top down into a crouch rather than staying where it was (0.1107ms)
✔ the Aimbot aim point is clear of the head region in both postures (0.1242ms)
✔ an eye height is inside the head, which is why nothing may aim with one (0.1122ms)
✔ the client catches a dash cooldown the server cut short (0.114ms)
✔ both word lists hold fifty distinct words (0.636ms)
✔ every name fits inside the cap that sanitizeName truncates at (0.1767ms)
✔ words are printable ASCII, so sanitizeName passes them through unchanged (0.7908ms)
✔ rolls index the two lists independently and stay in range (0.1554ms)
✔ a random name takes one adjective and one noun, in that order (0.5292ms)
✔ a ladder link reverses and a drop does not (0.7011ms)
✔ a link is never cheaper than the ground it replaces (0.1957ms)
✔ a jump across is one a walking player makes: inside the reach and under the height of a jump (issue #275) (0.13ms)
✔ link kinds round-trip through their codes (2.9883ms)
✔ pending navigation keeps the safe old path and does not age an unanswered plan (16.9969ms)
✔ an unanswered first route waits safely; moving the target and resetting cancel obsolete requests (12.211ms)
✔ body and floor points differ by the capsule's half height and round-trip (0.1501ms)
✔ pathLength measures across the floor only (0.1253ms)
✔ pathPassesNear measures to the legs, not only the corners (0.1401ms)
✔ pointAlongPath walks the legs and stops at the end (0.128ms)
✔ the flat fixture map snaps within its floor, refuses the air, and walks round a hole (3.3541ms)
✔ a new weapon card says it is new, what it does at level 1, and the slot it takes (1.8174ms)
✔ an upgrade card reads its level now and next (0.2537ms)
✔ the card that makes an evolution ready says it completes it (0.5392ms)
✔ a stat only moves toward an evolution whose weapon is held (0.2377ms)
✔ a new perk says so and counts the run's perk slots, 3 to start and more with Extra Perk Slot (0.2705ms)
✔ a card says how far it goes, and what the last slot closes off (0.251ms)
✔ an evolved weapon's slot reads as its evolution (0.191ms)
✔ Lucky's two levels show in the note and the next level (0.0999ms)
✔ a stat says what it helps, marking what the build holds (0.2351ms)
✔ slots: a maxed weapon has no next level, and a ready one says so (0.2689ms)
✔ the gun lists Rail Rounds and the view's build round-trips (0.2228ms)
✔ there are eight zone areas, each of real polygons (0.6528ms)
✔ a point is inside a square and not outside it, and knows how far the edge is (0.1888ms)
✔ a lane is as wide as asked, all the way along (0.1369ms)
✔ the fence runs end to end along open ground and stops at buildings (17.7208ms)
✔ the heartbeat starts under 30% health and races towards death (0.6182ms)
✔ a snapshot is measured against the frame it answers for, not the newest one (1.9489ms)
✔ an acknowledgement between two predicted frames uses the newer one it covers (0.4855ms)
✔ drift is corrected and a teleport is snapped (0.1801ms)
✔ an unanswerable acknowledgement snaps, but a stale one is ignored (0.1385ms)
✔ an acknowledgement newer than anything predicted is refused rather than mismeasured (0.1143ms)
✔ applying a correction shifts the frames predicted after it, so it is not counted twice (0.214ms)
✔ an intent merge puts the server's jump a sequence later than the client's, and bounds the error that leaves (0.5362ms)
✔ history is bounded, keeping the newest frames (0.2834ms)
✔ a correction offset halves over its half-life and is dropped once invisible (0.3632ms)
✔ the room-clear beat punches in fast, eases back, and ends at rest (0.6773ms)
✔ kill-feed rows enter quickly and settle without overshoot (0.5871ms)
✔ low-ammo cue fires only when shooting across the quarter-magazine threshold (0.1102ms)
✔ a hit shakes in proportion to its damage, never past the cap, and not at all when turned off (0.2135ms)
✔ Admin deaths within two seconds chain into DOUBLE, TRIPLE and beyond; a gap starts over (0.1516ms)
✔ the SMG fires fastest, handles quickest and owns the first ten metres (1.0065ms)
✔ one DMR pull is a 3-round burst: a body burst leaves a soldier standing, a head burst does not (0.1946ms)
✔ roguelite reloads take one and a half times as long; every other mode keeps its own (1.9746ms)
✔ interaction picks the nearest candidate on the look ray and in reach (1.9701ms)
✔ a run wakes with the pistol alone, a plinth arms it, a clear refills it, and a reset takes it back to the pistol (3.8875ms)
✔ voluntary restart immediately clears a live run without a death or reserved respawn (0.355ms)
✔ real deaths keep their summary delay; an explicit restart can leave that screen immediately (0.3269ms)
✔ an enemy's room is the one the player stands in, or the live room when they are in none (0.3207ms)
✔ requests do no work and catch-up ticks cannot refresh the drawn-frame budget (1.0214ms)
✔ time and step limits stop the pump, with remaining owners first next frame (1.4648ms)
✔ dormancy, obsolete requests and fence resets close generators without applying their answer (0.6258ms)
✔ touched jobs still expire; abandoned jobs are removed and owner capacity is bounded (0.1707ms)
✔ a seeded stream repeats for its seed and labels, and differs for any other (2.273ms)
✔ seeds print as eight hex digits and parse back from either form (0.5222ms)
✔ the sandbox map is the three pieces it is meant to be, and nothing else (0.8024ms)
✔ every box sits inside the ground plane's extent (0.2454ms)
✔ every committed mesh name resolves to the semantic class the generator recorded (570.7419ms)
✔ water, cables and drawn-only detail are the surfaces a body passes through (0.1205ms)
✔ a detailed building collides as its solid shell, not as the walls its windows are cut out of (0.1748ms)
✔ a fresh install still names the two things a reset touches (1.3633ms)
✔ every category at once fits the rows the panel builds (0.3533ms)
✔ a category with nothing in it is left out rather than listed as empty (0.1729ms)
✔ counts read as English at one (0.4319ms)
✔ the phase follows the run: menu, walking, fighting, a boss, and the end (0.9005ms)
✔ every phase asks for exactly one track, and a fight and a boss sit over the calm one (0.4896ms)
✔ death silences the score and the city, so the loss sting stands alone (0.737ms)
✔ battle music follows confirmed outgoing and incoming shots, including misses (0.183ms)
✔ the battle layer expires while enemies remain alive, on the server clock (0.1578ms)
✔ its plate takes a quarter of a front round, its back pays half again, a flank pays in full (0.9392ms)
✔ its beam sweeps its arc back and forth and never leaves it (0.5141ms)
✔ it locks when the beam crosses the player, and cannot turn to face behind its van (0.8152ms)
✔ the van parks across the street and the turret stands on its roof (0.7061ms)
✔ the shield covers its front arc and nothing behind or beside it (0.6342ms)
✔ frontal bullets cannot wear down a shield; a flank or blast can hurt it (0.288ms)
✔ the planted pistol charge opens the shield to frontal fire (0.1102ms)
✔ a frontal shield hit cannot wear down its pool or body (0.9972ms)
✔ the weapon table: rifles burst from long range, pistols fire fast from mid, shotguns hit hardest up close (1.0415ms)
✔ every Soldier is deadlier than the Gunner it replaces (13 damage every 2 s, 90% up close) (0.1331ms)
✔ aim falls off with distance and with the target's movement (0.3698ms)
✔ a shotgun's pellets lose damage past point blank; rifle and pistol rounds do not (0.1031ms)
✔ an aim and the cadence gate every volley (0.114ms)
✔ the shot-token budget caps guns on the player at once, keeps a close shotgun's spare, and takes back stale tokens (0.3702ms)
✔ a Soldier picks a spot in its own band, beside cover, off another's line of fire (0.8264ms)
✔ encounter entries carry their kind, numbered on from the run's count, and spawn with their kind's health (0.2073ms)
✔ squad spacing is each Soldier's distance to its nearest squadmate, averaged, and the smallest of them (0.1601ms)
✔ a Soldier will not stand on a squadmate's spot, and holds its own range inside its band (0.2693ms)
✔ a shotgun waiting its turn to push holds a mid ring; the other guns are unchanged (0.1699ms)
✔ a Soldier that can route nowhere asks again after a growing wait, not every tick (0.505ms)
✔ a stranded squad's route queries stay inside one tick's budget plus one pick (1.3009ms)
✔ the spawn clearance keeps two standing capsules apart, and every ring position clears the point it surrounds (1.2702ms)
✔ a spawn point is occupied by a standing body within the clearance on the same floor, and by nothing else (0.1592ms)
✔ a taken spawn stands the player at the first clear, standable ring position, and gives up only when every one is taken (0.2667ms)
✔ a body that has not moved and is still pushing the same way skips the climb (0.6451ms)
✔ any movement at all, or any change of push, misses (0.1794ms)
✔ a memory is retried rather than trusted for ever (0.1451ms)
✔ a motion that has slid away to nothing is not worth a collision (0.8454ms)
✔ a new save owns the kit's two streaks in two slots (1.5872ms)
✔ testing unlock exposes the full roster and five slots, then restores purchased slots (0.3983ms)
✔ slot cards add slots up to five; Double Earn needs Streak Stack (0.154ms)
✔ buying RC-XD before a third slot is the first real choice: it waits outside the loadout (0.205ms)
✔ a slot takes any owned streak, swapping one already equipped, and can be emptied (0.2003ms)
✔ the ladder is the loadout by cost, keys 1 to N cheapest first (0.128ms)
✔ Hardline cuts 15% a rank, rounded, never below 2, and two never share a cost (0.171ms)
✔ the loadout travels in the run command and in the save (0.5765ms)
✔ ban wave is fixed per account and shop ranks extend it (0.6784ms)
✔ new account starts from an audience and a share of the last account (0.118ms)
✔ one account wins at a million and keeps the best score after losses (0.232ms)
✔ a killstreak ride death loses less audience (0.7754ms)
✔ growth cards make the same viewer moment earn more followers (0.1308ms)
✔ respawn selects the nearest clear street point (0.3232ms)
✔ the pools are large, short and free of duplicates (0.9888ms)
✔ a viewer keeps one colour (0.2401ms)
✔ templates take the streak and cheat names (0.1358ms)
✔ lines never arrive closer than the minimum gap, even in a flood (2.1298ms)
✔ background chatter keeps talking with nothing happening (0.1746ms)
✔ chat reacts to the event it was told about, a little late like real chat (0.2677ms)
✔ a more important event jumps the queue (0.1259ms)
✔ big-play events produce authored bursts while preserving the chat pace (0.501ms)
✔ headline emotes form bounded waves and a repeat grows the combo (0.2927ms)
✔ death has its own emote and Settings can silence emote waves (0.3855ms)
✔ a long quiet stretch gets called out (0.4103ms)
✔ stale reactions are dropped instead of arriving late (0.6206ms)
✔ kills close together become one multi-kill (0.2109ms)
✔ older lines are fainter and old lines fade out (0.075ms)
✔ the small channel's chat is about 600 lines, all short (0.7032ms)
✔ regulars greet the stream and remember the dog deaths (2.796ms)
✔ tips and challenges arrive at once as their own kinds of line (0.3669ms)
✔ a big channel is a fast swarm, and mods strike the spam (0.8385ms)
✔ chat teases a repeated build and cheers a new one, never naming a style (0.5534ms)
✔ disabling emotes clears a pending wave and stops swarm glyph chatter (0.4385ms)
✔ sniper pressure scales with live audience (0.8341ms)
✔ each sniper has a visible cheat kit, respawn threshold and audience (0.1943ms)
✔ bot kills transfer viewers and killing a sniper has a bigger swing (1.2393ms)
✔ a sniper quits after tier-based viewer loss from its highest audience (0.1281ms)
✔ outdraw requires a sustained lead and leaves with a bounded audience chunk (0.1392ms)
✔ the sniper targets a nearby regular bot and its hit has no player attribution (0.2196ms)
✔ rarity follows the weights, over the tiers unlocked only (1.8784ms)
✔ a blue card is a weapon or perk; higher cards deal an exclusive one tier above its own (0.3246ms)
✔ every crate offer has at least three distinct valid choices as pools drain (4.4328ms)
✔ crate armour plate is repeatable and only comes from a crate offer (0.2698ms)
✔ crates come often early and ease off: one curve (0.243ms)
✔ the jitter bag holds evenly spaced factors around 1 (1.7213ms)
✔ each later gap is the pace at that minute, jittered by a marble (0.5628ms)
✔ each bagful deals every marble once before any repeats, and refills when empty (0.461ms)
✔ the first crate comes 30-60 s in (0.2467ms)
✔ a dropped crate falls, bounces and settles on the floor, never above or below it (1.1256ms)
✔ a crate that drifts into a wall bounces off it and still settles on the floor (0.1928ms)
✔ Better Loot moves odds from blue to purple (0.1005ms)
✔ compound names resolve to the surface a bullet actually strikes (2.2704ms)
✔ classification ignores the case a source material happens to be named in (0.1321ms)
✔ an unrecognised material falls back to the default rather than failing (0.1398ms)
✔ every rule names a real surface family and matches on lower-case tokens (0.2875ms)
✔ a name that says what it is made of beats a name that only implies it (0.1628ms)
✔ no rule's tokens are shadowed by an earlier rule's (0.9316ms)
✔ isSurfaceKind accepts exactly the published families (0.1277ms)
✔ an asset's triangles group into one entry per surface family (0.8156ms)
✔ adjacent runs of one family become a single range (0.1817ms)
✔ a family that reappears later joins the group it opened (0.2168ms)
✔ empty runs and an empty asset produce no group at all (0.2264ms)
✔ the penetration table answers for every surface family, and reads as thin versus structural (0.1636ms)
✔ penetration cost rises with how solid the family is (0.1256ms)
✔ a stream's tips go into the wallet whole, with the shelf's next cards (1.5125ms)
✔ floor rewards collect once, expire, and only pull visually toward a nearby player (0.3085ms)
✔ quick pickup chains rise by at most three semitones and reset after a gap (0.1337ms)
✔ a new save is the kit: three cards a box, no rerolls, no radar, finite ammo, the base streak pair (0.8433ms)
✔ owned cards change the run (0.3516ms)
✔ a broken or old save is a fresh save, and a good one survives a round trip (1.2487ms)
✔ a run's cards fit a survival command, and come back as they went (0.4058ms)
✔ repeatable Stream Boost survives save reloads and increases future income (0.4838ms)
✔ account shop ranks tune follower growth, starting audience, carryover and ban delay (0.3145ms)
✔ a roster names every enemy once, a special by its kind and a gun as a soldier (1.1895ms)
✔ an enemy spawns with its kind's health and takes every bullet in full (1.2112ms)
✔ the roster holds exactly what the run placed, whatever the player's risk (0.2737ms)
✔ an enemy whose health empties dies and leaves the roster, recorded as admin.died (0.4168ms)
✔ an enemy keeps its wounds: no regeneration however long it waits (0.3172ms)
✔ enemies hunt a player with no exposure, at any distance, and a dead one breaks the commitment (0.3604ms)
✔ removing the encounter drops every enemy as a despawn, not a death (0.1868ms)
✔ an enemy arrives before it acts (0.1223ms)
✔ a dropped grenade clinks off the floor, bounces, then rolls to rest on it (3.2772ms)
✔ a wall sends it back (0.212ms)
✔ paths play back between keyframes and hold at the end (0.6292ms)
✔ a tick's rays are granted up to the limit and refused after it, and counted either way (1.0237ms)
✔ a new player has no reload, no queued pull, no wind-down, no latch and no shot yet (1.2859ms)
✔ a reload starts once, completes into the magazine and clears (0.5489ms)
✔ a magazine inserts once before the ready frame and survives a later cancel (0.1567ms)
✔ a reload for a weapon that is not in hand is refused (0.0779ms)
✔ a cancelled reload clears without moving a round, and cancelling nothing is a no-op (0.0876ms)
✔ a fired round stamps the cadence clock (0.066ms)
✔ queued pulls and the sprint latch toggle, and repeating a value returns the same state (0.081ms)
✔ death clears every per-life trigger fact, and a respawn keeps the cadence clock (0.3189ms)
✔ one shotgun shell samples eight pellet rays without multiplying its total damage (1.5799ms)
✔ every weapon category has its own hip-fire cone, and the sights close it (0.2182ms)
✔ aiming is pinpoint on every weapon but the shotgun (0.2281ms)
✔ firing displaces the view, and the view settles back to the shooter's own aim (1.2232ms)
✔ movement, crouch, sustained fire, and recovery use each category's authoritative tuning (0.3663ms)
✔ authoritative dispersion samples stay inside the current cone (0.2453ms)
✔ reticle projection represents the same authoritative cone angle (0.1285ms)
✔ a round's climb and its wander are drawn separately, in Call of Duty 4's proportions (0.2959ms)
✔ the wander settles back to the shooter's own aim from either side (0.2019ms)
✔ every Call of Duty 4 weapon's falloff is that game's, ranges verbatim and floors as a ratio (0.9061ms)
✔ the sniper rifle is the one weapon whose damage never degrades (0.3407ms)
✔ damage is held to the full-damage range, interpolated, then floored (0.1682ms)
✔ reaching the floor costs each weapon a stated fraction of its damage (0.28ms)
✔ a shotgun shell falls off pellet by pellet, on each pellet's own reach (0.1615ms)
✔ a hit too small to feel is not a hit at all (0.1507ms)
✔ reach stops being a balance number and effective range takes its place (0.6702ms)
✔ a sniper body shot no longer kills, and the rifle keeps its identity in reach instead (0.166ms)
✔ a headshot is worth 1.5x on every weapon that rewards precision, 2x on the DMR, and nothing on the shotgun or the launcher (0.1913ms)
✔ the head multiplier composes with the falloff rather than replacing it (0.2392ms)
✔ a headshot cannot rescue a hit too small to feel (0.1124ms)
✔ cover a round crossed composes with the falloff and the head multiplier (0.2904ms)
✔ a round that cover reduced below the registration floor lands as nothing (0.106ms)
✔ a Buckshot shell buys back the one-shot kill #304 took, at the range every pellet still fits (0.1135ms)
✔ a Buckshot pellet keeps the rifle's head multiplier and its refusal to fall off (0.1136ms)
✔ the Buckshot cone is what limits the shell's range, and it is the shotgun's own width (0.1564ms)
✔ weaponShell is every weapon's own round, so an ordinary shot is unchanged (0.1778ms)
✔ a shot-down flier spirals and lurches down, never through the street, and lands when it should (3.9775ms)
✔ its rotors sputter as it falls and stop when it hits (0.2361ms)
✔ it bounces and skids on the street, bursts when the skid runs out, then lies a moment (0.1445ms)
✔ one killed on the street skids and bursts at once; a fall has a floor (0.7582ms)
ℹ tests 693
ℹ suites 0
ℹ pass 693
ℹ fail 0
ℹ cancelled 0
ℹ skipped 0
ℹ todo 0
ℹ duration_ms 4169.5265
[11/12] game-rules: ok in 9.0 s

[12/12] godot-cli

> @godmode/godot-cli@0.1.0 test D:\work\godmode-roguelite-worktrees\land-livetube-juice-20261007\tools\godot-cli
> pnpm run build && node --test dist/test/unit/**/*.test.js dist/test/fake-engine/**/*.test.js


> @godmode/godot-cli@0.1.0 build D:\work\godmode-roguelite-worktrees\land-livetube-juice-20261007\tools\godot-cli
> node -e "require('node:fs').rmSync('dist/test',{ recursive: true, force: true })" && tsc -p tsconfig.json

✔ concurrent screenshots for one project are serialized (485.7303ms)
✔ concurrent screenshots across different projects are also serialized (482.2267ms)
✔ game play still blocks when a launch-critical resource remains unimported (185.2422ms)
✔ game play starts nothing when compilation fails (155.8299ms)
✔ stale process records never signal an unrelated live process (402.3804ms)
✔ invalid Godot executable returns a versioned failure (191.5633ms)
✔ screenshot timeout kills a hung Godot process and reports diagnostics (1034.4852ms)
✔ a frame-time window outside its bounds is refused before anything is measured (556.9938ms)
✔ project import refreshes source assets with existing cached outputs without starting the game (421.63ms)
✔ project import reports a versioned failure when assets stay unimported (304.5316ms)
✔ game export imports first, creates the output directory, and proves the file was written (366.077ms)
✔ game export runs an optional project export check before importing or packaging (234.6246ms)
✔ game export without --output writes where the preset's own export_path points (560.5985ms)
✔ game export drains the deferred character-GLB backlog instead of handing it to the exporter (327.6375ms)
✔ project import still defers the character-GLB backlog rather than draining it (117.8771ms)
✔ a fault on the first import attempt is not reported once a later attempt exits cleanly (157.6919ms)
✔ game export gives up on a backlog that never drains rather than launching the engine forever (377.5148ms)
✔ game export fails loudly when Godot exits cleanly but writes nothing (297.2705ms)
✔ game export reports a missing preset file rather than launching Godot (61.0791ms)
✔ an export retries when the engine crashes reimporting, and gives up on a real export failure (613.6056ms)
✔ game export refuses stale cached sources after an import fault and packages their refresh (716.1605ms)
✔ runtime action exits non-zero on a refusal unless the caller allows it (#597) (233.1357ms)
✔ runtime action waits out a notReady refusal and never excuses an invalid one (#601) (1160.356ms)
(node:38936) [DEP0190] DeprecationWarning: Passing args to a child process with shell option true can lead to security vulnerabilities, as the arguments are not escaped, only concatenated.
(Use `node --trace-deprecation ...` to show where the warning was created)
✔ a capture refuses when the project's capture:check fails (204.4035ms)
✔ --allow-unchecked skips the check, and a passing check lets the capture through (181.7372ms)
✔ a project without capture:check, or without a package.json, captures as before (4.3604ms)
✔ shader baking retains the GPU during export; ordinary exports stay headless (1.8487ms)
✔ Windows imports and pending macOS HDR imports use a GPU; Linux imports stay headless (0.4664ms)
✔ a capture tells the runner the window it wants, not only the engine (0.3226ms)
✔ macOS keeps a small window edge drawable and can request Compatibility (0.1485ms)
✔ pngDimensions reads a real PNG's IHDR and refuses anything else (16.232ms)
✔ parseGlobalOptions separates global flags (0.1549ms)
✔ takeOption removes a named option (0.0912ms)
✔ managed game instance names are safe for process files (0.185ms)
✔ game play plan compiles before launching a client on the main menu (0.5022ms)
✔ scene create, inspect, and edit form a safe local flow (8.2584ms)
✔ scene parser accepts attribute order and editor rejects unsafe structures (8.2806ms)
✔ project path validation reports missing and invalid projects (1.6731ms)
✔ versioned command envelopes validate success and failure output (0.2459ms)
✔ projectInfo reads Godot metadata and scenes (3.6216ms)
✔ runtimeInspect reads a development bridge snapshot (20.3703ms)
✔ runtime inspection filters nodes and runtime actions post JSON (24.2457ms)
✔ managed capture targets the named instance inspection bridge (7.8749ms)
✔ leasePort returns a usable port even before this machine has any managed-process state (46.4136ms)
✔ leasePort retries past a port already held by a live managed instance (1029.1617ms)
✔ leasePort retries past a live instance whose start token could not be read (626.8168ms)
✔ leasePort reuses a port recorded by a no-longer-owned (stale) instance without retrying (328.0112ms)
✔ resolveInspectionUrl addresses a run by --instance instead of a bare port (7.0778ms)
✔ a record a machine-wide listing removes leaves a note saying who removed it and why (1913.0792ms)
✔ game stop leaves a note for both a stale record and a real stop (2885.9304ms)
✔ a record that exists but cannot be read reports the read error and no removal (3.9509ms)
✔ readProcessStartToken says why no token came back (893.2307ms)
✔ game ps lists live and stale instances scoped to their own project, and --all spans every project (1916.5025ms)
✔ game ps --all keeps a live record whose start token could not be read, and removes only proven-stale ones (3641.7187ms)
✔ game stop neither signals nor forgets an instance whose start token could not be read (2562.0885ms)
✔ the Windows start token comes from CIM rather than the removed wmic (0.3092ms)
✔ termination escalates from a graceful attempt to a forced one on both platforms (0.1284ms)
✔ the build plan uses the shell only for the Windows pnpm shim (0.1666ms)
✔ processStartToken reads a live process and reports a dead one as null (801.9416ms)
✔ currentPlatform matches the host this suite is running on (0.1971ms)
✔ export presets are read from the file in order, ignoring unnamed entries (0.289ms)
✔ a preset's export_path names the artifact, and options blocks cannot supply one (0.3091ms)
✔ a preset's platform and options are read together, bounded by the next section (0.3002ms)
✔ a Windows preset asking for D3D12 expects the Agility SDK runtime under its arch directory (0.285ms)
✔ an explicit Yes stages the runtime whatever the project's renderer says (0.1991ms)
✔ multiarch off puts the same runtime beside the binary instead of under an arch directory (0.1035ms)
✔ D3D12 export set to No, or a non-Windows preset, expects no runtime at all (0.0998ms)
✔ D3D12 export left on Auto follows the project's renderer settings (0.0715ms)
✔ a complete Agility SDK runtime beside the binary reports no missing files (3.7478ms)
✔ a missing Agility SDK runtime is named file by file, with the rename as the remedy (2.6335ms)
✔ a preset that asks for no runtime is complete with nothing staged (0.2134ms)
✔ export templates resolve under the exporting account's APPDATA, keyed by version without the build suffix (0.4053ms)
✔ a self-contained editor keeps its export templates in editor_data beside itself (0.2972ms)
✔ export templates follow the host's data directory, and a preset's custom template overrides them (0.2491ms)
✔ a missing runtime names the templates directory and which arch-qualified sources it holds (3.7335ms)
✔ contained paths reject Windows escapes that leave no '..' behind (0.3523ms)
✔ contained paths behave the same way under POSIX semantics (0.1281ms)
✔ an import launch that hangs is stopped by its own timeout and named as one (911.2371ms)
✔ a drain that keeps making progress still stops at its wall-clock budget (369.8207ms)
✔ a drain clamps each launch to the budget it has left rather than overrunning it (1028.6807ms)
✔ a session id is required rather than defaulted, and validated when given (0.454ms)
✔ session cleanup matches engines by session, and never the caller that named it (37.617ms)
✔ a session id that is a prefix of another session's id does not match it (66.3205ms)
✔ an engine whose path contains a space is still found (105.234ms)
✔ the editor carries its session stamp like any other started engine (0.2802ms)
✔ a process listing that cannot run fails loudly instead of reporting no engines (2.0705ms)
✔ reapProcessState removes logs and directories no live instance can reach (5.8783ms)
✔ reapProcessState spares a live instance's files however old they are, and anything recent (829.0555ms)
✔ a restart neither replaces nor forgets an instance whose start token could not be read (478.883ms)
✔ reapProcessState spares an old live instance whose start token could not be read (595.9645ms)
✔ reapProcessState clears stale session heartbeats but never touches _global (5.6244ms)
✔ reapProcessStateIfDue walks the root at most once per interval (6.8897ms)
✔ leasePort still returns a checked port when the allocation lock is held by a live process (1029.9201ms)
✔ reapProcessState leaves a directory a start has just created, however empty it is (3.6985ms)
✔ a record's owner is verified, so a recycled pid cannot pin a directory's files forever (304.1987ms)
✔ the machine-wide scan still finds a live holder among many project directories (947.3977ms)
✔ a start whose state directory is reaped mid-launch re-creates it instead of failing (5.3037ms)
✔ a reap that cannot run reports nothing rather than failing the teardown that triggered it (3.8248ms)
✔ a forced pass that uncovers a backlog is allowed to converge, not called stalled at once (378.8065ms)
✔ frame-time percentiles are nearest-rank over real frames, never interpolated (0.3772ms)
✔ a wrapped ring reports exact whole-window counters and says the percentiles are a tail (0.2207ms)
✔ frame times are flagged when a cap, not the frame, decided how long it took (0.4357ms)
✔ a bridge that missed frames says so, rather than reporting the ones it caught as the whole window (0.1072ms)
✔ a window whose first frames ran slow is called out rather than reported as frame cost (0.2694ms)
✔ runtime frames brackets a window with a reset and a read instead of polling (56.4353ms)
✔ runtime frames names a bridge that cannot measure rather than reporting an empty window (3.2271ms)
✔ a window in which nothing was drawn fails loudly instead of reporting zeroes (44.3396ms)
✔ a stale cached character cannot be deferred or accepted after an importer fault (136.139ms)
✔ HDR settings timestamps request rendering without stranding a current atlas (91.8258ms)
✔ an import failure says what happened and that running it again usually works (0.2742ms)
✔ a refused runtime action is reported as a failure, not as applied (#597) (8.3979ms)
✔ a refusal's kind says whether to wait or to fail (#601) (200.6775ms)
✔ live captures preserve the default and accept bounded review resolutions (1.04ms)
✔ recording stays bounded and uses a container that preserves fine edges (1.494ms)
✔ window input bounds keys, clicks, duration and console text before sending anything (1.2599ms)
✔ an exported run never supplies --path or --script and retains managed cleanup (2967.9123ms)
✔ exports refuse inspection and scene overrides before launching (0.5149ms)
✔ session end finds arbitrary export names without matching a shell mentioning them (126.869ms)
ℹ tests 118
ℹ suites 0
ℹ pass 118
ℹ fail 0
ℹ cancelled 0
ℹ skipped 0
ℹ todo 0
ℹ duration_ms 24529.8336
[12/12] godot-cli: ok in 26.3 s

────────────────────────────────────────────────────────────────────────
  ROOT SUITE  OK

  steps run:   12 of 12
  passed:      12
  failed:      0
────────────────────────────────────────────────────────────────────────
