Godot Engine v4.6.1.stable.custom_build.14d19694e (2026-02-16 15:13:51 UTC) - https://godotengine.org
D3D12 12_0 - Forward+ - Using Device #0: AMD - AMD Radeon RX 9070 XT

[JSDebugger][Debug] [LWS] [2026/10/03 09:37:29:8382] E: [null wsi]: lws_socket_bind: ERROR on binding fd 3368 to port 9229 (-1 10048)
[JSDebugger][Debug] [LWS] [2026/10/03 09:37:29:8406] E: [vh|0|default||9229]: lws_create_vhost: init server failed
[JSDebugger][Debug] [LWS] [2026/10/03 09:37:29:8416] E: lws_create_context: Failed to create default vhost
[JSDebugger][Debug] devtools://devtools/bundled/inspector.html?v8only=true&ws=127.0.0.1:9229/1
[jsb][Debug] slow process JSRealm._load_module: 0.035109 s (modules\GodotJS\bridge\jsb_environment.cpp:1131)
[jsb][Debug] slow process JSRealm._require: 0.036849 s (modules\GodotJS\bridge\jsb_builtins.cpp:61)
[jsb][Debug] slow process JSRealm._load_module: 0.041061 s (modules\GodotJS\bridge\jsb_environment.cpp:1131)
[jsb][Debug] slow process JSRealm._require: 0.041631 s (modules\GodotJS\bridge\jsb_builtins.cpp:61)
[jsb][Debug] slow process JSRealm._load_module: 0.043705 s (modules\GodotJS\bridge\jsb_environment.cpp:1131)
[jsb][Debug] slow process JSRealm._require: 0.044275 s (modules\GodotJS\bridge\jsb_builtins.cpp:61)
[jsb][Debug] slow process JSRealm._load_module: 0.092762 s (modules\GodotJS\bridge\jsb_environment.cpp:1131)
[jsb][Debug] slow process JSRealm._require: 0.093356 s (modules\GodotJS\bridge\jsb_builtins.cpp:61)
[jsb][Debug] slow process JSRealm._load_module: 0.022200 s (modules\GodotJS\bridge\jsb_environment.cpp:1131)
[jsb][Debug] slow process JSRealm._require: 0.023879 s (modules\GodotJS\bridge\jsb_builtins.cpp:61)
[jsb][Debug] slow process JSRealm._load_module: 0.022279 s (modules\GodotJS\bridge\jsb_environment.cpp:1131)
[jsb][Debug] slow process JSRealm._require: 0.023928 s (modules\GodotJS\bridge\jsb_builtins.cpp:61)
[jsb][Debug] slow process JSRealm._load_module: 0.042585 s (modules\GodotJS\bridge\jsb_environment.cpp:1131)
[jsb][Debug] slow process JSRealm._require: 0.043192 s (modules\GodotJS\bridge\jsb_builtins.cpp:61)
[jsb][Debug] slow process JSRealm._load_module: 0.032551 s (modules\GodotJS\bridge\jsb_environment.cpp:1131)
[jsb][Debug] slow process JSRealm._require: 0.034323 s (modules\GodotJS\bridge\jsb_builtins.cpp:61)
[jsb][Debug] slow process JSRealm._load_module: 0.037464 s (modules\GodotJS\bridge\jsb_environment.cpp:1131)
[jsb][Debug] slow process JSRealm._require: 0.038036 s (modules\GodotJS\bridge\jsb_builtins.cpp:61)
[jsb][Debug] slow process JSRealm._load_module: 0.257431 s (modules\GodotJS\bridge\jsb_environment.cpp:1131)
[jsb][Debug] slow process JSRealm.load: 0.259218 s (modules\GodotJS\bridge\jsb_environment.cpp:1518)
[jsb][Debug] slow process GodotJSScript.load_module: 0.259802 s (modules\GodotJS\weaver\jsb_script.cpp:520)
[JS] GODMODE_LOG_FILE=C:\Users\Kam\AppData\Local\Temp\godot-cli\253a6b35c001/logs/client-20261003-133730-43240.log
[JS] GODMODE_ROGUELITE_LEVEL_BUILT=0:0
[JS] GODMODE_MODULE_BATCHES=instances:234:nodes:90:groundInstances:98:groundChunks:18:shrubShapes:5:treeShapes:6
[JS] GODMODE_PATTERN_RUNTIME_RETIREMENT=[]
[JS] GODMODE_WESTERN_STREET_KIT=frontages:10; practicals:4
[JS] GODMODE_WESTERN_DRESSING=roofKits:0; lowPlanting:210; drains:90; buildMs:3987
[JS] GODMODE_ENVIRONMENT_GROUND=gutters:1552;grates:53;leaves:10414;manholes:11
[JS] GODMODE_ENVIRONMENT_MODULES=45572
[JS] GODMODE_MODULE_BATCHES=instances:56340:nodes:3642:groundInstances:3330:groundChunks:72:shrubShapes:7:treeShapes:6
[JS] GODMODE_ENVIRONMENT_STREET_LIGHTS=visibleHeads:1;pools:1
[JS] GODMODE_STUDY_AUTHORED_PROBES=9201
[JS] GODMODE_CRASH_REPORT=off
[JS] GODMODE_DISPLAY boot mode=3 fullscreen=true applied=false
[JS] GODMODE_CLIENT_LAUNCHED
GODOT_CLI_INSPECTION=http://127.0.0.1:61699/inspect
[JS] GODMODE_ROGUELITE_LEVEL_BUILT=0:0
[JS] GODMODE_SERVER_READY=local
[JS] GODMODE_PEER_CONNECTED=2
[JS] GODMODE_PEER_JOINED=2
[JS] GODMODE_ROGUELITE_SEED=C6D2485B
[JS] GODMODE_ROGUELITE_PRIMARY=2:machineGun
[JS] GODMODE_SURVIVAL_MINUTE=0:rifleman:-
[JS] GODMODE_CLIENT_READY=2
[JS] GODMODE_DEBUG_MENU=invincible:ok
[JS] GODMODE_PHOTO_MODE=true
[JS] GODMODE_ACTOR_COST={"id":"soldier-e1","visual":false,"ms":0.264}
[JS] GODMODE_SYSTEM_ADMIN_SPAWNED=soldier-e1
[JS] GODMODE_PATROL_PRESENTATION={"id":"soldier-e1","distance":55.50053405761719,"visible":false,"seenPast":""}
[JS] GODMODE_ACTOR_COST={"id":"soldier-e1","visual":true,"ms":86.155}
[JS] GODMODE_SYSTEM_ADMIN_TARGET=soldier-e1:2
[JS] GODMODE_ACTOR_COST={"id":"soldier-e2","visual":false,"ms":0.123}
[JS] GODMODE_SYSTEM_ADMIN_SPAWNED=soldier-e2
[JS] GODMODE_PATROL_PRESENTATION={"id":"soldier-e2","distance":183.3195037841797,"visible":false,"seenPast":""}
[JS] GODMODE_ACTOR_COST={"id":"soldier-e2","visual":true,"ms":0.627}
[JS] GODMODE_SYSTEM_ADMIN_TARGET=soldier-e2:2
[JS] GODMODE_ACTOR_COST={"id":"soldier-e3","visual":false,"ms":0.118}
[JS] GODMODE_SYSTEM_ADMIN_SPAWNED=soldier-e3
[JS] GODMODE_PATROL_PRESENTATION={"id":"soldier-e3","distance":225.0005340576172,"visible":false,"seenPast":""}
[JS] GODMODE_ACTOR_COST={"id":"soldier-e3","visual":true,"ms":0.573}
[JS] GODMODE_SYSTEM_ADMIN_DESPAWNED=soldier-e1
[JS] GODMODE_SYSTEM_ADMIN_DESPAWNED=soldier-e2
[JS] GODMODE_SYSTEM_ADMIN_DESPAWNED=soldier-e3
[JS] GODMODE_ROGUELITE_MULTI_KILL=DOUBLE KILL
[JS] GODMODE_ROGUELITE_CLEAR_BEAT
ERROR: Condition "p.d == 0" is true. Returning: Point2()
   at: Camera3D::unproject_position (scene\3d\camera_3d.cpp:482)
   GDScript backtrace (most recent call first):
       [0] _append_nodes (res://tools/godot-cli/runner/inspection_bridge.gd:449)
       [1] _append_nodes (res://tools/godot-cli/runner/inspection_bridge.gd:575)
       [2] _append_nodes (res://tools/godot-cli/runner/inspection_bridge.gd:575)
       [3] _snapshot_with_store (res://tools/godot-cli/runner/inspection_bridge.gd:394)
       [4] _respond (res://tools/godot-cli/runner/inspection_bridge.gd:377)
       [5] _process (res://tools/godot-cli/runner/inspection_bridge.gd:213)
ERROR: Condition "p.d == 0" is true. Returning: Point2()
   at: Camera3D::unproject_position (scene\3d\camera_3d.cpp:482)
   GDScript backtrace (most recent call first):
       [0] _append_nodes (res://tools/godot-cli/runner/inspection_bridge.gd:449)
       [1] _append_nodes (res://tools/godot-cli/runner/inspection_bridge.gd:575)
       [2] _append_nodes (res://tools/godot-cli/runner/inspection_bridge.gd:575)
       [3] _append_nodes (res://tools/godot-cli/runner/inspection_bridge.gd:575)
       [4] _snapshot_with_store (res://tools/godot-cli/runner/inspection_bridge.gd:394)
       [5] _respond (res://tools/godot-cli/runner/inspection_bridge.gd:377)
       [6] _process (res://tools/godot-cli/runner/inspection_bridge.gd:213)
ERROR: Condition "p.d == 0" is true. Returning: Point2()
   at: Camera3D::unproject_position (scene\3d\camera_3d.cpp:482)
   GDScript backtrace (most recent call first):
       [0] _append_nodes (res://tools/godot-cli/runner/inspection_bridge.gd:449)
       [1] _append_nodes (res://tools/godot-cli/runner/inspection_bridge.gd:575)
       [2] _append_nodes (res://tools/godot-cli/runner/inspection_bridge.gd:575)
       [3] _append_nodes (res://tools/godot-cli/runner/inspection_bridge.gd:575)
       [4] _append_nodes (res://tools/godot-cli/runner/inspection_bridge.gd:575)
       [5] _snapshot_with_store (res://tools/godot-cli/runner/inspection_bridge.gd:394)
       [6] _respond (res://tools/godot-cli/runner/inspection_bridge.gd:377)
       [7] _process (res://tools/godot-cli/runner/inspection_bridge.gd:213)
ERROR: Condition "p.d == 0" is true. Returning: Point2()
   at: Camera3D::unproject_position (scene\3d\camera_3d.cpp:482)
   GDScript backtrace (most recent call first):
       [0] _append_nodes (res://tools/godot-cli/runner/inspection_bridge.gd:449)
       [1] _append_nodes (res://tools/godot-cli/runner/inspection_bridge.gd:575)
       [2] _append_nodes (res://tools/godot-cli/runner/inspection_bridge.gd:575)
       [3] _append_nodes (res://tools/godot-cli/runner/inspection_bridge.gd:575)
       [4] _append_nodes (res://tools/godot-cli/runner/inspection_bridge.gd:575)
       [5] _append_nodes (res://tools/godot-cli/runner/inspection_bridge.gd:575)
       [6] _snapshot_with_store (res://tools/godot-cli/runner/inspection_bridge.gd:394)
       [7] _respond (res://tools/godot-cli/runner/inspection_bridge.gd:377)
       [8] _process (res://tools/godot-cli/runner/inspection_bridge.gd:213)
ERROR: Condition "p.d == 0" is true. Returning: Point2()
   at: Camera3D::unproject_position (scene\3d\camera_3d.cpp:482)
   GDScript backtrace (most recent call first):
       [0] _append_nodes (res://tools/godot-cli/runner/inspection_bridge.gd:449)
       [1] _append_nodes (res://tools/godot-cli/runner/inspection_bridge.gd:575)
       [2] _append_nodes (res://tools/godot-cli/runner/inspection_bridge.gd:575)
       [3] _append_nodes (res://tools/godot-cli/runner/inspection_bridge.gd:575)
       [4] _append_nodes (res://tools/godot-cli/runner/inspection_bridge.gd:575)
       [5] _append_nodes (res://tools/godot-cli/runner/inspection_bridge.gd:575)
       [6] _append_nodes (res://tools/godot-cli/runner/inspection_bridge.gd:575)
       [7] _snapshot_with_store (res://tools/godot-cli/runner/inspection_bridge.gd:394)
       [8] _respond (res://tools/godot-cli/runner/inspection_bridge.gd:377)
       [9] _process (res://tools/godot-cli/runner/inspection_bridge.gd:213)
ERROR: Condition "p.d == 0" is true. Returning: Point2()
   at: Camera3D::unproject_position (scene\3d\camera_3d.cpp:482)
   GDScript backtrace (most recent call first):
       [0] _append_nodes (res://tools/godot-cli/runner/inspection_bridge.gd:449)
       [1] _append_nodes (res://tools/godot-cli/runner/inspection_bridge.gd:575)
       [2] _append_nodes (res://tools/godot-cli/runner/inspection_bridge.gd:575)
       [3] _append_nodes (res://tools/godot-cli/runner/inspection_bridge.gd:575)
       [4] _append_nodes (res://tools/godot-cli/runner/inspection_bridge.gd:575)
       [5] _append_nodes (res://tools/godot-cli/runner/inspection_bridge.gd:575)
       [6] _append_nodes (res://tools/godot-cli/runner/inspection_bridge.gd:575)
       [7] _append_nodes (res://tools/godot-cli/runner/inspection_bridge.gd:575)
       [8] _snapshot_with_store (res://tools/godot-cli/runner/inspection_bridge.gd:394)
       [9] _respond (res://tools/godot-cli/runner/inspection_bridge.gd:377)
       [10] _process (res://tools/godot-cli/runner/inspection_bridge.gd:213)
ERROR: Condition "p.d == 0" is true. Returning: Point2()
   at: Camera3D::unproject_position (scene\3d\camera_3d.cpp:482)
   GDScript backtrace (most recent call first):
       [0] _append_nodes (res://tools/godot-cli/runner/inspection_bridge.gd:449)
       [1] _append_nodes (res://tools/godot-cli/runner/inspection_bridge.gd:575)
       [2] _append_nodes (res://tools/godot-cli/runner/inspection_bridge.gd:575)
       [3] _append_nodes (res://tools/godot-cli/runner/inspection_bridge.gd:575)
       [4] _append_nodes (res://tools/godot-cli/runner/inspection_bridge.gd:575)
       [5] _append_nodes (res://tools/godot-cli/runner/inspection_bridge.gd:575)
       [6] _append_nodes (res://tools/godot-cli/runner/inspection_bridge.gd:575)
       [7] _append_nodes (res://tools/godot-cli/runner/inspection_bridge.gd:575)
       [8] _append_nodes (res://tools/godot-cli/runner/inspection_bridge.gd:575)
       [9] _snapshot_with_store (res://tools/godot-cli/runner/inspection_bridge.gd:394)
       [10] _respond (res://tools/godot-cli/runner/inspection_bridge.gd:377)
       [11] _process (res://tools/godot-cli/runner/inspection_bridge.gd:213)
ERROR: Condition "p.d == 0" is true. Returning: Point2()
   at: Camera3D::unproject_position (scene\3d\camera_3d.cpp:482)
   GDScript backtrace (most recent call first):
       [0] _append_nodes (res://tools/godot-cli/runner/inspection_bridge.gd:449)
       [1] _append_nodes (res://tools/godot-cli/runner/inspection_bridge.gd:575)
       [2] _append_nodes (res://tools/godot-cli/runner/inspection_bridge.gd:575)
       [3] _append_nodes (res://tools/godot-cli/runner/inspection_bridge.gd:575)
       [4] _append_nodes (res://tools/godot-cli/runner/inspection_bridge.gd:575)
       [5] _snapshot_with_store (res://tools/godot-cli/runner/inspection_bridge.gd:394)
       [6] _respond (res://tools/godot-cli/runner/inspection_bridge.gd:377)
       [7] _process (res://tools/godot-cli/runner/inspection_bridge.gd:213)
ERROR: Condition "p.d == 0" is true. Returning: Point2()
   at: Camera3D::unproject_position (scene\3d\camera_3d.cpp:482)
   GDScript backtrace (most recent call first):
       [0] _append_nodes (res://tools/godot-cli/runner/inspection_bridge.gd:449)
       [1] _append_nodes (res://tools/godot-cli/runner/inspection_bridge.gd:575)
       [2] _append_nodes (res://tools/godot-cli/runner/inspection_bridge.gd:575)
       [3] _append_nodes (res://tools/godot-cli/runner/inspection_bridge.gd:575)
       [4] _append_nodes (res://tools/godot-cli/runner/inspection_bridge.gd:575)
       [5] _append_nodes (res://tools/godot-cli/runner/inspection_bridge.gd:575)
       [6] _snapshot_with_store (res://tools/godot-cli/runner/inspection_bridge.gd:394)
       [7] _respond (res://tools/godot-cli/runner/inspection_bridge.gd:377)
       [8] _process (res://tools/godot-cli/runner/inspection_bridge.gd:213)
ERROR: Condition "p.d == 0" is true. Returning: Point2()
   at: Camera3D::unproject_position (scene\3d\camera_3d.cpp:482)
   GDScript backtrace (most recent call first):
       [0] _append_nodes (res://tools/godot-cli/runner/inspection_bridge.gd:449)
       [1] _append_nodes (res://tools/godot-cli/runner/inspection_bridge.gd:575)
       [2] _append_nodes (res://tools/godot-cli/runner/inspection_bridge.gd:575)
       [3] _append_nodes (res://tools/godot-cli/runner/inspection_bridge.gd:575)
       [4] _append_nodes (res://tools/godot-cli/runner/inspection_bridge.gd:575)
       [5] _append_nodes (res://tools/godot-cli/runner/inspection_bridge.gd:575)
       [6] _append_nodes (res://tools/godot-cli/runner/inspection_bridge.gd:575)
       [7] _snapshot_with_store (res://tools/godot-cli/runner/inspection_bridge.gd:394)
       [8] _respond (res://tools/godot-cli/runner/inspection_bridge.gd:377)
       [9] _process (res://tools/godot-cli/runner/inspection_bridge.gd:213)
ERROR: Condition "p.d == 0" is true. Returning: Point2()
   at: Camera3D::unproject_position (scene\3d\camera_3d.cpp:482)
   GDScript backtrace (most recent call first):
       [0] _append_nodes (res://tools/godot-cli/runner/inspection_bridge.gd:449)
       [1] _append_nodes (res://tools/godot-cli/runner/inspection_bridge.gd:575)
       [2] _append_nodes (res://tools/godot-cli/runner/inspection_bridge.gd:575)
       [3] _append_nodes (res://tools/godot-cli/runner/inspection_bridge.gd:575)
       [4] _append_nodes (res://tools/godot-cli/runner/inspection_bridge.gd:575)
       [5] _append_nodes (res://tools/godot-cli/runner/inspection_bridge.gd:575)
       [6] _append_nodes (res://tools/godot-cli/runner/inspection_bridge.gd:575)
       [7] _append_nodes (res://tools/godot-cli/runner/inspection_bridge.gd:575)
       [8] _snapshot_with_store (res://tools/godot-cli/runner/inspection_bridge.gd:394)
       [9] _respond (res://tools/godot-cli/runner/inspection_bridge.gd:377)
       [10] _process (res://tools/godot-cli/runner/inspection_bridge.gd:213)
ERROR: Condition "p.d == 0" is true. Returning: Point2()
   at: Camera3D::unproject_position (scene\3d\camera_3d.cpp:482)
   GDScript backtrace (most recent call first):
       [0] _append_nodes (res://tools/godot-cli/runner/inspection_bridge.gd:449)
       [1] _append_nodes (res://tools/godot-cli/runner/inspection_bridge.gd:575)
       [2] _append_nodes (res://tools/godot-cli/runner/inspection_bridge.gd:575)
       [3] _append_nodes (res://tools/godot-cli/runner/inspection_bridge.gd:575)
       [4] _append_nodes (res://tools/godot-cli/runner/inspection_bridge.gd:575)
       [5] _append_nodes (res://tools/godot-cli/runner/inspection_bridge.gd:575)
       [6] _append_nodes (res://tools/godot-cli/runner/inspection_bridge.gd:575)
       [7] _append_nodes (res://tools/godot-cli/runner/inspection_bridge.gd:575)
       [8] _append_nodes (res://tools/godot-cli/runner/inspection_bridge.gd:575)
       [9] _snapshot_with_store (res://tools/godot-cli/runner/inspection_bridge.gd:394)
       [10] _respond (res://tools/godot-cli/runner/inspection_bridge.gd:377)
       [11] _process (res://tools/godot-cli/runner/inspection_bridge.gd:213)
ERROR: Condition "p.d == 0" is true. Returning: Point2()
   at: Camera3D::unproject_position (scene\3d\camera_3d.cpp:482)
   GDScript backtrace (most recent call first):
       [0] _append_nodes (res://tools/godot-cli/runner/inspection_bridge.gd:449)
       [1] _append_nodes (res://tools/godot-cli/runner/inspection_bridge.gd:575)
       [2] _append_nodes (res://tools/godot-cli/runner/inspection_bridge.gd:575)
       [3] _append_nodes (res://tools/godot-cli/runner/inspection_bridge.gd:575)
       [4] _snapshot_with_store (res://tools/godot-cli/runner/inspection_bridge.gd:394)
       [5] _respond (res://tools/godot-cli/runner/inspection_bridge.gd:377)
       [6] _process (res://tools/godot-cli/runner/inspection_bridge.gd:213)
ERROR: Condition "p.d == 0" is true. Returning: Point2()
   at: Camera3D::unproject_position (scene\3d\camera_3d.cpp:482)
   GDScript backtrace (most recent call first):
       [0] _append_nodes (res://tools/godot-cli/runner/inspection_bridge.gd:449)
       [1] _append_nodes (res://tools/godot-cli/runner/inspection_bridge.gd:575)
       [2] _append_nodes (res://tools/godot-cli/runner/inspection_bridge.gd:575)
       [3] _append_nodes (res://tools/godot-cli/runner/inspection_bridge.gd:575)
       [4] _append_nodes (res://tools/godot-cli/runner/inspection_bridge.gd:575)
       [5] _snapshot_with_store (res://tools/godot-cli/runner/inspection_bridge.gd:394)
       [6] _respond (res://tools/godot-cli/runner/inspection_bridge.gd:377)
       [7] _process (res://tools/godot-cli/runner/inspection_bridge.gd:213)
ERROR: Condition "p.d == 0" is true. Returning: Point2()
   at: Camera3D::unproject_position (scene\3d\camera_3d.cpp:482)
   GDScript backtrace (most recent call first):
       [0] _append_nodes (res://tools/godot-cli/runner/inspection_bridge.gd:449)
       [1] _append_nodes (res://tools/godot-cli/runner/inspection_bridge.gd:575)
       [2] _append_nodes (res://tools/godot-cli/runner/inspection_bridge.gd:575)
       [3] _append_nodes (res://tools/godot-cli/runner/inspection_bridge.gd:575)
       [4] _append_nodes (res://tools/godot-cli/runner/inspection_bridge.gd:575)
       [5] _append_nodes (res://tools/godot-cli/runner/inspection_bridge.gd:575)
       [6] _snapshot_with_store (res://tools/godot-cli/runner/inspection_bridge.gd:394)
       [7] _respond (res://tools/godot-cli/runner/inspection_bridge.gd:377)
       [8] _process (res://tools/godot-cli/runner/inspection_bridge.gd:213)
ERROR: Condition "p.d == 0" is true. Returning: Point2()
   at: Camera3D::unproject_position (scene\3d\camera_3d.cpp:482)
   GDScript backtrace (most recent call first):
       [0] _append_nodes (res://tools/godot-cli/runner/inspection_bridge.gd:449)
       [1] _append_nodes (res://tools/godot-cli/runner/inspection_bridge.gd:575)
       [2] _append_nodes (res://tools/godot-cli/runner/inspection_bridge.gd:575)
       [3] _append_nodes (res://tools/godot-cli/runner/inspection_bridge.gd:575)
       [4] _snapshot_with_store (res://tools/godot-cli/runner/inspection_bridge.gd:394)
       [5] _respond (res://tools/godot-cli/runner/inspection_bridge.gd:377)
       [6] _process (res://tools/godot-cli/runner/inspection_bridge.gd:213)
[JS] GODMODE_PATROL_PRESENTATION={"id":"soldier-e4","distance":192.92282104492188,"visible":false,"seenPast":""}
[JS] GODMODE_ACTOR_COST={"id":"soldier-e4","visual":true,"ms":0.85}
[JS] GODMODE_ACTOR_COST={"id":"soldier-e4","visual":false,"ms":0.111}
[JS] GODMODE_SYSTEM_ADMIN_SPAWNED=soldier-e4
[JS] GODMODE_SYSTEM_ADMIN_TARGET=soldier-e4:2
[JS] GODMODE_PATROL_PRESENTATION={"id":"soldier-e5","distance":155.71591186523438,"visible":false,"seenPast":""}
[JS] GODMODE_ACTOR_COST={"id":"soldier-e5","visual":true,"ms":0.734}
[JS] GODMODE_ACTOR_COST={"id":"soldier-e5","visual":false,"ms":0.1}
[JS] GODMODE_SYSTEM_ADMIN_SPAWNED=soldier-e5
[JS] GODMODE_SYSTEM_ADMIN_DESPAWNED=soldier-e4
[JS] GODMODE_SYSTEM_ADMIN_DESPAWNED=soldier-e5
[JS] GODMODE_ROGUELITE_MULTI_KILL=DOUBLE KILL
[JS] GODMODE_ROGUELITE_CLEAR_BEAT
ERROR: Condition "p.d == 0" is true. Returning: Point2()
   at: Camera3D::unproject_position (scene\3d\camera_3d.cpp:482)
   GDScript backtrace (most recent call first):
       [0] _append_nodes (res://tools/godot-cli/runner/inspection_bridge.gd:449)
       [1] _append_nodes (res://tools/godot-cli/runner/inspection_bridge.gd:575)
       [2] _append_nodes (res://tools/godot-cli/runner/inspection_bridge.gd:575)
       [3] _snapshot_with_store (res://tools/godot-cli/runner/inspection_bridge.gd:394)
       [4] _respond (res://tools/godot-cli/runner/inspection_bridge.gd:377)
       [5] _process (res://tools/godot-cli/runner/inspection_bridge.gd:213)
ERROR: Condition "p.d == 0" is true. Returning: Point2()
   at: Camera3D::unproject_position (scene\3d\camera_3d.cpp:482)
   GDScript backtrace (most recent call first):
       [0] _append_nodes (res://tools/godot-cli/runner/inspection_bridge.gd:449)
       [1] _append_nodes (res://tools/godot-cli/runner/inspection_bridge.gd:575)
       [2] _append_nodes (res://tools/godot-cli/runner/inspection_bridge.gd:575)
       [3] _append_nodes (res://tools/godot-cli/runner/inspection_bridge.gd:575)
       [4] _snapshot_with_store (res://tools/godot-cli/runner/inspection_bridge.gd:394)
       [5] _respond (res://tools/godot-cli/runner/inspection_bridge.gd:377)
       [6] _process (res://tools/godot-cli/runner/inspection_bridge.gd:213)
ERROR: Condition "p.d == 0" is true. Returning: Point2()
   at: Camera3D::unproject_position (scene\3d\camera_3d.cpp:482)
   GDScript backtrace (most recent call first):
       [0] _append_nodes (res://tools/godot-cli/runner/inspection_bridge.gd:449)
       [1] _append_nodes (res://tools/godot-cli/runner/inspection_bridge.gd:575)
       [2] _append_nodes (res://tools/godot-cli/runner/inspection_bridge.gd:575)
       [3] _append_nodes (res://tools/godot-cli/runner/inspection_bridge.gd:575)
       [4] _append_nodes (res://tools/godot-cli/runner/inspection_bridge.gd:575)
       [5] _snapshot_with_store (res://tools/godot-cli/runner/inspection_bridge.gd:394)
       [6] _respond (res://tools/godot-cli/runner/inspection_bridge.gd:377)
       [7] _process (res://tools/godot-cli/runner/inspection_bridge.gd:213)
ERROR: Condition "p.d == 0" is true. Returning: Point2()
   at: Camera3D::unproject_position (scene\3d\camera_3d.cpp:482)
   GDScript backtrace (most recent call first):
       [0] _append_nodes (res://tools/godot-cli/runner/inspection_bridge.gd:449)
       [1] _append_nodes (res://tools/godot-cli/runner/inspection_bridge.gd:575)
       [2] _append_nodes (res://tools/godot-cli/runner/inspection_bridge.gd:575)
       [3] _append_nodes (res://tools/godot-cli/runner/inspection_bridge.gd:575)
       [4] _append_nodes (res://tools/godot-cli/runner/inspection_bridge.gd:575)
       [5] _append_nodes (res://tools/godot-cli/runner/inspection_bridge.gd:575)
       [6] _snapshot_with_store (res://tools/godot-cli/runner/inspection_bridge.gd:394)
       [7] _respond (res://tools/godot-cli/runner/inspection_bridge.gd:377)
       [8] _process (res://tools/godot-cli/runner/inspection_bridge.gd:213)
ERROR: Condition "p.d == 0" is true. Returning: Point2()
   at: Camera3D::unproject_position (scene\3d\camera_3d.cpp:482)
   GDScript backtrace (most recent call first):
       [0] _append_nodes (res://tools/godot-cli/runner/inspection_bridge.gd:449)
       [1] _append_nodes (res://tools/godot-cli/runner/inspection_bridge.gd:575)
       [2] _append_nodes (res://tools/godot-cli/runner/inspection_bridge.gd:575)
       [3] _append_nodes (res://tools/godot-cli/runner/inspection_bridge.gd:575)
       [4] _append_nodes (res://tools/godot-cli/runner/inspection_bridge.gd:575)
       [5] _append_nodes (res://tools/godot-cli/runner/inspection_bridge.gd:575)
       [6] _append_nodes (res://tools/godot-cli/runner/inspection_bridge.gd:575)
       [7] _snapshot_with_store (res://tools/godot-cli/runner/inspection_bridge.gd:394)
       [8] _respond (res://tools/godot-cli/runner/inspection_bridge.gd:377)
       [9] _process (res://tools/godot-cli/runner/inspection_bridge.gd:213)
ERROR: Condition "p.d == 0" is true. Returning: Point2()
   at: Camera3D::unproject_position (scene\3d\camera_3d.cpp:482)
   GDScript backtrace (most recent call first):
       [0] _append_nodes (res://tools/godot-cli/runner/inspection_bridge.gd:449)
       [1] _append_nodes (res://tools/godot-cli/runner/inspection_bridge.gd:575)
       [2] _append_nodes (res://tools/godot-cli/runner/inspection_bridge.gd:575)
       [3] _append_nodes (res://tools/godot-cli/runner/inspection_bridge.gd:575)
       [4] _append_nodes (res://tools/godot-cli/runner/inspection_bridge.gd:575)
       [5] _append_nodes (res://tools/godot-cli/runner/inspection_bridge.gd:575)
       [6] _append_nodes (res://tools/godot-cli/runner/inspection_bridge.gd:575)
       [7] _append_nodes (res://tools/godot-cli/runner/inspection_bridge.gd:575)
       [8] _snapshot_with_store (res://tools/godot-cli/runner/inspection_bridge.gd:394)
       [9] _respond (res://tools/godot-cli/runner/inspection_bridge.gd:377)
       [10] _process (res://tools/godot-cli/runner/inspection_bridge.gd:213)
ERROR: Condition "p.d == 0" is true. Returning: Point2()
   at: Camera3D::unproject_position (scene\3d\camera_3d.cpp:482)
   GDScript backtrace (most recent call first):
       [0] _append_nodes (res://tools/godot-cli/runner/inspection_bridge.gd:449)
       [1] _append_nodes (res://tools/godot-cli/runner/inspection_bridge.gd:575)
       [2] _append_nodes (res://tools/godot-cli/runner/inspection_bridge.gd:575)
       [3] _append_nodes (res://tools/godot-cli/runner/inspection_bridge.gd:575)
       [4] _append_nodes (res://tools/godot-cli/runner/inspection_bridge.gd:575)
       [5] _append_nodes (res://tools/godot-cli/runner/inspection_bridge.gd:575)
       [6] _append_nodes (res://tools/godot-cli/runner/inspection_bridge.gd:575)
       [7] _append_nodes (res://tools/godot-cli/runner/inspection_bridge.gd:575)
       [8] _append_nodes (res://tools/godot-cli/runner/inspection_bridge.gd:575)
       [9] _snapshot_with_store (res://tools/godot-cli/runner/inspection_bridge.gd:394)
       [10] _respond (res://tools/godot-cli/runner/inspection_bridge.gd:377)
       [11] _process (res://tools/godot-cli/runner/inspection_bridge.gd:213)
ERROR: Condition "p.d == 0" is true. Returning: Point2()
   at: Camera3D::unproject_position (scene\3d\camera_3d.cpp:482)
   GDScript backtrace (most recent call first):
       [0] _append_nodes (res://tools/godot-cli/runner/inspection_bridge.gd:449)
       [1] _append_nodes (res://tools/godot-cli/runner/inspection_bridge.gd:575)
       [2] _append_nodes (res://tools/godot-cli/runner/inspection_bridge.gd:575)
       [3] _append_nodes (res://tools/godot-cli/runner/inspection_bridge.gd:575)
       [4] _append_nodes (res://tools/godot-cli/runner/inspection_bridge.gd:575)
       [5] _snapshot_with_store (res://tools/godot-cli/runner/inspection_bridge.gd:394)
       [6] _respond (res://tools/godot-cli/runner/inspection_bridge.gd:377)
       [7] _process (res://tools/godot-cli/runner/inspection_bridge.gd:213)
ERROR: Condition "p.d == 0" is true. Returning: Point2()
   at: Camera3D::unproject_position (scene\3d\camera_3d.cpp:482)
   GDScript backtrace (most recent call first):
       [0] _append_nodes (res://tools/godot-cli/runner/inspection_bridge.gd:449)
       [1] _append_nodes (res://tools/godot-cli/runner/inspection_bridge.gd:575)
       [2] _append_nodes (res://tools/godot-cli/runner/inspection_bridge.gd:575)
       [3] _append_nodes (res://tools/godot-cli/runner/inspection_bridge.gd:575)
       [4] _append_nodes (res://tools/godot-cli/runner/inspection_bridge.gd:575)
       [5] _append_nodes (res://tools/godot-cli/runner/inspection_bridge.gd:575)
       [6] _snapshot_with_store (res://tools/godot-cli/runner/inspection_bridge.gd:394)
       [7] _respond (res://tools/godot-cli/runner/inspection_bridge.gd:377)
       [8] _process (res://tools/godot-cli/runner/inspection_bridge.gd:213)
ERROR: Condition "p.d == 0" is true. Returning: Point2()
   at: Camera3D::unproject_position (scene\3d\camera_3d.cpp:482)
   GDScript backtrace (most recent call first):
       [0] _append_nodes (res://tools/godot-cli/runner/inspection_bridge.gd:449)
       [1] _append_nodes (res://tools/godot-cli/runner/inspection_bridge.gd:575)
       [2] _append_nodes (res://tools/godot-cli/runner/inspection_bridge.gd:575)
       [3] _append_nodes (res://tools/godot-cli/runner/inspection_bridge.gd:575)
       [4] _append_nodes (res://tools/godot-cli/runner/inspection_bridge.gd:575)
       [5] _append_nodes (res://tools/godot-cli/runner/inspection_bridge.gd:575)
       [6] _append_nodes (res://tools/godot-cli/runner/inspection_bridge.gd:575)
       [7] _snapshot_with_store (res://tools/godot-cli/runner/inspection_bridge.gd:394)
       [8] _respond (res://tools/godot-cli/runner/inspection_bridge.gd:377)
       [9] _process (res://tools/godot-cli/runner/inspection_bridge.gd:213)
ERROR: Condition "p.d == 0" is true. Returning: Point2()
   at: Camera3D::unproject_position (scene\3d\camera_3d.cpp:482)
   GDScript backtrace (most recent call first):
       [0] _append_nodes (res://tools/godot-cli/runner/inspection_bridge.gd:449)
       [1] _append_nodes (res://tools/godot-cli/runner/inspection_bridge.gd:575)
       [2] _append_nodes (res://tools/godot-cli/runner/inspection_bridge.gd:575)
       [3] _append_nodes (res://tools/godot-cli/runner/inspection_bridge.gd:575)
       [4] _append_nodes (res://tools/godot-cli/runner/inspection_bridge.gd:575)
       [5] _append_nodes (res://tools/godot-cli/runner/inspection_bridge.gd:575)
       [6] _append_nodes (res://tools/godot-cli/runner/inspection_bridge.gd:575)
       [7] _append_nodes (res://tools/godot-cli/runner/inspection_bridge.gd:575)
       [8] _snapshot_with_store (res://tools/godot-cli/runner/inspection_bridge.gd:394)
       [9] _respond (res://tools/godot-cli/runner/inspection_bridge.gd:377)
       [10] _process (res://tools/godot-cli/runner/inspection_bridge.gd:213)
ERROR: Condition "p.d == 0" is true. Returning: Point2()
   at: Camera3D::unproject_position (scene\3d\camera_3d.cpp:482)
   GDScript backtrace (most recent call first):
       [0] _append_nodes (res://tools/godot-cli/runner/inspection_bridge.gd:449)
       [1] _append_nodes (res://tools/godot-cli/runner/inspection_bridge.gd:575)
       [2] _append_nodes (res://tools/godot-cli/runner/inspection_bridge.gd:575)
       [3] _append_nodes (res://tools/godot-cli/runner/inspection_bridge.gd:575)
       [4] _append_nodes (res://tools/godot-cli/runner/inspection_bridge.gd:575)
       [5] _append_nodes (res://tools/godot-cli/runner/inspection_bridge.gd:575)
       [6] _append_nodes (res://tools/godot-cli/runner/inspection_bridge.gd:575)
       [7] _append_nodes (res://tools/godot-cli/runner/inspection_bridge.gd:575)
       [8] _append_nodes (res://tools/godot-cli/runner/inspection_bridge.gd:575)
       [9] _snapshot_with_store (res://tools/godot-cli/runner/inspection_bridge.gd:394)
       [10] _respond (res://tools/godot-cli/runner/inspection_bridge.gd:377)
       [11] _process (res://tools/godot-cli/runner/inspection_bridge.gd:213)
ERROR: Condition "p.d == 0" is true. Returning: Point2()
   at: Camera3D::unproject_position (scene\3d\camera_3d.cpp:482)
   GDScript backtrace (most recent call first):
       [0] _append_nodes (res://tools/godot-cli/runner/inspection_bridge.gd:449)
       [1] _append_nodes (res://tools/godot-cli/runner/inspection_bridge.gd:575)
       [2] _append_nodes (res://tools/godot-cli/runner/inspection_bridge.gd:575)
       [3] _append_nodes (res://tools/godot-cli/runner/inspection_bridge.gd:575)
       [4] _snapshot_with_store (res://tools/godot-cli/runner/inspection_bridge.gd:394)
       [5] _respond (res://tools/godot-cli/runner/inspection_bridge.gd:377)
       [6] _process (res://tools/godot-cli/runner/inspection_bridge.gd:213)
ERROR: Condition "p.d == 0" is true. Returning: Point2()
   at: Camera3D::unproject_position (scene\3d\camera_3d.cpp:482)
   GDScript backtrace (most recent call first):
       [0] _append_nodes (res://tools/godot-cli/runner/inspection_bridge.gd:449)
       [1] _append_nodes (res://tools/godot-cli/runner/inspection_bridge.gd:575)
       [2] _append_nodes (res://tools/godot-cli/runner/inspection_bridge.gd:575)
       [3] _append_nodes (res://tools/godot-cli/runner/inspection_bridge.gd:575)
       [4] _append_nodes (res://tools/godot-cli/runner/inspection_bridge.gd:575)
       [5] _snapshot_with_store (res://tools/godot-cli/runner/inspection_bridge.gd:394)
       [6] _respond (res://tools/godot-cli/runner/inspection_bridge.gd:377)
       [7] _process (res://tools/godot-cli/runner/inspection_bridge.gd:213)
ERROR: Condition "p.d == 0" is true. Returning: Point2()
   at: Camera3D::unproject_position (scene\3d\camera_3d.cpp:482)
   GDScript backtrace (most recent call first):
       [0] _append_nodes (res://tools/godot-cli/runner/inspection_bridge.gd:449)
       [1] _append_nodes (res://tools/godot-cli/runner/inspection_bridge.gd:575)
       [2] _append_nodes (res://tools/godot-cli/runner/inspection_bridge.gd:575)
       [3] _append_nodes (res://tools/godot-cli/runner/inspection_bridge.gd:575)
       [4] _append_nodes (res://tools/godot-cli/runner/inspection_bridge.gd:575)
       [5] _append_nodes (res://tools/godot-cli/runner/inspection_bridge.gd:575)
       [6] _snapshot_with_store (res://tools/godot-cli/runner/inspection_bridge.gd:394)
       [7] _respond (res://tools/godot-cli/runner/inspection_bridge.gd:377)
       [8] _process (res://tools/godot-cli/runner/inspection_bridge.gd:213)
ERROR: Condition "p.d == 0" is true. Returning: Point2()
   at: Camera3D::unproject_position (scene\3d\camera_3d.cpp:482)
   GDScript backtrace (most recent call first):
       [0] _append_nodes (res://tools/godot-cli/runner/inspection_bridge.gd:449)
       [1] _append_nodes (res://tools/godot-cli/runner/inspection_bridge.gd:575)
       [2] _append_nodes (res://tools/godot-cli/runner/inspection_bridge.gd:575)
       [3] _append_nodes (res://tools/godot-cli/runner/inspection_bridge.gd:575)
       [4] _snapshot_with_store (res://tools/godot-cli/runner/inspection_bridge.gd:394)
       [5] _respond (res://tools/godot-cli/runner/inspection_bridge.gd:377)
       [6] _process (res://tools/godot-cli/runner/inspection_bridge.gd:213)
[JS] GODMODE_PATROL_PRESENTATION={"id":"soldier-e6","distance":167.9658966064453,"visible":false,"seenPast":""}
[JS] GODMODE_ACTOR_COST={"id":"soldier-e6","visual":true,"ms":0.843}
[JS] GODMODE_ACTOR_COST={"id":"soldier-e6","visual":false,"ms":0.078}
[JS] GODMODE_SYSTEM_ADMIN_SPAWNED=soldier-e6
[JS] GODMODE_SYSTEM_ADMIN_TARGET=soldier-e6:2
[JS] GODMODE_PATROL_PRESENTATION={"id":"soldier-e7","distance":446.26812744140625,"visible":false,"seenPast":""}
[JS] GODMODE_ACTOR_COST={"id":"soldier-e7","visual":true,"ms":0.586}
[JS] GODMODE_ACTOR_COST={"id":"soldier-e7","visual":false,"ms":0.065}
[JS] GODMODE_SYSTEM_ADMIN_SPAWNED=soldier-e7
[JS] GODMODE_SYSTEM_ADMIN_DESPAWNED=soldier-e6
[JS] GODMODE_SYSTEM_ADMIN_DESPAWNED=soldier-e7
ERROR: Condition "p.d == 0" is true. Returning: Point2()
   at: Camera3D::unproject_position (scene\3d\camera_3d.cpp:482)
   GDScript backtrace (most recent call first):
       [0] _append_nodes (res://tools/godot-cli/runner/inspection_bridge.gd:449)
       [1] _append_nodes (res://tools/godot-cli/runner/inspection_bridge.gd:575)
       [2] _append_nodes (res://tools/godot-cli/runner/inspection_bridge.gd:575)
       [3] _snapshot_with_store (res://tools/godot-cli/runner/inspection_bridge.gd:394)
       [4] _respond (res://tools/godot-cli/runner/inspection_bridge.gd:377)
       [5] _process (res://tools/godot-cli/runner/inspection_bridge.gd:213)
ERROR: Condition "p.d == 0" is true. Returning: Point2()
   at: Camera3D::unproject_position (scene\3d\camera_3d.cpp:482)
   GDScript backtrace (most recent call first):
       [0] _append_nodes (res://tools/godot-cli/runner/inspection_bridge.gd:449)
       [1] _append_nodes (res://tools/godot-cli/runner/inspection_bridge.gd:575)
       [2] _append_nodes (res://tools/godot-cli/runner/inspection_bridge.gd:575)
       [3] _append_nodes (res://tools/godot-cli/runner/inspection_bridge.gd:575)
       [4] _snapshot_with_store (res://tools/godot-cli/runner/inspection_bridge.gd:394)
       [5] _respond (res://tools/godot-cli/runner/inspection_bridge.gd:377)
       [6] _process (res://tools/godot-cli/runner/inspection_bridge.gd:213)
ERROR: Condition "p.d == 0" is true. Returning: Point2()
   at: Camera3D::unproject_position (scene\3d\camera_3d.cpp:482)
   GDScript backtrace (most recent call first):
       [0] _append_nodes (res://tools/godot-cli/runner/inspection_bridge.gd:449)
       [1] _append_nodes (res://tools/godot-cli/runner/inspection_bridge.gd:575)
       [2] _append_nodes (res://tools/godot-cli/runner/inspection_bridge.gd:575)
       [3] _append_nodes (res://tools/godot-cli/runner/inspection_bridge.gd:575)
       [4] _append_nodes (res://tools/godot-cli/runner/inspection_bridge.gd:575)
       [5] _snapshot_with_store (res://tools/godot-cli/runner/inspection_bridge.gd:394)
       [6] _respond (res://tools/godot-cli/runner/inspection_bridge.gd:377)
       [7] _process (res://tools/godot-cli/runner/inspection_bridge.gd:213)
ERROR: Condition "p.d == 0" is true. Returning: Point2()
   at: Camera3D::unproject_position (scene\3d\camera_3d.cpp:482)
   GDScript backtrace (most recent call first):
       [0] _append_nodes (res://tools/godot-cli/runner/inspection_bridge.gd:449)
       [1] _append_nodes (res://tools/godot-cli/runner/inspection_bridge.gd:575)
       [2] _append_nodes (res://tools/godot-cli/runner/inspection_bridge.gd:575)
       [3] _append_nodes (res://tools/godot-cli/runner/inspection_bridge.gd:575)
       [4] _append_nodes (res://tools/godot-cli/runner/inspection_bridge.gd:575)
       [5] _append_nodes (res://tools/godot-cli/runner/inspection_bridge.gd:575)
       [6] _snapshot_with_store (res://tools/godot-cli/runner/inspection_bridge.gd:394)
       [7] _respond (res://tools/godot-cli/runner/inspection_bridge.gd:377)
       [8] _process (res://tools/godot-cli/runner/inspection_bridge.gd:213)
ERROR: Condition "p.d == 0" is true. Returning: Point2()
   at: Camera3D::unproject_position (scene\3d\camera_3d.cpp:482)
   GDScript backtrace (most recent call first):
       [0] _append_nodes (res://tools/godot-cli/runner/inspection_bridge.gd:449)
       [1] _append_nodes (res://tools/godot-cli/runner/inspection_bridge.gd:575)
       [2] _append_nodes (res://tools/godot-cli/runner/inspection_bridge.gd:575)
       [3] _append_nodes (res://tools/godot-cli/runner/inspection_bridge.gd:575)
       [4] _append_nodes (res://tools/godot-cli/runner/inspection_bridge.gd:575)
       [5] _append_nodes (res://tools/godot-cli/runner/inspection_bridge.gd:575)
       [6] _append_nodes (res://tools/godot-cli/runner/inspection_bridge.gd:575)
       [7] _snapshot_with_store (res://tools/godot-cli/runner/inspection_bridge.gd:394)
       [8] _respond (res://tools/godot-cli/runner/inspection_bridge.gd:377)
       [9] _process (res://tools/godot-cli/runner/inspection_bridge.gd:213)
ERROR: Condition "p.d == 0" is true. Returning: Point2()
   at: Camera3D::unproject_position (scene\3d\camera_3d.cpp:482)
   GDScript backtrace (most recent call first):
       [0] _append_nodes (res://tools/godot-cli/runner/inspection_bridge.gd:449)
       [1] _append_nodes (res://tools/godot-cli/runner/inspection_bridge.gd:575)
       [2] _append_nodes (res://tools/godot-cli/runner/inspection_bridge.gd:575)
       [3] _append_nodes (res://tools/godot-cli/runner/inspection_bridge.gd:575)
       [4] _append_nodes (res://tools/godot-cli/runner/inspection_bridge.gd:575)
       [5] _append_nodes (res://tools/godot-cli/runner/inspection_bridge.gd:575)
       [6] _append_nodes (res://tools/godot-cli/runner/inspection_bridge.gd:575)
       [7] _append_nodes (res://tools/godot-cli/runner/inspection_bridge.gd:575)
       [8] _snapshot_with_store (res://tools/godot-cli/runner/inspection_bridge.gd:394)
       [9] _respond (res://tools/godot-cli/runner/inspection_bridge.gd:377)
       [10] _process (res://tools/godot-cli/runner/inspection_bridge.gd:213)
ERROR: Condition "p.d == 0" is true. Returning: Point2()
   at: Camera3D::unproject_position (scene\3d\camera_3d.cpp:482)
   GDScript backtrace (most recent call first):
       [0] _append_nodes (res://tools/godot-cli/runner/inspection_bridge.gd:449)
       [1] _append_nodes (res://tools/godot-cli/runner/inspection_bridge.gd:575)
       [2] _append_nodes (res://tools/godot-cli/runner/inspection_bridge.gd:575)
       [3] _append_nodes (res://tools/godot-cli/runner/inspection_bridge.gd:575)
       [4] _append_nodes (res://tools/godot-cli/runner/inspection_bridge.gd:575)
       [5] _append_nodes (res://tools/godot-cli/runner/inspection_bridge.gd:575)
       [6] _append_nodes (res://tools/godot-cli/runner/inspection_bridge.gd:575)
       [7] _append_nodes (res://tools/godot-cli/runner/inspection_bridge.gd:575)
       [8] _append_nodes (res://tools/godot-cli/runner/inspection_bridge.gd:575)
       [9] _snapshot_with_store (res://tools/godot-cli/runner/inspection_bridge.gd:394)
       [10] _respond (res://tools/godot-cli/runner/inspection_bridge.gd:377)
       [11] _process (res://tools/godot-cli/runner/inspection_bridge.gd:213)
ERROR: Condition "p.d == 0" is true. Returning: Point2()
   at: Camera3D::unproject_position (scene\3d\camera_3d.cpp:482)
   GDScript backtrace (most recent call first):
       [0] _append_nodes (res://tools/godot-cli/runner/inspection_bridge.gd:449)
       [1] _append_nodes (res://tools/godot-cli/runner/inspection_bridge.gd:575)
       [2] _append_nodes (res://tools/godot-cli/runner/inspection_bridge.gd:575)
       [3] _append_nodes (res://tools/godot-cli/runner/inspection_bridge.gd:575)
       [4] _append_nodes (res://tools/godot-cli/runner/inspection_bridge.gd:575)
       [5] _snapshot_with_store (res://tools/godot-cli/runner/inspection_bridge.gd:394)
       [6] _respond (res://tools/godot-cli/runner/inspection_bridge.gd:377)
       [7] _process (res://tools/godot-cli/runner/inspection_bridge.gd:213)
ERROR: Condition "p.d == 0" is true. Returning: Point2()
   at: Camera3D::unproject_position (scene\3d\camera_3d.cpp:482)
   GDScript backtrace (most recent call first):
       [0] _append_nodes (res://tools/godot-cli/runner/inspection_bridge.gd:449)
       [1] _append_nodes (res://tools/godot-cli/runner/inspection_bridge.gd:575)
       [2] _append_nodes (res://tools/godot-cli/runner/inspection_bridge.gd:575)
       [3] _append_nodes (res://tools/godot-cli/runner/inspection_bridge.gd:575)
       [4] _append_nodes (res://tools/godot-cli/runner/inspection_bridge.gd:575)
       [5] _append_nodes (res://tools/godot-cli/runner/inspection_bridge.gd:575)
       [6] _snapshot_with_store (res://tools/godot-cli/runner/inspection_bridge.gd:394)
       [7] _respond (res://tools/godot-cli/runner/inspection_bridge.gd:377)
       [8] _process (res://tools/godot-cli/runner/inspection_bridge.gd:213)
ERROR: Condition "p.d == 0" is true. Returning: Point2()
   at: Camera3D::unproject_position (scene\3d\camera_3d.cpp:482)
   GDScript backtrace (most recent call first):
       [0] _append_nodes (res://tools/godot-cli/runner/inspection_bridge.gd:449)
       [1] _append_nodes (res://tools/godot-cli/runner/inspection_bridge.gd:575)
       [2] _append_nodes (res://tools/godot-cli/runner/inspection_bridge.gd:575)
       [3] _append_nodes (res://tools/godot-cli/runner/inspection_bridge.gd:575)
       [4] _append_nodes (res://tools/godot-cli/runner/inspection_bridge.gd:575)
       [5] _append_nodes (res://tools/godot-cli/runner/inspection_bridge.gd:575)
       [6] _append_nodes (res://tools/godot-cli/runner/inspection_bridge.gd:575)
       [7] _snapshot_with_store (res://tools/godot-cli/runner/inspection_bridge.gd:394)
       [8] _respond (res://tools/godot-cli/runner/inspection_bridge.gd:377)
       [9] _process (res://tools/godot-cli/runner/inspection_bridge.gd:213)
ERROR: Condition "p.d == 0" is true. Returning: Point2()
   at: Camera3D::unproject_position (scene\3d\camera_3d.cpp:482)
   GDScript backtrace (most recent call first):
       [0] _append_nodes (res://tools/godot-cli/runner/inspection_bridge.gd:449)
       [1] _append_nodes (res://tools/godot-cli/runner/inspection_bridge.gd:575)
       [2] _append_nodes (res://tools/godot-cli/runner/inspection_bridge.gd:575)
       [3] _append_nodes (res://tools/godot-cli/runner/inspection_bridge.gd:575)
       [4] _append_nodes (res://tools/godot-cli/runner/inspection_bridge.gd:575)
       [5] _append_nodes (res://tools/godot-cli/runner/inspection_bridge.gd:575)
       [6] _append_nodes (res://tools/godot-cli/runner/inspection_bridge.gd:575)
       [7] _append_nodes (res://tools/godot-cli/runner/inspection_bridge.gd:575)
       [8] _snapshot_with_store (res://tools/godot-cli/runner/inspection_bridge.gd:394)
       [9] _respond (res://tools/godot-cli/runner/inspection_bridge.gd:377)
       [10] _process (res://tools/godot-cli/runner/inspection_bridge.gd:213)
ERROR: Condition "p.d == 0" is true. Returning: Point2()
   at: Camera3D::unproject_position (scene\3d\camera_3d.cpp:482)
   GDScript backtrace (most recent call first):
       [0] _append_nodes (res://tools/godot-cli/runner/inspection_bridge.gd:449)
       [1] _append_nodes (res://tools/godot-cli/runner/inspection_bridge.gd:575)
       [2] _append_nodes (res://tools/godot-cli/runner/inspection_bridge.gd:575)
       [3] _append_nodes (res://tools/godot-cli/runner/inspection_bridge.gd:575)
       [4] _append_nodes (res://tools/godot-cli/runner/inspection_bridge.gd:575)
       [5] _append_nodes (res://tools/godot-cli/runner/inspection_bridge.gd:575)
       [6] _append_nodes (res://tools/godot-cli/runner/inspection_bridge.gd:575)
       [7] _append_nodes (res://tools/godot-cli/runner/inspection_bridge.gd:575)
       [8] _append_nodes (res://tools/godot-cli/runner/inspection_bridge.gd:575)
       [9] _snapshot_with_store (res://tools/godot-cli/runner/inspection_bridge.gd:394)
       [10] _respond (res://tools/godot-cli/runner/inspection_bridge.gd:377)
       [11] _process (res://tools/godot-cli/runner/inspection_bridge.gd:213)
ERROR: Condition "p.d == 0" is true. Returning: Point2()
   at: Camera3D::unproject_position (scene\3d\camera_3d.cpp:482)
   GDScript backtrace (most recent call first):
       [0] _append_nodes (res://tools/godot-cli/runner/inspection_bridge.gd:449)
       [1] _append_nodes (res://tools/godot-cli/runner/inspection_bridge.gd:575)
       [2] _append_nodes (res://tools/godot-cli/runner/inspection_bridge.gd:575)
       [3] _append_nodes (res://tools/godot-cli/runner/inspection_bridge.gd:575)
       [4] _snapshot_with_store (res://tools/godot-cli/runner/inspection_bridge.gd:394)
       [5] _respond (res://tools/godot-cli/runner/inspection_bridge.gd:377)
       [6] _process (res://tools/godot-cli/runner/inspection_bridge.gd:213)
ERROR: Condition "p.d == 0" is true. Returning: Point2()
   at: Camera3D::unproject_position (scene\3d\camera_3d.cpp:482)
   GDScript backtrace (most recent call first):
       [0] _append_nodes (res://tools/godot-cli/runner/inspection_bridge.gd:449)
       [1] _append_nodes (res://tools/godot-cli/runner/inspection_bridge.gd:575)
       [2] _append_nodes (res://tools/godot-cli/runner/inspection_bridge.gd:575)
       [3] _append_nodes (res://tools/godot-cli/runner/inspection_bridge.gd:575)
       [4] _append_nodes (res://tools/godot-cli/runner/inspection_bridge.gd:575)
       [5] _snapshot_with_store (res://tools/godot-cli/runner/inspection_bridge.gd:394)
       [6] _respond (res://tools/godot-cli/runner/inspection_bridge.gd:377)
       [7] _process (res://tools/godot-cli/runner/inspection_bridge.gd:213)
ERROR: Condition "p.d == 0" is true. Returning: Point2()
   at: Camera3D::unproject_position (scene\3d\camera_3d.cpp:482)
   GDScript backtrace (most recent call first):
       [0] _append_nodes (res://tools/godot-cli/runner/inspection_bridge.gd:449)
       [1] _append_nodes (res://tools/godot-cli/runner/inspection_bridge.gd:575)
       [2] _append_nodes (res://tools/godot-cli/runner/inspection_bridge.gd:575)
       [3] _append_nodes (res://tools/godot-cli/runner/inspection_bridge.gd:575)
       [4] _append_nodes (res://tools/godot-cli/runner/inspection_bridge.gd:575)
       [5] _append_nodes (res://tools/godot-cli/runner/inspection_bridge.gd:575)
       [6] _snapshot_with_store (res://tools/godot-cli/runner/inspection_bridge.gd:394)
       [7] _respond (res://tools/godot-cli/runner/inspection_bridge.gd:377)
       [8] _process (res://tools/godot-cli/runner/inspection_bridge.gd:213)
ERROR: Condition "p.d == 0" is true. Returning: Point2()
   at: Camera3D::unproject_position (scene\3d\camera_3d.cpp:482)
   GDScript backtrace (most recent call first):
       [0] _append_nodes (res://tools/godot-cli/runner/inspection_bridge.gd:449)
       [1] _append_nodes (res://tools/godot-cli/runner/inspection_bridge.gd:575)
       [2] _append_nodes (res://tools/godot-cli/runner/inspection_bridge.gd:575)
       [3] _append_nodes (res://tools/godot-cli/runner/inspection_bridge.gd:575)
       [4] _snapshot_with_store (res://tools/godot-cli/runner/inspection_bridge.gd:394)
       [5] _respond (res://tools/godot-cli/runner/inspection_bridge.gd:377)
       [6] _process (res://tools/godot-cli/runner/inspection_bridge.gd:213)
[JS] GODMODE_PATROL_PRESENTATION={"id":"soldier-e8","distance":258.1646423339844,"visible":false,"seenPast":""}
[JS] GODMODE_ACTOR_COST={"id":"soldier-e8","visual":true,"ms":0.795}
[JS] GODMODE_ACTOR_COST={"id":"soldier-e8","visual":false,"ms":0.076}
[JS] GODMODE_SYSTEM_ADMIN_SPAWNED=soldier-e8
[JS] GODMODE_SYSTEM_ADMIN_TARGET=soldier-e8:2
[JS] GODMODE_ACTOR_COST={"id":"soldier-e9","visual":false,"ms":0.165}
[JS] GODMODE_SYSTEM_ADMIN_SPAWNED=soldier-e9
[JS] GODMODE_PATROL_PRESENTATION={"id":"soldier-e9","distance":29.848682403564453,"visible":true,"seenPast":"nothing"}
ERROR: [JS] PATROL_VISIBLE_BIRTH=soldier-e9
   at: console.<computed> [as error] (res:\\..\..\..\scripts\log_file.ts:93)
[JS] GODMODE_ACTOR_COST={"id":"soldier-e9","visual":true,"ms":0.684}
[JS] GODMODE_SYSTEM_ADMIN_DESPAWNED=soldier-e8
[JS] GODMODE_SYSTEM_ADMIN_DESPAWNED=soldier-e9
[JS] GODMODE_ROGUELITE_CLEAR_BEAT
ERROR: Condition "p.d == 0" is true. Returning: Point2()
   at: Camera3D::unproject_position (scene\3d\camera_3d.cpp:482)
   GDScript backtrace (most recent call first):
       [0] _append_nodes (res://tools/godot-cli/runner/inspection_bridge.gd:449)
       [1] _append_nodes (res://tools/godot-cli/runner/inspection_bridge.gd:575)
       [2] _append_nodes (res://tools/godot-cli/runner/inspection_bridge.gd:575)
       [3] _snapshot_with_store (res://tools/godot-cli/runner/inspection_bridge.gd:394)
       [4] _respond (res://tools/godot-cli/runner/inspection_bridge.gd:377)
       [5] _process (res://tools/godot-cli/runner/inspection_bridge.gd:213)
ERROR: Condition "p.d == 0" is true. Returning: Point2()
   at: Camera3D::unproject_position (scene\3d\camera_3d.cpp:482)
   GDScript backtrace (most recent call first):
       [0] _append_nodes (res://tools/godot-cli/runner/inspection_bridge.gd:449)
       [1] _append_nodes (res://tools/godot-cli/runner/inspection_bridge.gd:575)
       [2] _append_nodes (res://tools/godot-cli/runner/inspection_bridge.gd:575)
       [3] _append_nodes (res://tools/godot-cli/runner/inspection_bridge.gd:575)
       [4] _snapshot_with_store (res://tools/godot-cli/runner/inspection_bridge.gd:394)
       [5] _respond (res://tools/godot-cli/runner/inspection_bridge.gd:377)
       [6] _process (res://tools/godot-cli/runner/inspection_bridge.gd:213)
ERROR: Condition "p.d == 0" is true. Returning: Point2()
   at: Camera3D::unproject_position (scene\3d\camera_3d.cpp:482)
   GDScript backtrace (most recent call first):
       [0] _append_nodes (res://tools/godot-cli/runner/inspection_bridge.gd:449)
       [1] _append_nodes (res://tools/godot-cli/runner/inspection_bridge.gd:575)
       [2] _append_nodes (res://tools/godot-cli/runner/inspection_bridge.gd:575)
       [3] _append_nodes (res://tools/godot-cli/runner/inspection_bridge.gd:575)
       [4] _append_nodes (res://tools/godot-cli/runner/inspection_bridge.gd:575)
       [5] _snapshot_with_store (res://tools/godot-cli/runner/inspection_bridge.gd:394)
       [6] _respond (res://tools/godot-cli/runner/inspection_bridge.gd:377)
       [7] _process (res://tools/godot-cli/runner/inspection_bridge.gd:213)
ERROR: Condition "p.d == 0" is true. Returning: Point2()
   at: Camera3D::unproject_position (scene\3d\camera_3d.cpp:482)
   GDScript backtrace (most recent call first):
       [0] _append_nodes (res://tools/godot-cli/runner/inspection_bridge.gd:449)
       [1] _append_nodes (res://tools/godot-cli/runner/inspection_bridge.gd:575)
       [2] _append_nodes (res://tools/godot-cli/runner/inspection_bridge.gd:575)
       [3] _append_nodes (res://tools/godot-cli/runner/inspection_bridge.gd:575)
       [4] _append_nodes (res://tools/godot-cli/runner/inspection_bridge.gd:575)
       [5] _append_nodes (res://tools/godot-cli/runner/inspection_bridge.gd:575)
       [6] _snapshot_with_store (res://tools/godot-cli/runner/inspection_bridge.gd:394)
       [7] _respond (res://tools/godot-cli/runner/inspection_bridge.gd:377)
       [8] _process (res://tools/godot-cli/runner/inspection_bridge.gd:213)
ERROR: Condition "p.d == 0" is true. Returning: Point2()
   at: Camera3D::unproject_position (scene\3d\camera_3d.cpp:482)
   GDScript backtrace (most recent call first):
       [0] _append_nodes (res://tools/godot-cli/runner/inspection_bridge.gd:449)
       [1] _append_nodes (res://tools/godot-cli/runner/inspection_bridge.gd:575)
       [2] _append_nodes (res://tools/godot-cli/runner/inspection_bridge.gd:575)
       [3] _append_nodes (res://tools/godot-cli/runner/inspection_bridge.gd:575)
       [4] _append_nodes (res://tools/godot-cli/runner/inspection_bridge.gd:575)
       [5] _append_nodes (res://tools/godot-cli/runner/inspection_bridge.gd:575)
       [6] _append_nodes (res://tools/godot-cli/runner/inspection_bridge.gd:575)
       [7] _snapshot_with_store (res://tools/godot-cli/runner/inspection_bridge.gd:394)
       [8] _respond (res://tools/godot-cli/runner/inspection_bridge.gd:377)
       [9] _process (res://tools/godot-cli/runner/inspection_bridge.gd:213)
ERROR: Condition "p.d == 0" is true. Returning: Point2()
   at: Camera3D::unproject_position (scene\3d\camera_3d.cpp:482)
   GDScript backtrace (most recent call first):
       [0] _append_nodes (res://tools/godot-cli/runner/inspection_bridge.gd:449)
       [1] _append_nodes (res://tools/godot-cli/runner/inspection_bridge.gd:575)
       [2] _append_nodes (res://tools/godot-cli/runner/inspection_bridge.gd:575)
       [3] _append_nodes (res://tools/godot-cli/runner/inspection_bridge.gd:575)
       [4] _append_nodes (res://tools/godot-cli/runner/inspection_bridge.gd:575)
       [5] _append_nodes (res://tools/godot-cli/runner/inspection_bridge.gd:575)
       [6] _append_nodes (res://tools/godot-cli/runner/inspection_bridge.gd:575)
       [7] _append_nodes (res://tools/godot-cli/runner/inspection_bridge.gd:575)
       [8] _snapshot_with_store (res://tools/godot-cli/runner/inspection_bridge.gd:394)
       [9] _respond (res://tools/godot-cli/runner/inspection_bridge.gd:377)
       [10] _process (res://tools/godot-cli/runner/inspection_bridge.gd:213)
ERROR: Condition "p.d == 0" is true. Returning: Point2()
   at: Camera3D::unproject_position (scene\3d\camera_3d.cpp:482)
   GDScript backtrace (most recent call first):
       [0] _append_nodes (res://tools/godot-cli/runner/inspection_bridge.gd:449)
       [1] _append_nodes (res://tools/godot-cli/runner/inspection_bridge.gd:575)
       [2] _append_nodes (res://tools/godot-cli/runner/inspection_bridge.gd:575)
       [3] _append_nodes (res://tools/godot-cli/runner/inspection_bridge.gd:575)
       [4] _append_nodes (res://tools/godot-cli/runner/inspection_bridge.gd:575)
       [5] _append_nodes (res://tools/godot-cli/runner/inspection_bridge.gd:575)
       [6] _append_nodes (res://tools/godot-cli/runner/inspection_bridge.gd:575)
       [7] _append_nodes (res://tools/godot-cli/runner/inspection_bridge.gd:575)
       [8] _append_nodes (res://tools/godot-cli/runner/inspection_bridge.gd:575)
       [9] _snapshot_with_store (res://tools/godot-cli/runner/inspection_bridge.gd:394)
       [10] _respond (res://tools/godot-cli/runner/inspection_bridge.gd:377)
       [11] _process (res://tools/godot-cli/runner/inspection_bridge.gd:213)
ERROR: Condition "p.d == 0" is true. Returning: Point2()
   at: Camera3D::unproject_position (scene\3d\camera_3d.cpp:482)
   GDScript backtrace (most recent call first):
       [0] _append_nodes (res://tools/godot-cli/runner/inspection_bridge.gd:449)
       [1] _append_nodes (res://tools/godot-cli/runner/inspection_bridge.gd:575)
       [2] _append_nodes (res://tools/godot-cli/runner/inspection_bridge.gd:575)
       [3] _append_nodes (res://tools/godot-cli/runner/inspection_bridge.gd:575)
       [4] _append_nodes (res://tools/godot-cli/runner/inspection_bridge.gd:575)
       [5] _snapshot_with_store (res://tools/godot-cli/runner/inspection_bridge.gd:394)
       [6] _respond (res://tools/godot-cli/runner/inspection_bridge.gd:377)
       [7] _process (res://tools/godot-cli/runner/inspection_bridge.gd:213)
ERROR: Condition "p.d == 0" is true. Returning: Point2()
   at: Camera3D::unproject_position (scene\3d\camera_3d.cpp:482)
   GDScript backtrace (most recent call first):
       [0] _append_nodes (res://tools/godot-cli/runner/inspection_bridge.gd:449)
       [1] _append_nodes (res://tools/godot-cli/runner/inspection_bridge.gd:575)
       [2] _append_nodes (res://tools/godot-cli/runner/inspection_bridge.gd:575)
       [3] _append_nodes (res://tools/godot-cli/runner/inspection_bridge.gd:575)
       [4] _append_nodes (res://tools/godot-cli/runner/inspection_bridge.gd:575)
       [5] _append_nodes (res://tools/godot-cli/runner/inspection_bridge.gd:575)
       [6] _snapshot_with_store (res://tools/godot-cli/runner/inspection_bridge.gd:394)
       [7] _respond (res://tools/godot-cli/runner/inspection_bridge.gd:377)
       [8] _process (res://tools/godot-cli/runner/inspection_bridge.gd:213)
ERROR: Condition "p.d == 0" is true. Returning: Point2()
   at: Camera3D::unproject_position (scene\3d\camera_3d.cpp:482)
   GDScript backtrace (most recent call first):
       [0] _append_nodes (res://tools/godot-cli/runner/inspection_bridge.gd:449)
       [1] _append_nodes (res://tools/godot-cli/runner/inspection_bridge.gd:575)
       [2] _append_nodes (res://tools/godot-cli/runner/inspection_bridge.gd:575)
       [3] _append_nodes (res://tools/godot-cli/runner/inspection_bridge.gd:575)
       [4] _append_nodes (res://tools/godot-cli/runner/inspection_bridge.gd:575)
       [5] _append_nodes (res://tools/godot-cli/runner/inspection_bridge.gd:575)
       [6] _append_nodes (res://tools/godot-cli/runner/inspection_bridge.gd:575)
       [7] _snapshot_with_store (res://tools/godot-cli/runner/inspection_bridge.gd:394)
       [8] _respond (res://tools/godot-cli/runner/inspection_bridge.gd:377)
       [9] _process (res://tools/godot-cli/runner/inspection_bridge.gd:213)
ERROR: Condition "p.d == 0" is true. Returning: Point2()
   at: Camera3D::unproject_position (scene\3d\camera_3d.cpp:482)
   GDScript backtrace (most recent call first):
       [0] _append_nodes (res://tools/godot-cli/runner/inspection_bridge.gd:449)
       [1] _append_nodes (res://tools/godot-cli/runner/inspection_bridge.gd:575)
       [2] _append_nodes (res://tools/godot-cli/runner/inspection_bridge.gd:575)
       [3] _append_nodes (res://tools/godot-cli/runner/inspection_bridge.gd:575)
       [4] _append_nodes (res://tools/godot-cli/runner/inspection_bridge.gd:575)
       [5] _append_nodes (res://tools/godot-cli/runner/inspection_bridge.gd:575)
       [6] _append_nodes (res://tools/godot-cli/runner/inspection_bridge.gd:575)
       [7] _append_nodes (res://tools/godot-cli/runner/inspection_bridge.gd:575)
       [8] _snapshot_with_store (res://tools/godot-cli/runner/inspection_bridge.gd:394)
       [9] _respond (res://tools/godot-cli/runner/inspection_bridge.gd:377)
       [10] _process (res://tools/godot-cli/runner/inspection_bridge.gd:213)
ERROR: Condition "p.d == 0" is true. Returning: Point2()
   at: Camera3D::unproject_position (scene\3d\camera_3d.cpp:482)
   GDScript backtrace (most recent call first):
       [0] _append_nodes (res://tools/godot-cli/runner/inspection_bridge.gd:449)
       [1] _append_nodes (res://tools/godot-cli/runner/inspection_bridge.gd:575)
       [2] _append_nodes (res://tools/godot-cli/runner/inspection_bridge.gd:575)
       [3] _append_nodes (res://tools/godot-cli/runner/inspection_bridge.gd:575)
       [4] _append_nodes (res://tools/godot-cli/runner/inspection_bridge.gd:575)
       [5] _append_nodes (res://tools/godot-cli/runner/inspection_bridge.gd:575)
       [6] _append_nodes (res://tools/godot-cli/runner/inspection_bridge.gd:575)
       [7] _append_nodes (res://tools/godot-cli/runner/inspection_bridge.gd:575)
       [8] _append_nodes (res://tools/godot-cli/runner/inspection_bridge.gd:575)
       [9] _snapshot_with_store (res://tools/godot-cli/runner/inspection_bridge.gd:394)
       [10] _respond (res://tools/godot-cli/runner/inspection_bridge.gd:377)
       [11] _process (res://tools/godot-cli/runner/inspection_bridge.gd:213)
ERROR: Condition "p.d == 0" is true. Returning: Point2()
   at: Camera3D::unproject_position (scene\3d\camera_3d.cpp:482)
   GDScript backtrace (most recent call first):
       [0] _append_nodes (res://tools/godot-cli/runner/inspection_bridge.gd:449)
       [1] _append_nodes (res://tools/godot-cli/runner/inspection_bridge.gd:575)
       [2] _append_nodes (res://tools/godot-cli/runner/inspection_bridge.gd:575)
       [3] _append_nodes (res://tools/godot-cli/runner/inspection_bridge.gd:575)
       [4] _snapshot_with_store (res://tools/godot-cli/runner/inspection_bridge.gd:394)
       [5] _respond (res://tools/godot-cli/runner/inspection_bridge.gd:377)
       [6] _process (res://tools/godot-cli/runner/inspection_bridge.gd:213)
ERROR: Condition "p.d == 0" is true. Returning: Point2()
   at: Camera3D::unproject_position (scene\3d\camera_3d.cpp:482)
   GDScript backtrace (most recent call first):
       [0] _append_nodes (res://tools/godot-cli/runner/inspection_bridge.gd:449)
       [1] _append_nodes (res://tools/godot-cli/runner/inspection_bridge.gd:575)
       [2] _append_nodes (res://tools/godot-cli/runner/inspection_bridge.gd:575)
       [3] _append_nodes (res://tools/godot-cli/runner/inspection_bridge.gd:575)
       [4] _append_nodes (res://tools/godot-cli/runner/inspection_bridge.gd:575)
       [5] _snapshot_with_store (res://tools/godot-cli/runner/inspection_bridge.gd:394)
       [6] _respond (res://tools/godot-cli/runner/inspection_bridge.gd:377)
       [7] _process (res://tools/godot-cli/runner/inspection_bridge.gd:213)
ERROR: Condition "p.d == 0" is true. Returning: Point2()
   at: Camera3D::unproject_position (scene\3d\camera_3d.cpp:482)
   GDScript backtrace (most recent call first):
       [0] _append_nodes (res://tools/godot-cli/runner/inspection_bridge.gd:449)
       [1] _append_nodes (res://tools/godot-cli/runner/inspection_bridge.gd:575)
       [2] _append_nodes (res://tools/godot-cli/runner/inspection_bridge.gd:575)
       [3] _append_nodes (res://tools/godot-cli/runner/inspection_bridge.gd:575)
       [4] _append_nodes (res://tools/godot-cli/runner/inspection_bridge.gd:575)
       [5] _append_nodes (res://tools/godot-cli/runner/inspection_bridge.gd:575)
       [6] _snapshot_with_store (res://tools/godot-cli/runner/inspection_bridge.gd:394)
       [7] _respond (res://tools/godot-cli/runner/inspection_bridge.gd:377)
       [8] _process (res://tools/godot-cli/runner/inspection_bridge.gd:213)
ERROR: Condition "p.d == 0" is true. Returning: Point2()
   at: Camera3D::unproject_position (scene\3d\camera_3d.cpp:482)
   GDScript backtrace (most recent call first):
       [0] _append_nodes (res://tools/godot-cli/runner/inspection_bridge.gd:449)
       [1] _append_nodes (res://tools/godot-cli/runner/inspection_bridge.gd:575)
       [2] _append_nodes (res://tools/godot-cli/runner/inspection_bridge.gd:575)
       [3] _append_nodes (res://tools/godot-cli/runner/inspection_bridge.gd:575)
       [4] _snapshot_with_store (res://tools/godot-cli/runner/inspection_bridge.gd:394)
       [5] _respond (res://tools/godot-cli/runner/inspection_bridge.gd:377)
       [6] _process (res://tools/godot-cli/runner/inspection_bridge.gd:213)
[JS] GODMODE_PATROL_PRESENTATION={"id":"soldier-e10","distance":44.435245513916016,"visible":true,"seenPast":"nothing"}
ERROR: [JS] PATROL_VISIBLE_BIRTH=soldier-e10
   at: console.<computed> [as error] (res:\\..\..\..\scripts\log_file.ts:93)
[JS] GODMODE_ACTOR_COST={"id":"soldier-e10","visual":true,"ms":0.693}
[JS] GODMODE_ACTOR_COST={"id":"soldier-e10","visual":false,"ms":0.096}
[JS] GODMODE_SYSTEM_ADMIN_SPAWNED=soldier-e10
[JS] GODMODE_SYSTEM_ADMIN_TARGET=soldier-e10:2
[JS] GODMODE_ACTOR_COST={"id":"soldier-e11","visual":false,"ms":0.121}
[JS] GODMODE_SYSTEM_ADMIN_SPAWNED=soldier-e11
[JS] GODMODE_PATROL_PRESENTATION={"id":"soldier-e11","distance":219.70860290527344,"visible":false,"seenPast":""}
[JS] GODMODE_ACTOR_COST={"id":"soldier-e11","visual":true,"ms":0.611}
[JS] GODMODE_SYSTEM_ADMIN_TARGET=soldier-e11:2
[JS] GODMODE_PATROL_PRESENTATION={"id":"soldier-e12","distance":202.2964630126953,"visible":false,"seenPast":""}
[JS] GODMODE_ACTOR_COST={"id":"soldier-e12","visual":true,"ms":0.611}
[JS] GODMODE_ACTOR_COST={"id":"soldier-e12","visual":false,"ms":0.072}
[JS] GODMODE_SYSTEM_ADMIN_SPAWNED=soldier-e12
[JS] GODMODE_SYSTEM_ADMIN_TARGET=soldier-e12:2
[JS] GODMODE_ACTOR_COST={"id":"soldier-e13","visual":false,"ms":0.1}
[JS] GODMODE_SYSTEM_ADMIN_SPAWNED=soldier-e13
[JS] GODMODE_PATROL_PRESENTATION={"id":"soldier-e13","distance":51.557334899902344,"visible":true,"seenPast":"nothing"}
ERROR: [JS] PATROL_VISIBLE_BIRTH=soldier-e13
   at: console.<computed> [as error] (res:\\..\..\..\scripts\log_file.ts:93)
[JS] GODMODE_ACTOR_COST={"id":"soldier-e13","visual":true,"ms":0.55}
[JS] GODMODE_SYSTEM_ADMIN_TARGET=soldier-e13:2
[JS] GODMODE_ACTOR_COST={"id":"soldier-e14","visual":false,"ms":0.108}
[JS] GODMODE_SYSTEM_ADMIN_SPAWNED=soldier-e14
[JS] GODMODE_PATROL_PRESENTATION={"id":"soldier-e14","distance":291.1988525390625,"visible":false,"seenPast":""}
[JS] GODMODE_ACTOR_COST={"id":"soldier-e14","visual":true,"ms":0.565}
[JS] GODMODE_SYSTEM_ADMIN_TARGET=soldier-e14:2
[JS] GODMODE_ACTOR_COST={"id":"soldier-e15","visual":false,"ms":0.1}
[JS] GODMODE_SYSTEM_ADMIN_SPAWNED=soldier-e15
[JS] GODMODE_PATROL_PRESENTATION={"id":"soldier-e15","distance":370.783447265625,"visible":false,"seenPast":""}
[JS] GODMODE_ACTOR_COST={"id":"soldier-e15","visual":true,"ms":0.501}
[JS] GODMODE_SYSTEM_ADMIN_TARGET=soldier-e15:2
[JS] GODMODE_ACTOR_COST={"id":"soldier-e16","visual":false,"ms":0.097}
[JS] GODMODE_SYSTEM_ADMIN_SPAWNED=soldier-e16
[JS] GODMODE_PATROL_PRESENTATION={"id":"soldier-e16","distance":409.5696716308594,"visible":false,"seenPast":""}
[JS] GODMODE_ACTOR_COST={"id":"soldier-e16","visual":true,"ms":0.517}
[JS] GODMODE_SYSTEM_ADMIN_TARGET=soldier-e16:2
[JS] GODMODE_ACTOR_COST={"id":"soldier-e17","visual":false,"ms":0.098}
[JS] GODMODE_SYSTEM_ADMIN_SPAWNED=soldier-e17
[JS] GODMODE_PATROL_PRESENTATION={"id":"soldier-e17","distance":208.67727661132812,"visible":false,"seenPast":""}
[JS] GODMODE_ACTOR_COST={"id":"soldier-e17","visual":true,"ms":0.504}
[JS] GODMODE_SYSTEM_ADMIN_TARGET=soldier-e17:2
[JS] GODMODE_PATROL_PRESENTATION={"id":"soldier-e18","distance":208.18275451660156,"visible":false,"seenPast":""}
[JS] GODMODE_ACTOR_COST={"id":"soldier-e18","visual":true,"ms":0.796}
[JS] GODMODE_ACTOR_COST={"id":"soldier-e18","visual":false,"ms":0.086}
[JS] GODMODE_SYSTEM_ADMIN_SPAWNED=soldier-e18
[JS] GODMODE_SYSTEM_ADMIN_TARGET=soldier-e18:2
[JS] GODMODE_ACTOR_COST={"id":"soldier-e19","visual":false,"ms":0.098}
[JS] GODMODE_SYSTEM_ADMIN_SPAWNED=soldier-e19
[JS] GODMODE_PATROL_PRESENTATION={"id":"soldier-e19","distance":204.79689025878906,"visible":false,"seenPast":""}
[JS] GODMODE_ACTOR_COST={"id":"soldier-e19","visual":true,"ms":0.508}
[JS] GODMODE_FIRST_RUN_HINT=infoPanel
[JS] GODMODE_SYSTEM_ADMIN_TARGET=soldier-e19:2
[JS] GODMODE_PATROL_PRESENTATION={"id":"soldier-e20","distance":215.1146240234375,"visible":false,"seenPast":""}
[JS] GODMODE_ACTOR_COST={"id":"soldier-e20","visual":true,"ms":0.654}
[JS] GODMODE_ACTOR_COST={"id":"soldier-e20","visual":false,"ms":0.077}
[JS] GODMODE_SYSTEM_ADMIN_SPAWNED=soldier-e20
[JS] GODMODE_SYSTEM_ADMIN_TARGET=soldier-e20:2
[JS] GODMODE_ACTOR_COST={"id":"soldier-e21","visual":false,"ms":0.103}
[JS] GODMODE_SYSTEM_ADMIN_SPAWNED=soldier-e21
[JS] GODMODE_PATROL_PRESENTATION={"id":"soldier-e21","distance":291.1988525390625,"visible":false,"seenPast":""}
[JS] GODMODE_ACTOR_COST={"id":"soldier-e21","visual":true,"ms":0.504}
[JS] GODMODE_SYSTEM_ADMIN_TARGET=soldier-e21:2
[JS] GODMODE_ACTOR_COST={"id":"soldier-e22","visual":false,"ms":0.133}
[JS] GODMODE_SYSTEM_ADMIN_SPAWNED=soldier-e22
[JS] GODMODE_PATROL_PRESENTATION={"id":"soldier-e22","distance":86.4912338256836,"visible":false,"seenPast":""}
[JS] GODMODE_ACTOR_COST={"id":"soldier-e22","visual":true,"ms":0.497}
[JS] GODMODE_SYSTEM_ADMIN_TARGET=soldier-e22:2
[JS] GODMODE_PATROL_PRESENTATION={"id":"soldier-e23","distance":357.5716857910156,"visible":false,"seenPast":""}
[JS] GODMODE_ACTOR_COST={"id":"soldier-e23","visual":true,"ms":0.544}
[JS] GODMODE_ACTOR_COST={"id":"soldier-e23","visual":false,"ms":0.067}
[JS] GODMODE_SYSTEM_ADMIN_SPAWNED=soldier-e23
[JS] GODMODE_SYSTEM_ADMIN_TARGET=soldier-e23:2
[JS] GODMODE_SOLDIER_SHOT=soldier-e11:rifle:2:miss
[JS] GODMODE_SOLDIER_SHOT=soldier-e11:rifle:2:miss
[JS] GODMODE_SOLDIER_SHOT=soldier-e11:rifle:2:hit
[JS] GODMODE_SOLDIER_SHOT=soldier-e11:rifle:2:miss
[JS] GODMODE_SOLDIER_SHOT=soldier-e11:rifle:2:miss
[JS] GODMODE_SOLDIER_SHOT=soldier-e17:rifle:2:miss
[JS] GODMODE_SOLDIER_SHOT=soldier-e17:rifle:2:miss
[JS] GODMODE_SOLDIER_SHOT=soldier-e17:rifle:2:miss
[JS] GODMODE_SOLDIER_SHOT=soldier-e17:rifle:2:miss
[JS] GODMODE_SOLDIER_SHOT=soldier-e17:rifle:2:miss
[JS] GODMODE_SOLDIER_SHOT=soldier-e19:rifle:2:miss
[JS] GODMODE_SOLDIER_SHOT=soldier-e19:rifle:2:miss
[JS] GODMODE_SOLDIER_SHOT=soldier-e19:rifle:2:miss
[JS] GODMODE_SOLDIER_SHOT=soldier-e19:rifle:2:miss
[JS] GODMODE_SOLDIER_SHOT=soldier-e19:rifle:2:hit
[JS] GODMODE_SOLDIER_SHOT=soldier-e11:rifle:2:miss
[JS] GODMODE_SOLDIER_SHOT=soldier-e11:rifle:2:miss
[JS] GODMODE_SOLDIER_SHOT=soldier-e11:rifle:2:miss
[JS] GODMODE_SOLDIER_SHOT=soldier-e11:rifle:2:hit
[JS] GODMODE_SUPPLY_AUTO=1:35251:46175
[JS] GODMODE_SUPPLY_LAUNCHED=1:upgrade:-532.9:-17.2:-352.4
[JS] GODMODE_SOLDIER_SHOT=soldier-e11:rifle:2:hit
[JS] GODMODE_SOLDIER_SHOT=soldier-e17:rifle:2:miss
[JS] GODMODE_SOLDIER_SHOT=soldier-e17:rifle:2:miss
[JS] GODMODE_SOLDIER_SHOT=soldier-e17:rifle:2:hit
[JS] GODMODE_SOLDIER_SHOT=soldier-e17:rifle:2:miss
[JS] GODMODE_SOLDIER_SHOT=soldier-e17:rifle:2:hit
[JS] GODMODE_SOLDIER_SHOT=soldier-e19:rifle:2:hit
[JS] GODMODE_SOLDIER_SHOT=soldier-e19:rifle:2:miss
[JS] GODMODE_SOLDIER_SHOT=soldier-e19:rifle:2:miss
[JS] GODMODE_SOLDIER_SHOT=soldier-e19:rifle:2:miss
[JS] GODMODE_SOLDIER_SHOT=soldier-e19:rifle:2:miss
[JS] GODMODE_SOLDIER_SHOT=soldier-e11:rifle:2:miss
[JS] GODMODE_SOLDIER_SHOT=soldier-e11:rifle:2:miss
[JS] GODMODE_SOLDIER_SHOT=soldier-e11:rifle:2:hit
[JS] GODMODE_SOLDIER_SHOT=soldier-e11:rifle:2:miss
[JS] GODMODE_SOLDIER_SHOT=soldier-e11:rifle:2:miss
[JS] GODMODE_SOLDIER_SHOT=soldier-e18:rifle:2:hit
[JS] GODMODE_SOLDIER_SHOT=soldier-e18:rifle:2:hit
[JS] GODMODE_SOLDIER_SHOT=soldier-e18:rifle:2:miss
[JS] GODMODE_SOLDIER_SHOT=soldier-e18:rifle:2:hit
[JS] GODMODE_SOLDIER_SHOT=soldier-e18:rifle:2:hit
[JS] GODMODE_SOLDIER_SHOT=soldier-e17:rifle:2:miss
[JS] GODMODE_SOLDIER_SHOT=soldier-e17:rifle:2:miss
[JS] GODMODE_SOLDIER_SHOT=soldier-e17:rifle:2:hit
[JS] GODMODE_SOLDIER_SHOT=soldier-e17:rifle:2:miss
[JS] GODMODE_SOLDIER_SHOT=soldier-e17:rifle:2:miss
[JS] GODMODE_SOLDIER_SHOT=soldier-e19:rifle:2:hit
[JS] GODMODE_SOLDIER_SHOT=soldier-e19:rifle:2:miss
[JS] GODMODE_SOLDIER_SHOT=soldier-e19:rifle:2:miss
[JS] GODMODE_SOLDIER_SHOT=soldier-e19:rifle:2:hit
[JS] GODMODE_SOLDIER_SHOT=soldier-e19:rifle:2:miss
[JS] GODMODE_SOLDIER_SHOT=soldier-e11:rifle:2:miss
[JS] GODMODE_SOLDIER_SHOT=soldier-e11:rifle:2:miss
[JS] GODMODE_SOLDIER_SHOT=soldier-e11:rifle:2:miss
[JS] GODMODE_SOLDIER_SHOT=soldier-e11:rifle:2:hit
[JS] GODMODE_SOLDIER_SHOT=soldier-e11:rifle:2:hit
[JS] GODMODE_SOLDIER_SHOT=soldier-e18:rifle:2:hit
[JS] GODMODE_SOLDIER_SHOT=soldier-e18:rifle:2:miss
[JS] GODMODE_SOLDIER_SHOT=soldier-e18:rifle:2:hit
[JS] GODMODE_ACTOR_COST={"id":"soldier-e24","visual":false,"ms":0.092}
[JS] GODMODE_SYSTEM_ADMIN_SPAWNED=soldier-e24
[JS] GODMODE_SOLDIER_SHOT=soldier-e18:rifle:2:miss
[JS] GODMODE_PATROL_PRESENTATION={"id":"soldier-e24","distance":461.2330322265625,"visible":false,"seenPast":""}
[JS] GODMODE_ACTOR_COST={"id":"soldier-e24","visual":true,"ms":0.524}
[JS] GODMODE_SOLDIER_SHOT=soldier-e18:rifle:2:miss
[JS] GODMODE_SOLDIER_SHOT=soldier-e22:rifle:2:miss
[JS] GODMODE_SOLDIER_SHOT=soldier-e22:rifle:2:miss
[JS] GODMODE_SOLDIER_SHOT=soldier-e22:rifle:2:miss
[JS] GODMODE_SOLDIER_SHOT=soldier-e22:rifle:2:miss
[JS] GODMODE_SYSTEM_ADMIN_TARGET=soldier-e24:2
[JS] GODMODE_SOLDIER_SHOT=soldier-e22:rifle:2:hit
[JS] GODMODE_SOLDIER_SHOT=soldier-e17:rifle:2:hit
[JS] GODMODE_SOLDIER_SHOT=soldier-e17:rifle:2:hit
[JS] GODMODE_SOLDIER_SHOT=soldier-e17:rifle:2:miss
[JS] GODMODE_SOLDIER_SHOT=soldier-e17:rifle:2:miss
[JS] GODMODE_SUPPLY_LANDED=1:1:-532.93:-17.16:-352.37:3:0
[JS] GODMODE_SOLDIER_SHOT=soldier-e17:rifle:2:miss
[JS] GODMODE_SOLDIER_SHOT=soldier-e19:rifle:2:miss
[JS] GODMODE_SOLDIER_SHOT=soldier-e19:rifle:2:miss
[JS] GODMODE_SOLDIER_SHOT=soldier-e19:rifle:2:miss
[JS] GODMODE_SOLDIER_SHOT=soldier-e19:rifle:2:miss
[JS] GODMODE_SOLDIER_SHOT=soldier-e19:rifle:2:hit
[JS] GODMODE_SOLDIER_SHOT=soldier-e11:rifle:2:miss
[JS] GODMODE_SOLDIER_SHOT=soldier-e11:rifle:2:hit
[JS] GODMODE_SOLDIER_SHOT=soldier-e11:rifle:2:miss
[JS] GODMODE_SOLDIER_SHOT=soldier-e11:rifle:2:miss
[JS] GODMODE_SOLDIER_SHOT=soldier-e11:rifle:2:hit
[JS] GODMODE_SOLDIER_SHOT=soldier-e18:rifle:2:miss
[JS] GODMODE_SOLDIER_SHOT=soldier-e18:rifle:2:miss
[JS] GODMODE_SOLDIER_SHOT=soldier-e18:rifle:2:miss
[JS] GODMODE_SOLDIER_SHOT=soldier-e18:rifle:2:hit
[JS] GODMODE_SOLDIER_SHOT=soldier-e18:rifle:2:miss
[JS] GODMODE_SOLDIER_SHOT=soldier-e17:rifle:2:miss
[JS] GODMODE_SOLDIER_SHOT=soldier-e17:rifle:2:miss
[JS] GODMODE_SOLDIER_SHOT=soldier-e17:rifle:2:miss
[JS] GODMODE_SOLDIER_SHOT=soldier-e17:rifle:2:miss
[JS] GODMODE_SOLDIER_SHOT=soldier-e17:rifle:2:miss
[JS] GODMODE_SOLDIER_SHOT=soldier-e19:rifle:2:miss
[JS] GODMODE_SOLDIER_SHOT=soldier-e19:rifle:2:hit
[JS] GODMODE_SOLDIER_SHOT=soldier-e19:rifle:2:hit
[JS] GODMODE_SOLDIER_SHOT=soldier-e19:rifle:2:miss
[JS] GODMODE_SOLDIER_SHOT=soldier-e19:rifle:2:miss
[JS] GODMODE_SOLDIER_SHOT=soldier-e11:rifle:2:miss
[JS] GODMODE_SOLDIER_SHOT=soldier-e11:rifle:2:miss
[JS] GODMODE_SOLDIER_SHOT=soldier-e11:rifle:2:miss
[JS] GODMODE_SOLDIER_SHOT=soldier-e11:rifle:2:hit
[JS] GODMODE_SOLDIER_SHOT=soldier-e11:rifle:2:hit
[JS] GODMODE_SOLDIER_SHOT=soldier-e14:rifle:2:miss
[JS] GODMODE_SOLDIER_SHOT=soldier-e14:rifle:2:miss
[JS] GODMODE_SOLDIER_SHOT=soldier-e14:rifle:2:miss
[JS] GODMODE_SOLDIER_SHOT=soldier-e14:rifle:2:miss
[JS] GODMODE_SOLDIER_SHOT=soldier-e14:rifle:2:miss
[JS] GODMODE_SOLDIER_SHOT=soldier-e18:rifle:2:hit
[JS] GODMODE_SOLDIER_SHOT=soldier-e18:rifle:2:miss
[JS] GODMODE_SOLDIER_SHOT=soldier-e18:rifle:2:miss
[JS] GODMODE_SOLDIER_SHOT=soldier-e18:rifle:2:miss
[JS] GODMODE_SOLDIER_SHOT=soldier-e18:rifle:2:miss
[JS] GODMODE_SOLDIER_SHOT=soldier-e17:rifle:2:miss
[JS] GODMODE_SOLDIER_SHOT=soldier-e17:rifle:2:miss
[JS] GODMODE_SOLDIER_SHOT=soldier-e17:rifle:2:miss
[JS] GODMODE_SOLDIER_SHOT=soldier-e17:rifle:2:miss
[JS] GODMODE_SOLDIER_SHOT=soldier-e17:rifle:2:hit
[JS] GODMODE_SOLDIER_SHOT=soldier-e19:rifle:2:miss
[JS] GODMODE_SOLDIER_SHOT=soldier-e19:rifle:2:miss
[JS] GODMODE_SOLDIER_SHOT=soldier-e19:rifle:2:miss
[JS] GODMODE_SOLDIER_SHOT=soldier-e19:rifle:2:miss
[JS] GODMODE_SOLDIER_SHOT=soldier-e19:rifle:2:miss
[JS] GODMODE_SOLDIER_SHOT=soldier-e11:rifle:2:miss
[JS] GODMODE_SOLDIER_SHOT=soldier-e11:rifle:2:miss
[JS] GODMODE_SOLDIER_SHOT=soldier-e11:rifle:2:miss
[JS] GODMODE_SOLDIER_SHOT=soldier-e11:rifle:2:miss
[JS] GODMODE_SOLDIER_SHOT=soldier-e11:rifle:2:hit
[JS] GODMODE_SOLDIER_SHOT=soldier-e14:rifle:2:miss
[JS] GODMODE_SOLDIER_SHOT=soldier-e14:rifle:2:miss
[JS] GODMODE_SOLDIER_SHOT=soldier-e14:rifle:2:miss
[JS] GODMODE_SOLDIER_SHOT=soldier-e14:rifle:2:miss
[JS] GODMODE_SOLDIER_SHOT=soldier-e14:rifle:2:miss
[JS] GODMODE_SOLDIER_SHOT=soldier-e22:rifle:2:miss
[JS] GODMODE_SOLDIER_SHOT=soldier-e22:rifle:2:miss
[JS] GODMODE_SOLDIER_SHOT=soldier-e22:rifle:2:miss
[JS] GODMODE_SOLDIER_SHOT=soldier-e22:rifle:2:miss
[JS] GODMODE_SOLDIER_SHOT=soldier-e22:rifle:2:miss
[JS] GODMODE_SOLDIER_SHOT=soldier-e18:rifle:2:miss
[JS] GODMODE_SOLDIER_SHOT=soldier-e18:rifle:2:miss
[JS] GODMODE_SOLDIER_SHOT=soldier-e18:rifle:2:miss
[JS] GODMODE_SOLDIER_SHOT=soldier-e18:rifle:2:miss
[JS] GODMODE_SOLDIER_SHOT=soldier-e18:rifle:2:hit
[JS] GODMODE_SURVIVAL_MINUTE=1:rifleman+smg:-
[JS] GODMODE_SOLDIER_SHOT=soldier-e21:rifle:2:hit
[JS] GODMODE_SOLDIER_SHOT=soldier-e21:rifle:2:miss
[JS] GODMODE_SOLDIER_SHOT=soldier-e21:rifle:2:miss
[JS] GODMODE_SOLDIER_SHOT=soldier-e21:rifle:2:miss
[JS] GODMODE_SOLDIER_SHOT=soldier-e21:rifle:2:hit
[JS] GODMODE_SOLDIER_SHOT=soldier-e17:rifle:2:miss
[JS] GODMODE_SOLDIER_SHOT=soldier-e17:rifle:2:miss
[JS] GODMODE_SOLDIER_SHOT=soldier-e17:rifle:2:miss
[JS] GODMODE_SOLDIER_SHOT=soldier-e17:rifle:2:miss
[JS] GODMODE_SOLDIER_SHOT=soldier-e17:rifle:2:miss
[JS] GODMODE_SOLDIER_SHOT=soldier-e19:rifle:2:miss
[JS] GODMODE_SOLDIER_SHOT=soldier-e19:rifle:2:hit
[JS] GODMODE_SOLDIER_SHOT=soldier-e19:rifle:2:hit
[JS] GODMODE_SOLDIER_SHOT=soldier-e19:rifle:2:hit
[JS] GODMODE_SOLDIER_SHOT=soldier-e19:rifle:2:miss
[JS] GODMODE_SOLDIER_SHOT=soldier-e11:rifle:2:miss
[JS] GODMODE_SOLDIER_SHOT=soldier-e11:rifle:2:miss
[JS] GODMODE_SOLDIER_SHOT=soldier-e11:rifle:2:miss
[JS] GODMODE_SOLDIER_SHOT=soldier-e11:rifle:2:miss
[JS] GODMODE_SOLDIER_SHOT=soldier-e11:rifle:2:miss
[JS] GODMODE_SOLDIER_SHOT=soldier-e14:rifle:2:miss
[JS] GODMODE_SOLDIER_SHOT=soldier-e14:rifle:2:hit
[JS] GODMODE_SOLDIER_SHOT=soldier-e14:rifle:2:miss
[JS] GODMODE_SOLDIER_SHOT=soldier-e14:rifle:2:miss
[JS] GODMODE_SOLDIER_SHOT=soldier-e14:rifle:2:hit
[JS] GODMODE_SOLDIER_SHOT=soldier-e22:rifle:2:hit
[JS] GODMODE_SOLDIER_SHOT=soldier-e22:rifle:2:miss
[JS] GODMODE_SOLDIER_SHOT=soldier-e22:rifle:2:miss
[JS] GODMODE_SOLDIER_SHOT=soldier-e22:rifle:2:miss
[JS] GODMODE_SOLDIER_SHOT=soldier-e22:rifle:2:miss
[JS] GODMODE_SOLDIER_SHOT=soldier-e18:rifle:2:miss
[JS] GODMODE_SOLDIER_SHOT=soldier-e18:rifle:2:miss
[JS] GODMODE_SOLDIER_SHOT=soldier-e18:rifle:2:miss
[JS] GODMODE_SOLDIER_SHOT=soldier-e18:rifle:2:miss
[JS] GODMODE_SOLDIER_SHOT=soldier-e18:rifle:2:miss
[JS] GODMODE_SOLDIER_SHOT=soldier-e21:rifle:2:miss
[JS] GODMODE_SOLDIER_SHOT=soldier-e21:rifle:2:miss
[JS] GODMODE_SOLDIER_SHOT=soldier-e21:rifle:2:miss
[JS] GODMODE_SOLDIER_SHOT=soldier-e21:rifle:2:miss
[JS] GODMODE_SOLDIER_SHOT=soldier-e21:rifle:2:hit
[JS] GODMODE_SOLDIER_SHOT=soldier-e17:rifle:2:hit
[JS] GODMODE_SOLDIER_SHOT=soldier-e17:rifle:2:hit
[JS] GODMODE_SOLDIER_SHOT=soldier-e17:rifle:2:hit
[JS] GODMODE_SOLDIER_SHOT=soldier-e17:rifle:2:hit
[JS] GODMODE_SOLDIER_SHOT=soldier-e17:rifle:2:miss
[JS] GODMODE_SOLDIER_SHOT=soldier-e19:rifle:2:hit
[JS] GODMODE_SOLDIER_SHOT=soldier-e19:rifle:2:miss
[JS] GODMODE_SOLDIER_SHOT=soldier-e19:rifle:2:hit
[JS] GODMODE_SOLDIER_SHOT=soldier-e19:rifle:2:hit
[JS] GODMODE_SOLDIER_SHOT=soldier-e19:rifle:2:miss
[JS] GODMODE_SOLDIER_SHOT=soldier-e11:rifle:2:hit
[JS] GODMODE_SOLDIER_SHOT=soldier-e11:rifle:2:miss
[JS] GODMODE_SOLDIER_SHOT=soldier-e11:rifle:2:hit
[JS] GODMODE_SOLDIER_SHOT=soldier-e11:rifle:2:miss
[JS] GODMODE_SOLDIER_SHOT=soldier-e11:rifle:2:miss
[JS] GODMODE_SOLDIER_SHOT=soldier-e14:rifle:2:miss
[JS] GODMODE_SOLDIER_SHOT=soldier-e14:rifle:2:miss
[JS] GODMODE_SOLDIER_SHOT=soldier-e14:rifle:2:miss
[JS] GODMODE_SOLDIER_SHOT=soldier-e14:rifle:2:miss
[JS] GODMODE_SOLDIER_SHOT=soldier-e14:rifle:2:miss
[JS] GODMODE_SOLDIER_SHOT=soldier-e10:rifle:2:miss
[JS] GODMODE_SOLDIER_SHOT=soldier-e10:rifle:2:miss
[JS] GODMODE_SOLDIER_SHOT=soldier-e10:rifle:2:miss
[JS] GODMODE_SOLDIER_SHOT=soldier-e10:rifle:2:miss
[JS] GODMODE_SOLDIER_SHOT=soldier-e10:rifle:2:hit
[JS] GODMODE_SOLDIER_SHOT=soldier-e22:rifle:2:miss
[JS] GODMODE_SOLDIER_SHOT=soldier-e22:rifle:2:miss
[JS] GODMODE_SOLDIER_SHOT=soldier-e22:rifle:2:miss
[JS] GODMODE_SOLDIER_SHOT=soldier-e22:rifle:2:hit
[JS] GODMODE_SOLDIER_SHOT=soldier-e22:rifle:2:hit
[JS] GODMODE_SOLDIER_SHOT=soldier-e18:rifle:2:hit
[JS] GODMODE_SOLDIER_SHOT=soldier-e18:rifle:2:hit
[JS] GODMODE_SOLDIER_SHOT=soldier-e18:rifle:2:miss
[JS] GODMODE_SOLDIER_SHOT=soldier-e18:rifle:2:miss
[JS] GODMODE_SOLDIER_SHOT=soldier-e18:rifle:2:hit
[JS] GODMODE_SOLDIER_SHOT=soldier-e21:rifle:2:miss
[JS] GODMODE_SOLDIER_SHOT=soldier-e21:rifle:2:miss
[JS] GODMODE_SOLDIER_SHOT=soldier-e21:rifle:2:miss
[JS] GODMODE_SOLDIER_SHOT=soldier-e21:rifle:2:hit
[JS] GODMODE_SOLDIER_SHOT=soldier-e21:rifle:2:hit
[JS] GODMODE_SOLDIER_SHOT=soldier-e17:rifle:2:miss
[JS] GODMODE_SOLDIER_SHOT=soldier-e17:rifle:2:hit
[JS] GODMODE_SOLDIER_SHOT=soldier-e17:rifle:2:hit
[JS] GODMODE_SOLDIER_SHOT=soldier-e17:rifle:2:miss
[JS] GODMODE_SOLDIER_SHOT=soldier-e17:rifle:2:miss
[JS] GODMODE_SOLDIER_SHOT=soldier-e19:rifle:2:miss
[JS] GODMODE_SOLDIER_SHOT=soldier-e19:rifle:2:hit
[JS] GODMODE_SOLDIER_SHOT=soldier-e19:rifle:2:hit
[JS] GODMODE_SOLDIER_SHOT=soldier-e19:rifle:2:miss
[JS] GODMODE_SOLDIER_SHOT=soldier-e19:rifle:2:miss
[JS] GODMODE_SOLDIER_SHOT=soldier-e11:rifle:2:miss
[JS] GODMODE_SOLDIER_SHOT=soldier-e11:rifle:2:miss
[JS] GODMODE_SOLDIER_SHOT=soldier-e11:rifle:2:miss
[JS] GODMODE_SOLDIER_SHOT=soldier-e11:rifle:2:miss
[JS] GODMODE_SOLDIER_SHOT=soldier-e11:rifle:2:hit
[JS] GODMODE_SOLDIER_SHOT=soldier-e14:rifle:2:miss
[JS] GODMODE_SOLDIER_SHOT=soldier-e14:rifle:2:miss
[JS] GODMODE_SOLDIER_SHOT=soldier-e14:rifle:2:miss
[JS] GODMODE_SOLDIER_SHOT=soldier-e14:rifle:2:miss
[JS] GODMODE_SOLDIER_SHOT=soldier-e14:rifle:2:miss
[JS] GODMODE_SOLDIER_SHOT=soldier-e13:rifle:2:miss
[JS] GODMODE_SOLDIER_SHOT=soldier-e13:rifle:2:miss
[JS] GODMODE_SOLDIER_SHOT=soldier-e13:rifle:2:miss
[JS] GODMODE_SOLDIER_SHOT=soldier-e13:rifle:2:miss
[JS] GODMODE_SOLDIER_SHOT=soldier-e13:rifle:2:miss
[JS] GODMODE_SOLDIER_SHOT=soldier-e10:rifle:2:miss
[JS] GODMODE_SOLDIER_SHOT=soldier-e10:rifle:2:miss
[JS] GODMODE_SOLDIER_SHOT=soldier-e10:rifle:2:miss
[JS] GODMODE_SOLDIER_SHOT=soldier-e10:rifle:2:miss
[JS] GODMODE_SOLDIER_SHOT=soldier-e10:rifle:2:miss
[JS] GODMODE_SOLDIER_SHOT=soldier-e22:rifle:2:miss
[JS] GODMODE_SOLDIER_SHOT=soldier-e22:rifle:2:miss
[JS] GODMODE_SOLDIER_SHOT=soldier-e22:rifle:2:miss
[JS] GODMODE_SOLDIER_SHOT=soldier-e22:rifle:2:miss
[JS] GODMODE_SOLDIER_SHOT=soldier-e22:rifle:2:miss
[JS] GODMODE_SOLDIER_SHOT=soldier-e18:rifle:2:hit
[JS] GODMODE_SOLDIER_SHOT=soldier-e18:rifle:2:miss
[JS] GODMODE_SOLDIER_SHOT=soldier-e18:rifle:2:hit
[JS] GODMODE_SOLDIER_SHOT=soldier-e18:rifle:2:hit
[JS] GODMODE_SOLDIER_SHOT=soldier-e18:rifle:2:hit
[JS] GODMODE_SOLDIER_SHOT=soldier-e21:rifle:2:hit
[JS] GODMODE_SOLDIER_SHOT=soldier-e21:rifle:2:miss
[JS] GODMODE_SOLDIER_SHOT=soldier-e21:rifle:2:miss
[JS] GODMODE_SOLDIER_SHOT=soldier-e21:rifle:2:miss
[JS] GODMODE_SOLDIER_SHOT=soldier-e21:rifle:2:hit
[JS] GODMODE_SOLDIER_SHOT=soldier-e17:rifle:2:miss
[JS] GODMODE_SOLDIER_SHOT=soldier-e17:rifle:2:hit
[JS] GODMODE_SOLDIER_SHOT=soldier-e17:rifle:2:miss
[JS] GODMODE_SOLDIER_SHOT=soldier-e17:rifle:2:hit
[JS] GODMODE_SOLDIER_SHOT=soldier-e17:rifle:2:hit
[JS] GODMODE_SOLDIER_SHOT=soldier-e19:rifle:2:miss
[JS] GODMODE_SOLDIER_SHOT=soldier-e19:rifle:2:hit
[JS] GODMODE_SOLDIER_SHOT=soldier-e19:rifle:2:hit
[JS] GODMODE_SOLDIER_SHOT=soldier-e19:rifle:2:hit
[JS] GODMODE_SOLDIER_SHOT=soldier-e19:rifle:2:miss
[JS] GODMODE_SOLDIER_SHOT=soldier-e11:rifle:2:hit
[JS] GODMODE_SOLDIER_SHOT=soldier-e11:rifle:2:miss
[JS] GODMODE_SOLDIER_SHOT=soldier-e11:rifle:2:miss
[JS] GODMODE_SOLDIER_SHOT=soldier-e11:rifle:2:miss
[JS] GODMODE_SOLDIER_SHOT=soldier-e11:rifle:2:miss
[JS] GODMODE_SOLDIER_SHOT=soldier-e14:rifle:2:hit
[JS] GODMODE_SOLDIER_SHOT=soldier-e14:rifle:2:miss
[JS] GODMODE_SOLDIER_SHOT=soldier-e14:rifle:2:hit
[JS] GODMODE_SOLDIER_SHOT=soldier-e14:rifle:2:hit
[JS] GODMODE_SOLDIER_SHOT=soldier-e14:rifle:2:miss
[JS] GODMODE_SOLDIER_SHOT=soldier-e15:rifle:2:miss
[JS] GODMODE_SOLDIER_SHOT=soldier-e15:rifle:2:miss
[JS] GODMODE_SOLDIER_SHOT=soldier-e15:rifle:2:miss
[JS] GODMODE_SOLDIER_SHOT=soldier-e15:rifle:2:hit
[JS] GODMODE_SOLDIER_SHOT=soldier-e15:rifle:2:miss
[JS] GODMODE_SOLDIER_SHOT=soldier-e13:rifle:2:hit
[JS] GODMODE_SUPPLY_AUTO=2:81426:50100
[JS] GODMODE_SUPPLY_LAUNCHED=2:upgrade:-567.3:-15.7:-263.2
[JS] GODMODE_SOLDIER_SHOT=soldier-e13:rifle:2:miss
[JS] GODMODE_SOLDIER_SHOT=soldier-e13:rifle:2:miss
[JS] GODMODE_SOLDIER_SHOT=soldier-e13:rifle:2:hit
[JS] GODMODE_SOLDIER_SHOT=soldier-e13:rifle:2:miss
[JS] GODMODE_SOLDIER_SHOT=soldier-e10:rifle:2:miss
[JS] GODMODE_SOLDIER_SHOT=soldier-e10:rifle:2:miss
[JS] GODMODE_SOLDIER_SHOT=soldier-e10:rifle:2:miss
[JS] GODMODE_SOLDIER_SHOT=soldier-e10:rifle:2:miss
[JS] GODMODE_SOLDIER_SHOT=soldier-e10:rifle:2:miss
[JS] GODMODE_SOLDIER_SHOT=soldier-e22:rifle:2:miss
[JS] GODMODE_SOLDIER_SHOT=soldier-e22:rifle:2:miss
[JS] GODMODE_SOLDIER_SHOT=soldier-e22:rifle:2:hit
[JS] GODMODE_SOLDIER_SHOT=soldier-e22:rifle:2:miss
[JS] GODMODE_SOLDIER_SHOT=soldier-e22:rifle:2:hit
[JS] GODMODE_SOLDIER_SHOT=soldier-e18:rifle:2:miss
[JS] GODMODE_SOLDIER_SHOT=soldier-e18:rifle:2:hit
[JS] GODMODE_SOLDIER_SHOT=soldier-e18:rifle:2:miss
[JS] GODMODE_SOLDIER_SHOT=soldier-e18:rifle:2:hit
[JS] GODMODE_SOLDIER_SHOT=soldier-e18:rifle:2:hit
[JS] GODMODE_SOLDIER_SHOT=soldier-e21:rifle:2:miss
[JS] GODMODE_SOLDIER_SHOT=soldier-e21:rifle:2:miss
[JS] GODMODE_SOLDIER_SHOT=soldier-e21:rifle:2:miss
[JS] GODMODE_SOLDIER_SHOT=soldier-e21:rifle:2:miss
[JS] GODMODE_SOLDIER_SHOT=soldier-e21:rifle:2:hit
[JS] GODMODE_SOLDIER_SHOT=soldier-e17:rifle:2:hit
[JS] GODMODE_SOLDIER_SHOT=soldier-e17:rifle:2:miss
[JS] GODMODE_SOLDIER_SHOT=soldier-e17:rifle:2:hit
[JS] GODMODE_SOLDIER_SHOT=soldier-e17:rifle:2:miss
[JS] GODMODE_SOLDIER_SHOT=soldier-e17:rifle:2:hit
[JS] GODMODE_SOLDIER_SHOT=soldier-e19:rifle:2:miss
[JS] GODMODE_SOLDIER_SHOT=soldier-e19:rifle:2:miss
[JS] GODMODE_SOLDIER_SHOT=soldier-e19:rifle:2:miss
[JS] GODMODE_SOLDIER_SHOT=soldier-e19:rifle:2:miss
[JS] GODMODE_SOLDIER_SHOT=soldier-e19:rifle:2:miss
[JS] GODMODE_SOLDIER_SHOT=soldier-e11:rifle:2:miss
[JS] GODMODE_SOLDIER_SHOT=soldier-e11:rifle:2:miss
[JS] GODMODE_SOLDIER_SHOT=soldier-e11:rifle:2:miss
[JS] GODMODE_SOLDIER_SHOT=soldier-e11:rifle:2:miss
[JS] GODMODE_SOLDIER_SHOT=soldier-e11:rifle:2:miss
[JS] GODMODE_SOLDIER_SHOT=soldier-e14:rifle:2:miss
[JS] GODMODE_SOLDIER_SHOT=soldier-e14:rifle:2:miss
[JS] GODMODE_SOLDIER_SHOT=soldier-e14:rifle:2:miss
[JS] GODMODE_SOLDIER_SHOT=soldier-e14:rifle:2:miss
[JS] GODMODE_SOLDIER_SHOT=soldier-e14:rifle:2:miss
[JS] GODMODE_SOLDIER_SHOT=soldier-e15:rifle:2:hit
[JS] GODMODE_SOLDIER_SHOT=soldier-e15:rifle:2:miss
[JS] GODMODE_SOLDIER_SHOT=soldier-e15:rifle:2:miss
[JS] GODMODE_SOLDIER_SHOT=soldier-e15:rifle:2:miss
[JS] GODMODE_SOLDIER_SHOT=soldier-e15:rifle:2:miss
[JS] GODMODE_SOLDIER_SHOT=soldier-e13:rifle:2:miss
[JS] GODMODE_SOLDIER_SHOT=soldier-e13:rifle:2:miss
[JS] GODMODE_SOLDIER_SHOT=soldier-e13:rifle:2:miss
[JS] GODMODE_SOLDIER_SHOT=soldier-e13:rifle:2:miss
[JS] GODMODE_SOLDIER_SHOT=soldier-e13:rifle:2:miss
[JS] GODMODE_SOLDIER_SHOT=soldier-e10:rifle:2:miss
[JS] GODMODE_SOLDIER_SHOT=soldier-e10:rifle:2:miss
[JS] GODMODE_SOLDIER_SHOT=soldier-e10:rifle:2:miss
[JS] GODMODE_SOLDIER_SHOT=soldier-e10:rifle:2:miss
[JS] GODMODE_SOLDIER_SHOT=soldier-e10:rifle:2:hit
[JS] GODMODE_SOLDIER_SHOT=soldier-e22:rifle:2:miss
[JS] GODMODE_SOLDIER_SHOT=soldier-e22:rifle:2:miss
[JS] GODMODE_SOLDIER_SHOT=soldier-e22:rifle:2:miss
[JS] GODMODE_SOLDIER_SHOT=soldier-e22:rifle:2:hit
[JS] GODMODE_SOLDIER_SHOT=soldier-e22:rifle:2:miss
[JS] GODMODE_SOLDIER_SHOT=soldier-e18:rifle:2:hit
[JS] GODMODE_SOLDIER_SHOT=soldier-e18:rifle:2:miss
[JS] GODMODE_SOLDIER_SHOT=soldier-e18:rifle:2:hit
[JS] GODMODE_SOLDIER_SHOT=soldier-e18:rifle:2:hit
[JS] GODMODE_SOLDIER_SHOT=soldier-e18:rifle:2:hit
[JS] GODMODE_SOLDIER_SHOT=soldier-e21:rifle:2:hit
[JS] GODMODE_SOLDIER_SHOT=soldier-e21:rifle:2:miss
[JS] GODMODE_SOLDIER_SHOT=soldier-e21:rifle:2:miss
[JS] GODMODE_SOLDIER_SHOT=soldier-e21:rifle:2:miss
[JS] GODMODE_SOLDIER_SHOT=soldier-e21:rifle:2:miss
[JS] GODMODE_SOLDIER_SHOT=soldier-e17:rifle:2:miss
[JS] GODMODE_SOLDIER_SHOT=soldier-e17:rifle:2:miss
[JS] GODMODE_SOLDIER_SHOT=soldier-e17:rifle:2:miss
[JS] GODMODE_SOLDIER_SHOT=soldier-e17:rifle:2:miss
[JS] GODMODE_SOLDIER_SHOT=soldier-e17:rifle:2:miss
[JS] GODMODE_SOLDIER_SHOT=soldier-e23:rifle:2:miss
[JS] GODMODE_SOLDIER_SHOT=soldier-e23:rifle:2:miss
[JS] GODMODE_SOLDIER_SHOT=soldier-e23:rifle:2:hit
[JS] GODMODE_SOLDIER_SHOT=soldier-e23:rifle:2:miss
[JS] GODMODE_SOLDIER_SHOT=soldier-e23:rifle:2:hit
[JS] GODMODE_SOLDIER_SHOT=soldier-e19:rifle:2:miss
[JS] GODMODE_SUPPLY_LANDED=2:0:-567.27:-15.68:-263.18:3:0
[JS] GODMODE_SOLDIER_SHOT=soldier-e19:rifle:2:miss
[JS] GODMODE_SOLDIER_SHOT=soldier-e19:rifle:2:miss
[JS] GODMODE_SOLDIER_SHOT=soldier-e19:rifle:2:miss
[JS] GODMODE_SOLDIER_SHOT=soldier-e19:rifle:2:miss
[JS] GODMODE_SOLDIER_SHOT=soldier-e11:rifle:2:miss
[JS] GODMODE_SOLDIER_SHOT=soldier-e11:rifle:2:hit
[JS] GODMODE_SOLDIER_SHOT=soldier-e11:rifle:2:miss
[JS] GODMODE_PATROL_PRESENTATION={"id":"soldier-e25","distance":100.22270965576172,"visible":false,"seenPast":""}
[JS] GODMODE_ACTOR_COST={"id":"soldier-e25","visual":true,"ms":0.617}
[JS] GODMODE_ACTOR_COST={"id":"soldier-e25","visual":false,"ms":0.076}
[JS] GODMODE_SYSTEM_ADMIN_SPAWNED=soldier-e25
[JS] GODMODE_SOLDIER_SHOT=soldier-e11:rifle:2:hit
[JS] GODMODE_SOLDIER_SHOT=soldier-e11:rifle:2:miss
[JS] GODMODE_SOLDIER_SHOT=soldier-e14:rifle:2:miss
[JS] GODMODE_SOLDIER_SHOT=soldier-e14:rifle:2:miss
[JS] GODMODE_SOLDIER_SHOT=soldier-e14:rifle:2:miss
[JS] GODMODE_SOLDIER_SHOT=soldier-e14:rifle:2:hit
[JS] GODMODE_SYSTEM_ADMIN_TARGET=soldier-e25:2
[JS] GODMODE_SOLDIER_SHOT=soldier-e14:rifle:2:hit
[JS] GODMODE_SOLDIER_SHOT=soldier-e15:rifle:2:hit
[JS] GODMODE_SOLDIER_SHOT=soldier-e15:rifle:2:hit
[JS] GODMODE_SOLDIER_SHOT=soldier-e15:rifle:2:miss
[JS] GODMODE_SOLDIER_SHOT=soldier-e15:rifle:2:miss
[JS] GODMODE_SOLDIER_SHOT=soldier-e15:rifle:2:hit
[JS] GODMODE_SOLDIER_SHOT=soldier-e13:rifle:2:miss
[JS] GODMODE_SOLDIER_SHOT=soldier-e13:rifle:2:hit
[JS] GODMODE_SOLDIER_SHOT=soldier-e13:rifle:2:miss
[JS] GODMODE_SOLDIER_SHOT=soldier-e13:rifle:2:miss
[JS] GODMODE_SOLDIER_SHOT=soldier-e13:rifle:2:miss
[JS] GODMODE_SOLDIER_SHOT=soldier-e10:rifle:2:miss
[JS] GODMODE_SOLDIER_SHOT=soldier-e10:rifle:2:miss
[JS] GODMODE_SOLDIER_SHOT=soldier-e10:rifle:2:hit
[JS] GODMODE_SOLDIER_SHOT=soldier-e10:rifle:2:hit
[JS] GODMODE_SOLDIER_SHOT=soldier-e10:rifle:2:hit
[JS] GODMODE_SOLDIER_SHOT=soldier-e22:rifle:2:miss
[JS] GODMODE_SOLDIER_SHOT=soldier-e22:rifle:2:miss
[JS] GODMODE_SOLDIER_SHOT=soldier-e22:rifle:2:miss
[JS] GODMODE_SOLDIER_SHOT=soldier-e22:rifle:2:miss
[JS] GODMODE_SOLDIER_SHOT=soldier-e22:rifle:2:miss
[JS] GODMODE_SOLDIER_SHOT=soldier-e18:rifle:2:hit
[JS] GODMODE_SOLDIER_SHOT=soldier-e18:rifle:2:miss
[JS] GODMODE_SOLDIER_SHOT=soldier-e18:rifle:2:hit
[JS] GODMODE_SOLDIER_SHOT=soldier-e18:rifle:2:miss
[JS] GODMODE_SOLDIER_SHOT=soldier-e18:rifle:2:hit
[JS] GODMODE_SOLDIER_SHOT=soldier-e21:rifle:2:miss
[JS] GODMODE_SOLDIER_SHOT=soldier-e21:rifle:2:miss
[JS] GODMODE_SOLDIER_SHOT=soldier-e21:rifle:2:miss
[JS] GODMODE_SOLDIER_SHOT=soldier-e21:rifle:2:miss
[JS] GODMODE_SOLDIER_SHOT=soldier-e21:rifle:2:miss
[JS] GODMODE_SOLDIER_SHOT=soldier-e17:rifle:2:hit
[JS] GODMODE_SOLDIER_SHOT=soldier-e17:rifle:2:miss
[JS] GODMODE_SOLDIER_SHOT=soldier-e17:rifle:2:hit
[JS] GODMODE_SOLDIER_SHOT=soldier-e17:rifle:2:miss
[JS] GODMODE_SOLDIER_SHOT=soldier-e17:rifle:2:miss
[JS] GODMODE_SOLDIER_SHOT=soldier-e23:rifle:2:miss
[JS] GODMODE_SOLDIER_SHOT=soldier-e23:rifle:2:miss
[JS] GODMODE_SOLDIER_SHOT=soldier-e23:rifle:2:hit
[JS] GODMODE_SOLDIER_SHOT=soldier-e23:rifle:2:miss
[JS] GODMODE_SOLDIER_SHOT=soldier-e23:rifle:2:miss
[JS] GODMODE_SOLDIER_SHOT=soldier-e19:rifle:2:miss
[JS] GODMODE_SOLDIER_SHOT=soldier-e19:rifle:2:miss
[JS] GODMODE_SOLDIER_SHOT=soldier-e19:rifle:2:miss
[JS] GODMODE_SOLDIER_SHOT=soldier-e19:rifle:2:miss
[JS] GODMODE_SOLDIER_SHOT=soldier-e19:rifle:2:miss
[JS] GODMODE_SOLDIER_SHOT=soldier-e11:rifle:2:miss
[JS] GODMODE_SOLDIER_SHOT=soldier-e11:rifle:2:hit
[JS] GODMODE_SOLDIER_SHOT=soldier-e11:rifle:2:miss
[JS] GODMODE_SOLDIER_SHOT=soldier-e11:rifle:2:miss
[JS] GODMODE_SOLDIER_SHOT=soldier-e11:rifle:2:miss
[JS] GODMODE_FIRST_RUN_HINT=knife
[JS] GODMODE_SOLDIER_SHOT=soldier-e14:rifle:2:hit
[JS] GODMODE_SOLDIER_SHOT=soldier-e14:rifle:2:miss
[JS] GODMODE_SOLDIER_SHOT=soldier-e14:rifle:2:miss
[JS] GODMODE_SOLDIER_SHOT=soldier-e14:rifle:2:hit
[JS] GODMODE_SOLDIER_SHOT=soldier-e14:rifle:2:hit
[JS] GODMODE_SOLDIER_SHOT=soldier-e15:rifle:2:hit
[JS] GODMODE_SOLDIER_SHOT=soldier-e15:rifle:2:miss
[JS] GODMODE_SOLDIER_SHOT=soldier-e15:rifle:2:miss
[JS] GODMODE_SOLDIER_SHOT=soldier-e15:rifle:2:miss
[JS] GODMODE_SOLDIER_SHOT=soldier-e15:rifle:2:miss
[JS] GODMODE_SOLDIER_SHOT=soldier-e10:rifle:2:miss
[JS] GODMODE_SOLDIER_SHOT=soldier-e10:rifle:2:miss
[JS] GODMODE_SOLDIER_SHOT=soldier-e10:rifle:2:miss
[JS] GODMODE_SOLDIER_SHOT=soldier-e10:rifle:2:hit
[JS] GODMODE_SOLDIER_SHOT=soldier-e10:rifle:2:miss
[JS] GODMODE_SOLDIER_SHOT=soldier-e22:rifle:2:miss
[JS] GODMODE_SOLDIER_SHOT=soldier-e22:rifle:2:miss
[JS] GODMODE_SOLDIER_SHOT=soldier-e22:rifle:2:miss
[JS] GODMODE_SOLDIER_SHOT=soldier-e22:rifle:2:miss
[JS] GODMODE_SOLDIER_SHOT=soldier-e22:rifle:2:hit
[JS] GODMODE_SOLDIER_SHOT=soldier-e18:rifle:2:miss
[JS] GODMODE_SOLDIER_SHOT=soldier-e18:rifle:2:hit
[JS] GODMODE_SOLDIER_SHOT=soldier-e18:rifle:2:miss
[JS] GODMODE_SOLDIER_SHOT=soldier-e18:rifle:2:miss
[JS] GODMODE_SOLDIER_SHOT=soldier-e18:rifle:2:hit
[JS] GODMODE_SOLDIER_SHOT=soldier-e21:rifle:2:miss
[JS] GODMODE_SOLDIER_SHOT=soldier-e21:rifle:2:miss
[JS] GODMODE_SOLDIER_SHOT=soldier-e21:rifle:2:miss
[JS] GODMODE_SOLDIER_SHOT=soldier-e21:rifle:2:miss
[JS] GODMODE_SOLDIER_SHOT=soldier-e21:rifle:2:miss
[JS] GODMODE_SOLDIER_SHOT=soldier-e17:rifle:2:hit
[JS] GODMODE_SOLDIER_SHOT=soldier-e17:rifle:2:miss
[JS] GODMODE_SOLDIER_SHOT=soldier-e17:rifle:2:miss
[JS] GODMODE_SOLDIER_SHOT=soldier-e17:rifle:2:hit
[JS] GODMODE_SOLDIER_SHOT=soldier-e17:rifle:2:miss
[JS] GODMODE_PATROL_PRESENTATION={"id":"smg-e26","distance":233.928955078125,"visible":false,"seenPast":""}
[JS] GODMODE_ACTOR_COST={"id":"smg-e26","visual":true,"ms":87.788}
[JS] GODMODE_ACTOR_COST={"id":"smg-e26","visual":false,"ms":0.09}
[JS] GODMODE_SYSTEM_ADMIN_SPAWNED=smg-e26
[JS] GODMODE_SOLDIER_SHOT=soldier-e23:rifle:2:miss
[JS] GODMODE_SOLDIER_SHOT=soldier-e23:rifle:2:miss
[JS] GODMODE_SOLDIER_SHOT=soldier-e23:rifle:2:miss
[JS] GODMODE_SOLDIER_SHOT=soldier-e23:rifle:2:miss
[JS] GODMODE_SOLDIER_SHOT=soldier-e23:rifle:2:miss
[JS] GODMODE_SYSTEM_ADMIN_TARGET=smg-e26:2
[JS] GODMODE_SOLDIER_SHOT=soldier-e19:rifle:2:miss
[JS] GODMODE_SOLDIER_SHOT=soldier-e19:rifle:2:miss
[JS] GODMODE_ACTOR_COST={"id":"smg-e27","visual":false,"ms":0.11}
[JS] GODMODE_SYSTEM_ADMIN_SPAWNED=smg-e27
[JS] GODMODE_PATROL_PRESENTATION={"id":"smg-e27","distance":2.7517483234405518,"visible":false,"seenPast":""}
[JS] GODMODE_ACTOR_COST={"id":"smg-e27","visual":true,"ms":0.576}
[JS] GODMODE_SOLDIER_SHOT=soldier-e19:rifle:2:miss
[JS] GODMODE_SOLDIER_SHOT=soldier-e19:rifle:2:hit
[JS] GODMODE_SOLDIER_SHOT=soldier-e19:rifle:2:miss
[JS] GODMODE_SOLDIER_SHOT=soldier-e13:rifle:2:miss
[JS] GODMODE_SOLDIER_SHOT=soldier-e13:rifle:2:miss
[JS] GODMODE_SOLDIER_SHOT=soldier-e13:rifle:2:miss
[JS] GODMODE_SYSTEM_ADMIN_TARGET=smg-e27:2
[JS] GODMODE_SOLDIER_SHOT=soldier-e13:rifle:2:miss
[JS] GODMODE_SOLDIER_SHOT=soldier-e13:rifle:2:miss
[JS] GODMODE_SOLDIER_SHOT=soldier-e11:rifle:2:miss
[JS] GODMODE_SOLDIER_SHOT=soldier-e11:rifle:2:miss
[JS] GODMODE_SOLDIER_SHOT=soldier-e11:rifle:2:miss
[JS] GODMODE_SOLDIER_SHOT=soldier-e11:rifle:2:miss
[JS] GODMODE_SOLDIER_SHOT=soldier-e11:rifle:2:miss
[JS] GODMODE_SOLDIER_SHOT=soldier-e14:rifle:2:miss
[JS] GODMODE_SOLDIER_SHOT=soldier-e14:rifle:2:miss
[JS] GODMODE_SOLDIER_SHOT=soldier-e14:rifle:2:miss
[JS] GODMODE_SOLDIER_SHOT=soldier-e14:rifle:2:miss
[JS] GODMODE_SOLDIER_SHOT=soldier-e14:rifle:2:miss
[JS] GODMODE_SOLDIER_SHOT=soldier-e15:rifle:2:miss
[JS] GODMODE_SOLDIER_SHOT=soldier-e15:rifle:2:hit
[JS] GODMODE_SOLDIER_SHOT=soldier-e15:rifle:2:miss
[JS] GODMODE_SOLDIER_SHOT=soldier-e15:rifle:2:miss
[JS] GODMODE_SOLDIER_SHOT=soldier-e15:rifle:2:miss
[JS] GODMODE_SOLDIER_SHOT=soldier-e10:rifle:2:miss
[JS] GODMODE_SOLDIER_SHOT=soldier-e10:rifle:2:hit
[JS] GODMODE_SOLDIER_SHOT=soldier-e10:rifle:2:hit
[JS] GODMODE_SOLDIER_SHOT=soldier-e10:rifle:2:miss
[JS] GODMODE_SOLDIER_SHOT=soldier-e10:rifle:2:miss
[JS] GODMODE_SOLDIER_SHOT=soldier-e22:rifle:2:miss
[JS] GODMODE_SOLDIER_SHOT=soldier-e22:rifle:2:hit
[JS] GODMODE_SOLDIER_SHOT=soldier-e22:rifle:2:miss
[JS] GODMODE_SOLDIER_SHOT=soldier-e22:rifle:2:hit
[JS] GODMODE_SOLDIER_SHOT=soldier-e22:rifle:2:miss
[JS] GODMODE_SOLDIER_SHOT=soldier-e18:rifle:2:miss
[JS] GODMODE_SOLDIER_SHOT=soldier-e18:rifle:2:miss
[JS] GODMODE_SOLDIER_SHOT=soldier-e18:rifle:2:hit
[JS] GODMODE_SOLDIER_SHOT=soldier-e18:rifle:2:miss
[JS] GODMODE_SOLDIER_SHOT=soldier-e18:rifle:2:miss
[JS] GODMODE_SOLDIER_SHOT=soldier-e21:rifle:2:miss
[JS] GODMODE_SOLDIER_SHOT=soldier-e21:rifle:2:miss
[JS] GODMODE_SOLDIER_SHOT=soldier-e21:rifle:2:miss
[JS] GODMODE_SOLDIER_SHOT=soldier-e21:rifle:2:miss
[JS] GODMODE_SOLDIER_SHOT=soldier-e21:rifle:2:hit
[JS] GODMODE_SOLDIER_SHOT=soldier-e17:rifle:2:hit
[JS] GODMODE_SOLDIER_SHOT=soldier-e17:rifle:2:miss
[JS] GODMODE_SOLDIER_SHOT=soldier-e17:rifle:2:hit
[JS] GODMODE_SOLDIER_SHOT=soldier-e17:rifle:2:miss
[JS] GODMODE_SOLDIER_SHOT=soldier-e17:rifle:2:hit
[JS] GODMODE_SOLDIER_SHOT=soldier-e23:rifle:2:miss
[JS] GODMODE_SOLDIER_SHOT=soldier-e23:rifle:2:miss
[JS] GODMODE_SOLDIER_SHOT=soldier-e23:rifle:2:hit
[JS] GODMODE_SOLDIER_SHOT=soldier-e23:rifle:2:hit
[JS] GODMODE_SOLDIER_SHOT=soldier-e23:rifle:2:miss
[JS] GODMODE_SOLDIER_SHOT=soldier-e19:rifle:2:miss
[JS] GODMODE_SOLDIER_SHOT=soldier-e19:rifle:2:miss
[JS] GODMODE_SOLDIER_SHOT=soldier-e19:rifle:2:hit
[JS] GODMODE_SOLDIER_SHOT=soldier-e19:rifle:2:hit
[JS] GODMODE_SOLDIER_SHOT=soldier-e19:rifle:2:hit
[JS] GODMODE_SOLDIER_SHOT=soldier-e13:rifle:2:miss
[JS] GODMODE_SOLDIER_SHOT=soldier-e13:rifle:2:miss
[JS] GODMODE_SOLDIER_SHOT=soldier-e13:rifle:2:miss
[JS] GODMODE_SOLDIER_SHOT=soldier-e13:rifle:2:miss
[JS] GODMODE_SOLDIER_SHOT=soldier-e13:rifle:2:hit
[JS] GODMODE_SOLDIER_SHOT=soldier-e11:rifle:2:miss
[JS] GODMODE_SOLDIER_SHOT=soldier-e11:rifle:2:miss
[JS] GODMODE_SOLDIER_SHOT=soldier-e11:rifle:2:miss
[JS] GODMODE_SOLDIER_SHOT=soldier-e11:rifle:2:hit
[JS] GODMODE_SOLDIER_SHOT=soldier-e11:rifle:2:miss
[JS] GODMODE_SOLDIER_SHOT=soldier-e14:rifle:2:miss
[JS] GODMODE_SOLDIER_SHOT=soldier-e14:rifle:2:miss
[JS] GODMODE_SOLDIER_SHOT=soldier-e14:rifle:2:miss
[JS] GODMODE_SOLDIER_SHOT=soldier-e14:rifle:2:hit
[JS] GODMODE_SOLDIER_SHOT=soldier-e14:rifle:2:miss
[JS] GODMODE_SOLDIER_SHOT=soldier-e15:rifle:2:hit
[JS] GODMODE_SOLDIER_SHOT=soldier-e15:rifle:2:hit
[JS] GODMODE_SOLDIER_SHOT=soldier-e15:rifle:2:miss
[JS] GODMODE_SOLDIER_SHOT=soldier-e15:rifle:2:miss
[JS] GODMODE_SOLDIER_SHOT=soldier-e15:rifle:2:miss
[JS] GODMODE_SOLDIER_SHOT=soldier-e20:rifle:2:miss
[JS] GODMODE_SOLDIER_SHOT=soldier-e20:rifle:2:miss
[JS] GODMODE_SOLDIER_SHOT=soldier-e20:rifle:2:miss
[JS] GODMODE_SURVIVAL_MINUTE=2:smg+rccar:swarm
[JS] GODMODE_ACTOR_COST={"id":"rccar-e28","visual":false,"ms":0.127}
[JS] GODMODE_ACTOR_COST={"id":"rccar-e29","visual":false,"ms":0.064}
[JS] GODMODE_ACTOR_COST={"id":"rccar-e30","visual":false,"ms":0.063}
[JS] GODMODE_SYSTEM_ADMIN_SPAWNED=rccar-e28
[JS] GODMODE_SYSTEM_ADMIN_SPAWNED=rccar-e29
[JS] GODMODE_SYSTEM_ADMIN_SPAWNED=rccar-e30
[JS] GODMODE_ACTOR_COST={"id":"rccar-e31","visual":false,"ms":0.104}
[JS] GODMODE_ACTOR_COST={"id":"rccar-e32","visual":false,"ms":0.066}
[JS] GODMODE_SYSTEM_ADMIN_SPAWNED=rccar-e31
[JS] GODMODE_SYSTEM_ADMIN_SPAWNED=rccar-e32
[JS] GODMODE_SOLDIER_SHOT=soldier-e20:rifle:2:miss
[JS] GODMODE_PATROL_PRESENTATION={"id":"rccar-e28","distance":91.30941772460938,"visible":false,"seenPast":""}
[JS] GODMODE_PATROL_PRESENTATION={"id":"rccar-e29","distance":100.22425842285156,"visible":false,"seenPast":""}
[JS] GODMODE_PATROL_PRESENTATION={"id":"rccar-e30","distance":278.0111389160156,"visible":false,"seenPast":""}
[JS] GODMODE_PATROL_PRESENTATION={"id":"rccar-e31","distance":37.84959030151367,"visible":false,"seenPast":""}
[JS] GODMODE_PATROL_PRESENTATION={"id":"rccar-e32","distance":287.1142578125,"visible":false,"seenPast":""}
[JS] GODMODE_ACTOR_COST={"id":"rccar-e28","visual":true,"ms":57.699}
[JS] GODMODE_ACTOR_COST={"id":"rccar-e29","visual":true,"ms":0.313}
[JS] GODMODE_ACTOR_COST={"id":"rccar-e30","visual":true,"ms":0.293}
[JS] GODMODE_ACTOR_COST={"id":"rccar-e31","visual":true,"ms":0.291}
[JS] GODMODE_ACTOR_COST={"id":"rccar-e32","visual":true,"ms":0.3}
[JS] GODMODE_SOLDIER_SHOT=soldier-e20:rifle:2:hit
[JS] GODMODE_SOLDIER_SHOT=soldier-e10:rifle:2:miss
[JS] GODMODE_SOLDIER_SHOT=soldier-e10:rifle:2:miss
[JS] GODMODE_SOLDIER_SHOT=soldier-e10:rifle:2:miss
[JS] GODMODE_SOLDIER_SHOT=soldier-e10:rifle:2:miss
[JS] GODMODE_SYSTEM_ADMIN_TARGET=rccar-e28:2
[JS] GODMODE_SYSTEM_ADMIN_TARGET=rccar-e29:2
[JS] GODMODE_SYSTEM_ADMIN_TARGET=rccar-e30:2
[JS] GODMODE_SYSTEM_ADMIN_TARGET=rccar-e31:2
[JS] GODMODE_SYSTEM_ADMIN_TARGET=rccar-e32:2
[JS] GODMODE_SOLDIER_SHOT=soldier-e10:rifle:2:hit
[JS] GODMODE_SOLDIER_SHOT=soldier-e22:rifle:2:hit
[JS] GODMODE_SOLDIER_SHOT=soldier-e22:rifle:2:hit
[JS] GODMODE_SOLDIER_SHOT=soldier-e22:rifle:2:miss
[JS] GODMODE_SOLDIER_SHOT=soldier-e22:rifle:2:miss
[JS] GODMODE_SOLDIER_SHOT=soldier-e22:rifle:2:miss
[JS] GODMODE_SOLDIER_SHOT=soldier-e18:rifle:2:miss
[JS] GODMODE_SOLDIER_SHOT=soldier-e18:rifle:2:miss
[JS] GODMODE_SOLDIER_SHOT=soldier-e18:rifle:2:miss
[JS] GODMODE_SOLDIER_SHOT=soldier-e18:rifle:2:hit
[JS] GODMODE_SOLDIER_SHOT=soldier-e18:rifle:2:miss
[JS] GODMODE_SOLDIER_SHOT=soldier-e21:rifle:2:miss
[JS] GODMODE_SOLDIER_SHOT=soldier-e21:rifle:2:miss
[JS] GODMODE_SOLDIER_SHOT=soldier-e21:rifle:2:miss
[JS] GODMODE_SOLDIER_SHOT=soldier-e21:rifle:2:miss
[JS] GODMODE_SOLDIER_SHOT=soldier-e21:rifle:2:miss
[JS] GODMODE_SOLDIER_SHOT=soldier-e17:rifle:2:miss
[JS] GODMODE_SOLDIER_SHOT=soldier-e17:rifle:2:miss
[JS] GODMODE_SOLDIER_SHOT=soldier-e17:rifle:2:hit
[JS] GODMODE_SOLDIER_SHOT=soldier-e17:rifle:2:miss
[JS] GODMODE_SOLDIER_SHOT=soldier-e17:rifle:2:hit
[JS] GODMODE_SOLDIER_SHOT=soldier-e23:rifle:2:miss
[JS] GODMODE_SOLDIER_SHOT=soldier-e23:rifle:2:hit
[JS] GODMODE_SOLDIER_SHOT=soldier-e23:rifle:2:hit
[JS] GODMODE_SOLDIER_SHOT=soldier-e23:rifle:2:miss
[JS] GODMODE_SOLDIER_SHOT=soldier-e23:rifle:2:miss
[JS] GODMODE_SOLDIER_SHOT=soldier-e19:rifle:2:hit
[JS] GODMODE_SOLDIER_SHOT=soldier-e19:rifle:2:miss
[JS] GODMODE_SOLDIER_SHOT=soldier-e19:rifle:2:miss
[JS] GODMODE_SOLDIER_SHOT=soldier-e19:rifle:2:miss
[JS] GODMODE_SOLDIER_SHOT=soldier-e19:rifle:2:miss
[JS] GODMODE_SOLDIER_SHOT=soldier-e13:rifle:2:hit
[JS] GODMODE_SOLDIER_SHOT=soldier-e13:rifle:2:miss
[JS] GODMODE_SOLDIER_SHOT=soldier-e13:rifle:2:miss
[JS] GODMODE_SOLDIER_SHOT=soldier-e13:rifle:2:miss
[JS] GODMODE_SOLDIER_SHOT=soldier-e13:rifle:2:hit
[JS] GODMODE_SOLDIER_SHOT=soldier-e11:rifle:2:hit
[JS] GODMODE_SOLDIER_SHOT=soldier-e11:rifle:2:miss
[JS] GODMODE_SOLDIER_SHOT=soldier-e11:rifle:2:miss
[JS] GODMODE_SOLDIER_SHOT=soldier-e11:rifle:2:miss
[JS] GODMODE_SOLDIER_SHOT=soldier-e11:rifle:2:hit
[JS] GODMODE_SOLDIER_SHOT=soldier-e14:rifle:2:miss
[JS] GODMODE_SOLDIER_SHOT=soldier-e14:rifle:2:miss
[JS] GODMODE_SOLDIER_SHOT=soldier-e14:rifle:2:miss
[JS] GODMODE_SOLDIER_SHOT=soldier-e14:rifle:2:miss
[JS] GODMODE_SOLDIER_SHOT=soldier-e14:rifle:2:miss
[JS] GODMODE_SOLDIER_SHOT=soldier-e15:rifle:2:miss
[JS] GODMODE_SOLDIER_SHOT=soldier-e15:rifle:2:miss
[JS] GODMODE_SOLDIER_SHOT=soldier-e15:rifle:2:miss
[JS] GODMODE_SOLDIER_SHOT=soldier-e15:rifle:2:miss
[JS] GODMODE_SOLDIER_SHOT=soldier-e15:rifle:2:miss
[JS] GODMODE_SOLDIER_SHOT=soldier-e20:rifle:2:hit
[JS] GODMODE_SOLDIER_SHOT=soldier-e20:rifle:2:hit
[JS] GODMODE_SOLDIER_SHOT=soldier-e20:rifle:2:hit
[JS] GODMODE_SOLDIER_SHOT=soldier-e20:rifle:2:miss
[JS] GODMODE_SOLDIER_SHOT=soldier-e20:rifle:2:miss
[JS] GODMODE_SOLDIER_SHOT=soldier-e10:rifle:2:miss
[JS] GODMODE_SOLDIER_SHOT=soldier-e10:rifle:2:miss
[JS] GODMODE_SOLDIER_SHOT=soldier-e10:rifle:2:miss
[JS] GODMODE_SOLDIER_SHOT=soldier-e10:rifle:2:hit
[JS] GODMODE_SOLDIER_SHOT=soldier-e10:rifle:2:miss
[JS] GODMODE_SOLDIER_SHOT=soldier-e22:rifle:2:hit
[JS] GODMODE_SOLDIER_SHOT=soldier-e22:rifle:2:miss
[JS] GODMODE_SOLDIER_SHOT=soldier-e22:rifle:2:miss
[JS] GODMODE_SOLDIER_SHOT=soldier-e22:rifle:2:miss
[JS] GODMODE_SOLDIER_SHOT=soldier-e22:rifle:2:miss
[JS] GODMODE_SOLDIER_SHOT=soldier-e25:rifle:2:hit
[JS] GODMODE_SOLDIER_SHOT=soldier-e25:rifle:2:miss
[JS] GODMODE_SOLDIER_SHOT=soldier-e25:rifle:2:miss
[JS] GODMODE_SOLDIER_SHOT=soldier-e25:rifle:2:miss
[JS] GODMODE_SOLDIER_SHOT=soldier-e25:rifle:2:miss
[JS] GODMODE_SOLDIER_SHOT=soldier-e18:rifle:2:miss
[JS] GODMODE_SOLDIER_SHOT=soldier-e18:rifle:2:hit
[JS] GODMODE_SOLDIER_SHOT=soldier-e18:rifle:2:miss
[JS] GODMODE_SOLDIER_SHOT=soldier-e18:rifle:2:miss
[JS] GODMODE_SUPPLY_AUTO=3:131546:41977
[JS] GODMODE_SUPPLY_LAUNCHED=3:upgrade:-530.1:-16.0:-309.9
[JS] GODMODE_SOLDIER_SHOT=soldier-e18:rifle:2:hit
[JS] GODMODE_SOLDIER_SHOT=soldier-e21:rifle:2:miss
[JS] GODMODE_SOLDIER_SHOT=soldier-e21:rifle:2:miss
[JS] GODMODE_SOLDIER_SHOT=soldier-e21:rifle:2:miss
[JS] GODMODE_SOLDIER_SHOT=soldier-e21:rifle:2:hit
[JS] GODMODE_SOLDIER_SHOT=soldier-e21:rifle:2:hit
[JS] GODMODE_SOLDIER_SHOT=soldier-e17:rifle:2:miss
[JS] GODMODE_SOLDIER_SHOT=soldier-e17:rifle:2:miss
[JS] GODMODE_SOLDIER_SHOT=soldier-e17:rifle:2:miss
[JS] GODMODE_SOLDIER_SHOT=soldier-e17:rifle:2:miss
[JS] GODMODE_SOLDIER_SHOT=soldier-e17:rifle:2:miss
[JS] GODMODE_SOLDIER_SHOT=soldier-e23:rifle:2:miss
[JS] GODMODE_SOLDIER_SHOT=soldier-e23:rifle:2:miss
[JS] GODMODE_SOLDIER_SHOT=soldier-e23:rifle:2:miss
[JS] GODMODE_SOLDIER_SHOT=soldier-e23:rifle:2:hit
[JS] GODMODE_SOLDIER_SHOT=soldier-e23:rifle:2:miss
