
> godmode-exe@ test D:\work\godmode-roguelite-worktrees\land-livetube-juice-20261007
> node tools/test/run-root-suite.mjs


[ 1/13] lint

> godmode-exe@ lint D:\work\godmode-roguelite-worktrees\land-livetube-juice-20261007
> eslint


D:\work\godmode-roguelite-worktrees\land-livetube-juice-20261007\scripts\client\killstreak_view.ts
  1501:1  warning  File has too many lines (1613). Maximum allowed is 1500  max-lines

D:\work\godmode-roguelite-worktrees\land-livetube-juice-20261007\scripts\environment_modules\placement_rules.ts
  1501:1  warning  File has too many lines (1678). Maximum allowed is 1500  max-lines

D:\work\godmode-roguelite-worktrees\land-livetube-juice-20261007\scripts\game_world.ts
  1501:1  warning  File has too many lines (2592). Maximum allowed is 1500  max-lines

D:\work\godmode-roguelite-worktrees\land-livetube-juice-20261007\scripts\mixamo_clip_data.ts
  1501:1  warning  File has too many lines (3213). Maximum allowed is 1500  max-lines

D:\work\godmode-roguelite-worktrees\land-livetube-juice-20261007\scripts\runtime_actions\runtime_actions.ts
  1501:1  warning  File has too many lines (1814). Maximum allowed is 1500  max-lines

D:\work\godmode-roguelite-worktrees\land-livetube-juice-20261007\scripts\server\survival_run.ts
  1501:1  warning  File has too many lines (1899). Maximum allowed is 1500  max-lines

✖ 6 problems (0 errors, 6 warnings)

[ 1/13] lint: ok in 5.7 s

[ 2/13] format:check

> godmode-exe@ format:check D:\work\godmode-roguelite-worktrees\land-livetube-juice-20261007
> prettier --check "**/*.{js,cjs,mjs,ts,cts,mts}"

Checking formatting...
All matched files use Prettier code style!
[ 2/13] format:check: ok in 7.1 s

[ 3/13] build

> godmode-exe@ build D:\work\godmode-roguelite-worktrees\land-livetube-juice-20261007
> pnpm build:scripts && node tools/maps/prebuilt/build.mjs --ensure


> godmode-exe@ build:scripts D:\work\godmode-roguelite-worktrees\land-livetube-juice-20261007
> node tools/build/write-build-info.mjs && pnpm --filter @godmode/game-rules build && pnpm --filter @godmode/godot-cli build && tsc -p tsconfig.json


> @godmode/game-rules@0.1.0 build D:\work\godmode-roguelite-worktrees\land-livetube-juice-20261007\packages\game-rules
> node -e "require('node:fs').rmSync('dist/test',{ recursive: true, force: true })" && tsc -p tsconfig.json


> @godmode/godot-cli@0.1.0 build D:\work\godmode-roguelite-worktrees\land-livetube-juice-20261007\tools\godot-cli
> node -e "require('node:fs').rmSync('dist/test',{ recursive: true, force: true })" && tsc -p tsconfig.json

{"ok":true,"current":true,"receipt":"assets/maps/dumbo/prebuilt/receipt.json"}
[ 3/13] build: ok in 14.3 s

[ 4/13] test:unit

> godmode-exe@ test:unit D:\work\godmode-roguelite-worktrees\land-livetube-juice-20261007
> node --test tests/unit/*.test.mjs

✔ the same account simulation is repeatable and ends at its ban wave (10.5571ms)
✔ the first sniper arrives early enough for a new player to notice (1.5972ms)
✔ shop purchases obey shelf availability and wallet balance (0.2773ms)
✔ a bigger starting audience changes sniper pressure through the real tier rules (3.514ms)
✔ account progression records the goal and does not erase prior gains (28.6572ms)
✔ a cloaker's wind-up draws back into its tell and holds it (1.1043ms)
✔ the juggernaut commander poses its roar and slam only once it has dropped its gun (0.7961ms)
✔ only the cloaker poses its attack; every other kind keeps its own clips (0.1542ms)
✔ a flinch snaps back, eases upright, and is still outside its window (0.1599ms)
✔ all eight travel directions follow rendered facing at every world heading (2.192ms)
✔ turning the actual body changes local travel without changing world velocity (0.1366ms)
✔ diagonal stride speed uses mixed source travel and scaled native limb length (0.372ms)
✔ directional lower-body blending leaves shooting joints alone (0.2682ms)
✔ movement angles are read against the body's facing, right being -X at yaw 0 (0.8051ms)
✔ a body squared up to its target gets the gait for the way it walks (1.0367ms)
✔ one stray snapshot does not flick a walking body to idle or sideways (0.4604ms)
✔ a diagonal just past the sector edge keeps the current gait (0.2035ms)
✔ a gait is held for its minimum time before it changes (0.2278ms)
✔ the stride speed glides instead of following each noisy snapshot (0.1829ms)
✔ a resting patrol pose is reused only while all replicated state is unchanged (0.3088ms)
✔ confirmed outcomes rise above ordinary hits and stream cues (0.7589ms)
✔ stronger outcomes suppress a weaker duplicate onset, not the next shot (0.1306ms)
✔ combat transient ducks the stream and ambience, then releases (0.1914ms)
✔ drone retains 1.4 Hz / 30% strobes and its hunting lens colour (1.336ms)
✔ only broken plates or a stun expose commander shells; only hover lights engines (0.1625ms)
✔ all nine rebuilt assets contain authored signal/belt surfaces and match provenance (281.025ms)
✔ barrier runtime meshes stay within budget and bind to approved raw hashes (65.8991ms)
✔ all thirteen runtime props retain the approved #950 geometry and flat colours (32.2302ms)
✔ the muted-red newspaper colourway preserves glass and repaints only the warm body cluster (16.3037ms)
✔ the slate newspaper colourway preserves glass and repaints only the warm body cluster (11.1423ms)
✔ map preview GLBs preserve VEC4 flat vertex colours (0.7078ms)
✔ bits read back in the order they were written, across byte boundaries (1.5956ms)
✔ a run of booleans costs one bit each (0.2634ms)
✔ variable-length integers round trip across every group boundary (0.2668ms)
✔ signed integers round trip, and a small negative costs what a small positive costs (0.1871ms)
✔ a double round trips bit-for-bit (0.2986ms)
✔ fixed point represents zero exactly (0.2115ms)
✔ fixed-point error stays inside half a step (0.2982ms)
✔ a value outside the fixed-point range clamps rather than wrapping (0.2016ms)
✔ negative fixed-point values round trip through two's complement (0.2261ms)
✔ strings round trip, including non-ASCII and a lone surrogate (0.4785ms)
✔ UTF-8 encoding matches the platform's own, for everything well-formed (0.2012ms)
✔ malformed UTF-8 decodes to replacement characters instead of throwing (0.1158ms)
✔ reading past the end reports an overrun rather than inventing data (0.8006ms)
✔ a truncated string is refused rather than allocated against (0.0824ms)
✔ abort poisons the reader so one overrun check at the top rejects the packet (0.0663ms)
✔ the writer grows past its initial capacity without losing bits (2.4377ms)
✔ a package that tests from dist clears dist/test before it compiles (1.8939ms)
✔ test builds once, before any step that reads compiled output (0.9947ms)
✔ the root scripts test runs do not compile again (0.4255ms)
✔ test:integration builds once, before any step that reads compiled output (0.1461ms)
✔ the root scripts test:integration runs do not compile again (0.1146ms)
✔ mixed survey winding is repaired without moving the wall plane or mutating collision inputs (2.7639ms)
✔ masonry has open glass apertures and actual inward-facing 28 cm reveals (8.6401ms)
✔ continuous ground-floor base is cut around doors and follows a clipped facade (8.0459ms)
✔ a waterfront landing's replaced building keeps no masonry inside the landing footprint (224.4577ms)
✔ a rusticated base lays channelled courses up to the belt course, still cut around doors (14.2917ms)
✔ building tones use stable semantic names across chunk-local feature ids (1.2008ms)
✔ tone assignments cover exactly each range and all four finishes are reachable (1.1465ms)
✔ stride lookup retains the full new humanoid slug (0.7222ms)
✔ the minimap is heading-up: what the player faces plots straight up (0.7354ms)
✔ a wallhack box bounds its corners and clamps to the screen (0.6839ms)
✔ no wallhack box for an Admin behind or beside the camera, or centred off screen (1.0418ms)
✔ Wallhacks boxes fully inside its reach, faintly past it, and not at all far off (0.2216ms)
✔ curtain grids fit smaller towers, preserve identities and keep far members above a pixel (1.47ms)
✔ horizon geometry is bounded, nondegenerate and entirely outside the arena barrier (5838.1033ms)
✔ river faces upward at the survey sea datum, and the landmark is a two-tower suspension span (8.2793ms)
✔ the horizon survey regenerates from retained source data without a network request (4816.4598ms)
✔ horizon tour poses stand on retained ground samples inside the C outline (1.784ms)
✔ transport presentation preserves waterfront decks and optional upper-face filtering (0.3413ms)
✔ the map's own vehicles draw the approved models in flat palette colours, in their original +X frame (0.1986ms)
✔ all horizon eye poses clear source vehicles and the rule-placed parking boxes (456.2094ms)
✔ a download is named by its pack folder and file, with no slash Godot would refuse (0.7779ms)
✔ assault: every state the game ships says where it comes from, and every clip it names is retained (45.441ms)
✔ breach: every state the game ships says where it comes from, and every clip it names is retained (52.2938ms)
✔ marksman: every state the game ships says where it comes from, and every clip it names is retained (29.0077ms)
✔ a state the catalog compiler replaces is credited to what it is made from, not its listed file (0.9076ms)
✔ a clip the game plays backwards is marked as reversed (0.2202ms)
✔ a clip retargeted from another character's download does not credit this character's file of the same name (0.1827ms)
✔ commander armor ships five independent textured meshes with recorded approved bytes (29.9129ms)
✔ removed survival platform families contribute no visual, collision or navigation boxes (3.7428ms)
✔ only the round that breaks a real plate confirms armour break to its attacker (1.7794ms)
✔ one blast breaking several plates confirms once; debug and unattributed damage do not (0.9676ms)
✔ concept capture refuses 06,06 before calling the game (76.8716ms)
✔ concept capture refuses missing before calling the game (162.8218ms)
✔ concept capture refuses an explicitly stale source before calling the game (294.7858ms)
✔ a marker survives its own format and nothing else passes for one (1.4531ms)
✔ a marker left at launch is a crash, and no marker is a clean quit (0.163ms)
✔ a clean quit deletes only the marker it wrote (0.1185ms)
✔ session ids differ by start and by process (0.1479ms)
✔ Godot's rotated logs are found newest first, without the live one (0.1801ms)
✔ a short log comes back whole (0.29ms)
✔ a long log read whole keeps its first 20 and last 300 lines and says what it skipped (2.6651ms)
✔ a log read at both ends drops the line the tail read landed inside (0.4274ms)
✔ a chunk read from mid-file skips the torn character rather than decoding it (0.2511ms)
✔ an oversized attachment keeps its end, in whole characters, under the byte limit (0.3732ms)
✔ the last error line is the newest ERROR or engine error (0.2018ms)
✔ the message names the session, build, machine and last error, and fits Discord (0.3691ms)
✔ missing logs are said in the message and not attached (0.4351ms)
✔ the webhook body is multipart with payload_json and one files[n] part per attachment (0.5012ms)
✔ a body containing its boundary is refused (0.2428ms)
✔ boundaries are long and hex (0.1789ms)
✔ only an export uses the committed URL; an override reaches any run (0.1091ms)
✔ kerbstone top and footway partition the original grade without stacked surface overlap (3.2876ms)
✔ the damage arc keeps the old wedge's timing: 900 ms up, solid for the first half (0.6402ms)
✔ the red pulse keeps its 0.32 start easing out over 320 ms (0.1656ms)
✔ the arc is thin and short, tapers at its tips, and never folds into duplicate points (1.2893ms)
✔ debug_spawn_encounter accepts every enemy kind (0.9525ms)
✔ debug_character_detail accepts exactly the character-detail settings (0.7912ms)
✔ debug_lighting accepts exactly LightingOptions, plus the antialiasing mode (1.1824ms)
✔ debug_lattice_study accepts exactly the fields read by its fixture (0.4396ms)
✔ every debug_* handler has an entry in the accepted-field table (2.2771ms)
✔ the table lists every field its handler reads (2.4726ms)
✔ the table lists no field its handler never reads (1.8094ms)
✔ a misspelled field is refused, and the reply says what the action takes (0.2382ms)
✔ an action with no entry, and an empty payload, are left alone (0.2922ms)
✔ DEBUG registry has unique controls, storage keys and grouped choices (2.5094ms)
✔ DEBUG settings persist and reject invalid stored values (0.3187ms)
✔ trainer fits supported desktop aspect ratios with room for its taskbar (2.8416ms)
✔ dragging cannot strand window controls off screen or under the taskbar (0.184ms)
✔ default window preserves the approved reference proportions (0.1128ms)
✔ the manifest says its free-tier output may not ship (0.7524ms)
✔ every entry is a request the sound-effects API accepts (0.9503ms)
✔ nothing is generated for a sound the original game has (0.1779ms)
✔ no two entries write the same file (0.1563ms)
✔ every sound in assets/audio is a recorded derivative (derivatives.json) or generated from the manifest (7.6629ms)
✔ every file the manifest writes is committed (63.7534ms)
✔ every downloaded music track records where it came from and a licence that allows the game (0.4251ms)
✔ grunt uses the native nine-frame shot, restarting for each real burst round (0.7669ms)
✔ native shot window includes the full motion and restarts from each replicated round (0.1192ms)
✔ native deaths use reproducible supported full-body fall clips (0.76ms)
✔ native death plays the full source fall before sinking and cleanup (0.6424ms)
✔ moving fire and hit reactions never replace pelvis or leg gait tracks (0.2952ms)
✔ each ranged enemy has a flash profile while lobbers and melee never emit false bullet tracers (1.084ms)
✔ spatial radio calls choose their nearby officer or commander, not a grunt or distant voice (0.6804ms)
✔ radio hand blends in and releases without a permanent override (0.7154ms)
✔ slam native contact and recovery fit existing authority timing (0.2575ms)
✔ stun holds recoil before the death fall; pistol sits beyond shield's right edge (0.7793ms)
✔ commander and minigun accelerate, coast and count each authoritative stamp once (0.8934ms)
✔ late snapshots do not fabricate feed/recoil or shots (0.1405ms)
(node:26556) [MODULE_TYPELESS_PACKAGE_JSON] Warning: Module type of file:///D:/work/godmode-roguelite-worktrees/land-livetube-juice-20261007/scripts/environment_modules/module_contract.ts is not specified and it doesn't parse as CommonJS.
Reparsing as ES module because module syntax was detected. This incurs a performance overhead.
To eliminate this warning, add "type": "module" to \\?\D:\work\godmode-roguelite-worktrees\land-livetube-juice-20261007\package.json.
(Use `node --trace-warnings ...` to show where the warning was created)
✔ furniture fronts share the kerb band and leave a full walking lane on narrow footways (1.5691ms)
✔ lamp clearance catches bed interiors and rotated planter edges (6.5089ms)
✔ bent branches share closed joint rings and outward terminal caps (6.3399ms)
✔ closure footings follow sloped and stepped paving with a closed buried contact skin (4.8852ms)
✔ closure clearance catches a fence crossing between clear endpoints (0.2716ms)
✔ every park walk uses surveyed top caps, never the terrain underside (5296.8227ms)
✔ roof service ducts close at cabinet ports and flashed penetrations (6.8167ms)
✔ nearby bench and bin approaches overlap instead of leaving a narrow grass strip (0.6859ms)
✔ all park and furniture paving joins have a single cap owner (34.9158ms)
✔ waterfront details reach Pier 1 and paving stays on finite ground within C (17.2899ms)
✔ ground fitting joins surveyed triangle seams and rejects unsupported/sloping footprints (0.3579ms)
✔ physical props must exclude nav interior plus the player's capsule clearance (0.1883ms)
✔ graded retaining pads follow each source corner and reject excessive rise or gaps (0.2478ms)
(node:23980) [MODULE_TYPELESS_PACKAGE_JSON] Warning: Module type of file:///D:/work/godmode-roguelite-worktrees/land-livetube-juice-20261007/scripts/environment_modules/module_contract.ts is not specified and it doesn't parse as CommonJS.
Reparsing as ES module because module syntax was detected. This incurs a performance overhead.
To eliminate this warning, add "type": "module" to \\?\D:\work\godmode-roguelite-worktrees\land-livetube-juice-20261007\package.json.
(Use `node --trace-warnings ...` to show where the warning was created)
✔ windowBay: honest bounds, valid facets and GLB round trip (9.0049ms)
✔ cornice: honest bounds, valid facets and GLB round trip (2.8231ms)
✔ parapet: honest bounds, valid facets and GLB round trip (1.0593ms)
✔ stoop: honest bounds, valid facets and GLB round trip (3.2591ms)
✔ doorSurround: honest bounds, valid facets and GLB round trip (2.1169ms)
✔ fireEscape: honest bounds, valid facets and GLB round trip (13.4828ms)
✔ beltCourse: honest bounds, valid facets and GLB round trip (0.879ms)
✔ storefront: honest bounds, valid facets and GLB round trip (3.0263ms)
✔ facade attaches to solid shells and retains downward stair clearance (3.6388ms)
✔ all facade-family variants fit their honest bounds and have nondegenerate triangles (610.4289ms)
✔ one building keeps one architectural family and its trim tone across independent role picks (26.8469ms)
✔ alternating quoin widths terminate flush at the correct corner edge (0.6266ms)
✔ hanging corbels clear a centred window surround in their three-metre bay (0.1405ms)
✔ ground index retains triangle seams across negative-coordinate cell boundaries without duplication (2.6132ms)
✔ sidewalk interiors cancel and long boundary edges split into supported gutter spans (0.5594ms)
✔ gutter requires opposite sidewalk and asphalt support, rejecting roof-height and ambiguous fits (0.6357ms)
✔ localized wear clips to exact nonplanar source faces and never bridges missing ground (0.7904ms)
(node:40340) [MODULE_TYPELESS_PACKAGE_JSON] Warning: Module type of file:///D:/work/godmode-roguelite-worktrees/land-livetube-juice-20261007/scripts/environment_modules/module_contract.ts is not specified and it doesn't parse as CommonJS.
Reparsing as ES module because module syntax was detected. This incurs a performance overhead.
To eliminate this warning, add "type": "module" to \\?\D:\work\godmode-roguelite-worktrees\land-livetube-juice-20261007\package.json.
(Use `node --trace-warnings ...` to show where the warning was created)
✔ facade: committed geometry and metadata reproduce from the engine-free builders (48.1687ms)
✔ roof: committed geometry and metadata reproduce from the engine-free builders (18.6867ms)
✔ street: committed geometry and metadata reproduce from the engine-free builders (14.1393ms)
✔ textured module bounds are validated after their native mesh transform (3.3065ms)
✔ every module in the library keeps the contract, and every role has at least one (663.8559ms)
✔ every placed role resolves to real faceted geometry rather than a stand-in (1.9174ms)
✔ garden and yard completion fits the existing placement envelopes without tolerance slack (16.4637ms)
✔ the contract catches geometry outside the footprint, unknown slots and bad ids (2.1236ms)
✔ boxes face outward: every face normal points away from the box centre (0.522ms)
✔ real modules replace stand-ins for their role, and picks are stable (3.6365ms)
✔ window bays fill every storey about every three metres, face out of the wall, and leave the door clear (9.6529ms)
✔ a street front without an inferred entrance gets one front door, lifted onto a stoop (2.2417ms)
✔ large roofs carry sparse varied individual installations with generous clear space (645.4919ms)
✔ window dressing varies sparsely by bay while sash and trim stay coherent per building (8.3906ms)
✔ a door at street level too tight for a stoop gets one raised entry step and a canopy (1.9104ms)
✔ a wall with a neighbour close in front stays blank below the neighbour's roof (1.5755ms)
✔ the committed attach surfaces match the map chunks they were extracted from (3275.1016ms)
✔ the navigation bake cut out exactly the parked cars the rules place, so a rule change forces a rebake (515.1905ms)
✔ the arena's placements stay out of buildings, door paths and each other, and sit on the ground (18198.7546ms)
✔ no enemy spawn point stands inside a hedge, stoop, shed, tree trunk or any other visual prop (17959.1701ms)
✔ supply crates rest on the nearest prop-clear spawn point, on its floor, or nowhere when none is near (0.4059ms)
✔ a building's cornice, belt course and door surround come from one style family (13.4258ms)
✔ on a sloping street the storeys carry down to the pavement instead of leaving the low end blank (2.7525ms)
✔ picture-frame windows stay on rowhouse-scale buildings (10.6656ms)
✔ player-eye review cameras stand 1.7 metres above actual surveyed waterfront ground triangles (19.628ms)
(node:10840) [MODULE_TYPELESS_PACKAGE_JSON] Warning: Module type of file:///D:/work/godmode-roguelite-worktrees/land-livetube-juice-20261007/scripts/environment_modules/module_contract.ts is not specified and it doesn't parse as CommonJS.
Reparsing as ES module because module syntax was detected. This incurs a performance overhead.
To eliminate this warning, add "type": "module" to \\?\D:\work\godmode-roguelite-worktrees\land-livetube-juice-20261007\package.json.
(Use `node --trace-warnings ...` to show where the warning was created)
✔ all three basic HVAC sizes share the approved flat model and fit their retained envelopes (60.8014ms)
✔ acSmall: facets, support and measured bounds (66.7718ms)
✔ acMedium: facets, support and measured bounds (19.8998ms)
✔ acLarge: facets, support and measured bounds (26.3288ms)
✔ ductRun: facets, support and measured bounds (2.5458ms)
✔ ductElbow: facets, support and measured bounds (1.3351ms)
✔ roofVent: facets, support and measured bounds (18.1648ms)
✔ roofHatch: facets, support and measured bounds (8.4055ms)
✔ waterTank: facets, support and measured bounds (13.3874ms)
✔ : facets, support and measured bounds (48.3168ms)
✔ : facets, support and measured bounds (22.8415ms)
✔ : facets, support and measured bounds (51.5102ms)
✔ : facets, support and measured bounds (21.3117ms)
✔ duct ports share width and elevation and elbow turns through 90 degrees (0.5387ms)
(node:37444) [MODULE_TYPELESS_PACKAGE_JSON] Warning: Module type of file:///D:/work/godmode-roguelite-worktrees/land-livetube-juice-20261007/scripts/environment_modules/module_contract.ts is not specified and it doesn't parse as CommonJS.
Reparsing as ES module because module syntax was detected. This incurs a performance overhead.
To eliminate this warning, add "type": "module" to \\?\D:\work\godmode-roguelite-worktrees\land-livetube-juice-20261007\package.json.
(Use `node --trace-warnings ...` to show where the warning was created)
✔ lampPost: complete footprint and nondegenerate facets (9.6436ms)
✔ roundTree: complete footprint and nondegenerate facets (2.8958ms)
✔ columnTree: complete footprint and nondegenerate facets (1.5383ms)
✔ planter: complete footprint and nondegenerate facets (2.8115ms)
✔ bin: complete footprint and nondegenerate facets (3.4723ms)
✔ utilityBox: complete footprint and nondegenerate facets (31.3222ms)
✔ bench: complete footprint and nondegenerate facets (5.1674ms)
✔ crosswalkStripe: complete footprint and nondegenerate facets (0.4753ms)
✔ manhole: complete footprint and nondegenerate facets (6.1942ms)
✔ drainGrate: complete footprint and nondegenerate facets (2.9735ms)
✔ hedge: complete footprint and nondegenerate facets (0.9535ms)
✔ curbBollard: complete footprint and nondegenerate facets (1.7175ms)
✔ street orientation and scale include lamp arm, crown and stripe long axis (0.7845ms)
✔ Godot's export filters are globs over whole paths, not directory rules (1.1066ms)
✔ every export preset excludes the runtime inspection bridge (0.9822ms)
✔ every export preset excludes all of tools/ and tests/ (242.989ms)
✔ tools/ is hidden from the exporter a second time, by its own .gdignore (0.3283ms)
✔ no export preset excludes the game's own resources (4.2879ms)
✔ every raw .glb.bin model is packaged (56.762ms)
✔ the export leaves out the parts of the maps only the tools read (0.4953ms)
✔ the pack's byte scan finds a literal that straddles a chunk boundary (29.4621ms)
✔ the pack reader skips an embedded pack's alignment padding, and nothing more (23.5574ms)
✔ approved assaultRifle ships its textured source and a sight picture on its own sights (390.1184ms)
✔ approved pistol ships its textured source and a sight picture on its own sights (615.3953ms)
✔ approved shotgun ships its textured source and a sight picture on its own sights (2467.0901ms)
✔ approved sniperRifle ships its textured source and a sight picture on its own sights (156.3924ms)
✔ each gun's sight sockets sit on the sight features place-weapon-sights.mjs measures on its mesh (2405.4994ms)
✔ FX ages hold through pause and resume with their remaining life (0.6023ms)
✔ widthAt reads the solid's x-extent where a line crosses it and misses elsewhere (20.4069ms)
✔ gripColumn puts the palm on the column's right face under the receiver, not on the receiver or the guard (36.378ms)
✔ gripColumn finds nothing on a bare receiver (1.7347ms)
✔ designed facets exactly cover the surveyed triangle on its own plane (12.0403ms)
✔ facets are lattice-sized, not survey-sized, and vary in tone and normal (4.9428ms)
✔ one world lattice: a facet split by a survey edge keeps one tone on both sides (86.3757ms)
✔ blood coverage runs from clear at full health to complete at death (0.8783ms)
✔ the coverage curve turns at the rules' own instant-recovery threshold (0.125ms)
✔ out-of-range health is treated as unhurt rather than drawn wrong (0.1079ms)
✔ every audible channel is driven by the coverage actually drawn (0.1289ms)
✔ the wash arrives far faster than it clears (0.2153ms)
✔ a zero or negative frame moves the wash nowhere (0.0718ms)
✔ a channel below the silence floor is not played at all (0.1084ms)
✔ the heartbeat phase stays continuous when the rate changes (0.1229ms)
✔ one beat is one kick and a decay (0.132ms)
✔ tip gains count up and further gains continue from the displayed amount (1.0597ms)
✔ first display, losses and a new stream show their current tip total immediately (0.1681ms)
✔ a kill survives the next target's hits, while new kills retrigger and expiry releases it (0.1257ms)
✔ confirmation pulses settle before fading, including extended fixture holds (0.8293ms)
✔ plate breaks survive following hits but yield to kills, and expire normally (0.1317ms)
✔ audience growth pulses once, settles, and throttles continuous gains (0.1602ms)
✔ audience losses and hidden-stream resets do not celebrate gains (0.0986ms)
✔ the respawn countdown rounds up to whole seconds and never goes negative (0.0969ms)
✔ HUD families keep their requested screen corners (0.3416ms)
✔ HUD stays in safe bounds at 1280x720 (1.2019ms)
✔ HUD stays in safe bounds at 3440x1440 (0.7295ms)
✔ HUD stays in safe bounds at 1100x735 (0.2726ms)
✔ HUD stays in safe bounds at 1024x768 (0.1802ms)
✔ HUD stays in safe bounds at 800x600 (0.1723ms)
✔ HUD stays in safe bounds at 600x600 (0.167ms)
✔ HUD stays in safe bounds at 640x360 (0.1233ms)
✔ HUD stays in safe bounds at 390x844 (3.3323ms)
✔ HUD stays in safe bounds at 320x320 (0.1934ms)
✔ HUD stays in safe bounds at 280x180 (0.1593ms)
✔ the frame-rate readout states both the rate and what a frame cost (1.5073ms)
✔ the frame-rate readout takes the top-left corner and the radar moves down for it (0.1637ms)
✔ the hit marker is centred on the crosshair, whatever it is confirming (1.4654ms)
✔ the hit marker gets heavier as the shot is worth more, and never depends on the viewport (0.2728ms)
✔ every shipped camera-arm asset uses the native Infima skeleton (463.8427ms)
✔ the selected rifle runtime prop contains the complete body and no trimmed ADS child (11.4323ms)
✔ pistol: magazine walls and hidden follower enclose volume without capping the feed slot (15.1764ms)
✔ pistol: solid loaded rounds share the magazine mesh and survive repeated imports (12.664ms)
✔ pistol: importing a #989 solid magazine removes its mouth cap (12.1605ms)
✔ pistol: restore the exact tagged v0.28 gun (19.7446ms)
✔ pistol: fire has moving parts and no second whole-assembly recoil (15.3268ms)
✔ assault-rifle: magazine walls and hidden follower enclose volume without capping the feed slot (2.9855ms)
✔ assault-rifle: solid loaded rounds share the magazine mesh and survive repeated imports (9.2423ms)
✔ assault-rifle: importing a #989 solid magazine removes its mouth cap (7.1432ms)
✔ assault-rifle: restore the exact tagged v0.28 gun (6.2956ms)
✔ assault-rifle: fire has moving parts and no second whole-assembly recoil (26.3797ms)
✔ an injection is installed while it holds, until it is first sampled, and inside its window (1.0108ms)
✔ only the fields a payload actually asks for count, in the handler's own terms (0.7256ms)
✔ every refused field is a debug_key_input field (0.1491ms)
✔ client_loop.ts still overwrites every intent field those taps feed (0.5893ms)
✔ the refusal names what would be dropped and how to send it instead (0.1991ms)
✔ every killstreak has an imported RGBA icon and its receipt: a generated source, or the script that drew it (85.527ms)
✔ native slash reaches its crossing at the authoritative 150ms contact and finishes at 600ms (2.5661ms)
✔ gun resumes its exact original pose after the slash (0.177ms)
✔ a flash takes the first dark light (0.8796ms)
✔ with every light lit, the one lit longest ago is stolen (0.2167ms)
✔ a flash starts at full energy, fades, and is dark at its end (0.1469ms)
✔ a file is published under its own digest, so every bake keeps its own asset (0.8743ms)
✔ a bake record must name both the atlas and its import sidecar (1.9212ms)
✔ the cache is per machine, and can be pointed elsewhere (0.3457ms)
✔ every atlas the tool restores is one git ignores, and its committed record names it (5.0766ms)
✔ every ignored lightmap atlas is restored or says why not, so a new bake cannot stay local by accident (1.3956ms)
✔ an explicit LIGHTMAP_BAKER_PATH always wins, and nothing is guessed (1.2109ms)
✔ an explicit path that does not exist still fails, rather than falling back (0.4157ms)
✔ unset on Windows, the proven console build is used, checked, and named out loud (0.3029ms)
✔ the default is refused if it is not the official 4.6.1 build (0.27ms)
✔ the windowed build is never a default: it has not been proven through a real bake (0.1676ms)
✔ unset anywhere but Windows fails loudly, as before (0.224ms)
✔ death, restart, menu, game quit and window close all bank the run (5.951ms)
✔ approved grunt firing retains nine real Mixamo samples and native recoil (39.2927ms)
✔ enemy-rifle: native skin, PBR images and shared motion catalog remain usable (100.7322ms)
✔ enemy-smg: native skin, PBR images and shared motion catalog remain usable (64.2153ms)
✔ enemy-shotgun: native skin, PBR images and shared motion catalog remain usable (87.0709ms)
✔ enemy-grenadier: native skin, PBR images and shared motion catalog remain usable (62.8985ms)
✔ enemy-rpg: native skin, PBR images and shared motion catalog remain usable (108.2029ms)
✔ enemy-marksman: native skin, PBR images and shared motion catalog remain usable (95.3759ms)
✔ enemy-medic: native skin, PBR images and shared motion catalog remain usable (85.0046ms)
✔ enemy-shield: native skin, PBR images and shared motion catalog remain usable (85.5358ms)
✔ enemy-heavy: native skin, PBR images and shared motion catalog remain usable (86.35ms)
✔ enemy-minigun: native skin, PBR images and shared motion catalog remain usable (65.8884ms)
✔ enemy-officer: native skin, PBR images and shared motion catalog remain usable (187.3271ms)
✔ enemy-commander: native skin, PBR images and shared motion catalog remain usable (175.6004ms)
✔ enemy-pistol: native skin, PBR images and shared motion catalog remain usable (159.7904ms)
✔ enemy-cloaker: native skin, PBR images and shared motion catalog remain usable (225.8129ms)
✔ assault: the raw-art index retains the Mixamo downloads the character was built from (2.0796ms)
✔ breach: the raw-art index retains the Mixamo downloads the character was built from (6.2495ms)
✔ marksman: the raw-art index retains the Mixamo downloads the character was built from (102.3059ms)
✔ daemon: the raw-art index retains the Mixamo downloads the character was built from (3.4484ms)
✔ assault: Mixamo migration preserves the body and binds every vertex (189.2254ms)
✔ breach: Mixamo migration preserves the body and binds every vertex (232.0184ms)
✔ marksman: Mixamo migration preserves the body and binds every vertex (140.742ms)
✔ daemon: Mixamo migration preserves the body and binds every vertex (331.606ms)
✔ daemon: each shoe has its own skin influences and triangles (85.5418ms)
✔ fracture rigs fit the opaque packed-PBR replacement contract (94.9132ms)
✔ the planted foot measures the stride every clip's recorded source travel does (314.4794ms)
✔ every rig's own walk is drawn for the stride it measures, including one that kept its travel (29.7048ms)
✔ model showcase catalogs gameplay states that resolve on each native rig (4994.2249ms)
✔ model-specific clips leave unrelated showcase rigs in idle (0.4937ms)
✔ model showcase includes all six player death clips (386.1568ms)
✔ a pool keeps spares up to its cap and frees the rest (0.7392ms)
✔ the readout says what the pool is for: built against reused (1.0949ms)
✔ Pier 1 promenade covers its inshore centreline and closes outer paving edges (91.7191ms)
✔ the reference corner's footways sit at kerb-cap height and the rest a little proud of the road (0.2613ms)
✔ a footway triangle is one flat face on its surveyed grade: no slabs, joints, bevels or tone (0.8872ms)
✔ a new life clears what the life owned and keeps what the connection owns (1.2205ms)
✔ reading a player never creates a record; writing does, and a disconnect removes it (0.1925ms)
✔ the arena's inputs are the same list, hashed the same, every time (388.6159ms)
✔ fingerprint depends on content and paths, not ordering or file timestamps (19.899ms)
✔ machine cache defaults outside the checkout and accepts an override (0.4782ms)
✔ the fingerprint lock serializes worktrees and reclaims an abandoned holder (130.7821ms)
✔ cache publishes verified outputs and restores a worktree receipt (30.2458ms)
✔ a file whose size and time match its stamp keeps its recorded hash; any other is read again (3.5376ms)
✔ the receipt is current exactly when every input and output hash matches (0.3487ms)
✔ a receipt written for the tree as it is matches the tree's own inputs (3007.5689ms)
✔ a reload holds through a long pause and resumes with only unpaused time (2.6907ms)
✔ native animation, particles and world sound restore their original states after pause or teardown (3.926ms)
✔ the log directory sits beside the file it is placed by, wherever that file is (5.3217ms)
✔ each boot gets its own file, named for its role and in UTC so the names sort in run order (0.2717ms)
✔ a line carries both clocks, and a message's own newline is not doubled (1.2762ms)
✔ a message spanning lines keeps its later lines indented under the entry (0.201ms)
✔ an exported client logs beside its executable, and an editor client only beside a settings file it was given (0.1453ms)
✔ each boot deletes the oldest log files of its own role so that a fixed number remain, and leaves other files alone (0.932ms)
✔ a console line reads the way GodotJS prints it, at the level of the method that wrote it (0.4194ms)
✔ no script registers an engine logger (140.4014ms)
✔ an exported client falls back to the user data directory when it cannot write beside the executable (0.4713ms)
✔ a heartbeat line says where the run is and how the process is doing (0.3306ms)
✔ a repeating error is written once, then once per window with a count of the ones held back (0.1994ms)
✔ the smoke-test termination ladder matches the CLI's for this platform (3.7992ms)
✔ the Windows ladder ends the whole tree, unforced before forced (0.2184ms)
✔ approved packs retain separate readable signal geometry within budget (27.2724ms)
✔ minigun housing remains separate from the centered -Z barrel pivot (3.4382ms)
✔ production dog retains a finite quadruped skin, 12k triangles and animated attack phases (32.0626ms)
✔ production supply crate preserves independently blinkable beacon geometry (10.4463ms)
✔ smg has embedded runtime textures and the camera-safe mesh contract (74.2352ms)
✔ dmr has embedded runtime textures and the camera-safe mesh contract (63.7919ms)
✔ grenade-launcher has embedded runtime textures and the camera-safe mesh contract (39.8298ms)
✔ waterfront park walks retain trunk and furniture clearance (1.2749ms)
✔ waterfront planting stays clear of park walk approaches (0.9497ms)
✔ the driver line is read out of a real boot log, teardown noise and CRLF included (2.8055ms)
✔ a Vulkan boot reports Vulkan, so a fallback cannot read as the requested driver (0.2991ms)
✔ a log with no driver line reports nothing rather than guessing (0.217ms)
✔ the project's pinned Windows driver is read with the name the engine prints for it (0.3837ms)
✔ an unpinned or unmapped driver is reported as such, not as a driver (0.1408ms)
✔ a setting is read from its own section, not from anywhere in the file (0.285ms)
✔ project.godot still carries the rendering settings an engine save can drop (0.1467ms)
✔ a soup of rotated, non-uniformly scaled copies is recovered copy by copy, in order (2.688ms)
✔ any vertex that is not a copy refuses the whole match rather than moving it (0.3048ms)
✔ normals are matched as append_from writes them: the basis times the base normal, normalised (0.8428ms)
✔ expanding the recovered copies gives back the soup (0.457ms)
(node:3268) [MODULE_TYPELESS_PACKAGE_JSON] Warning: Module type of file:///D:/work/godmode-roguelite-worktrees/land-livetube-juice-20261007/scripts/client/environment_study_regions.ts is not specified and it doesn't parse as CommonJS.
Reparsing as ES module because module syntax was detected. This incurs a performance overhead.
To eliminate this warning, add "type": "module" to \\?\D:\work\godmode-roguelite-worktrees\land-livetube-juice-20261007\package.json.
(Use `node --trace-warnings ...` to show where the warning was created)
✔ source-keyed emission preserves physical envelopes and phantom hardware details (294.077ms)
✔ capped exhaust joins the actual housing-side port and bears on its own roof (4.6203ms)
✔ occupied surfaces detect true crossing and reject coplanar disjoint pieces (0.5786ms)
✔ declared service strip stays outside every physical part (3.8817ms)
✔ closed miter elbows share oriented edges without open ends (0.7826ms)
✔ connector endpoints are cabinet side planes, inside housing heights (3.7082ms)
✔ stepped roof fits every separate foot and avoids transverse joint (6.0513ms)
✔ full rotated cap footprint is transformed, not nominal cabinet rectangle (7.9262ms)
✔ unsupported expanded footprint rejects an apparently supported cabinet centre (3.1523ms)
✔ frontage door ancestry is separate from hero roof ownership (9.877ms)
✔ pnpm test runs the runner, and test:unit is the whole unit directory in one pass (1.0299ms)
✔ every test:* script is a step, folded into test:unit, or excluded with a reason (0.8683ms)
✔ the three gates are the ones whose failure makes the rest meaningless (0.2407ms)
✔ only the step that actually thrashes the machine takes the lock away from other lanes (0.1371ms)
✔ a run that stopped early can never be mistaken for one that finished (9.8291ms)
✔ the queue is FIFO, and a lane that died is not in it (0.405ms)
✔ a waiting lane says what it is waiting for, so a stall is not mistaken for a hang (0.1487ms)
✔ two lanes cannot run a locked step at the same time, and the second one waits (1710.6519ms)
✔ GAME_RPC_NAMES is exactly the @rpc methods declared on Game (2.4523ms)
✔ server RPCs require the appropriate admission phase (0.9878ms)
✔ streak debug picks share the simulation clock after slow motion resumes (28.855ms)
✔ every refusal kind the dispatcher sends is one godot-cli knows (0.5097ms)
✔ the refusals the in-repo pollers wait on are marked notReady, and a misspelt field is invalid (1.8388ms)
✔ a well-formed placement outside the loaded map is a decline, not an invalid request (1.0279ms)
✔ 20 Hz NPC steps travel as far as 60 Hz physics without compounding speed (7.0778ms)
✔ a scheduled sweep keeps the wall's resolved velocity and cannot step through it (0.32ms)
✔ a building's shops share one style and trim tone; only the door bays differ (1.6287ms)
✔ display and door glazing paint shop glass with a lit room; window bays paint home glass (13.2938ms)
✔ the bridge dressing's tower centres are the surveyed ones (23.27ms)
✔ the shop awning faces up, out and to the sides, so back-face culling keeps it visible from the street (0.5258ms)
✔ every replicated field is covered by the fixture (1.781ms)
✔ the wire layout is pinned per format version, so a changed layout cannot keep its number (0.7655ms)
✔ a dictionary change the field list cannot see still changes the layout (#593) (0.4372ms)
✔ the layout covers every lookup table and quantisation the codec reads through (0.7826ms)
✔ the wire field order is pinned, so a reorder cannot pass unversioned (0.166ms)
✔ a self-contained snapshot round trips (3.472ms)
✔ mantle paths arrive in deltas and late-join keyframes and clear on completion (3.209ms)
✔ corpse FIFO additions and removals survive delta packets and late-join keyframes (2.0704ms)
✔ a delta against an identical baseline is a handful of bytes (0.3758ms)
✔ a moving lobby's delta fits inside one ENet fragment (0.6584ms)
✔ a self-contained eight-player snapshot stays within two fragments (0.4522ms)
✔ an unchanged field is carried over from the baseline rather than re-sent (0.8859ms)
✔ a player joining or leaving re-keys the roster without disturbing the others (0.7319ms)
✔ a System Admin arriving mid-match is encoded against a baseline that had none (0.4722ms)
✔ a string outside a dictionary still round trips, as a literal (0.4467ms)
✔ a truncated packet is refused rather than half-decoded (1.0234ms)
✔ packets from older layouts and unknown versions are refused (0.536ms)
✔ a delta read against the wrong baseline is refused rather than trusted (0.2152ms)
✔ a delta claiming a baseline roster the receiver does not have is refused (0.2085ms)
✔ random bit flips are refused or decoded, never silently mixed up (37.5509ms)
✔ sequence comparison survives the wrap at 65536 (0.3499ms)
✔ publisher and receiver converge on deltas and stay there (3.872ms)
✔ a client that stops acknowledging is put back on full snapshots and recovers (1.134ms)
✔ a receiver that misses a packet keeps naming what it still holds (0.5348ms)
✔ a superseded packet arriving late is dropped rather than rewinding the world (0.3954ms)
✔ every peer gets its own baseline, and identical baselines are encoded once (0.3861ms)
✔ a disconnected peer's acknowledgement is forgotten before its id is reused (0.5502ms)
✔ a receiver reset drops the match it was in (0.4003ms)
✔ an acknowledgement for a snapshot the server never sent is ignored (0.2875ms)
✔ the same packet arriving twice is applied once (0.8964ms)
✔ a yaw outside [-pi, pi] wraps rather than clamping (0.4629ms)
✔ a fabricated negative acknowledgement cannot wedge a peer out of deltas (0.2901ms)
✔ the accepted full-snapshot receipt survives deltas and rejected packets, then resets (0.4886ms)
✔ Brooklyn positions beyond the old 512 m range survive full and delta snapshots (0.6648ms)
✔ all preloaded city enemies survive keyframes and removals beyond the old 256-body cap (10.9396ms)
✔ a steady walk is drawn at a steady speed, with no stall frames (3.6933ms)
✔ bodies are drawn about the interpolation delay behind the newest snapshot (0.4821ms)
✔ the render clock jumps to a first snapshot and never runs past the newest (0.1303ms)
✔ a track holds its ends, interpolates between, and restarts on a teleport (0.8638ms)
✔ every snapshot a client accepts under loss is the world the server recorded (72.6443ms)
✔ snapshots are lost at the link's rate, not a multiple of it (32.3529ms)
✔ a total outage longer than the history is recovered from, without intervention (4.4026ms)
✔ duplicated and delayed packets never rewind the world (33.6126ms)
✔ a packet that arrives after a newer one is dropped, not applied (21.6156ms)
✔ a client whose acknowledgements are lost still gets a usable stream (34.1838ms)
✔ the same seed reproduces the same run (22.7216ms)
✔ every humanoid kind is drawn as a player gun the stance solver can hold (0.7256ms)
✔ the off-hand goes on every gun but the SHIELD's pistol (0.282ms)
✔ only the HEAVY's LMG is drawn bigger (0.1071ms)
✔ the gun points along the line from the shoulder to the target (0.1591ms)
✔ with nobody to shoot it carries the gun at a low ready (0.0895ms)
✔ a round kicks the muzzle up and it settles back (0.1016ms)
✔ a long gun blades the chest toward the off-side and sits back into the shoulder, within what reads as a stance (0.1127ms)
✔ startup phases partition the launch without counting nested resource spans twice (2.1325ms)
✔ an old readiness marker never counts as a presented gameplay frame (0.1706ms)
✔ phone retains its screen texture and assigns the material only when the feed changes (6.0357ms)
✔ prototype phone holds the ride feed, returns from its held pose, and keeps RC-XD a call-in (3.3328ms)
✔ phone shake rotates the rigid assembly and suppression clears it (1.0717ms)
✔ standard remote returns from close while direct-fade aircraft never raise a tablet (2.6525ms)
✔ prototype server keeps the exposed body in-world; bail releases it immediately and stops cover (14.328ms)
✔ prototype timeout releases the body at seven seconds; console loadouts preserve the flow (3.0139ms)
✔ cover chooses nearest visible threat, respects cadence and damages at reduced gun power (1.4363ms)
✔ prototype map strike waits for click after phone tap; RC-XD is a call-in without a ride (1.4582ms)
✔ an existing trainer hint stays out of the tablet and ride viewing area (3.7014ms)
✔ tablet controller hands native gun playback through entry, put-away and remote return (1.279ms)
✔ gunner activation cancels a preceding tablet outro through ride, exit and restored gun (1.5371ms)
✔ exit cancels stale tablet independently of observing ride entry (0.7416ms)
✔ tablet call-ins still raise, tap once and finish; ride entry does not cancel LAUNCH (7.7587ms)
✔ Predator's tablet is cleared for control, exit and the restored gun (0.7914ms)
✔ every ride holds its exact activation position through the exit fade, without changing weapon or ammo (2.1785ms)
✔ remote ride returns through the close-held tablet and keeps the gun blocked until lowered (1.4947ms)
✔ gunners never restore a tablet; death cancels a remote return (1.6934ms)
✔ prototype feed holds the native approach and returns from the matching partial-close pose (2.0362ms)
✔ prototype RC-XD keeps its call-in pose and suppression clears phone hit feedback (0.7335ms)
✔ slow close-device preparation does not consume the return reveal (0.6902ms)
✔ tablet remains close through the black handoff hold before revealing (0.6208ms)
✔ completed strike awards wait for the phone and stay off its close return (14.293ms)
✔ prototype exit returns the PiP phone immediately; standard exit prepares its black hold (2.8174ms)
✔ default prototype has no Auto Cover and body stays wherever movement put it (1.7224ms)
✔ two-click targeting and reset are shared by current and prototype flows (6.5991ms)
✔ prototype released phone restores the actual player gun; normal rides still hide it (2.4771ms)
✔ a missing phone-feed camera cannot leave thermal/static over the body view (1.3666ms)
✔ paint and parking use the same setback at branching junctions (1.2937ms)
✔ parking reserves the full crossing width and an approach beyond the car centre (0.2143ms)
✔ angled vehicle corners and angled crossings share the same clearance (0.7354ms)
✔ fitting follows rotated slopes and refuses missing paving, steps and narrow routes (1.073ms)
✔ every committed base follows actual source paving, and every kind reaches the waterfront (1502.7105ms)
✔ dressing is batched by cell; shrubs share four shapes with correct numeric transforms (24.838ms)
✔ new furnishing footprints do not overlap one another or closure lanes (4.2233ms)
✔ navigation receipt matches all solid props and no enemy origin overlaps them (18.2023ms)
✔ a stacked vegetation pass cannot leave a pit after removing its tree (0.4909ms)
✔ street rules reject internal plaza kerbs, frontage pinch points and crowded bike racks (10.4124ms)
✔ every added street prop has a two-metre paved corridor clear of actual frontage and final props (20047.4675ms)
✔ street planter clusters vary between beds while retaining structure, cells and shape budget (3.956ms)
✔ paint clips to each actual sloping road plane and refuses a hole (3.6648ms)
✔ lane centre measures the road instead of following a kerb-hugging routing point (5.1995ms)
✔ crossing geometry remains inside #893 vehicle reservation and lines clear its approach (2.4523ms)
✔ kerb facets face outward, preserve grade and omit dropped ramps (1.5358ms)
✔ asphalt tones are broad flat facets, with grade normals and no geometric seams (2.5341ms)
✔ beveled box keeps the exact envelope and outward nondegenerate faces (1.7437ms)
✔ furniture keeps every original placement field and fits its existing envelope (660.0754ms)
✔ approved street props retain normal and albedo maps, UVs and matching provenance (100.1811ms)
✔ every hydrant family draws the approved model at its recorded fit, with no facets (32.4787ms)
✔ native export carries actual sky and spatial material overrides, excluding commented declarations (6.0458ms)
✔ large shared batches sample the actual world field on both sides and through its transition (0.2425ms)
✔ source_color conversion precedes mixing and linear vertex intensity multiplies afterward (0.3246ms)
✔ bake shader retains the actual source fragment, uniforms and vertex attributes (0.3695ms)
✔ release rejects fresh pilot, unknown, duplicate and incomplete region coverage (0.7882ms)
✔ absent development output differs from orphaned imported/baked files (112.4591ms)
✔ a lone atlas or atlas/data pair cannot bypass the source and binding manifest (20.2353ms)
✔ each approved study has static receivers and unique street probe positions (17.9581ms)
✔ crossing batches are exported wholly while unsupported out-of-volume probe meshes fall back (0.172ms)
✔ an audit crop replaces the study regions for the bake set and parses strictly (0.6064ms)
✔ every surface family the server can report has a debris profile (1.3008ms)
✔ every profile describes a burst that can actually be drawn (0.3068ms)
✔ a drag coefficient can never reverse a piece within one frame (0.107ms)
✔ sparks are struck metal and nothing else (0.0894ms)
✔ glass is the only debris that lights up rather than being lit (0.0871ms)
✔ light debris flutters and heavy debris drops (0.0967ms)
✔ the surfaces that powder raise dust and the ones that shatter do not (0.0749ms)
✔ concrete throws the widest cloud, because it has to read from across the arena (0.0731ms)
✔ every weapon category scales a burst, and a shotgun pellet is worth less than a rifle round (0.1092ms)
✔ a scaled burst always throws something, and only where the profile does (0.2702ms)
✔ each debris shape is cut to a silhouette the others are not (0.2698ms)
✔ shop displays leave every entrance empty across display and trim variants (0.8276ms)
✔ physical display bays enclose goods behind glass without growing the storefront footprint (641.4338ms)
✔ uniform prop fitting grounds the base and keeps every bound inside the display envelope (0.3905ms)
✔ native planter keeps grounded leafy shrubs beside its separate structural model (78.3456ms)
✔ semantic limb and legacy finger references resolve to native imported joint names (1.9366ms)
✔ human and bot world bodies use the same directional and reload animations (0.4577ms)
✔ animation transitions remain multi-frame under load (0.1869ms)
Navigation query removed 25643088 fitted coordinate values from 2557 placements
✔ numeric mesh upload preserves outward normals and reverses only Godot face winding (8.9194ms)
✔ bulk instance transforms preserve yaw, arbitrary surface tilt and independent shrub scales (0.707ms)
✔ ground batch merging preserves fitted surfaces in world space without another ground fit (0.2519ms)
✔ authored crowns reuse six meshes regardless of exact clearance width and keep roots grounded (13.5377ms)
✔ navigation footprint queries retain no fitted facets and exactly match presentation placements (36904.579ms)
✔ tree tone and lean are uploaded in a bounded numeric buffer without moving roots (0.5251ms)
✔ detached furniture plots use pale paving while real tree and garden beds retain soil (5.0397ms)
✔ landscaping excludes every actual cordon, separates tree crowns, and preserves closure pieces (148.2663ms)
✔ planter coping follows a slope and a terrain seam across its entire footprint; unsupported footprints fail (3.9251ms)
✔ furniture paving reaches a real path, follows grade, and tree beds have no repeated shrub islands (17.3884ms)
✔ every registered vegetation module uses one flat leafy family within its actual footprint (714.8319ms)
✔ family meshes are deterministic, manifold lobes with outward faces and several crown clusters (66.7482ms)
✔ tree size family preserves placement ids, crown widths and grounded roots (7.6315ms)
✔ six crown silhouettes stay inside existing clearance envelopes after lean and scale (148.1996ms)
✔ clustered foliage preserves plant count and keeps every fitted shrub inside the original bed (0.6892ms)
✔ authored shrub clusters resample sloping soil without changing the source or boundaries (1.9866ms)
✔ vegetation is independently planted without tree pedestals or furniture-attached beds (1.5116ms)
✔ shrub foliage preserves bench approaches and exposed tree roots (0.3445ms)
✔ placement paint survives reordering and gives a weighted city mix (21.6832ms)
✔ paint custom data preserves each transform and tree colour buffer (1.0624ms)
✔ tablet gun handoffs enter from below with a monotonic, reversible assembly move (1.1009ms)
✔ tablet handoffs sample continuous native holster and draw, with no draw during remote entry (1.022ms)
✔ draw and reload cannot be overridden by recoil or an aim request (0.2086ms)
✔ live hip and ADS playback never adds a baked fire kick to procedural recoil (0.3002ms)
✔ sprint entry can be sampled backwards on release, and aiming takes over (0.1165ms)
✔ sprint uses the authored hold while the shared v0.28 sway supplies the run cycle (0.1105ms)
✔ native shot clips drive parts while reload and draw retain priority (0.1109ms)
...........
----------------------------------------------------------------------
Ran 11 tests in 0.013s

OK
✔ build selects one weapon; import accepts multiple files and --from before or after paths (1.773ms)
✔ partial imports plan only present weapons and never copy the other weapon's files (0.4876ms)
✔ tablet build and partial import keep weapon edits isolated (0.1976ms)
✔ tablet retains native weighted hands, all baked frames and the editable prop seat (73.7373ms)
✔ local pose deltas reconstruct edits, carry each frame, preserve manual edits and protect reload motion (184.1833ms)
✔ pistol: saved Actions retain all clips, finite samples and independent prop tracks (268.5321ms)
✔ pistol: reject a lost magazine track before updating game files (20.4705ms)
✔ pistol: reject mismatched frame duration and native bone roster (25.5246ms)
✔ assault-rifle: saved Actions retain all clips, finite samples and independent prop tracks (343.442ms)
✔ assault-rifle: reject a lost magazine track before updating game files (16.3573ms)
✔ assault-rifle: reject mismatched frame duration and native bone roster (16.6597ms)
✔ all sixteen treatments retain closure panels and C13's two legs (1.7074ms)
✔ approved dimensions stay at native metres and all poses have source-fitted ground (2.8406ms)
✔ shoreline model variety is stable, reaches every prepared shape and excludes unavailable outputs (1.6987ms)
✔ native shoreline fitting preserves the old clearance envelope and puts the lowest point at its root (0.3146ms)
✔ constructed piers keep every source cap while replacing full-height concrete walls with thin fascia (12.708ms)
✔ timber has flat cut caps and separate real bindings rather than an angled obelisk crown (0.3355ms)
✔ angular armour alternatives remain inside the approved rock clearance envelope (4.6187ms)
✔ landing structure keeps its supported cross-braced access and bindings while model fenders replace cylinder facets (1.796ms)
✔ all usable surveyed ferry decks build grounded guards without treating isolated cap remnants as decks (59.7442ms)
✔ instanced Tencent shoreline stones stay closed, flat shaded and within the 400-triangle budget (56.0974ms)
✔ riverfront ownership removes both legacy picket variants map-wide and retains inland gardens (19377.9058ms)
✔ every placed waterfront post and base-plate corner touches retained ground within 1 cm (11289.6094ms)
✔ approved riprap footprint forces a grounded, continuous rail landward of the rocks (0.5609ms)
✔ an overhanging bank extends posts down to ground while its rails stay above bank level (0.5971ms)
✔ a post shaft reaches its sloping plate, and split-level plates seek a single supporting surface (6.0604ms)
✔ sloping supports fit each plate corner and upright separately, with no midpoint interpolation (0.3177ms)
✔ a failed ground fit relocates to nearby ground without breaking the railing (0.6301ms)
✔ steep ground and centimetre survey seams retain continuous, uncrowded corner rails (12.4157ms)
✔ post spacing continues through short surveyed edges instead of clustering at each vertex (0.2851ms)
✔ river has finite upward facets and retains the fine grid beside candidate C (703.4092ms)
✔ shore dressing uses finite pier-top heights and records its retained sources (133.6619ms)
✔ approved pier props retain source approval hashes and fit the runtime triangle budgets (12.8721ms)
✔ visual shore placement includes both camera areas and bounded, scaled piling footprints (135.3436ms)
✔ varied riprap forms a visible belt outside the promenade and timber silhouettes remain readable in both approved views (175.3039ms)
✔ waterfront placement generation reproduces without changing the committed data (1794.1729ms)
✔ raised rock crowns leave every surveyed bank clear for the retained baked railing (313.787ms)
✔ scattered riprap keeps varied small stones across both shore views (71.8118ms)
✔ 07 raised landing has grouped approved timber supports within foam capacity (69.4716ms)
✔ riprap descends through a broad apron with proportional boulder heights (119.3746ms)
✔ the full shoreline slope has dense armour in every alongshore and depth band (1077.5285ms)
✔ armour beside every bank stays exposed even when opposite shoreline aprons overlap (318.5203ms)
✔ every weapon category has a presentation definition (1.7224ms)
✔ muzzle flashes clear the barrel along each model's own bore (0.3196ms)
✔ every weapon model runs its bore down the canonical -Z (421.224ms)
✔ every weapon model ships the sockets the runtime addresses by name (156.7148ms)
✔ a muzzle flash clears before the weapon can fire again (0.3714ms)
✔ weapon scene wiring is distinct per category (0.4992ms)
✔ weaponAnimation composes each category's authored clip names (0.1646ms)
✔ aiming narrows the view for every category (0.1299ms)
✔ every weapon is carried by a hold the pose table defines (0.192ms)
✔ both holds are defined and fully specified (0.313ms)
✔ sprint bore constants exceed the resting swing and cant (0.1438ms)
✔ hand grips are stated as unit directions (0.1458ms)
✔ the shared world grip rotation is a unit quaternion (0.053ms)
✔ the viewmodel pass magnifies with field of view rather than scale (0.0592ms)
✔ native support calibration uses weapon-space metres and degrees (0.1182ms)
✔ pistol and rifle retain v0.28 kick, squared return and sustained bloom strength (2.3447ms)
✔ v0.28 ADS optics, transition and camera recoil random ranges remain pinned (1.1084ms)
✔ every weapon category has a feedback definition (0.1259ms)
✔ aiming down sights damps the kick for every category (0.4504ms)
✔ aimed recoil only slides the weapon along the optical axis, so the sights stay lined up (0.3387ms)
✔ hip-fire recoil keeps its full lift, travel and rotation (0.2426ms)
✔ per-shot kick follows the intended ordering across every channel (0.274ms)
✔ the automatic categories trade the smallest per-shot kick for the worst sustained fire (0.2621ms)
✔ horizontal wander runs opposite to vertical kick (0.4031ms)
✔ viewmodel recovery is derived from the authoritative bloom rules (0.287ms)
✔ recoil intensity spans exactly one to one-plus-the-sustained-multiplier (0.2433ms)
✔ recoil intensity never falls as bloom accumulates (0.7239ms)
✔ a category with no bloom ceiling does not divide its way to NaN (0.1875ms)
✔ muzzle flash and shell casing dimensions are drawable (0.325ms)
✔ the phase is the fraction of the server's duration, clamped to the reload (11.3509ms)
✔ equipment footprint rejects roof edges, degenerate faces and unsupported corners (2.0267ms)
✔ sloped streets interpolate real ground height and reject steep prop supports (14.53ms)
✔ source chunk fitting reaches all five approved study areas and rejects distant chunks (0.6849ms)
✔ roof equipment crosses coplanar triangle seams but rejects different roof levels (0.3434ms)
✔ street frontages retain survey elevation, outward wall normal and reject roof faces (0.9153ms)
✔ frontage equipment flips inconsistent winding toward the exposed street side (0.2521ms)
✔ inset doorway fixtures snap to the outer shell wall rather than burying into it (0.3291ms)
✔ crossings use broad multi-way junction mouths, avoiding alleys and duplicate approaches (2.32ms)
✔ paint fits across triangle seams and follows street grade (0.4905ms)
✔ paint rejects off-road corners, missing central support and ambiguous levels (0.2326ms)
✔ paint stays above millimetre-overlapping road faces instead of clipping into the visible layer (0.2438ms)
ℹ tests 661
ℹ suites 0
ℹ pass 661
ℹ fail 0
ℹ cancelled 0
ℹ skipped 0
ℹ todo 0
ℹ duration_ms 42041.8261
[ 4/13] test:unit: ok in 42.4 s

[ 5/13] test:muse-image

> godmode-exe@ test:muse-image D:\work\godmode-roguelite-worktrees\land-livetube-juice-20261007
> node --test tools/assets/muse-image.test.mjs tools/assets/generate-image.test.mjs

✔ parseArguments reads flags, repeats --edit, and rejects unknown ones (1.1165ms)
✔ redactKey removes every occurrence of the key and passes other text through (0.0984ms)
✔ --dry-run prints a JSON envelope with the request and touches no network (0.2871ms)
✔ --help --json prints the usage text inside the standard envelope (0.1162ms)
✔ an unreadable --edit input fails with a clean message, not a raw stack trace (3.8483ms)
✔ generation requests carry the documented fields and default to base64 PNG (1.2751ms)
✔ generation requests reject bad input before any network call (0.3517ms)
✔ edit requests wrap each data URL as an image_url entry (0.1681ms)
✔ responses decode base64 payloads and surface usage (0.1937ms)
✔ the committed API key is used when none is passed (14.6356ms)
✔ requestImages posts JSON with a bearer token to the images endpoint (0.3267ms)
✔ requestImages times out a request whose body stream stalls after headers arrive (50.8995ms)
✔ requestImages turns HTTP errors into MuseImageError with the API message (0.4755ms)
✔ images are written as NAME.EXT then NAME-2.EXT, with jpeg mapped to .jpg (5.0939ms)
✔ prompt slugs are filesystem-safe and bounded (0.2841ms)
ℹ tests 15
ℹ suites 0
ℹ pass 15
ℹ fail 0
ℹ cancelled 0
ℹ skipped 0
ℹ todo 0
ℹ duration_ms 131.2484
[ 5/13] test:muse-image: ok in 0.4 s

[ 6/13] test:hunyuan-3d

> godmode-exe@ test:hunyuan-3d D:\work\godmode-roguelite-worktrees\land-livetube-juice-20261007
> node --test tools/hunyuan-3d/cli.test.mjs

✔ result matching ignores older completed gallery assets and identifies the submitted task (1.4846ms)
✔ parseArguments resolves paths and fixed generation settings (0.6887ms)
✔ validateImage accepts supported files and rejects unsafe inputs (28.0814ms)
✔ dry run describes the exact source, model, and 500k selection without opening a browser (3.6723ms)
✔ downloadableUrls finds supported model archives in nested responses (1.2444ms)
✔ finalModelUrl ignores intermediate geometry and selects the successful textured 500k result (0.2361ms)
✔ usage documents the Gmail-delivered email code input (0.1395ms)
ℹ tests 7
ℹ suites 0
ℹ pass 7
ℹ fail 0
ℹ cancelled 0
ℹ skipped 0
ℹ todo 0
ℹ duration_ms 1133.6544
[ 6/13] test:hunyuan-3d: ok in 1.5 s

[ 7/13] test:mixamo-tool

> godmode-exe@ test:mixamo-tool D:\work\godmode-roguelite-worktrees\land-livetube-juice-20261007
> node --test tools/mixamo/cli.test.mjs

✔ validates model and clip names (1.3181ms)
✔ records a binary FBX in raw art and protects saved files (24.3176ms)
ℹ tests 2
ℹ suites 0
ℹ pass 2
ℹ fail 0
ℹ cancelled 0
ℹ skipped 0
ℹ todo 0
ℹ duration_ms 230.4177
[ 7/13] test:mixamo-tool: ok in 0.8 s

[ 8/13] test:pr-image

> godmode-exe@ test:pr-image D:\work\godmode-roguelite-worktrees\land-livetube-juice-20261007
> python3 -m unittest discover -s tools/pr-image -p "test_*.py"

node.exe : ..pr-image: --prefix must not contain a '..' segment
At C:\Program Files\nodejs\pnpm.ps1:16 char:5
+     & "$basedir/node$exe"  "$basedir/node_modules/corepack/dist/pnpm. ...
+     ~~~~~~~~~~~~~~~~~~~~~~~~~~~~~~~~~~~~~~~~~~~~~~~~~~~~~~~~~~~~~~~~~
    + CategoryInfo          : NotSpecified: (..pr-image: --p... a '..' segment:String) [], RemoteException
    + FullyQualifiedErrorId : NativeCommandError
 
...............pr-image: upload of hud.png failed: HTTP 404
....
----------------------------------------------------------------------
Ran 21 tests in 0.049s

OK
[ 8/13] test:pr-image: ok in 1.1 s

[ 9/13] test:audio-decisions

> godmode-exe@ test:audio-decisions D:\work\godmode-roguelite-worktrees\land-livetube-juice-20261007
> node --test tools/audio/import-decisions.test.mjs

✔ imports preserve exact notes, unchecked decisions and reviewed status with immutable history (58.541ms)
✔ invalid role data fails before writing a current decision record (0.6039ms)
ℹ tests 2
ℹ suites 0
ℹ pass 2
ℹ fail 0
ℹ cancelled 0
ℹ skipped 0
ℹ todo 0
ℹ duration_ms 254.5305
[ 9/13] test:audio-decisions: ok in 0.9 s

[10/13] maps:check

> godmode-exe@ maps:check D:\work\godmode-roguelite-worktrees\land-livetube-juice-20261007
> node tools/maps/sands-pearl/build.mjs --check && node tools/maps/sands-pearl/street-graph.mjs --check && node tools/maps/sands-pearl/footprints.mjs --check && node tools/maps/sands-pearl/vehicles.mjs --check && node tools/maps/sands-pearl/decks.mjs --check && node tools/maps/sands-pearl/low-decks.mjs --check && node tools/maps/sands-pearl/bake-navigation.mjs --check && node tools/maps/sands-pearl/building-map.mjs --check && node tools/maps/sands-pearl/entrances.mjs --check

(node:47940) [MODULE_TYPELESS_PACKAGE_JSON] Warning: Module type of 
file:///D:/work/godmode-roguelite-worktrees/land-livetube-juice-20261007/scripts/client/environment_study_regions.ts 
is not specified and it doesn't parse as CommonJS.
Reparsing as ES module because module syntax was detected. This incurs a performance overhead.
To eliminate this warning, add "type": "module" to 
\\?\D:\work\godmode-roguelite-worktrees\land-livetube-juice-20261007\package.json.
(Use `node --trace-warnings ...` to show where the warning was created)
Conditioning the DEM under the street network
Fence spans that cars must keep clear of: 1400
Generating Ground (0 features)
Draping Ground in chunk -3_-3
Draping roads in chunk -3_-3
Draping sidewalks in chunk -3_-3
Draping CurbRamp in chunk -3_-3
Draping CurbRamp in chunk -3_-3
Generating BuildingSkirt_462634 (1000 features)
Generating BridgeRailing (1100 features)
Generating BridgeRailing (1200 features)
Generating BridgeRailing (1300 features)
Generating BridgeSuspender (1400 features)
Generating BridgeCable (1500 features)
Generating BridgeCable (1600 features)
Generating BridgeCable (1700 features)
Generating BridgeCable (1800 features)
Generating BridgeSuspender (1900 features)
Generating BridgeCable (2000 features)
Generating BridgeCable (2100 features)
Generating BridgeStay (2200 features)
{"areaSquareMeters":2046686.1556154955,"chunks":154,"meshes":849,"triangles":714422,"bytes":60762996,"largestChunkBytes":7665892,"omitted":19,"bridge":{"sourceTransportObjectId":2242,"towerCentersStatePlaneFeet":[[985814.155,195799.5775],[984712.7625,196951.6375]],"towerCentersMeters":[[-556.3321662628997,-456.28939111703323],[-892.0372716731332,-807.4379814142131]],"mainSpanMeters":485.8016573316653,"towerHeightAboveWaterMeters":84.42976885953772,"sideSpanMeters":284.3789687579375,"reference":"https://www.nyc.gov/html/dot/html/infrastructure/brooklyn-bridge.shtml","method":"Tower centres estimated from surveyed deck shoulder bulges; tower height and side spans use published dimensions. Gothic arches, cable profiles and railing details are authored greybox approximations. The real bridge's raised centre promenade is left out: the deck is walked and fought on whole (ROGUELITE.md).","deckProbe":[-718.402135314829,-637.3919523856548],"walkProbe":[-724.1847189680165,-631.8636862656232],"walkProbeY":20.901190511021287}}
{"cars":304,"bytes":6422}
{"navigation":"sands_pearl","tiles":154,"polygons":23566,"checked":true}
building_map is current
[10/13] maps:check: ok in 93.1 s

[11/13] maps:test

> godmode-exe@ maps:test D:\work\godmode-roguelite-worktrees\land-livetube-juice-20261007
> node --test tools/maps/*.test.mjs

✔ shoreline and all waterfront props attach to retained water, never filled inland cuts (187.6826ms)
✔ inland Pier 1 pond and stream cuts get ground without moving the river or water outside C (58.7298ms)
✔ every survival spawn and the three Pier 1 failure sites have collision floor at walking height (1408.9524ms)
✔ the reported bridge-wall location no longer receives an eleven-metre downward spike (22.9615ms)
✔ a broad grade or a lasting level change is not flattened (0.7485ms)
✔ CityGML vertical walls preserve holes and their source winding (1.3732ms)
✔ chunk clipping preserves a sloped 3D surface and its height at seams (0.3626ms)
✔ an unambiguous PLUTO lot supplies the floor count, and an ambiguous one falls back to height (27.2323ms)
✔ newer buildings and mismatched IDs retain current footprints (0.1747ms)
✔ whole-map selection joins CityGML and PLUTO without losing source identity (488.4908ms)
✔ map-edge clipping does not reject a matching complete CityGML building (5.3769ms)
✔ entrance measurement joins a chunk split and retains threshold and outward face (1.1688ms)
✔ horizontal surfaces and fragments too small for a door are not entrances (0.1482ms)
✔ park maintenance buildings leave both authored walking lanes clear (0.7505ms)
✔ site kit keeps its body above terrain and records authored placements (1.6707ms)
✔ promenade covers the full selected edge, stays on land and has a level eight-metre apron (5.9534ms)
✔ long source edges are selected by arena overlap rather than their midpoint (2.0122ms)
✔ empty inland arenas have no fabricated waterfront (0.9475ms)
✔ bulkheads split at a partial promenade interval and meet its flat floor at both joins (0.6255ms)
✔ review cameras stand on the apron without changing their concept aim (1.2547ms)
✔ window apertures remove wall area and put glass behind the retained collision plane (9.9802ms)
✔ an ambiguous lot falls back to the shell's own height rather than drawing nothing (2.8284ms)
✔ a shell whose height will not divide into storeys still draws nothing (0.4166ms)
✔ entrances need real sidewalk frontage and steps need enough sidewalk depth (6.5375ms)
✔ detail caps preserve shell generation and report omitted windows deterministically (54.5023ms)
✔ oriented box has outward winding and preserves volume (0.3305ms)
✔ street placement requires supported sidewalk and excludes buildings and elevated transport (16.6271ms)
✔ nothing is placed where a barricade will stand across a street mouth (10.8235ms)
✔ whole-map selector keeps intersecting footprints and excludes outside ones (0.5905ms)
✔ authored setback entrance cuts the facade and bridges its garden to the sidewalk (1.2656ms)
✔ DEM metre values, north/south orientation and diagonal interpolation match the actual triangle planes (1.9636ms)
✔ nonlinear shore grading remains one plane under grass and extra paving vertices (0.4727ms)
✔ DEM cannot silently extrapolate, fill missing land, or accept incorrect vertical units (0.3572ms)
✔ footprint grounding samples long edges, including lower contacts between footprint corners (0.2025ms)
✔ a building's floor sits at its own surveyed grade, and the solid runs down to the lowest contact (0.1131ms)
✔ a surveyed grade outside the ground the footprint touches is held to it, so a building never floats (0.2023ms)
✔ transport deck elevations retain their own survey-foot conversion and do not inherit bare-earth height (0.2859ms)
✔ retained DEM is hash-verified and fixes the erroneous high terrain at 95 York Street (153.0892ms)
✔ draped boundaries split at cell edges and diagonals without extra internal walls (1.0407ms)
✔ conditioning removes a bare-earth wall under the street and leaves the terrain beside it alone (2.1311ms)
✔ a street that genuinely climbs inside the grade keeps its climb (0.3938ms)
✔ a conditioned grid keeps the raw vertical datum, so conditioning cannot move the whole map (0.124ms)
✔ NY State Plane survey feet become local metre coordinates with north at -Z (1.0234ms)
✔ GIS holes stay open, including when a crop cuts through an outer ring (2.7713ms)
✔ courtyard prism triangulates outward without filling the courtyard (1.1469ms)
✔ generated geographic extract is chunked, cropped to the expanded waterfront boundary, and contains river and bridge (240.7485ms)
✔ every mesh has semantic attribution and triangle ranges without geometry duplication (152.723ms)
ℹ tests 47
ℹ suites 0
ℹ pass 47
ℹ fail 0
ℹ cancelled 0
ℹ skipped 0
ℹ todo 0
ℹ duration_ms 1815.2227
[11/13] maps:test: ok in 2.1 s

[12/13] game-rules

> @godmode/game-rules@0.1.0 test D:\work\godmode-roguelite-worktrees\land-livetube-juice-20261007\packages\game-rules
> pnpm run build && node --test dist/test/**/*.test.js


> @godmode/game-rules@0.1.0 build D:\work\godmode-roguelite-worktrees\land-livetube-juice-20261007\packages\game-rules
> node -e "require('node:fs').rmSync('dist/test',{ recursive: true, force: true })" && tsc -p tsconfig.json

ai_budget: 14 navigators, 300 ticks: mean 0.092 ms, p95 0.274 ms, max 8.232 ms, goals reached 11, unreachable 1
✔ fourteen navigators replanning every half second stay inside the per-tick budget (33.5083ms)
✔ locked aim cancels accumulated suit recoil in the submitted shot direction (0.8405ms)
✔ the RC bomb car is the weakest enemy and, however late and elite, slower than the player's base sprint (0.8369ms)
✔ the aim assist aims at the torso of every crowd kind, never the head, and regulars use the reduced health (0.3013ms)
✔ two rooms joined by a narrow corridor become two areas with one portal in the corridor (1.9511ms)
✔ a shared edge exactly as wide as the neck limit still joins its rooms (1.2341ms)
✔ a hall larger than the size cap is tiled into several areas (0.4994ms)
✔ a ramp is its own area even across a wide shared edge (0.3052ms)
✔ a sliver merges into the neighbour it shares the most edge with (0.3061ms)
✔ polygons that meet at a T-junction are still adjacent (0.9769ms)
✔ farthest samples start at the medoid and spread across the area (0.4422ms)
✔ the same mesh clusters identically twice (1.0879ms)
✔ pruning keeps only the polygons connected to the seeded floor (1.4012ms)
✔ base64 encodes and decodes bytes the way the engine's Marshalls does, padding included (0.644ms)
✔ armour absorbs damage before health (2.1743ms)
✔ a grant never passes the run's ceiling, and never takes plate away (0.2291ms)
✔ armour has no source that gives it back on its own: only a grant moves it up (0.1777ms)
✔ no boss up says nothing (0.6719ms)
✔ the commander says its phase and the plates still on, or that it is stunned (0.1632ms)
✔ the helicopter says what it is doing, and when its weak spot is open (0.1117ms)
✔ any other boss is its health (0.0967ms)
✔ every cheat-weapon sound file is wired to a cue or loop, and every wired file exists (1.3168ms)
✔ short numbers drop a trailing zero and keep one decimal (0.6634ms)
✔ every weapon and perk has short stats at every level, read from the rules' numbers (0.8615ms)
✔ the table lists weapons, perks, specials, the gun's evolution and crate exclusives in that order (1.3899ms)
✔ an evolved weapon shows under its evolved name, and a merged one without levels (0.2512ms)
✔ offer rows say the level a card takes a cheat to and what it then does (2.2528ms)
✔ the aimbot line is always on and names what changed it (0.1958ms)
✔ an id reads as a snake-cased file name (0.6095ms)
✔ a log stamp is the session clock in minutes and seconds (0.1132ms)
✔ every shop streak line takes its kill cost from the roster (1.101ms)
✔ the comfort cheats lead the shelf and total $65 (0.5666ms)
✔ the account upgrades have ranked prices and sit in the shop catalogue (0.14ms)
✔ cards arrive after each stream in order, three then two, within the shelf's cap (0.3512ms)
✔ a ranked card holds one slot and shows its next rank until maxed (0.3733ms)
✔ buying is refused for cards not stocked, not affordable, or needing another first (0.1754ms)
✔ every card is in stock by run 21 for a player who buys everything (2.2268ms)
✔ the shelf always offers an upgrade, including when authored cards are locked or exhausted (1.7511ms)
✔ armour shelf card states the protection and stops at the 150-point cap (0.2846ms)
✔ Auto Cover is off in a fresh run and enabled only by its purchased shop cheat (0.6698ms)
✔ the same seed builds the same city, and buildCityLevel caches it (20.4295ms)
✔ every body and pickup point is clear of every box (10.7008ms)
✔ every body point stands on a surface and is inside the bounds (7.6009ms)
✔ sites follow the route: six, ordered, spaced, and the start is safe (0.4303ms)
✔ the perimeter walls enclose the bounds (1.0994ms)
✔ every spawn, site, boss, orb and the exit can be walked to from the player's spawn on the ground (140.8662ms)
✔ no street is blocked along its centre line (27.398ms)
✔ a city is a few hundred boxes, with open ground floors, climbable roofs, plazas and cover (2.005ms)
✔ different seeds lay out different cities (0.201ms)
✔ streetlight poles collide, stand on a sidewalk or plaza, and touch nothing else (45.6078ms)
✔ bus shelters are only their back panel, so no roof leaves a navmesh island (2.6027ms)
✔ a far, still cloaker is a faint shimmer; close or on the run it shows (1.542ms)
✔ its wind-up, a flinch, MARKED and WALLHACKS each show it whole (0.1474ms)
✔ it stalks far off, rushes faster than a walk, and strikes for 30 from a step away (0.2143ms)
✔ the closest point matches a brute-force search on and off the mesh, across floors (29.3321ms)
✔ nothing is returned beyond the search distance (0.6329ms)
✔ the travel pace speeds a survival runner up (1.983ms)
✔ the sprint widening eases toward its target and back without overshooting (0.2156ms)
✔ LEAK ticks and spreads inherit the hit that applied the status until another hit replaces it (1.506ms)
✔ one pull settles after all burst rounds or delayed projectile damage (0.2986ms)
✔ an enemy attack resolves once and keeps its enemy (0.1456ms)
✔ localMove inverts the server's yaw rotation of body-relative input (1.3289ms)
✔ aimAngles matches the server hitscan direction convention (0.3162ms)
✔ a visible target is tracked at a bounded turn rate and shot only once the sights are on (1.4893ms)
✔ four ranged combatant brains independently pursue and fire without shared state (1.5018ms)
✔ an empty magazine reloads on a single press edge and the trigger stays off while reloading (0.2486ms)
✔ losing sight of a target never reloads a magazine that still has rounds (0.5539ms)
✔ a hunter walks a planned route round a wall to an unseen target (2.9536ms)
✔ a combatant never sprints and shoots in the same command (1.562ms)
✔ a hunter holds range and strafes on walkable ground once a near target is visible (0.479ms)
✔ a combatant circling at its hold range never cuts between strafing and closing in (1.3042ms)
✔ a hunter with one strafe side blocked takes the open one in the same tick (0.773ms)
✔ a dead hunter issues an idle command and forgets its route (0.377ms)
✔ a bot aims at centre mass for the posture its target is in, never at their head (1.2603ms)
✔ a shot at a remembered position is aimed with the posture that was seen there (1.5569ms)
✔ an unanswered reload press is repeated, and nobody sprints on an empty magazine (0.1738ms)
✔ a combatant wedged on both strafe sides holds its side and its ground instead of flipping every tick (3.7731ms)
✔ a route over the ladder presses jump on the way up and crouch on the way down, and nothing on the deck (2.0304ms)
✔ a navigator counts a climb as progress, never cuts the corner through a link, and never replans mid-link (1.3016ms)
✔ a body without ladder controls is carried up the shaft, across the exit, down again, and off a drop into a fall (1.9166ms)
✔ a jump across is jumped by a combatant, and a body without controls is lifted clear, carried across level and released over the far side (issue #275) (0.9468ms)
✔ a combatant on the ladder finishes the climb before it strafes, holds or forgets its route (1.0955ms)
✔ the straight-line shortcut waits for a link's end, even when the goal is in direct range from mid-air (0.7613ms)
✔ a shooter's bearing picks the plate: chest in front, back behind, its own left and right at the sides, the helmet on a head hit (1.2789ms)
✔ a plate takes a round and passes a share on until it breaks, and then that zone takes more (0.1894ms)
✔ a blast reaches it for a share and strips every intact plate, which is how explosives open it up (0.3298ms)
✔ it drops the gun at 65% and calls its squad below 35%; its health is no boss sponge (0.1782ms)
✔ death selection covers five standing variants and preserves crouched posture (2.2531ms)
✔ a corpse preserves the old life after respawn and a run reset (1.8478ms)
✔ the seventeenth death evicts the oldest body (1.8468ms)
✔ nonlethal hits, duplicate lethal events and voluntary restarts cannot manufacture corpses (0.2083ms)
✔ an empty lobby clears every body (0.1794ms)
✔ direction k is the game's yaw k × 2π/16, and a bearing rounds to the nearest (1.1466ms)
✔ arcs wrap round the ring, and the peek edges are the open directions either side of the cover arc (1.027ms)
✔ the torso heights the bake rays from are the bodies' own (2.104ms)
✔ an index built from a list groups it by area (1.6052ms)
✔ every weapon but the merge evolves with one paired stat at 3 (1.5083ms)
✔ ten cheat weapons can be offered, with the design's level 1 and 5 numbers (0.2593ms)
✔ every 4th offer is weapons only while a weapon slot is open (4.7494ms)
✔ with no cheat weapon held, every offer carries a new weapon (the run starts with the gun alone) (22.914ms)
✔ a full slot type only offers upgrades to what it holds, and every offer upgrades something held (4.2075ms)
✔ stats that help a held weapon are weighted over ones that help nothing held; a banished card never comes (16.9219ms)
✔ a maxed weapon's paired stat is labelled as completing an evolution, and the evolution becomes ready at 3 (1.0519ms)
✔ Martyrdom and Claymores merge into Bouncing Betty and free a slot for good; Rail Rounds needs Crit and Pierce at 5 (1.5337ms)
✔ Lucky deals a 4th card and sometimes two levels (6.5227ms)
✔ head hits do torso damage unless the Headshots power is held: 2x at level 1, +0.5 a level (0.3083ms)
✔ with a perk slot open, a perk that evolves a held weapon is dealt more often and says so (4.4304ms)
✔ minute stings and boss warnings fire once when the run clock crosses their thresholds (2.6227ms)
✔ the roster runs 21 minutes: at most 3 regular types, every minute swaps one, and bosses at 10 and 20 (0.3512ms)
✔ the crowd starts at about 9 alive, reaches 71 by minute 8, thins on breathers, and empties for a boss (0.1705ms)
✔ each regular has 15% less health and 1/0.85 times the uncapped refill rate (0.3141ms)
✔ scripted squads add proportionate regulars but never extra elites (0.184ms)
✔ health, damage and speed follow the plan's tables (0.2258ms)
✔ 1.5x as many grunts with every other kind's count unchanged (0.1548ms)
✔ the boss slot holds the juggernaut commander at 10:00 and the attack helicopter at 20:00 (0.1021ms)
✔ every regular type comes and goes: each is out in at least two minutes and absent from others (0.5755ms)
✔ each type is introduced beside riflemen or cheap pressure before it is doubled up with other hard picks (0.3053ms)
✔ the specialists are capped alive, dogs come in packs, and the RC car and sniper hit with their own damage (0.2232ms)
✔ each elite arrives alone before any two come together, and events never land in a breather or a boss's minute (0.2356ms)
✔ a blow's bearing is measured clockwise from where the player faces (0.7221ms)
✔ the source is the nearest within reach, or none (0.1858ms)
✔ a Soldier's landed shot is the source over a nearer Admin, and only while it is fresh (0.1993ms)
✔ a deposit lands on the area under the body and leaks a fraction to its portal neighbours (5.3761ms)
✔ danger halves every half-life and a quiet map returns to exact zeros (2.1502ms)
✔ a route's danger counts each area it crosses once, samples inside long straights, and a route clear of it reads zero (5.004ms)
✔ a deposit off the mesh is refused and reset clears everything (0.847ms)
✔ visual setup names only supported events and commander zones (0.6825ms)
✔ arguments split on whitespace, and quotes keep spaces (0.7286ms)
✔ names match exactly or by a unique prefix, ignoring case (0.4362ms)
✔ numbers are bounded, and a left-out optional one takes its default (0.2121ms)
✔ tp takes a place's name or three coordinates (0.3149ms)
✔ every command has help and a unique name (0.2314ms)
✔ every scenario line names a console command and its first argument completes (0.3658ms)
✔ a dog runs faster than the player walks and crouches 700 ms before a 25 bite (0.7112ms)
✔ it lunges only in reach, in sight, rested, and while its pack has room (0.1619ms)
✔ a lunge goes at where the player stood, just past them, and bites a player who stays (0.2211ms)
✔ a dog waiting its turn in reach circles out at 3-4.5 m rather than at the player's feet (0.7706ms)
✔ a dog that has just bitten backs out to its hold-off before it crouches again, unless the player keeps closing (0.2083ms)
✔ a drone keeps its own ring 12-20 m out and 4-6 m up, on its own side of the player (1.2395ms)
✔ it holds its point, and hops straight round the ring between bursts (0.796ms)
✔ a drone is a gun: a locked-on burst that does damage, weaker than a rifleman's (0.1328ms)
✔ a blocked ray lifts it 2 m at a time, never over the ceiling; at the ceiling it turns round (0.2324ms)
✔ it never flies faster than its speed, and eases in at its point (0.8818ms)
✔ walled off, it flies the street route under it at its own height (0.2241ms)
✔ a wedged drone is put back on its own ring, trying its own bearing first and working out both ways (0.2542ms)
✔ off the player's screen, it comes round in front of where they look (0.1424ms)
✔ player starts require a broad street centerline, not an alley or sidewalk (0.7799ms)
✔ player selection varies across the connected arena and never bypasses live clearance (3340.0646ms)
✔ hidden spawn rejects distance, sight, occupancy, and disconnected candidates without a fallback (1.256ms)
✔ changing view or moving the player rechecks actual visibility and distance (0.264ms)
✔ angular selection can approach from every occupied sector, including behind the player (6.6414ms)
✔ C follows the waterfront and concave street cuts, excluding river and detached fragments (0.2046ms)
✔ an encounter Admin commits to a goal for 1.5 to 3 seconds (0.8703ms)
✔ a committed goal holds through small changes and lapses on time or a big one (0.1754ms)
✔ a waiting Admin stands its ground in the band around its ring while it sees the player (0.8411ms)
✔ a melee Admin closes the last metres at a steady advance, slower than its walk (0.1392ms)
✔ a wind-up phase is done exactly when its length has run (0.128ms)
✔ a hit flinches an Admin and cancels its wind-up, but never a committed strike, and not again straight away (0.1421ms)
✔ a body that is where it should be is not stuck (0.724ms)
✔ a Soldier that has not closed on its target for four seconds is stuck (0.1502ms)
✔ where it is beats what it has done, and falling beats everything (0.114ms)
✔ a roster arrives in even waves, the first the largest, every enemy once and in roster order (0.8205ms)
✔ rooms pace their fight: engaged caps and waves (0.1334ms)
✔ every weapon's sustained damage and time to kill are finite and positive (0.1347ms)
✔ each kind's numbers are the design's (1.9965ms)
✔ every gun can kill from a flank within two magazines (0.8893ms)
✔ at its own range, each kind's answer kills it inside one magazine (1.002ms)
✔ an SMG rusher prefers a spot off the player's flank or back to one in front of them (0.283ms)
✔ gunshot layers blend smoothly with bounded weights and preserve reports when voices are busy (1.4257ms)
✔ a flier's rotors rise with its speed, and a pass drops in pitch only slightly (0.1523ms)
✔ closing speed is the velocity along the line to the listener (0.1008ms)
✔ a wreck's hum sags and sputters with its rotors, and dies with them (0.1101ms)
✔ a heard flier keeps its voice; a new one takes a free one; the rest wait (0.1851ms)
✔ a dog revs through its crouch and snaps once, on the frame its bite lands (0.1622ms)
✔ a lunge that misses snaps on air as it runs out, and a broken crouch cuts its rev (0.1249ms)
✔ a kamikaze whines through its lock and never snaps (0.1453ms)
✔ a dog at a gallop patters several times as often as a Soldier walks (0.2441ms)
✔ an RC car's motor whines louder and higher the faster it drives, and is silent standing (0.1634ms)
✔ an RC car beeps once per period, whatever the frame rate (0.3011ms)
✔ a picket chirps when it picks the player up from idle, not when it spawns hunting or changes target (0.0757ms)
✔ a shield rings when what is left of it falls (0.0709ms)
✔ a sentry beeps and a marksman charges on their wind-ups; a shot cuts the charge (0.054ms)
✔ every enemy loop keeps at most a few voices and is heard no further than a street or so (0.0817ms)
✔ the helicopter hovers in the arena, near the player, and comes and goes from outside it (1.0836ms)
✔ its flight comes in at cruise height, holds its hover for the drop, climbs away, and is gone (0.3791ms)
✔ the UAV circles high over the player (0.7584ms)
✔ every enemy kind resolves to a finite hittable shape (2.9886ms)
✔ measured enemy models do not draw body geometry outside their hit shape (0.1911ms)
✔ plain humanoids keep their existing generous capsule while attachments opt into measured shapes (0.7033ms)
✔ a blast is full at its centre, the edge damage at its radius, and nothing past it (0.9936ms)
✔ a grenadier's throw lands short of the player on the flight time, then rolls, with most of its fuse left (1.7522ms)
✔ a rocket flies on past where the player stood, and its pass is measured to the chest (1.2174ms)
✔ the grenade warning sits on the side of the crosshair the grenade is on (0.36ms)
✔ an officer's mortar shells land far enough apart that one circle only ever holds one (0.1391ms)
✔ RPGs at one player shoulder apart, never in step (0.119ms)
✔ the log keeps events in order with a resumable cursor (1.0708ms)
✔ the ring is bounded and says how much history it dropped (0.1693ms)
✔ a cursor resolves the same page however far behind or ahead it is (0.1636ms)
✔ a capacity that could not hold anything is rejected (1.2547ms)
✔ the player always leads the scoreboard, whatever the moment (3.5066ms)
✔ standings are deterministic for the same moment (0.1802ms)
✔ every victim name comes from the lobby (0.1336ms)
✔ a hint comes at its moment, once, and the first due wins (0.7651ms)
✔ hints name the player's own keys (0.1832ms)
✔ the save keeps the hints seen, and drops ids it does not know (0.9716ms)
✔ a walking Soldier lands a foot every stride, whatever the frame rate (3.696ms)
✔ standing still and a teleport land no foot (0.1289ms)
✔ a run is louder than a walk, and a wall takes some of it away (0.1815ms)
✔ only the nearest few inside the range are heard (0.6736ms)
✔ a walk never plays the same take twice in a row, and reaches every take (0.3172ms)
✔ a still camera does not drift (1.6884ms)
✔ forward at yaw 0 is -Z, which is the map's grid north (0.2614ms)
✔ forward follows the pitch, so looking down and pushing forward descends (1.2502ms)
✔ lift is world up whatever the camera is looking at (0.1461ms)
✔ a diagonal travels the same distance as a straight line (0.1603ms)
✔ boost and slow scale the base speed and compose (0.1976ms)
✔ the wheel winds the speed within its range and comes back where it started (0.1298ms)
✔ padded navigation tiles emit only their interior and interpolate edge heights (1.2371ms)
✔ tile clipping removes duplicated faces and sub-millimetre boundary slivers (0.7363ms)
✔ a polygon Recast put in the sky is dropped, not clipped, and the ground beside it is kept (0.2099ms)
✔ the ceiling clears the tallest thing in the map, so nothing real is near it (0.2587ms)
✔ without a ceiling the crop behaves exactly as it did before (0.2169ms)
✔ the grenade launcher is a small, slow magazine of shells, not rays (0.7034ms)
✔ a shell flies a gravity arc: level at first, then dropping by g t² / 2 (1.0979ms)
✔ the blast is full at its centre, falls to the edge damage at 4 m and stops there (0.6396ms)
✔ a grenadier's lob lands where the player stood, two seconds later, on a high arc (0.6665ms)
✔ its burst is 35 at the centre, falling off to nothing past 3 m (0.1798ms)
✔ nothing recovers inside the five-second window after damage (0.7175ms)
✔ a grazed player snaps to full on the frame the delay expires (0.1009ms)
✔ a heavily damaged player ramps in ten-point steps every fifty milliseconds (0.1077ms)
✔ recovery from one health takes the delay plus half a second (0.2122ms)
✔ the ramp keeps its wall-clock rate whatever the frame length (0.3097ms)
✔ crossing the instant threshold mid-ramp does not skip the rest of it (0.1042ms)
✔ a long frame grants every step boundary it swallowed (0.0777ms)
✔ the dead and the untouched are left alone (0.112ms)
✔ the match reducer restarts the recovery timer on every landed hit (1.7055ms)
✔ a respawned life starts unhurt and unstamped (0.42ms)
✔ catch-up ticks never pay the same health recovery boundary twice (0.2033ms)
✔ the heavy's plate halves a bullet; a blast, a chain and a leak pay in full (1.3765ms)
✔ a heavy takes a machine gun magazine; bigger than a soldier, head and all (0.2512ms)
✔ its armour lets a fifth of a body round through, and its weak spot pays most while it hovers (1.5338ms)
✔ the player's killstreaks hit it harder than any other boss, and other blasts for a share (0.2079ms)
✔ a strafing run crosses the player and walks its salvo over where they stood, loosed on the way in (0.3726ms)
✔ it circles over the roofs, and flies straight at its speed, arriving exactly (0.8153ms)
✔ a kamikaze hangs 8-12 m behind the player, 3-5 m up, inside a cone round straight behind (0.9287ms)
✔ its lock is a one-second tell, in sight and in reach, two of a pack at a time (0.1239ms)
✔ the dive goes straight at where the player stood, and bursts on them, on a wall, or when spent (0.6128ms)
✔ its blast is 35 at the centre, 10 at 3 m, nothing past (0.1039ms)
✔ every action ships a primary binding, and only crouch a secondary one (1.121ms)
✔ the shipped defaults are conflict-free and fully bound (0.6947ms)
✔ the shipped defaults match the documented control scheme (0.2452ms)
✔ binding tokens round-trip and reject malformed input (0.3844ms)
✔ the keys and buttons the menu consumes are not assignable (0.4571ms)
✔ debug-build keys stay assignable (0.262ms)
✔ a secondary binding is added without disturbing the primary (1.6786ms)
✔ assigning does not steal an in-use binding; the clash blocks saving (0.4077ms)
✔ one action holding the same binding twice is a conflict (0.4387ms)
✔ clearing both columns warns but still allows saving (2.0347ms)
✔ a conflict is reported ahead of an unbound row (0.4249ms)
✔ restoring one action's defaults leaves the rest of the scheme alone (0.2605ms)
✔ clone does not alias the source rows (0.1606ms)
✔ a hand-edited file loads as a scheme the menu itself would accept (0.4717ms)
✔ an empty section leaves every action on its shipped default (0.2543ms)
✔ an absent action's default never steals a binding the file assigned (0.1821ms)
✔ a key event matches on logical, physical, or unicode keycode (0.2114ms)
✔ labels cover mouse buttons, named keys, function keys, and printables (0.1672ms)
✔ crouch defaults to C with Ctrl as the second key (0.2005ms)
✔ interact and drop have their prompt keys (0.0629ms)
✔ nothing is bound to E or to 1-4, which survival reads itself; interact is F (0.6061ms)
✔ an enemy's kill has no killer and no gun (2.9ms)
✔ damage that does not kill produces no line (0.366ms)
✔ a voluntary restart is not a kill (0.2398ms)
✔ earned feedback survives consuming and earning a charge between snapshots (1.308ms)
✔ Friendly Fire Off prevents every streak blast, including destroyed RC-XD and napalm canisters (0.3019ms)
✔ activation gates other streaks globally and the same streak by its equipped cost, without stopping earnings (0.4867ms)
✔ a 30-kill Nuke has a 120 second timer; always-ready testing bypasses both gates (0.1748ms)
✔ Streak Stack and Double Earn hold two charges through a per-streak cooldown (0.2267ms)
✔ prototype never grants damage protection: call-in, entry, full ride and return (0.371ms)
✔ cover gun has reduced damage and no negative healing (0.1419ms)
✔ prototype rides last seven seconds even with duration upgrades; standard keeps its durations (0.2414ms)
✔ Adrenaline multiplies reload duration and gun damage only while active (0.9878ms)
✔ always ready charges only equipped streaks at the start and immediately after spending (26.4349ms)
✔ the roster has 12 streaks, with no Ground Robot, Cruise Missile or supply drop (0.7281ms)
✔ each rung of the run's ladder is earned the moment the counter reaches it (0.1958ms)
✔ a kill inside the window extends the chain; one after it starts a new chain (0.1194ms)
✔ a lapsed chain drops to zero: earned streaks are kept, one of each (0.2258ms)
✔ killstreak kills feed the chain, and what they earn comes marked (⟳) (0.1238ms)
✔ each rung once per chain: a long ride pushes the counter for medals but never re-earns a passed rung (0.1376ms)
✔ Streak Stack holds two of each, and Double Earn gives two a rung (0.088ms)
✔ the Tactical Nuke is earned once a run (0.1525ms)
✔ callouts land on their milestones only, loudest last (0.3256ms)
✔ the use key fires the newest copy, and says whether it was marked (1.769ms)
✔ the RC-XD tops out at 14 m/s, boosts to double for 2 s, then recharges (0.3796ms)
✔ napalm lays two rows of fire along the line, and the fire jumps once a burner (0.9765ms)
✔ a dog runs at its target and stops at biting reach (1.9051ms)
✔ guns prefer the nearest living visible dog, but keep the nearer player (0.3195ms)
✔ the second dog on one enemy flanks it rather than standing inside the first (0.3491ms)
✔ streak damage is soldiers at this minute's health, halved on a boss, with falloff (0.2861ms)
✔ the missile starts high behind the player and always dives (0.4585ms)
✔ airstrike and bomber lines land along the chosen direction (0.5146ms)
✔ AC-130 guns: 105 one round then a 5 s reload, which runs while switched away (0.216ms)
✔ predator launches and its initial ground aim stay inside a supplied circular fixture zone (5.8029ms)
✔ current smaller zones and the solid ceiling constrain the launch without changing control (0.118ms)
✔ ordinary interior launch retains its original position and heading (0.0654ms)
✔ every streak uses tablet LAUNCH except the helicopter and AC-130 gunners (0.1116ms)
✔ activation: half a second unhurt for any streak, and a fade streak is black, then live, then clear (0.2081ms)
✔ a ride's end is the fade run backwards, and the return starts from the black (0.0953ms)
✔ Predator and RC-XD bring the tablet screen to the eye before fading into control (0.1371ms)
✔ aimed airstrikes launch on foot without a targeting camera, extraction or return (0.1612ms)
✔ strike lines require two clicks, reset on cancellation, and reject degenerate confirmation (0.2627ms)
✔ strike preview caps length and all three strike patterns follow the selected endpoints (0.2296ms)
✔ phone ADS lends mouse/fire to the ride while keyboard movement remains available (0.0936ms)
✔ a shot resolves at the moment the shooter says it was rendering (1.4001ms)
✔ a claim about the future is refused down to the newest sample (0.1034ms)
✔ no claim at all earns no rewind, never the maximum (0.0945ms)
✔ a rewind past MAX_REWIND_MS is cut to it (0.0782ms)
✔ the ceiling is measured from the present, not from the newest sample (0.126ms)
✔ a server stalled longer than the window rewinds nothing (0.2781ms)
✔ a body between two samples is interpolated, not snapped to the nearer one (0.1934ms)
✔ posture and aliveness take the earlier sample rather than being blended (0.0906ms)
✔ two samples stamped with the same millisecond carry no interval to blend across (0.1132ms)
✔ a time outside the history clamps to its ends instead of extrapolating (0.1412ms)
✔ history is evicted once it is older than the window (0.7974ms)
✔ a ray down the middle enters a standing capsule at its near face (0.2102ms)
✔ a ray just outside the capsule radius misses (0.094ms)
✔ the capsule ends where the collider ends, above the head and below the feet (0.0697ms)
✔ a shot straight down enters through the cap rather than missing the cylinder (0.0539ms)
✔ a shot straight up enters through the lower cap (0.1204ms)
✔ a ray starting inside a capsule reports no hit (0.1324ms)
✔ a hit beyond maxDistance is not a hit (0.1355ms)
✔ a crouching target's hitbox drops with the collider instead of staying centred (0.2913ms)
✔ the level stops a rewound shot, because only bodies move backwards in time (0.0682ms)
✔ the nearest body takes the round, and ties break on the lower id (0.1259ms)
✔ a piercing round is spent on every body in the line, nearest first (0.1718ms)
✔ a ray level with the head is a headshot, and one below it is a body hit (0.1068ms)
✔ the head region can never turn a miss into a hit (0.4882ms)
✔ a crouched player's head drops with the collider, like the rest of their hitbox (0.2363ms)
✔ a shot the Aimbot would take enters the torso and never touches the head (0.286ms)
✔ a body that was dead at the rewound moment cannot be hit (0.091ms)
✔ a strafing target is hit where the shooter saw it, not where it has got to (0.2087ms)
✔ colour carries damage: white for a graze, red at half a health bar (0.864ms)
✔ every weapon's round lands somewhere on the ramp rather than off the end of it (0.1867ms)
✔ shooting the same spot amplifies the colour, not the size (0.3413ms)
✔ a round outside a live ripple, or one that has gone, opens its own (0.5215ms)
✔ the ring overwrites the ripple that has been showing longest, and never grows (0.3662ms)
✔ the ring reports itself dead once its last ripple is over, so the shader can skip its whole test (0.2424ms)
✔ a ripple on a body is narrower than one on the street, so a head shot reads as a head shot (0.1612ms)
✔ a cheat's ripple covers the gun in the hand rather than a patch of it (0.1203ms)
✔ ring pressure evicts the least recently hit patch rather than a sustained break (0.1251ms)
✔ a long burst keeps one original break alive and releases it after the final round (0.1952ms)
✔ short bullet hits do not evict a boss break before its recovery (0.1852ms)
✔ weapon fracture sizes distinguish a sidearm, sniper and blast without growing on repeated hits (0.8799ms)
✔ a mark held in a body's frame rides the body as it walks and turns (0.2357ms)
✔ stream alerts appear one at a time and clear between runs (0.956ms)
✔ tips grow with the audience: about $15 a minute at 15 viewers and $130 at 500 (0.1502ms)
✔ a big moment tips, builds hype and brings viewers; quiet drains it and viewers leak (0.5416ms)
✔ death clears hidden hype and costs fewer viewers on a ride; a raid brings viewers (0.2708ms)
✔ a held stream (a breather, an open box) neither drains nor leaks (6.0744ms)
✔ the style bonus scales tips and never goes below ×1 (0.353ms)
✔ a missed challenge and a death are $1 each; a done challenge pays its price (0.4585ms)
✔ families open as the audience grows (0.9298ms)
✔ a challenge comes in 45-75 s after the last, pays when done and is an L when missed (1.1672ms)
✔ 5 aimbot kills in 15 s completes; spread out it doesn't (0.6863ms)
✔ knife the next elite fails if the elite dies to anything else (0.3079ms)
✔ no ADS for 30 s: aiming fails it, keeping off it and killing passes (0.2764ms)
✔ a detected style leans half the challenges toward it (0.8808ms)
✔ TipBot reads challenges and $10+ tips with a message, one every 12 s (0.5299ms)
✔ TipBot's nuke line interrupts speech and a streak hold (0.115ms)
✔ streamer reactions pick one headline by priority and respect shared and local cooldowns (0.195ms)
✔ a spotlight brings a visible viewer spike without losing the previous peak (0.2058ms)
✔ TipBot drops stale tips and reads numbers in words (0.2136ms)
✔ a stream settles one account score, and LiveTube appears at 50 (0.4173ms)
✔ the best account and million-follower win survive a weaker next account (0.1475ms)
✔ the LiveTube shop opens at milestones and spends the wallet (0.2202ms)
✔ promote adds starting viewers; subs, ads and the sponsor pay (0.126ms)
✔ a pinned request pays when the next stream plays it, else expires (0.1352ms)
✔ the channel save round-trips and survives garbage (0.2999ms)
✔ overlaps settle Control, then Chain Reaction, then Sharpshooter, then the weapon (0.0777ms)
✔ a style needs 40% of the kills, and is only worked out after 40 (0.1468ms)
✔ variety pays, repeats cost nothing, and the best case is +80% (0.1061ms)
✔ feats pay once each (0.251ms)
✔ a style request asks for something playable and not recent (0.2051ms)
✔ mantling locks attacks and swapping without changing either gun's ammunition (3.5771ms)
✔ a death or voluntary respawn clears the mantle lock (0.363ms)
✔ the mantle clock has ordered holster, grab, climb and equip intervals (0.7201ms)
✔ the path clears the wall vertically before moving across and never overshoots (0.5773ms)
✔ the frame is the manifest's own origin and chunk size (0.9401ms)
✔ every manifest chunk is the chunk its own bounds fall in (0.2424ms)
✔ chunk ids floor toward negative infinity (0.0645ms)
✔ the origin is the manifest's lat/long, and -Z is north (0.1244ms)
✔ the approximation lands within a few metres of the manifest's own corners (10.316ms)
✔ a position report names every frame it prints (0.3402ms)
✔ a marksman aims 1.5 s with its laser, then hits a still player for 40 across the street (0.5761ms)
✔ the sniper and DMR answer the marksman in one or two at its range (0.1909ms)
✔ a sniper aims only from in front of the player, one at a time (0.1027ms)
✔ snipers at one player together fire no faster than one alone (0.0736ms)
✔ run armour absorbs before health and never regenerates with health (1.4099ms)
✔ input boundary rejects malformed values and clamps movement (0.6856ms)
✔ the pistol reloads between magazines but never exhausts its reserve (0.4129ms)
✔ survival's machine gun has unlimited ammunition but still reloads every magazine, Fat Mags included (1.1005ms)
✔ shotgun magazines refill only from a finite reserve that spawns with two magazines (0.2581ms)
✔ infinite ammo permits firing after both reserve and magazine reach zero (0.1667ms)
✔ shared protocol schemas validate every client input boundary (0.1608ms)
✔ sprinting blocks fire until the weapon has come back up (0.3618ms)
✔ the sprint-stop window covers the posture and the raise it leaves behind (0.4009ms)
✔ a sprint-fire pull winds the speed down to the walk it fires at (0.296ms)
✔ the sprint weapon-raise never shortens a longer draw lock, and death clears the sprint (0.3807ms)
✔ a match runs on the limits it was configured with, and its clock running out ends nothing (0.1551ms)
✔ a configured lobby cap turns the extra player away (0.2053ms)
✔ the configured limits survive an empty lobby and a restart (0.1602ms)
✔ the shipped defaults are what a match with no configuration runs on (0.1069ms)
✔ clampMatchRules refuses limits the rest of the game cannot serve (0.2059ms)
✔ a waiting server starts the match clock when the first player connects (0.0948ms)
✔ the lobby holds one runner and sanitizes display names (0.0815ms)
✔ weapon swap toggles the primary and the pistol while preserving each magazine (0.1897ms)
✔ a debug-equipped weapon resets to the run's starting weapon on respawn (0.1801ms)
✔ an enemy's kill leaves a death credited to nobody (0.1249ms)
✔ debug invincibility ignores all but forced damage (0.1766ms)
✔ firing stamps a server-owned radar reveal at the position the shot came from (0.1666ms)
✔ death clears the radar reveal so a corpse never keeps pinging (0.1286ms)
✔ merging an unread intent keeps the newest state and every press (0.2913ms)
✔ a refused shot names combat's reason, and says whether it passes on its own (#601) (0.1884ms)
✔ an identical state reports nothing at all (1.8463ms)
✔ a death reports the life it ended and the return it reserved (0.5626ms)
✔ a respawn is reported as its own transition, with the life it came back on (0.1991ms)
✔ armor is reported at the moment it is spent (0.1626ms)
✔ joining and leaving are reported (0.1825ms)
✔ a death records its corpse and the body does not expire on a clock (0.2305ms)
✔ the enemy roster is reported as arrivals and departures (0.4156ms)
✔ a roster that only changed its targeting reports nothing (0.2181ms)
✔ a medic holds up every other enemy inside its radius, and no other medic (0.8755ms)
✔ regen waits out the delay after a hit, stops at the overhealth cap, and carries fractions (0.8286ms)
✔ the rules raise a mended enemy toward its cap and strip overhealth from one no longer listed (0.9989ms)
✔ a knife hits the nearest enemy in reach and in front (1.277ms)
✔ nothing behind or beside the player is knifed (0.1589ms)
✔ an enemy just out of reach straight ahead is lunged at; one off to the side is not (0.6652ms)
✔ a target in reach beats a nearer-looking lunge; walls and height rule enemies out (0.171ms)
✔ the facing, not the lock, picks the target (0.1493ms)
✔ a lunge stops short of the target (0.1229ms)
✔ the knife kills outright except elites and bosses (0.1716ms)
✔ an enemy that has done nothing is not on the map (1.0664ms)
✔ a dead enemy is never on the map, even under Maphack (0.1148ms)
✔ Maphack draws every living enemy at full strength (0.2018ms)
✔ an enemy close enough to hear is on the map without firing (0.1353ms)
✔ an enemy the player can see is on the map (0.1056ms)
✔ a shot puts an enemy on the map and it fades out (0.1699ms)
✔ a melee enemy squaring up gives itself away too, and standing still does not (0.1012ms)
✔ the strongest reason wins: a firing enemy standing next to you is solid (0.0909ms)
✔ footsteps follow ground material and sprint cadence without changing movement (0.5156ms)
✔ landing compresses under half a degree and settles fully (0.1079ms)
✔ dash direction has equal reach sideways and forward, and rotates with yaw (0.4133ms)
✔ the base speed is Call of Duty 4's, converted once into metres (0.0721ms)
✔ each weapon carries Call of Duty 4's published mobility, hip and aimed (0.1473ms)
✔ posture and cheat multipliers compose into one ground speed (0.5236ms)
✔ the movement direction is unit length forwards and zero when nothing is pressed (0.1678ms)
✔ strafing and backpedalling are slower than advancing, and bend a diagonal (0.1208ms)
✔ a jump reaches Call of Duty 4's own apex, and no further (0.2198ms)
✔ a grounded jump takes the impulse and a crouched one does not (0.1219ms)
✔ gravity integrates only while airborne, and identically at either tick rate (0.0724ms)
✔ the head region lies wholly inside the capsule, so regions cannot make a player bigger (0.1013ms)
✔ the head is a tenth of the silhouette a standing player presents (0.0499ms)
✔ the head follows the capsule top down into a crouch rather than staying where it was (0.0436ms)
✔ the Aimbot aim point is clear of the head region in both postures (0.0484ms)
✔ an eye height is inside the head, which is why nothing may aim with one (0.0531ms)
✔ the client catches a dash cooldown the server cut short (0.0652ms)
✔ both word lists hold fifty distinct words (0.4099ms)
✔ every name fits inside the cap that sanitizeName truncates at (0.1055ms)
✔ words are printable ASCII, so sanitizeName passes them through unchanged (0.6204ms)
✔ rolls index the two lists independently and stay in range (0.1984ms)
✔ a random name takes one adjective and one noun, in that order (0.4785ms)
✔ a ladder link reverses and a drop does not (0.6496ms)
✔ a link is never cheaper than the ground it replaces (0.2369ms)
✔ a jump across is one a walking player makes: inside the reach and under the height of a jump (issue #275) (0.1809ms)
✔ link kinds round-trip through their codes (0.4503ms)
✔ pending navigation keeps the safe old path and does not age an unanswered plan (22.1815ms)
✔ an unanswered first route waits safely; moving the target and resetting cancel obsolete requests (15.5231ms)
✔ body and floor points differ by the capsule's half height and round-trip (0.1668ms)
✔ pathLength measures across the floor only (0.1211ms)
✔ pathPassesNear measures to the legs, not only the corners (0.151ms)
✔ pointAlongPath walks the legs and stops at the end (0.1253ms)
✔ the flat fixture map snaps within its floor, refuses the air, and walks round a hole (5.5226ms)
✔ a new weapon card says it is new, what it does at level 1, and the slot it takes (6.4998ms)
✔ an upgrade card reads its level now and next (0.8974ms)
✔ the card that makes an evolution ready says it completes it (1.1353ms)
✔ a stat only moves toward an evolution whose weapon is held (0.3023ms)
✔ a new perk says so and counts the run's perk slots, 3 to start and more with Extra Perk Slot (1.8397ms)
✔ a card says how far it goes, and what the last slot closes off (0.9206ms)
✔ an evolved weapon's slot reads as its evolution (0.2361ms)
✔ Lucky's two levels show in the note and the next level (0.1295ms)
✔ a stat says what it helps, marking what the build holds (0.2403ms)
✔ slots: a maxed weapon has no next level, and a ready one says so (0.4392ms)
✔ the gun lists Rail Rounds and the view's build round-trips (0.3255ms)
✔ there are eight zone areas, each of real polygons (0.7342ms)
✔ a point is inside a square and not outside it, and knows how far the edge is (0.3492ms)
✔ a lane is as wide as asked, all the way along (0.1419ms)
✔ the fence runs end to end along open ground and stops at buildings (24.6211ms)
✔ the heartbeat starts under 30% health and races towards death (0.6922ms)
✔ a snapshot is measured against the frame it answers for, not the newest one (3.2207ms)
✔ an acknowledgement between two predicted frames uses the newer one it covers (2.4646ms)
✔ drift is corrected and a teleport is snapped (1.1121ms)
✔ an unanswerable acknowledgement snaps, but a stale one is ignored (0.2335ms)
✔ an acknowledgement newer than anything predicted is refused rather than mismeasured (0.2176ms)
✔ applying a correction shifts the frames predicted after it, so it is not counted twice (0.2712ms)
✔ an intent merge puts the server's jump a sequence later than the client's, and bounds the error that leaves (0.3972ms)
✔ history is bounded, keeping the newest frames (0.2517ms)
✔ a correction offset halves over its half-life and is dropped once invisible (0.2473ms)
✔ the room-clear beat punches in fast, eases back, and ends at rest (0.6772ms)
✔ a hit shakes in proportion to its damage, never past the cap, and not at all when turned off (0.6337ms)
✔ Admin deaths within two seconds chain into DOUBLE, TRIPLE and beyond; a gap starts over (0.1615ms)
✔ the SMG fires fastest, handles quickest and owns the first ten metres (1.1065ms)
✔ one DMR pull is a 3-round burst: a body burst leaves a soldier standing, a head burst does not (0.2225ms)
✔ roguelite reloads take one and a half times as long; every other mode keeps its own (2.6163ms)
✔ interaction picks the nearest candidate on the look ray and in reach (0.752ms)
✔ a run wakes with the pistol alone, a plinth arms it, a clear refills it, and a reset takes it back to the pistol (1.6644ms)
✔ voluntary restart immediately clears a live run without a death or reserved respawn (0.2526ms)
✔ real deaths keep their summary delay; an explicit restart can leave that screen immediately (0.3657ms)
✔ an enemy's room is the one the player stands in, or the live room when they are in none (0.1974ms)
✔ requests do no work and catch-up ticks cannot refresh the drawn-frame budget (1.0793ms)
✔ time and step limits stop the pump, with remaining owners first next frame (1.5567ms)
✔ dormancy, obsolete requests and fence resets close generators without applying their answer (0.3179ms)
✔ touched jobs still expire; abandoned jobs are removed and owner capacity is bounded (0.2761ms)
✔ a seeded stream repeats for its seed and labels, and differs for any other (1.8842ms)
✔ seeds print as eight hex digits and parse back from either form (0.6074ms)
✔ the sandbox map is the three pieces it is meant to be, and nothing else (0.7467ms)
✔ every box sits inside the ground plane's extent (0.2434ms)
✔ every committed mesh name resolves to the semantic class the generator recorded (474.2805ms)
✔ water, cables and drawn-only detail are the surfaces a body passes through (0.1704ms)
✔ a detailed building collides as its solid shell, not as the walls its windows are cut out of (0.1784ms)
✔ a fresh install still names the two things a reset touches (0.7423ms)
✔ every category at once fits the rows the panel builds (0.2714ms)
✔ a category with nothing in it is left out rather than listed as empty (0.1312ms)
✔ counts read as English at one (0.1212ms)
✔ the phase follows the run: menu, walking, fighting, a boss, and the end (0.6576ms)
✔ every phase asks for exactly one track, and a fight and a boss sit over the calm one (0.3067ms)
✔ death silences the score and the city, so the loss sting stands alone (13.8101ms)
✔ battle music follows confirmed outgoing and incoming shots, including misses (0.2978ms)
✔ the battle layer expires while enemies remain alive, on the server clock (0.214ms)
✔ its plate takes a quarter of a front round, its back pays half again, a flank pays in full (0.9556ms)
✔ its beam sweeps its arc back and forth and never leaves it (0.9658ms)
✔ it locks when the beam crosses the player, and cannot turn to face behind its van (0.2231ms)
✔ the van parks across the street and the turret stands on its roof (0.5588ms)
✔ the shield covers its front arc and nothing behind or beside it (2.5615ms)
✔ frontal bullets cannot wear down a shield; a flank or blast can hurt it (0.4976ms)
✔ the planted pistol charge opens the shield to frontal fire (0.3123ms)
✔ a frontal shield hit cannot wear down its pool or body (1.0606ms)
✔ the weapon table: rifles burst from long range, pistols fire fast from mid, shotguns hit hardest up close (1.391ms)
✔ every Soldier is deadlier than the Gunner it replaces (13 damage every 2 s, 90% up close) (0.1467ms)
✔ aim falls off with distance and with the target's movement (0.3124ms)
✔ a shotgun's pellets lose damage past point blank; rifle and pistol rounds do not (0.1049ms)
✔ an aim and the cadence gate every volley (0.1812ms)
✔ the shot-token budget caps guns on the player at once, keeps a close shotgun's spare, and takes back stale tokens (0.4618ms)
✔ a Soldier picks a spot in its own band, beside cover, off another's line of fire (1.0043ms)
✔ encounter entries carry their kind, numbered on from the run's count, and spawn with their kind's health (0.2183ms)
✔ squad spacing is each Soldier's distance to its nearest squadmate, averaged, and the smallest of them (0.1556ms)
✔ a Soldier will not stand on a squadmate's spot, and holds its own range inside its band (0.274ms)
✔ a shotgun waiting its turn to push holds a mid ring; the other guns are unchanged (0.2648ms)
✔ a Soldier that can route nowhere asks again after a growing wait, not every tick (0.6214ms)
✔ a stranded squad's route queries stay inside one tick's budget plus one pick (1.7254ms)
✔ the spawn clearance keeps two standing capsules apart, and every ring position clears the point it surrounds (1.1345ms)
✔ a spawn point is occupied by a standing body within the clearance on the same floor, and by nothing else (0.1925ms)
✔ a taken spawn stands the player at the first clear, standable ring position, and gives up only when every one is taken (0.3799ms)
✔ a body that has not moved and is still pushing the same way skips the climb (0.7674ms)
✔ any movement at all, or any change of push, misses (0.2142ms)
✔ a memory is retried rather than trusted for ever (0.1857ms)
✔ a motion that has slid away to nothing is not worth a collision (0.7872ms)
✔ a new save owns the kit's two streaks in two slots (1.4392ms)
✔ testing unlock exposes the full roster and five slots, then restores purchased slots (0.3688ms)
✔ slot cards add slots up to five; Double Earn needs Streak Stack (0.1569ms)
✔ buying RC-XD before a third slot is the first real choice: it waits outside the loadout (0.1834ms)
✔ a slot takes any owned streak, swapping one already equipped, and can be emptied (0.2443ms)
✔ the ladder is the loadout by cost, keys 1 to N cheapest first (0.2601ms)
✔ Hardline cuts 15% a rank, rounded, never below 2, and two never share a cost (0.2365ms)
✔ the loadout travels in the run command and in the save (0.6255ms)
✔ ban wave is fixed per account and shop ranks extend it (0.7257ms)
✔ new account starts from an audience and a share of the last account (0.117ms)
✔ one account wins at a million and keeps the best score after losses (0.1588ms)
✔ a killstreak ride death loses less audience (0.7135ms)
✔ growth cards make the same viewer moment earn more followers (0.1134ms)
✔ respawn selects the nearest clear street point (0.3107ms)
✔ the pools are large, short and free of duplicates (0.7906ms)
✔ a viewer keeps one colour (0.2111ms)
✔ templates take the streak and cheat names (0.1225ms)
✔ lines never arrive closer than the minimum gap, even in a flood (1.882ms)
✔ background chatter keeps talking with nothing happening (0.2191ms)
✔ chat reacts to the event it was told about, a little late like real chat (0.6194ms)
✔ a more important event jumps the queue (0.1707ms)
✔ big-play events produce authored bursts while preserving the chat pace (0.4655ms)
✔ a long quiet stretch gets called out (0.5417ms)
✔ stale reactions are dropped instead of arriving late (0.2193ms)
✔ kills close together become one multi-kill (0.2955ms)
✔ older lines are fainter and old lines fade out (0.1188ms)
✔ the small channel's chat is about 600 lines, all short (0.7827ms)
✔ regulars greet the stream and remember the dog deaths (2.9155ms)
✔ tips and challenges arrive at once as their own kinds of line (0.2722ms)
✔ a big channel is a fast swarm, and mods strike the spam (0.7166ms)
✔ chat teases a repeated build and cheers a new one, never naming a style (0.5096ms)
✔ sniper pressure scales with live audience (0.719ms)
✔ each sniper has a visible cheat kit, respawn threshold and audience (0.2003ms)
✔ sniper kills transfer viewers toward the opponent (0.5222ms)
✔ rarity follows the weights, over the tiers unlocked only (1.4169ms)
✔ a blue card is a weapon or perk; higher cards deal an exclusive one tier above its own (0.2239ms)
✔ every crate offer has at least three distinct valid choices as pools drain (3.2679ms)
✔ crate armour plate is repeatable and only comes from a crate offer (0.3284ms)
✔ crates come often early and ease off: one curve (0.1854ms)
✔ the jitter bag holds evenly spaced factors around 1 (0.737ms)
✔ each later gap is the pace at that minute, jittered by a marble (0.4434ms)
✔ each bagful deals every marble once before any repeats, and refills when empty (0.3135ms)
✔ the first crate comes 30-60 s in (0.1934ms)
✔ a dropped crate falls, bounces and settles on the floor, never above or below it (1.0087ms)
✔ a crate that drifts into a wall bounces off it and still settles on the floor (0.1656ms)
✔ Better Loot moves odds from blue to purple (0.0832ms)
✔ compound names resolve to the surface a bullet actually strikes (1.0839ms)
✔ classification ignores the case a source material happens to be named in (0.0755ms)
✔ an unrecognised material falls back to the default rather than failing (0.0546ms)
✔ every rule names a real surface family and matches on lower-case tokens (0.1352ms)
✔ a name that says what it is made of beats a name that only implies it (0.0791ms)
✔ no rule's tokens are shadowed by an earlier rule's (0.64ms)
✔ isSurfaceKind accepts exactly the published families (0.1002ms)
✔ an asset's triangles group into one entry per surface family (0.5111ms)
✔ adjacent runs of one family become a single range (0.1192ms)
✔ a family that reappears later joins the group it opened (0.1463ms)
✔ empty runs and an empty asset produce no group at all (0.0882ms)
✔ the penetration table answers for every surface family, and reads as thin versus structural (0.1037ms)
✔ penetration cost rises with how solid the family is (0.0579ms)
✔ a stream's tips go into the wallet whole, with the shelf's next cards (1.9884ms)
✔ floor rewards collect once, expire, and only pull visually toward a nearby player (0.417ms)
✔ quick pickup chains rise by at most three semitones and reset after a gap (0.149ms)
✔ a new save is the kit: three cards a box, no rerolls, no radar, finite ammo, the base streak pair (1.6781ms)
✔ owned cards change the run (0.2835ms)
✔ a broken or old save is a fresh save, and a good one survives a round trip (0.7908ms)
✔ a run's cards fit a survival command, and come back as they went (0.417ms)
✔ repeatable Stream Boost survives save reloads and increases future income (0.2765ms)
✔ account shop ranks tune follower growth, starting audience, carryover and ban delay (0.2755ms)
✔ a roster names every enemy once, a special by its kind and a gun as a soldier (1.1318ms)
✔ an enemy spawns with its kind's health and takes every bullet in full (1.2697ms)
✔ the roster holds exactly what the run placed, whatever the player's risk (0.2923ms)
✔ an enemy whose health empties dies and leaves the roster, recorded as admin.died (1.1462ms)
✔ an enemy keeps its wounds: no regeneration however long it waits (0.5762ms)
✔ enemies hunt a player with no exposure, at any distance, and a dead one breaks the commitment (0.5356ms)
✔ removing the encounter drops every enemy as a despawn, not a death (0.1861ms)
✔ an enemy arrives before it acts (0.1513ms)
✔ a dropped grenade clinks off the floor, bounces, then rolls to rest on it (1.5513ms)
✔ a wall sends it back (0.2002ms)
✔ paths play back between keyframes and hold at the end (0.7508ms)
✔ a tick's rays are granted up to the limit and refused after it, and counted either way (1.3415ms)
✔ a new player has no reload, no queued pull, no wind-down, no latch and no shot yet (1.7462ms)
✔ a reload starts once, completes into the magazine and clears (0.7978ms)
✔ a reload for a weapon that is not in hand is refused (0.133ms)
✔ a cancelled reload clears without moving a round, and cancelling nothing is a no-op (0.2065ms)
✔ a fired round stamps the cadence clock (0.1278ms)
✔ queued pulls and the sprint latch toggle, and repeating a value returns the same state (0.1373ms)
✔ death clears every per-life trigger fact, and a respawn keeps the cadence clock (0.3175ms)
✔ one shotgun shell samples eight pellet rays without multiplying its total damage (0.9113ms)
✔ every weapon category has its own hip-fire cone, and the sights close it (0.1431ms)
✔ aiming is pinpoint on every weapon but the shotgun (0.1524ms)
✔ firing displaces the view, and the view settles back to the shooter's own aim (0.9877ms)
✔ movement, crouch, sustained fire, and recovery use each category's authoritative tuning (0.3584ms)
✔ authoritative dispersion samples stay inside the current cone (0.2026ms)
✔ reticle projection represents the same authoritative cone angle (0.1389ms)
✔ a round's climb and its wander are drawn separately, in Call of Duty 4's proportions (0.2343ms)
✔ the wander settles back to the shooter's own aim from either side (0.1545ms)
✔ every Call of Duty 4 weapon's falloff is that game's, ranges verbatim and floors as a ratio (0.6917ms)
✔ the sniper rifle is the one weapon whose damage never degrades (0.2281ms)
✔ damage is held to the full-damage range, interpolated, then floored (0.0995ms)
✔ reaching the floor costs each weapon a stated fraction of its damage (0.1301ms)
✔ a shotgun shell falls off pellet by pellet, on each pellet's own reach (0.1568ms)
✔ a hit too small to feel is not a hit at all (0.1797ms)
✔ reach stops being a balance number and effective range takes its place (0.5142ms)
✔ a sniper body shot no longer kills, and the rifle keeps its identity in reach instead (0.1238ms)
✔ a headshot is worth 1.5x on every weapon that rewards precision, 2x on the DMR, and nothing on the shotgun or the launcher (0.1413ms)
✔ the head multiplier composes with the falloff rather than replacing it (0.1108ms)
✔ a headshot cannot rescue a hit too small to feel (0.0534ms)
✔ cover a round crossed composes with the falloff and the head multiplier (0.1113ms)
✔ a round that cover reduced below the registration floor lands as nothing (0.0785ms)
✔ a Buckshot shell buys back the one-shot kill #304 took, at the range every pellet still fits (0.0775ms)
✔ a Buckshot pellet keeps the rifle's head multiplier and its refusal to fall off (0.0682ms)
✔ the Buckshot cone is what limits the shell's range, and it is the shotgun's own width (0.0721ms)
✔ weaponShell is every weapon's own round, so an ordinary shot is unchanged (0.1553ms)
✔ a shot-down flier spirals and lurches down, never through the street, and lands when it should (3.6113ms)
✔ its rotors sputter as it falls and stop when it hits (0.1996ms)
✔ it bounces and skids on the street, bursts when the skid runs out, then lies a moment (0.1338ms)
✔ one killed on the street skids and bursts at once; a fall has a floor (0.4798ms)
ℹ tests 682
ℹ suites 0
ℹ pass 682
ℹ fail 0
ℹ cancelled 0
ℹ skipped 0
ℹ todo 0
ℹ duration_ms 3682.6988
[12/13] game-rules: ok in 7.0 s

[13/13] godot-cli

> @godmode/godot-cli@0.1.0 test D:\work\godmode-roguelite-worktrees\land-livetube-juice-20261007\tools\godot-cli
> pnpm run build && node --test dist/test/unit/**/*.test.js dist/test/fake-engine/**/*.test.js


> @godmode/godot-cli@0.1.0 build D:\work\godmode-roguelite-worktrees\land-livetube-juice-20261007\tools\godot-cli
> node -e "require('node:fs').rmSync('dist/test',{ recursive: true, force: true })" && tsc -p tsconfig.json

✔ concurrent screenshots for one project are serialized (670.1069ms)
✔ concurrent screenshots across different projects are also serialized (500.1894ms)
✔ game play still blocks when a launch-critical resource remains unimported (261.7749ms)
✔ game play starts nothing when compilation fails (100.9637ms)
✔ stale process records never signal an unrelated live process (426.5671ms)
✔ invalid Godot executable returns a versioned failure (48.1863ms)
✔ screenshot timeout kills a hung Godot process and reports diagnostics (751.014ms)
✔ a frame-time window outside its bounds is refused before anything is measured (384.9987ms)
✔ project import refreshes source assets with existing cached outputs without starting the game (352.4692ms)
✔ project import reports a versioned failure when assets stay unimported (264.4481ms)
✔ game export imports first, creates the output directory, and proves the file was written (471.8164ms)
✔ game export runs an optional project export check before importing or packaging (155.8841ms)
✔ game export without --output writes where the preset's own export_path points (440.2527ms)
✔ game export drains the deferred character-GLB backlog instead of handing it to the exporter (292.8074ms)
✔ project import still defers the character-GLB backlog rather than draining it (101.9888ms)
✔ a fault on the first import attempt is not reported once a later attempt exits cleanly (151.0678ms)
✔ game export gives up on a backlog that never drains rather than launching the engine forever (456.8866ms)
✔ game export fails loudly when Godot exits cleanly but writes nothing (175.2603ms)
✔ game export reports a missing preset file rather than launching Godot (45.9941ms)
✔ an export retries when the engine crashes reimporting, and gives up on a real export failure (492.5385ms)
✔ game export refuses stale cached sources after an import fault and packages their refresh (787.5515ms)
✔ runtime action exits non-zero on a refusal unless the caller allows it (#597) (271.1982ms)
✔ runtime action waits out a notReady refusal and never excuses an invalid one (#601) (1097.1616ms)
(node:46184) [DEP0190] DeprecationWarning: Passing args to a child process with shell option true can lead to security vulnerabilities, as the arguments are not escaped, only concatenated.
(Use `node --trace-deprecation ...` to show where the warning was created)
✔ a capture refuses when the project's capture:check fails (357.9404ms)
✔ --allow-unchecked skips the check, and a passing check lets the capture through (163.6727ms)
✔ a project without capture:check, or without a package.json, captures as before (4.2346ms)
✔ shader baking retains the GPU during export; ordinary exports stay headless (2.4435ms)
✔ Windows imports and pending macOS HDR imports use a GPU; Linux imports stay headless (0.2495ms)
✔ a capture tells the runner the window it wants, not only the engine (0.1911ms)
✔ macOS keeps a small window edge drawable and can request Compatibility (0.0897ms)
✔ pngDimensions reads a real PNG's IHDR and refuses anything else (84.5731ms)
✔ parseGlobalOptions separates global flags (0.2538ms)
✔ takeOption removes a named option (0.1252ms)
✔ managed game instance names are safe for process files (0.2894ms)
✔ game play plan compiles before launching a client on the main menu (0.6069ms)
✔ scene create, inspect, and edit form a safe local flow (6.2924ms)
✔ scene parser accepts attribute order and editor rejects unsafe structures (4.6738ms)
✔ project path validation reports missing and invalid projects (0.9701ms)
✔ versioned command envelopes validate success and failure output (0.1581ms)
✔ projectInfo reads Godot metadata and scenes (3.8866ms)
✔ runtimeInspect reads a development bridge snapshot (20.5739ms)
✔ runtime inspection filters nodes and runtime actions post JSON (18.5148ms)
✔ managed capture targets the named instance inspection bridge (8.3951ms)
✔ leasePort returns a usable port even before this machine has any managed-process state (23.4234ms)
✔ leasePort retries past a port already held by a live managed instance (974.5255ms)
✔ leasePort retries past a live instance whose start token could not be read (523.1848ms)
✔ leasePort reuses a port recorded by a no-longer-owned (stale) instance without retrying (352.7004ms)
✔ resolveInspectionUrl addresses a run by --instance instead of a bare port (5.4258ms)
✔ a record a machine-wide listing removes leaves a note saying who removed it and why (1799.3458ms)
✔ game stop leaves a note for both a stale record and a real stop (3044.262ms)
✔ a record that exists but cannot be read reports the read error and no removal (4.3105ms)
✔ readProcessStartToken says why no token came back (820.0788ms)
✔ game ps lists live and stale instances scoped to their own project, and --all spans every project (1733.2861ms)
✔ game ps --all keeps a live record whose start token could not be read, and removes only proven-stale ones (3345.7341ms)
✔ game stop neither signals nor forgets an instance whose start token could not be read (2357.7003ms)
✔ the Windows start token comes from CIM rather than the removed wmic (0.2777ms)
✔ termination escalates from a graceful attempt to a forced one on both platforms (0.1268ms)
✔ the build plan uses the shell only for the Windows pnpm shim (0.1999ms)
✔ processStartToken reads a live process and reports a dead one as null (741.9218ms)
✔ currentPlatform matches the host this suite is running on (0.236ms)
✔ export presets are read from the file in order, ignoring unnamed entries (0.2958ms)
✔ a preset's export_path names the artifact, and options blocks cannot supply one (0.2747ms)
✔ a preset's platform and options are read together, bounded by the next section (0.3244ms)
✔ a Windows preset asking for D3D12 expects the Agility SDK runtime under its arch directory (0.321ms)
✔ an explicit Yes stages the runtime whatever the project's renderer says (0.1507ms)
✔ multiarch off puts the same runtime beside the binary instead of under an arch directory (0.1055ms)
✔ D3D12 export set to No, or a non-Windows preset, expects no runtime at all (0.0965ms)
✔ D3D12 export left on Auto follows the project's renderer settings (0.1438ms)
✔ a complete Agility SDK runtime beside the binary reports no missing files (3.4708ms)
✔ a missing Agility SDK runtime is named file by file, with the rename as the remedy (2.9318ms)
✔ a preset that asks for no runtime is complete with nothing staged (0.1677ms)
✔ export templates resolve under the exporting account's APPDATA, keyed by version without the build suffix (0.4109ms)
✔ a self-contained editor keeps its export templates in editor_data beside itself (0.3292ms)
✔ export templates follow the host's data directory, and a preset's custom template overrides them (0.2616ms)
✔ a missing runtime names the templates directory and which arch-qualified sources it holds (3.281ms)
✔ contained paths reject Windows escapes that leave no '..' behind (0.2986ms)
✔ contained paths behave the same way under POSIX semantics (0.127ms)
✔ an import launch that hangs is stopped by its own timeout and named as one (918.9435ms)
✔ a drain that keeps making progress still stops at its wall-clock budget (358.8645ms)
✔ a drain clamps each launch to the budget it has left rather than overrunning it (1089.9947ms)
✔ a session id is required rather than defaulted, and validated when given (0.6072ms)
✔ session cleanup matches engines by session, and never the caller that named it (32.8428ms)
✔ a session id that is a prefix of another session's id does not match it (54.9871ms)
✔ an engine whose path contains a space is still found (27.4307ms)
✔ the editor carries its session stamp like any other started engine (0.2018ms)
✔ a process listing that cannot run fails loudly instead of reporting no engines (1.6784ms)
✔ reapProcessState removes logs and directories no live instance can reach (4.8844ms)
✔ reapProcessState spares a live instance's files however old they are, and anything recent (730.9554ms)
✔ a restart neither replaces nor forgets an instance whose start token could not be read (518.5501ms)
✔ reapProcessState spares an old live instance whose start token could not be read (439.9068ms)
✔ reapProcessState clears stale session heartbeats but never touches _global (5.5827ms)
✔ reapProcessStateIfDue walks the root at most once per interval (7.0595ms)
✔ leasePort still returns a checked port when the allocation lock is held by a live process (914.7175ms)
✔ reapProcessState leaves a directory a start has just created, however empty it is (3.4672ms)
✔ a record's owner is verified, so a recycled pid cannot pin a directory's files forever (377.361ms)
✔ the machine-wide scan still finds a live holder among many project directories (872.7513ms)
✔ a start whose state directory is reaped mid-launch re-creates it instead of failing (5.0223ms)
✔ a reap that cannot run reports nothing rather than failing the teardown that triggered it (5.5546ms)
✔ a forced pass that uncovers a backlog is allowed to converge, not called stalled at once (487.8049ms)
✔ frame-time percentiles are nearest-rank over real frames, never interpolated (0.4268ms)
✔ a wrapped ring reports exact whole-window counters and says the percentiles are a tail (0.2402ms)
✔ frame times are flagged when a cap, not the frame, decided how long it took (0.6295ms)
✔ a bridge that missed frames says so, rather than reporting the ones it caught as the whole window (0.1793ms)
✔ a window whose first frames ran slow is called out rather than reported as frame cost (0.2412ms)
✔ runtime frames brackets a window with a reset and a read instead of polling (46.7533ms)
✔ runtime frames names a bridge that cannot measure rather than reporting an empty window (2.9984ms)
✔ a window in which nothing was drawn fails loudly instead of reporting zeroes (43.7634ms)
✔ a stale cached character cannot be deferred or accepted after an importer fault (262.6276ms)
✔ HDR settings timestamps request rendering without stranding a current atlas (85.2005ms)
✔ an import failure says what happened and that running it again usually works (0.2387ms)
✔ a refused runtime action is reported as a failure, not as applied (#597) (10.3607ms)
✔ a refusal's kind says whether to wait or to fail (#601) (218.4711ms)
✔ live captures preserve the default and accept bounded review resolutions (1.566ms)
✔ recording stays bounded and uses a container that preserves fine edges (1.6016ms)
✔ window input bounds keys, clicks, duration and console text before sending anything (0.7827ms)
✔ an exported run never supplies --path or --script and retains managed cleanup (2787.9694ms)
✔ exports refuse inspection and scene overrides before launching (0.559ms)
✔ session end finds arbitrary export names without matching a shell mentioning them (45.1833ms)
ℹ tests 118
ℹ suites 0
ℹ pass 118
ℹ fail 0
ℹ cancelled 0
ℹ skipped 0
ℹ todo 0
ℹ duration_ms 23528.5905
[13/13] godot-cli: ok in 25.1 s

────────────────────────────────────────────────────────────────────────
  ROOT SUITE  OK

  steps run:   13 of 13
  passed:      13
  failed:      0
────────────────────────────────────────────────────────────────────────
